==================================================================
Job ID:     2668987
Script:     /lustre/projects/g/gshipunv/project-skuld/research/experiments/grid/18-sechiren-sweep-m3/sechiren_sweep_m3.py
Arguments:  --num-gpus 4
Log file:   /lustre/projects/g/gshipunv/project-skuld/research/results/grid/18-sechiren-sweep-m3/slurm-2668987.log
Python:     /zfs/store1.hydra.local/user/g/gshipunv/.conda/envs/jasher-lustre/bin/python
PYTHONPATH: /lustre/projects/g/gshipunv/project-skuld/research:/lustre/projects/g/gshipunv/project-skuld:/lustre/projects/g/gshipunv/project-skuld/research/experiments/grid/18-sechiren-sweep-m3:
==================================================================
SKULD is using device: cuda

========================================================================
  SECHIREN SWEEP m3  —  243 configs × 5 seeds = 1215 total runs
  GPU 1/4  —  processing runs [304:608] = 304 runs, device=cuda
  Run tag: ampere  (results -> results/.../ampere/)
========================================================================

Computing scipy reference integrals (shared across all configs)...
Done.

[1/304] hidden=[48, 48, 48] omega0=17.5 lr=0.0002 epochs=6000 npp=512 seed=999 ...
  Epoch     1/6000  loss=4.1008e-01  lr=2.00e-04  (0.6s)
    -> I1=3 I2=3 I3=4 I4=4 I5=3 I6=4 I7=4 I8=5 min=3 mean=3.8 max=5 (80.7s, 92.9 ep/s, step=13.1ms, gpu=0%)
[2/304] hidden=[48, 48, 48] omega0=17.5 lr=0.0002 epochs=6000 npp=1024 seed=42 ...
  Epoch     1/6000  loss=3.5381e-01  lr=2.00e-04  (0.0s)
    -> I1=4 I2=4 I3=4 I4=5 I5=5 I6=5 I7=3 I8=5 min=3 mean=4.4 max=5 (78.1s, 95.3 ep/s, step=13.0ms, gpu=0%)
[3/304] hidden=[48, 48, 48] omega0=17.5 lr=0.0002 epochs=6000 npp=1024 seed=137 ...
  Epoch     1/6000  loss=3.7172e-01  lr=2.00e-04  (0.0s)
    -> I1=3 I2=3 I3=3 I4=4 I5=4 I6=4 I7=4 I8=4 min=3 mean=3.6 max=4 (78.0s, 95.3 ep/s, step=13.0ms, gpu=0%)
[4/304] hidden=[48, 48, 48] omega0=17.5 lr=0.0002 epochs=6000 npp=1024 seed=2024 ...
  Epoch     1/6000  loss=3.7526e-01  lr=2.00e-04  (0.0s)
    -> I1=4 I2=4 I3=4 I4=4 I5=4 I6=5 I7=4 I8=4 min=4 mean=4.1 max=5 (78.1s, 95.2 ep/s, step=13.0ms, gpu=0%)
[5/304] hidden=[48, 48, 48] omega0=17.5 lr=0.0002 epochs=6000 npp=1024 seed=7 ...
  Epoch     1/6000  loss=3.6805e-01  lr=2.00e-04  (0.0s)
    -> I1=4 I2=4 I3=4 I4=5 I5=4 I6=4 I7=4 I8=5 min=4 mean=4.2 max=5 (78.2s, 95.1 ep/s, step=13.0ms, gpu=0%)
[6/304] hidden=[48, 48, 48] omega0=17.5 lr=0.0002 epochs=6000 npp=1024 seed=999 ...
  Epoch     1/6000  loss=3.6932e-01  lr=2.00e-04  (0.0s)
    -> I1=3 I2=4 I3=5 I4=5 I5=4 I6=6 I7=4 I8=4 min=3 mean=4.4 max=6 (78.0s, 95.3 ep/s, step=13.0ms, gpu=0%)
[7/304] hidden=[48, 48, 48] omega0=17.5 lr=0.0002 epochs=6000 npp=2048 seed=42 ...
  Epoch     1/6000  loss=3.8211e-01  lr=2.00e-04  (0.0s)
    -> I1=3 I2=4 I3=4 I4=4 I5=4 I6=4 I7=4 I8=4 min=3 mean=3.9 max=4 (80.5s, 94.5 ep/s, step=13.4ms, gpu=0%)
[8/304] hidden=[48, 48, 48] omega0=17.5 lr=0.0002 epochs=6000 npp=2048 seed=137 ...
  Epoch     1/6000  loss=3.5797e-01  lr=2.00e-04  (0.0s)
    -> I1=3 I2=5 I3=4 I4=4 I5=4 I6=4 I7=4 I8=4 min=3 mean=4.0 max=5 (80.5s, 94.5 ep/s, step=13.4ms, gpu=0%)
[9/304] hidden=[48, 48, 48] omega0=17.5 lr=0.0002 epochs=6000 npp=2048 seed=2024 ...
  Epoch     1/6000  loss=3.7630e-01  lr=2.00e-04  (0.0s)
    -> I1=4 I2=4 I3=4 I4=5 I5=4 I6=4 I7=4 I8=5 min=4 mean=4.2 max=5 (80.5s, 94.5 ep/s, step=13.4ms, gpu=0%)
[10/304] hidden=[48, 48, 48] omega0=17.5 lr=0.0002 epochs=6000 npp=2048 seed=7 ...
  Epoch     1/6000  loss=3.8447e-01  lr=2.00e-04  (0.0s)
    -> I1=4 I2=4 I3=4 I4=4 I5=4 I6=4 I7=4 I8=4 min=4 mean=4.0 max=4 (80.4s, 94.6 ep/s, step=13.4ms, gpu=0%)
[11/304] hidden=[48, 48, 48] omega0=17.5 lr=0.0002 epochs=6000 npp=2048 seed=999 ...
  Epoch     1/6000  loss=3.9100e-01  lr=2.00e-04  (0.0s)
    -> I1=4 I2=4 I3=4 I4=5 I5=5 I6=4 I7=4 I8=5 min=4 mean=4.4 max=5 (80.3s, 94.7 ep/s, step=13.3ms, gpu=0%)
[12/304] hidden=[48, 48, 48] omega0=17.5 lr=5e-05 epochs=8000 npp=512 seed=42 ...
  Epoch     1/8000  loss=3.5174e-01  lr=5.00e-05  (0.0s)
    -> I1=3 I2=3 I3=3 I4=4 I5=3 I6=4 I7=3 I8=4 min=3 mean=3.4 max=4 (103.7s, 94.2 ep/s, step=12.9ms, gpu=0%)
[13/304] hidden=[48, 48, 48] omega0=17.5 lr=5e-05 epochs=8000 npp=512 seed=137 ...
  Epoch     1/8000  loss=3.4413e-01  lr=5.00e-05  (0.0s)
    -> I1=4 I2=4 I3=4 I4=4 I5=3 I6=3 I7=3 I8=5 min=3 mean=3.8 max=5 (103.8s, 94.1 ep/s, step=12.9ms, gpu=0%)
[14/304] hidden=[48, 48, 48] omega0=17.5 lr=5e-05 epochs=8000 npp=512 seed=2024 ...
  Epoch     1/8000  loss=3.8109e-01  lr=5.00e-05  (0.0s)
    -> I1=3 I2=3 I3=4 I4=4 I5=3 I6=3 I7=5 I8=5 min=3 mean=3.8 max=5 (103.8s, 94.1 ep/s, step=12.9ms, gpu=0%)
[15/304] hidden=[48, 48, 48] omega0=17.5 lr=5e-05 epochs=8000 npp=512 seed=7 ...
  Epoch     1/8000  loss=3.3741e-01  lr=5.00e-05  (0.0s)
    -> I1=3 I2=3 I3=3 I4=4 I5=4 I6=3 I7=3 I8=5 min=3 mean=3.5 max=5 (103.8s, 94.1 ep/s, step=12.9ms, gpu=0%)
[16/304] hidden=[48, 48, 48] omega0=17.5 lr=5e-05 epochs=8000 npp=512 seed=999 ...
  Epoch     1/8000  loss=4.1008e-01  lr=5.00e-05  (0.0s)
    -> I1=4 I2=3 I3=4 I4=4 I5=3 I6=3 I7=3 I8=5 min=3 mean=3.6 max=5 (103.9s, 94.1 ep/s, step=12.9ms, gpu=0%)
[17/304] hidden=[48, 48, 48] omega0=17.5 lr=5e-05 epochs=8000 npp=1024 seed=42 ...
  Epoch     1/8000  loss=3.5381e-01  lr=5.00e-05  (0.0s)
    -> I1=3 I2=3 I3=4 I4=4 I5=3 I6=4 I7=4 I8=4 min=3 mean=3.6 max=4 (104.2s, 95.1 ep/s, step=13.0ms, gpu=0%)
[18/304] hidden=[48, 48, 48] omega0=17.5 lr=5e-05 epochs=8000 npp=1024 seed=137 ...
  Epoch     1/8000  loss=3.7172e-01  lr=5.00e-05  (0.0s)
    -> I1=3 I2=5 I3=3 I4=5 I5=3 I6=3 I7=5 I8=4 min=3 mean=3.9 max=5 (104.0s, 95.3 ep/s, step=13.0ms, gpu=0%)
[19/304] hidden=[48, 48, 48] omega0=17.5 lr=5e-05 epochs=8000 npp=1024 seed=2024 ...
  Epoch     1/8000  loss=3.7526e-01  lr=5.00e-05  (0.0s)
    -> I1=3 I2=4 I3=4 I4=5 I5=3 I6=4 I7=3 I8=4 min=3 mean=3.8 max=5 (104.0s, 95.3 ep/s, step=13.0ms, gpu=0%)
[20/304] hidden=[48, 48, 48] omega0=17.5 lr=5e-05 epochs=8000 npp=1024 seed=7 ...
  Epoch     1/8000  loss=3.6805e-01  lr=5.00e-05  (0.0s)
    -> I1=3 I2=3 I3=4 I4=5 I5=3 I6=3 I7=3 I8=4 min=3 mean=3.5 max=5 (103.8s, 95.5 ep/s, step=12.9ms, gpu=0%)
[21/304] hidden=[48, 48, 48] omega0=17.5 lr=5e-05 epochs=8000 npp=1024 seed=999 ...
  Epoch     1/8000  loss=3.6932e-01  lr=5.00e-05  (0.0s)
    -> I1=5 I2=3 I3=5 I4=4 I5=3 I6=3 I7=3 I8=4 min=3 mean=3.8 max=5 (103.9s, 95.4 ep/s, step=12.9ms, gpu=0%)
[22/304] hidden=[48, 48, 48] omega0=17.5 lr=5e-05 epochs=8000 npp=2048 seed=42 ...
  Epoch     1/8000  loss=3.8211e-01  lr=5.00e-05  (0.0s)
    -> I1=4 I2=4 I3=4 I4=4 I5=4 I6=3 I7=3 I8=4 min=3 mean=3.8 max=4 (107.0s, 94.7 ep/s, step=13.3ms, gpu=0%)
[23/304] hidden=[48, 48, 48] omega0=17.5 lr=5e-05 epochs=8000 npp=2048 seed=137 ...
  Epoch     1/8000  loss=3.5797e-01  lr=5.00e-05  (0.0s)
    -> I1=4 I2=4 I3=4 I4=4 I5=4 I6=4 I7=4 I8=4 min=4 mean=4.0 max=4 (107.1s, 94.7 ep/s, step=13.3ms, gpu=0%)
[24/304] hidden=[48, 48, 48] omega0=17.5 lr=5e-05 epochs=8000 npp=2048 seed=2024 ...
  Epoch     1/8000  loss=3.7630e-01  lr=5.00e-05  (0.0s)
    -> I1=4 I2=4 I3=3 I4=4 I5=3 I6=3 I7=3 I8=5 min=3 mean=3.6 max=5 (107.0s, 94.8 ep/s, step=13.3ms, gpu=0%)
[25/304] hidden=[48, 48, 48] omega0=17.5 lr=5e-05 epochs=8000 npp=2048 seed=7 ...
  Epoch     1/8000  loss=3.8447e-01  lr=5.00e-05  (0.0s)
    -> I1=3 I2=4 I3=4 I4=4 I5=4 I6=4 I7=4 I8=4 min=3 mean=3.9 max=4 (107.1s, 94.7 ep/s, step=13.3ms, gpu=0%)
[26/304] hidden=[48, 48, 48] omega0=17.5 lr=5e-05 epochs=8000 npp=2048 seed=999 ...
  Epoch     1/8000  loss=3.9100e-01  lr=5.00e-05  (0.0s)
    -> I1=3 I2=4 I3=4 I4=5 I5=3 I6=3 I7=3 I8=4 min=3 mean=3.6 max=5 (106.9s, 94.7 ep/s, step=13.3ms, gpu=0%)
[27/304] hidden=[48, 48, 48] omega0=17.5 lr=0.0001 epochs=8000 npp=512 seed=42 ...
  Epoch     1/8000  loss=3.5174e-01  lr=1.00e-04  (0.0s)
    -> I1=5 I2=4 I3=4 I4=4 I5=4 I6=4 I7=4 I8=4 min=4 mean=4.1 max=5 (105.1s, 92.4 ep/s, step=13.1ms, gpu=0%)
[28/304] hidden=[48, 48, 48] omega0=17.5 lr=0.0001 epochs=8000 npp=512 seed=137 ...
  Epoch     1/8000  loss=3.4413e-01  lr=1.00e-04  (0.0s)
    -> I1=3 I2=4 I3=4 I4=4 I5=3 I6=4 I7=3 I8=4 min=3 mean=3.6 max=4 (105.7s, 91.8 ep/s, step=13.2ms, gpu=0%)
[29/304] hidden=[48, 48, 48] omega0=17.5 lr=0.0001 epochs=8000 npp=512 seed=2024 ...
  Epoch     1/8000  loss=3.8109e-01  lr=1.00e-04  (0.0s)
    -> I1=4 I2=4 I3=4 I4=4 I5=5 I6=5 I7=4 I8=5 min=4 mean=4.4 max=5 (105.6s, 92.0 ep/s, step=13.2ms, gpu=0%)
[30/304] hidden=[48, 48, 48] omega0=17.5 lr=0.0001 epochs=8000 npp=512 seed=7 ...
  Epoch     1/8000  loss=3.3741e-01  lr=1.00e-04  (0.0s)
    -> I1=3 I2=4 I3=4 I4=4 I5=4 I6=3 I7=4 I8=4 min=3 mean=3.8 max=4 (105.7s, 91.8 ep/s, step=13.2ms, gpu=0%)
[31/304] hidden=[48, 48, 48] omega0=17.5 lr=0.0001 epochs=8000 npp=512 seed=999 ...
  Epoch     1/8000  loss=4.1008e-01  lr=1.00e-04  (0.0s)
    -> I1=3 I2=4 I3=5 I4=4 I5=3 I6=4 I7=3 I8=4 min=3 mean=3.8 max=5 (105.7s, 91.8 ep/s, step=13.2ms, gpu=0%)
[32/304] hidden=[48, 48, 48] omega0=17.5 lr=0.0001 epochs=8000 npp=1024 seed=42 ...
  Epoch     1/8000  loss=3.5381e-01  lr=1.00e-04  (0.0s)
    -> I1=5 I2=4 I3=4 I4=4 I5=3 I6=4 I7=4 I8=4 min=3 mean=4.0 max=5 (105.7s, 93.2 ep/s, step=13.2ms, gpu=0%)
[33/304] hidden=[48, 48, 48] omega0=17.5 lr=0.0001 epochs=8000 npp=1024 seed=137 ...
  Epoch     1/8000  loss=3.7172e-01  lr=1.00e-04  (0.0s)
    -> I1=3 I2=4 I3=4 I4=5 I5=3 I6=4 I7=4 I8=5 min=3 mean=4.0 max=5 (104.3s, 94.7 ep/s, step=13.0ms, gpu=0%)
[34/304] hidden=[48, 48, 48] omega0=17.5 lr=0.0001 epochs=8000 npp=1024 seed=2024 ...
  Epoch     1/8000  loss=3.7526e-01  lr=1.00e-04  (0.0s)
    -> I1=3 I2=3 I3=4 I4=4 I5=4 I6=4 I7=3 I8=4 min=3 mean=3.6 max=4 (105.0s, 93.9 ep/s, step=13.1ms, gpu=0%)
[35/304] hidden=[48, 48, 48] omega0=17.5 lr=0.0001 epochs=8000 npp=1024 seed=7 ...
  Epoch     1/8000  loss=3.6805e-01  lr=1.00e-04  (0.0s)
    -> I1=3 I2=4 I3=4 I4=5 I5=4 I6=4 I7=3 I8=5 min=3 mean=4.0 max=5 (107.8s, 90.9 ep/s, step=13.4ms, gpu=0%)
[36/304] hidden=[48, 48, 48] omega0=17.5 lr=0.0001 epochs=8000 npp=1024 seed=999 ...
  Epoch     1/8000  loss=3.6932e-01  lr=1.00e-04  (0.0s)
    -> I1=3 I2=4 I3=4 I4=5 I5=3 I6=5 I7=3 I8=5 min=3 mean=4.0 max=5 (106.5s, 92.4 ep/s, step=13.3ms, gpu=0%)
[37/304] hidden=[48, 48, 48] omega0=17.5 lr=0.0001 epochs=8000 npp=2048 seed=42 ...
  Epoch     1/8000  loss=3.8211e-01  lr=1.00e-04  (0.0s)
    -> I1=4 I2=5 I3=4 I4=4 I5=4 I6=4 I7=4 I8=5 min=4 mean=4.2 max=5 (107.7s, 93.7 ep/s, step=13.4ms, gpu=0%)
[38/304] hidden=[48, 48, 48] omega0=17.5 lr=0.0001 epochs=8000 npp=2048 seed=137 ...
  Epoch     1/8000  loss=3.5797e-01  lr=1.00e-04  (0.0s)
    -> I1=5 I2=5 I3=4 I4=6 I5=3 I6=4 I7=4 I8=4 min=3 mean=4.4 max=6 (107.6s, 93.8 ep/s, step=13.4ms, gpu=0%)
[39/304] hidden=[48, 48, 48] omega0=17.5 lr=0.0001 epochs=8000 npp=2048 seed=2024 ...
  Epoch     1/8000  loss=3.7630e-01  lr=1.00e-04  (0.0s)
    -> I1=4 I2=5 I3=4 I4=5 I5=4 I6=4 I7=4 I8=4 min=4 mean=4.2 max=5 (107.0s, 94.5 ep/s, step=13.3ms, gpu=0%)
[40/304] hidden=[48, 48, 48] omega0=17.5 lr=0.0001 epochs=8000 npp=2048 seed=7 ...
  Epoch     1/8000  loss=3.8447e-01  lr=1.00e-04  (0.0s)
    -> I1=3 I2=4 I3=3 I4=4 I5=3 I6=3 I7=4 I8=5 min=3 mean=3.6 max=5 (108.3s, 93.1 ep/s, step=13.5ms, gpu=0%)
[41/304] hidden=[48, 48, 48] omega0=17.5 lr=0.0001 epochs=8000 npp=2048 seed=999 ...
  Epoch     1/8000  loss=3.9100e-01  lr=1.00e-04  (0.0s)
    -> I1=4 I2=4 I3=3 I4=4 I5=3 I6=4 I7=3 I8=4 min=3 mean=3.6 max=4 (107.8s, 93.6 ep/s, step=13.4ms, gpu=0%)
[42/304] hidden=[48, 48, 48] omega0=17.5 lr=0.0002 epochs=8000 npp=512 seed=42 ...
  Epoch     1/8000  loss=3.5174e-01  lr=2.00e-04  (0.0s)
    -> I1=3 I2=3 I3=3 I4=4 I5=3 I6=3 I7=3 I8=4 min=3 mean=3.2 max=4 (105.3s, 92.3 ep/s, step=13.1ms, gpu=0%)
[43/304] hidden=[48, 48, 48] omega0=17.5 lr=0.0002 epochs=8000 npp=512 seed=137 ...
  Epoch     1/8000  loss=3.4413e-01  lr=2.00e-04  (0.0s)
    -> I1=3 I2=5 I3=4 I4=4 I5=3 I6=4 I7=5 I8=4 min=3 mean=4.0 max=5 (106.9s, 90.7 ep/s, step=13.3ms, gpu=0%)
[44/304] hidden=[48, 48, 48] omega0=17.5 lr=0.0002 epochs=8000 npp=512 seed=2024 ...
  Epoch     1/8000  loss=3.8109e-01  lr=2.00e-04  (0.0s)
    -> I1=3 I2=4 I3=4 I4=4 I5=4 I6=4 I7=4 I8=4 min=3 mean=3.9 max=4 (105.9s, 91.7 ep/s, step=13.2ms, gpu=0%)
[45/304] hidden=[48, 48, 48] omega0=17.5 lr=0.0002 epochs=8000 npp=512 seed=7 ...
  Epoch     1/8000  loss=3.3741e-01  lr=2.00e-04  (0.0s)
    -> I1=4 I2=5 I3=4 I4=5 I5=4 I6=4 I7=4 I8=4 min=4 mean=4.2 max=5 (105.5s, 92.0 ep/s, step=13.1ms, gpu=0%)
[46/304] hidden=[48, 48, 48] omega0=17.5 lr=0.0002 epochs=8000 npp=512 seed=999 ...
  Epoch     1/8000  loss=4.1008e-01  lr=2.00e-04  (0.0s)
    -> I1=3 I2=4 I3=4 I4=4 I5=4 I6=5 I7=4 I8=4 min=3 mean=4.0 max=5 (105.7s, 91.8 ep/s, step=13.2ms, gpu=0%)
[47/304] hidden=[48, 48, 48] omega0=17.5 lr=0.0002 epochs=8000 npp=1024 seed=42 ...
  Epoch     1/8000  loss=3.5381e-01  lr=2.00e-04  (0.0s)
    -> I1=3 I2=4 I3=4 I4=4 I5=3 I6=3 I7=3 I8=4 min=3 mean=3.5 max=4 (105.7s, 93.1 ep/s, step=13.2ms, gpu=0%)
[48/304] hidden=[48, 48, 48] omega0=17.5 lr=0.0002 epochs=8000 npp=1024 seed=137 ...
  Epoch     1/8000  loss=3.7172e-01  lr=2.00e-04  (0.0s)
    -> I1=4 I2=4 I3=4 I4=5 I5=4 I6=5 I7=4 I8=4 min=4 mean=4.2 max=5 (105.3s, 93.5 ep/s, step=13.1ms, gpu=0%)
[49/304] hidden=[48, 48, 48] omega0=17.5 lr=0.0002 epochs=8000 npp=1024 seed=2024 ...
  Epoch     1/8000  loss=3.7526e-01  lr=2.00e-04  (0.0s)
    -> I1=3 I2=4 I3=4 I4=4 I5=3 I6=3 I7=4 I8=4 min=3 mean=3.6 max=4 (106.5s, 92.3 ep/s, step=13.3ms, gpu=0%)
[50/304] hidden=[48, 48, 48] omega0=17.5 lr=0.0002 epochs=8000 npp=1024 seed=7 ...
  Epoch     1/8000  loss=3.6805e-01  lr=2.00e-04  (0.0s)
    -> I1=3 I2=4 I3=4 I4=5 I5=5 I6=5 I7=4 I8=5 min=3 mean=4.4 max=5 (105.6s, 93.2 ep/s, step=13.2ms, gpu=0%)
[51/304] hidden=[48, 48, 48] omega0=17.5 lr=0.0002 epochs=8000 npp=1024 seed=999 ...
  Epoch     1/8000  loss=3.6932e-01  lr=2.00e-04  (0.0s)
    -> I1=3 I2=4 I3=4 I4=4 I5=4 I6=4 I7=3 I8=4 min=3 mean=3.8 max=4 (106.3s, 92.6 ep/s, step=13.2ms, gpu=0%)
[52/304] hidden=[48, 48, 48] omega0=17.5 lr=0.0002 epochs=8000 npp=2048 seed=42 ...
  Epoch     1/8000  loss=3.8211e-01  lr=2.00e-04  (0.0s)
    -> I1=3 I2=4 I3=3 I4=4 I5=4 I6=4 I7=4 I8=4 min=3 mean=3.8 max=4 (107.1s, 94.4 ep/s, step=13.3ms, gpu=0%)
[53/304] hidden=[48, 48, 48] omega0=17.5 lr=0.0002 epochs=8000 npp=2048 seed=137 ...
  Epoch     1/8000  loss=3.5797e-01  lr=2.00e-04  (0.0s)
    -> I1=4 I2=4 I3=5 I4=5 I5=4 I6=5 I7=4 I8=5 min=4 mean=4.5 max=5 (108.0s, 93.4 ep/s, step=13.5ms, gpu=0%)
[54/304] hidden=[48, 48, 48] omega0=17.5 lr=0.0002 epochs=8000 npp=2048 seed=2024 ...
  Epoch     1/8000  loss=3.7630e-01  lr=2.00e-04  (0.0s)
    -> I1=4 I2=5 I3=5 I4=5 I5=4 I6=5 I7=4 I8=5 min=4 mean=4.6 max=5 (107.8s, 93.7 ep/s, step=13.4ms, gpu=0%)
[55/304] hidden=[48, 48, 48] omega0=17.5 lr=0.0002 epochs=8000 npp=2048 seed=7 ...
  Epoch     1/8000  loss=3.8447e-01  lr=2.00e-04  (0.0s)
    -> I1=3 I2=4 I3=4 I4=4 I5=3 I6=4 I7=4 I8=5 min=3 mean=3.9 max=5 (107.3s, 94.2 ep/s, step=13.4ms, gpu=0%)
[56/304] hidden=[48, 48, 48] omega0=17.5 lr=0.0002 epochs=8000 npp=2048 seed=999 ...
  Epoch     1/8000  loss=3.9100e-01  lr=2.00e-04  (0.0s)
    -> I1=3 I2=4 I3=4 I4=4 I5=3 I6=4 I7=4 I8=5 min=3 mean=3.9 max=5 (107.3s, 94.1 ep/s, step=13.4ms, gpu=0%)
[57/304] hidden=[48, 48, 48] omega0=17.5 lr=5e-05 epochs=10000 npp=512 seed=42 ...
  Epoch     1/10000  loss=3.5174e-01  lr=5.00e-05  (0.0s)
    -> I1=4 I2=3 I3=3 I4=4 I5=3 I6=3 I7=3 I8=3 min=3 mean=3.2 max=4 (130.0s, 93.7 ep/s, step=13.0ms, gpu=0%)
[58/304] hidden=[48, 48, 48] omega0=17.5 lr=5e-05 epochs=10000 npp=512 seed=137 ...
  Epoch     1/10000  loss=3.4413e-01  lr=5.00e-05  (0.0s)
    -> I1=4 I2=4 I3=4 I4=4 I5=3 I6=3 I7=3 I8=4 min=3 mean=3.6 max=4 (132.4s, 91.7 ep/s, step=13.2ms, gpu=0%)
[59/304] hidden=[48, 48, 48] omega0=17.5 lr=5e-05 epochs=10000 npp=512 seed=2024 ...
  Epoch     1/10000  loss=3.8109e-01  lr=5.00e-05  (0.0s)
    -> I1=5 I2=4 I3=4 I4=4 I5=3 I6=4 I7=5 I8=5 min=3 mean=4.2 max=5 (130.6s, 93.2 ep/s, step=13.0ms, gpu=0%)
[60/304] hidden=[48, 48, 48] omega0=17.5 lr=5e-05 epochs=10000 npp=512 seed=7 ...
  Epoch     1/10000  loss=3.3741e-01  lr=5.00e-05  (0.0s)
    -> I1=3 I2=3 I3=3 I4=6 I5=4 I6=3 I7=3 I8=5 min=3 mean=3.8 max=6 (132.4s, 91.6 ep/s, step=13.2ms, gpu=0%)
[61/304] hidden=[48, 48, 48] omega0=17.5 lr=5e-05 epochs=10000 npp=512 seed=999 ...
  Epoch     1/10000  loss=4.1008e-01  lr=5.00e-05  (0.0s)
    -> I1=5 I2=3 I3=3 I4=4 I5=3 I6=3 I7=3 I8=4 min=3 mean=3.5 max=5 (130.3s, 93.5 ep/s, step=13.0ms, gpu=0%)
[62/304] hidden=[48, 48, 48] omega0=17.5 lr=5e-05 epochs=10000 npp=1024 seed=42 ...
  Epoch     1/10000  loss=3.5381e-01  lr=5.00e-05  (0.0s)
    -> I1=3 I2=4 I3=4 I4=4 I5=4 I6=4 I7=4 I8=4 min=3 mean=3.9 max=4 (131.7s, 93.6 ep/s, step=13.1ms, gpu=0%)
[63/304] hidden=[48, 48, 48] omega0=17.5 lr=5e-05 epochs=10000 npp=1024 seed=137 ...
  Epoch     1/10000  loss=3.7172e-01  lr=5.00e-05  (0.0s)
    -> I1=3 I2=4 I3=3 I4=5 I5=3 I6=3 I7=4 I8=4 min=3 mean=3.6 max=5 (132.1s, 93.2 ep/s, step=13.2ms, gpu=0%)
[64/304] hidden=[48, 48, 48] omega0=17.5 lr=5e-05 epochs=10000 npp=1024 seed=2024 ...
  Epoch     1/10000  loss=3.7526e-01  lr=5.00e-05  (0.0s)
    -> I1=3 I2=5 I3=4 I4=4 I5=3 I6=4 I7=4 I8=4 min=3 mean=3.9 max=5 (130.6s, 94.5 ep/s, step=13.0ms, gpu=0%)
[65/304] hidden=[48, 48, 48] omega0=17.5 lr=5e-05 epochs=10000 npp=1024 seed=7 ...
  Epoch     1/10000  loss=3.6805e-01  lr=5.00e-05  (0.0s)
    -> I1=3 I2=3 I3=5 I4=4 I5=4 I6=3 I7=3 I8=5 min=3 mean=3.8 max=5 (132.0s, 93.3 ep/s, step=13.2ms, gpu=0%)
[66/304] hidden=[48, 48, 48] omega0=17.5 lr=5e-05 epochs=10000 npp=1024 seed=999 ...
  Epoch     1/10000  loss=3.6932e-01  lr=5.00e-05  (0.0s)
    -> I1=3 I2=4 I3=4 I4=5 I5=3 I6=4 I7=3 I8=4 min=3 mean=3.8 max=5 (131.9s, 93.4 ep/s, step=13.1ms, gpu=0%)
[67/304] hidden=[48, 48, 48] omega0=17.5 lr=5e-05 epochs=10000 npp=2048 seed=42 ...
  Epoch     1/10000  loss=3.8211e-01  lr=5.00e-05  (0.0s)
    -> I1=4 I2=4 I3=4 I4=4 I5=3 I6=4 I7=4 I8=4 min=3 mean=3.9 max=4 (135.2s, 93.3 ep/s, step=13.5ms, gpu=0%)
[68/304] hidden=[48, 48, 48] omega0=17.5 lr=5e-05 epochs=10000 npp=2048 seed=137 ...
  Epoch     1/10000  loss=3.5797e-01  lr=5.00e-05  (0.0s)
    -> I1=3 I2=4 I3=3 I4=4 I5=4 I6=4 I7=4 I8=4 min=3 mean=3.8 max=4 (135.5s, 93.0 ep/s, step=13.5ms, gpu=0%)
[69/304] hidden=[48, 48, 48] omega0=17.5 lr=5e-05 epochs=10000 npp=2048 seed=2024 ...
  Epoch     1/10000  loss=3.7630e-01  lr=5.00e-05  (0.0s)
    -> I1=4 I2=5 I3=3 I4=4 I5=3 I6=4 I7=3 I8=4 min=3 mean=3.8 max=5 (134.9s, 93.5 ep/s, step=13.4ms, gpu=0%)
[70/304] hidden=[48, 48, 48] omega0=17.5 lr=5e-05 epochs=10000 npp=2048 seed=7 ...
  Epoch     1/10000  loss=3.8447e-01  lr=5.00e-05  (0.0s)
    -> I1=3 I2=4 I3=4 I4=4 I5=4 I6=4 I7=3 I8=5 min=3 mean=3.9 max=5 (135.0s, 93.4 ep/s, step=13.5ms, gpu=0%)
[71/304] hidden=[48, 48, 48] omega0=17.5 lr=5e-05 epochs=10000 npp=2048 seed=999 ...
  Epoch     1/10000  loss=3.9100e-01  lr=5.00e-05  (0.0s)
    -> I1=3 I2=4 I3=3 I4=4 I5=3 I6=3 I7=3 I8=4 min=3 mean=3.4 max=4 (133.3s, 94.9 ep/s, step=13.3ms, gpu=0%)
[72/304] hidden=[48, 48, 48] omega0=17.5 lr=0.0001 epochs=10000 npp=512 seed=42 ...
  Epoch     1/10000  loss=3.5174e-01  lr=1.00e-04  (0.0s)
    -> I1=3 I2=3 I3=4 I4=4 I5=4 I6=4 I7=4 I8=4 min=3 mean=3.8 max=4 (133.0s, 91.2 ep/s, step=13.3ms, gpu=0%)
[73/304] hidden=[48, 48, 48] omega0=17.5 lr=0.0001 epochs=10000 npp=512 seed=137 ...
  Epoch     1/10000  loss=3.4413e-01  lr=1.00e-04  (0.0s)
    -> I1=3 I2=3 I3=4 I4=4 I5=3 I6=4 I7=3 I8=4 min=3 mean=3.5 max=4 (131.2s, 92.7 ep/s, step=13.1ms, gpu=0%)
[74/304] hidden=[48, 48, 48] omega0=17.5 lr=0.0001 epochs=10000 npp=512 seed=2024 ...
  Epoch     1/10000  loss=3.8109e-01  lr=1.00e-04  (0.0s)
    -> I1=3 I2=4 I3=4 I4=4 I5=3 I6=4 I7=4 I8=6 min=3 mean=4.0 max=6 (134.0s, 90.3 ep/s, step=13.4ms, gpu=0%)
[75/304] hidden=[48, 48, 48] omega0=17.5 lr=0.0001 epochs=10000 npp=512 seed=7 ...
  Epoch     1/10000  loss=3.3741e-01  lr=1.00e-04  (0.0s)
    -> I1=4 I2=5 I3=4 I4=5 I5=4 I6=3 I7=5 I8=4 min=3 mean=4.2 max=5 (132.3s, 91.7 ep/s, step=13.2ms, gpu=0%)
[76/304] hidden=[48, 48, 48] omega0=17.5 lr=0.0001 epochs=10000 npp=512 seed=999 ...
  Epoch     1/10000  loss=4.1008e-01  lr=1.00e-04  (0.0s)
    -> I1=3 I2=4 I3=4 I4=4 I5=3 I6=5 I7=3 I8=5 min=3 mean=3.9 max=5 (131.6s, 92.3 ep/s, step=13.1ms, gpu=0%)
[77/304] hidden=[48, 48, 48] omega0=17.5 lr=0.0001 epochs=10000 npp=1024 seed=42 ...
  Epoch     1/10000  loss=3.5381e-01  lr=1.00e-04  (0.0s)
    -> I1=4 I2=5 I3=4 I4=5 I5=4 I6=6 I7=4 I8=4 min=4 mean=4.5 max=6 (132.8s, 92.6 ep/s, step=13.2ms, gpu=0%)
[78/304] hidden=[48, 48, 48] omega0=17.5 lr=0.0001 epochs=10000 npp=1024 seed=137 ...
  Epoch     1/10000  loss=3.7172e-01  lr=1.00e-04  (0.0s)
    -> I1=4 I2=5 I3=4 I4=4 I5=4 I6=4 I7=3 I8=4 min=3 mean=4.0 max=5 (131.6s, 93.6 ep/s, step=13.1ms, gpu=0%)
[79/304] hidden=[48, 48, 48] omega0=17.5 lr=0.0001 epochs=10000 npp=1024 seed=2024 ...
  Epoch     1/10000  loss=3.7526e-01  lr=1.00e-04  (0.0s)
    -> I1=3 I2=4 I3=3 I4=4 I5=3 I6=4 I7=5 I8=4 min=3 mean=3.8 max=5 (130.7s, 94.4 ep/s, step=13.0ms, gpu=0%)
[80/304] hidden=[48, 48, 48] omega0=17.5 lr=0.0001 epochs=10000 npp=1024 seed=7 ...
  Epoch     1/10000  loss=3.6805e-01  lr=1.00e-04  (0.0s)
    -> I1=3 I2=4 I3=4 I4=4 I5=3 I6=3 I7=3 I8=4 min=3 mean=3.5 max=4 (131.6s, 93.6 ep/s, step=13.1ms, gpu=0%)
[81/304] hidden=[48, 48, 48] omega0=17.5 lr=0.0001 epochs=10000 npp=1024 seed=999 ...
  Epoch     1/10000  loss=3.6932e-01  lr=1.00e-04  (0.0s)
    -> I1=4 I2=4 I3=4 I4=4 I5=4 I6=4 I7=4 I8=5 min=4 mean=4.1 max=5 (131.8s, 93.5 ep/s, step=13.1ms, gpu=0%)
[82/304] hidden=[48, 48, 48] omega0=17.5 lr=0.0001 epochs=10000 npp=2048 seed=42 ...
  Epoch     1/10000  loss=3.8211e-01  lr=1.00e-04  (0.0s)
    -> I1=3 I2=4 I3=4 I4=5 I5=4 I6=4 I7=4 I8=4 min=3 mean=4.0 max=5 (136.3s, 92.4 ep/s, step=13.6ms, gpu=0%)
[83/304] hidden=[48, 48, 48] omega0=17.5 lr=0.0001 epochs=10000 npp=2048 seed=137 ...
  Epoch     1/10000  loss=3.5797e-01  lr=1.00e-04  (0.0s)
    -> I1=4 I2=4 I3=4 I4=4 I5=3 I6=4 I7=4 I8=4 min=3 mean=3.9 max=4 (137.6s, 91.2 ep/s, step=13.7ms, gpu=0%)
[84/304] hidden=[48, 48, 48] omega0=17.5 lr=0.0001 epochs=10000 npp=2048 seed=2024 ...
  Epoch     1/10000  loss=3.7630e-01  lr=1.00e-04  (0.0s)
    -> I1=4 I2=4 I3=5 I4=5 I5=4 I6=4 I7=4 I8=4 min=4 mean=4.2 max=5 (133.7s, 94.6 ep/s, step=13.3ms, gpu=0%)
[85/304] hidden=[48, 48, 48] omega0=17.5 lr=0.0001 epochs=10000 npp=2048 seed=7 ...
  Epoch     1/10000  loss=3.8447e-01  lr=1.00e-04  (0.0s)
    -> I1=4 I2=4 I3=4 I4=4 I5=4 I6=4 I7=4 I8=5 min=4 mean=4.1 max=5 (133.9s, 94.4 ep/s, step=13.3ms, gpu=0%)
[86/304] hidden=[48, 48, 48] omega0=17.5 lr=0.0001 epochs=10000 npp=2048 seed=999 ...
  Epoch     1/10000  loss=3.9100e-01  lr=1.00e-04  (0.0s)
    -> I1=4 I2=4 I3=3 I4=4 I5=3 I6=4 I7=3 I8=4 min=3 mean=3.6 max=4 (134.2s, 94.1 ep/s, step=13.4ms, gpu=0%)
[87/304] hidden=[48, 48, 48] omega0=17.5 lr=0.0002 epochs=10000 npp=512 seed=42 ...
  Epoch     1/10000  loss=3.5174e-01  lr=2.00e-04  (0.0s)
    -> I1=3 I2=5 I3=3 I4=4 I5=3 I6=4 I7=4 I8=4 min=3 mean=3.8 max=5 (129.7s, 94.0 ep/s, step=12.9ms, gpu=0%)
[88/304] hidden=[48, 48, 48] omega0=17.5 lr=0.0002 epochs=10000 npp=512 seed=137 ...
  Epoch     1/10000  loss=3.4413e-01  lr=2.00e-04  (0.0s)
    -> I1=3 I2=4 I3=4 I4=5 I5=4 I6=5 I7=4 I8=4 min=3 mean=4.1 max=5 (132.1s, 91.9 ep/s, step=13.2ms, gpu=0%)
[89/304] hidden=[48, 48, 48] omega0=17.5 lr=0.0002 epochs=10000 npp=512 seed=2024 ...
  Epoch     1/10000  loss=3.8109e-01  lr=2.00e-04  (0.0s)
    -> I1=3 I2=4 I3=4 I4=4 I5=3 I6=3 I7=4 I8=5 min=3 mean=3.8 max=5 (131.3s, 92.6 ep/s, step=13.1ms, gpu=0%)
[90/304] hidden=[48, 48, 48] omega0=17.5 lr=0.0002 epochs=10000 npp=512 seed=7 ...
  Epoch     1/10000  loss=3.3741e-01  lr=2.00e-04  (0.0s)
    -> I1=3 I2=4 I3=3 I4=5 I5=3 I6=4 I7=4 I8=5 min=3 mean=3.9 max=5 (131.2s, 92.7 ep/s, step=13.1ms, gpu=0%)
[91/304] hidden=[48, 48, 48] omega0=17.5 lr=0.0002 epochs=10000 npp=512 seed=999 ...
  Epoch     1/10000  loss=4.1008e-01  lr=2.00e-04  (0.0s)
    -> I1=5 I2=5 I3=4 I4=4 I5=3 I6=4 I7=3 I8=4 min=3 mean=4.0 max=5 (131.9s, 92.0 ep/s, step=13.2ms, gpu=0%)
[92/304] hidden=[48, 48, 48] omega0=17.5 lr=0.0002 epochs=10000 npp=1024 seed=42 ...
  Epoch     1/10000  loss=3.5381e-01  lr=2.00e-04  (0.0s)
    -> I1=3 I2=4 I3=4 I4=4 I5=3 I6=4 I7=4 I8=4 min=3 mean=3.8 max=4 (133.5s, 92.0 ep/s, step=13.3ms, gpu=0%)
[93/304] hidden=[48, 48, 48] omega0=17.5 lr=0.0002 epochs=10000 npp=1024 seed=137 ...
  Epoch     1/10000  loss=3.7172e-01  lr=2.00e-04  (0.0s)
    -> I1=3 I2=4 I3=4 I4=5 I5=4 I6=4 I7=4 I8=4 min=3 mean=4.0 max=5 (130.7s, 94.5 ep/s, step=13.0ms, gpu=0%)
[94/304] hidden=[48, 48, 48] omega0=17.5 lr=0.0002 epochs=10000 npp=1024 seed=2024 ...
  Epoch     1/10000  loss=3.7526e-01  lr=2.00e-04  (0.0s)
    -> I1=3 I2=4 I3=4 I4=5 I5=4 I6=4 I7=4 I8=4 min=3 mean=4.0 max=5 (131.6s, 93.6 ep/s, step=13.1ms, gpu=0%)
[95/304] hidden=[48, 48, 48] omega0=17.5 lr=0.0002 epochs=10000 npp=1024 seed=7 ...
  Epoch     1/10000  loss=3.6805e-01  lr=2.00e-04  (0.0s)
    -> I1=4 I2=4 I3=4 I4=4 I5=3 I6=4 I7=5 I8=4 min=3 mean=4.0 max=5 (133.1s, 92.3 ep/s, step=13.3ms, gpu=0%)
[96/304] hidden=[48, 48, 48] omega0=17.5 lr=0.0002 epochs=10000 npp=1024 seed=999 ...
  Epoch     1/10000  loss=3.6932e-01  lr=2.00e-04  (0.0s)
    -> I1=3 I2=4 I3=4 I4=4 I5=4 I6=4 I7=3 I8=4 min=3 mean=3.8 max=4 (132.8s, 92.6 ep/s, step=13.2ms, gpu=0%)
[97/304] hidden=[48, 48, 48] omega0=17.5 lr=0.0002 epochs=10000 npp=2048 seed=42 ...
  Epoch     1/10000  loss=3.8211e-01  lr=2.00e-04  (0.0s)
    -> I1=4 I2=4 I3=4 I4=5 I5=4 I6=5 I7=4 I8=5 min=4 mean=4.4 max=5 (133.4s, 94.8 ep/s, step=13.3ms, gpu=0%)
[98/304] hidden=[48, 48, 48] omega0=17.5 lr=0.0002 epochs=10000 npp=2048 seed=137 ...
  Epoch     1/10000  loss=3.5797e-01  lr=2.00e-04  (0.0s)
    -> I1=4 I2=5 I3=4 I4=6 I5=3 I6=4 I7=4 I8=4 min=3 mean=4.2 max=6 (135.9s, 92.6 ep/s, step=13.5ms, gpu=0%)
[99/304] hidden=[48, 48, 48] omega0=17.5 lr=0.0002 epochs=10000 npp=2048 seed=2024 ...
  Epoch     1/10000  loss=3.7630e-01  lr=2.00e-04  (0.0s)
    -> I1=4 I2=4 I3=4 I4=5 I5=5 I6=5 I7=4 I8=5 min=4 mean=4.5 max=5 (135.3s, 93.1 ep/s, step=13.5ms, gpu=0%)
[100/304] hidden=[48, 48, 48] omega0=17.5 lr=0.0002 epochs=10000 npp=2048 seed=7 ...
  Epoch     1/10000  loss=3.8447e-01  lr=2.00e-04  (0.0s)
    -> I1=3 I2=3 I3=4 I4=4 I5=3 I6=4 I7=4 I8=4 min=3 mean=3.6 max=4 (135.5s, 93.0 ep/s, step=13.5ms, gpu=0%)
[101/304] hidden=[48, 48, 48] omega0=17.5 lr=0.0002 epochs=10000 npp=2048 seed=999 ...
  Epoch     1/10000  loss=3.9100e-01  lr=2.00e-04  (0.0s)
    -> I1=3 I2=4 I3=4 I4=5 I5=3 I6=4 I7=4 I8=5 min=3 mean=4.0 max=5 (133.6s, 94.6 ep/s, step=13.3ms, gpu=0%)
[102/304] hidden=[64, 64, 64] omega0=12.5 lr=5e-05 epochs=6000 npp=512 seed=42 ...
  Epoch     1/6000  loss=3.4799e-01  lr=5.00e-05  (0.0s)
    -> I1=3 I2=3 I3=4 I4=4 I5=3 I6=3 I7=3 I8=4 min=3 mean=3.4 max=4 (77.6s, 94.2 ep/s, step=12.9ms, gpu=0%)
[103/304] hidden=[64, 64, 64] omega0=12.5 lr=5e-05 epochs=6000 npp=512 seed=137 ...
  Epoch     1/6000  loss=3.5829e-01  lr=5.00e-05  (0.0s)
    -> I1=3 I2=4 I3=3 I4=5 I5=2 I6=3 I7=4 I8=4 min=2 mean=3.5 max=5 (78.2s, 93.4 ep/s, step=13.0ms, gpu=0%)
[104/304] hidden=[64, 64, 64] omega0=12.5 lr=5e-05 epochs=6000 npp=512 seed=2024 ...
  Epoch     1/6000  loss=3.6376e-01  lr=5.00e-05  (0.0s)
    -> I1=3 I2=3 I3=3 I4=4 I5=3 I6=3 I7=3 I8=4 min=3 mean=3.2 max=4 (77.0s, 95.0 ep/s, step=12.8ms, gpu=0%)
[105/304] hidden=[64, 64, 64] omega0=12.5 lr=5e-05 epochs=6000 npp=512 seed=7 ...
  Epoch     1/6000  loss=3.5815e-01  lr=5.00e-05  (0.0s)
    -> I1=3 I2=4 I3=3 I4=4 I5=3 I6=3 I7=3 I8=4 min=3 mean=3.4 max=4 (78.7s, 92.6 ep/s, step=13.1ms, gpu=0%)
[106/304] hidden=[64, 64, 64] omega0=12.5 lr=5e-05 epochs=6000 npp=512 seed=999 ...
  Epoch     1/6000  loss=3.8400e-01  lr=5.00e-05  (0.0s)
    -> I1=3 I2=4 I3=4 I4=4 I5=2 I6=3 I7=3 I8=3 min=2 mean=3.2 max=4 (77.5s, 94.4 ep/s, step=12.9ms, gpu=0%)
[107/304] hidden=[64, 64, 64] omega0=12.5 lr=5e-05 epochs=6000 npp=1024 seed=42 ...
  Epoch     1/6000  loss=3.6667e-01  lr=5.00e-05  (0.0s)
    -> I1=3 I2=3 I3=4 I4=4 I5=3 I6=3 I7=3 I8=4 min=3 mean=3.4 max=4 (78.7s, 93.9 ep/s, step=13.1ms, gpu=0%)
[108/304] hidden=[64, 64, 64] omega0=12.5 lr=5e-05 epochs=6000 npp=1024 seed=137 ...
  Epoch     1/6000  loss=3.8288e-01  lr=5.00e-05  (0.0s)
    -> I1=3 I2=3 I3=3 I4=4 I5=2 I6=3 I7=3 I8=4 min=2 mean=3.1 max=4 (78.7s, 93.9 ep/s, step=13.1ms, gpu=0%)
[109/304] hidden=[64, 64, 64] omega0=12.5 lr=5e-05 epochs=6000 npp=1024 seed=2024 ...
  Epoch     1/6000  loss=3.6027e-01  lr=5.00e-05  (0.0s)
    -> I1=3 I2=4 I3=3 I4=5 I5=3 I6=3 I7=4 I8=3 min=3 mean=3.5 max=5 (79.9s, 92.2 ep/s, step=13.3ms, gpu=0%)
[110/304] hidden=[64, 64, 64] omega0=12.5 lr=5e-05 epochs=6000 npp=1024 seed=7 ...
  Epoch     1/6000  loss=4.0838e-01  lr=5.00e-05  (0.0s)
    -> I1=3 I2=4 I3=4 I4=4 I5=3 I6=3 I7=4 I8=4 min=3 mean=3.6 max=4 (80.2s, 91.8 ep/s, step=13.3ms, gpu=0%)
[111/304] hidden=[64, 64, 64] omega0=12.5 lr=5e-05 epochs=6000 npp=1024 seed=999 ...
  Epoch     1/6000  loss=4.3785e-01  lr=5.00e-05  (0.0s)
    -> I1=3 I2=4 I3=4 I4=4 I5=3 I6=4 I7=3 I8=4 min=3 mean=3.6 max=4 (79.0s, 93.6 ep/s, step=13.1ms, gpu=0%)
[112/304] hidden=[64, 64, 64] omega0=12.5 lr=5e-05 epochs=6000 npp=2048 seed=42 ...
  Epoch     1/6000  loss=3.5456e-01  lr=5.00e-05  (0.0s)
    -> I1=3 I2=3 I3=4 I4=4 I5=3 I6=4 I7=3 I8=4 min=3 mean=3.5 max=4 (80.3s, 94.3 ep/s, step=13.3ms, gpu=0%)
[113/304] hidden=[64, 64, 64] omega0=12.5 lr=5e-05 epochs=6000 npp=2048 seed=137 ...
  Epoch     1/6000  loss=3.5328e-01  lr=5.00e-05  (0.0s)
    -> I1=3 I2=3 I3=4 I4=4 I5=2 I6=3 I7=4 I8=4 min=2 mean=3.4 max=4 (80.0s, 94.9 ep/s, step=13.3ms, gpu=0%)
[114/304] hidden=[64, 64, 64] omega0=12.5 lr=5e-05 epochs=6000 npp=2048 seed=2024 ...
  Epoch     1/6000  loss=3.6882e-01  lr=5.00e-05  (0.0s)
    -> I1=3 I2=5 I3=3 I4=4 I5=3 I6=4 I7=4 I8=4 min=3 mean=3.8 max=5 (80.5s, 94.1 ep/s, step=13.4ms, gpu=0%)
[115/304] hidden=[64, 64, 64] omega0=12.5 lr=5e-05 epochs=6000 npp=2048 seed=7 ...
  Epoch     1/6000  loss=3.8938e-01  lr=5.00e-05  (0.0s)
    -> I1=4 I2=4 I3=3 I4=4 I5=3 I6=3 I7=4 I8=4 min=3 mean=3.6 max=4 (80.6s, 94.0 ep/s, step=13.4ms, gpu=0%)
[116/304] hidden=[64, 64, 64] omega0=12.5 lr=5e-05 epochs=6000 npp=2048 seed=999 ...
  Epoch     1/6000  loss=3.9706e-01  lr=5.00e-05  (0.0s)
    -> I1=3 I2=4 I3=3 I4=5 I5=3 I6=3 I7=3 I8=4 min=3 mean=3.5 max=5 (80.2s, 94.5 ep/s, step=13.3ms, gpu=0%)
[117/304] hidden=[64, 64, 64] omega0=12.5 lr=0.0001 epochs=6000 npp=512 seed=42 ...
  Epoch     1/6000  loss=3.4799e-01  lr=1.00e-04  (0.0s)
    -> I1=3 I2=3 I3=4 I4=4 I5=4 I6=3 I7=3 I8=4 min=3 mean=3.5 max=4 (78.1s, 93.5 ep/s, step=13.0ms, gpu=0%)
[118/304] hidden=[64, 64, 64] omega0=12.5 lr=0.0001 epochs=6000 npp=512 seed=137 ...
  Epoch     1/6000  loss=3.5829e-01  lr=1.00e-04  (0.0s)
    -> I1=3 I2=4 I3=4 I4=5 I5=3 I6=3 I7=3 I8=4 min=3 mean=3.6 max=5 (78.6s, 92.7 ep/s, step=13.1ms, gpu=0%)
[119/304] hidden=[64, 64, 64] omega0=12.5 lr=0.0001 epochs=6000 npp=512 seed=2024 ...
  Epoch     1/6000  loss=3.6376e-01  lr=1.00e-04  (0.0s)
    -> I1=3 I2=4 I3=3 I4=4 I5=3 I6=4 I7=5 I8=4 min=3 mean=3.8 max=5 (77.9s, 93.8 ep/s, step=12.9ms, gpu=0%)
[120/304] hidden=[64, 64, 64] omega0=12.5 lr=0.0001 epochs=6000 npp=512 seed=7 ...
  Epoch     1/6000  loss=3.5815e-01  lr=1.00e-04  (0.0s)
    -> I1=3 I2=4 I3=4 I4=4 I5=3 I6=3 I7=4 I8=4 min=3 mean=3.6 max=4 (78.4s, 93.0 ep/s, step=13.0ms, gpu=0%)
[121/304] hidden=[64, 64, 64] omega0=12.5 lr=0.0001 epochs=6000 npp=512 seed=999 ...
  Epoch     1/6000  loss=3.8400e-01  lr=1.00e-04  (0.0s)
    -> I1=5 I2=4 I3=3 I4=4 I5=4 I6=5 I7=3 I8=4 min=3 mean=4.0 max=5 (76.3s, 96.0 ep/s, step=12.7ms, gpu=0%)
[122/304] hidden=[64, 64, 64] omega0=12.5 lr=0.0001 epochs=6000 npp=1024 seed=42 ...
  Epoch     1/6000  loss=3.6667e-01  lr=1.00e-04  (0.0s)
    -> I1=3 I2=3 I3=4 I4=4 I5=4 I6=4 I7=4 I8=4 min=3 mean=3.8 max=4 (78.8s, 93.8 ep/s, step=13.1ms, gpu=0%)
[123/304] hidden=[64, 64, 64] omega0=12.5 lr=0.0001 epochs=6000 npp=1024 seed=137 ...
  Epoch     1/6000  loss=3.8288e-01  lr=1.00e-04  (0.0s)
    -> I1=3 I2=3 I3=3 I4=5 I5=3 I6=3 I7=4 I8=4 min=3 mean=3.5 max=5 (78.6s, 94.0 ep/s, step=13.1ms, gpu=0%)
[124/304] hidden=[64, 64, 64] omega0=12.5 lr=0.0001 epochs=6000 npp=1024 seed=2024 ...
  Epoch     1/6000  loss=3.6027e-01  lr=1.00e-04  (0.0s)
    -> I1=4 I2=4 I3=5 I4=5 I5=3 I6=4 I7=4 I8=4 min=3 mean=4.1 max=5 (79.6s, 92.7 ep/s, step=13.2ms, gpu=0%)
[125/304] hidden=[64, 64, 64] omega0=12.5 lr=0.0001 epochs=6000 npp=1024 seed=7 ...
  Epoch     1/6000  loss=4.0838e-01  lr=1.00e-04  (0.0s)
    -> I1=4 I2=5 I3=3 I4=4 I5=4 I6=4 I7=3 I8=4 min=3 mean=3.9 max=5 (80.7s, 91.1 ep/s, step=13.4ms, gpu=0%)
[126/304] hidden=[64, 64, 64] omega0=12.5 lr=0.0001 epochs=6000 npp=1024 seed=999 ...
  Epoch     1/6000  loss=4.3785e-01  lr=1.00e-04  (0.0s)
    -> I1=3 I2=4 I3=4 I4=4 I5=3 I6=4 I7=4 I8=4 min=3 mean=3.8 max=4 (78.5s, 94.3 ep/s, step=13.0ms, gpu=0%)
[127/304] hidden=[64, 64, 64] omega0=12.5 lr=0.0001 epochs=6000 npp=2048 seed=42 ...
  Epoch     1/6000  loss=3.5456e-01  lr=1.00e-04  (0.0s)
    -> I1=4 I2=4 I3=5 I4=4 I5=5 I6=4 I7=4 I8=4 min=4 mean=4.2 max=5 (80.5s, 94.1 ep/s, step=13.4ms, gpu=0%)
[128/304] hidden=[64, 64, 64] omega0=12.5 lr=0.0001 epochs=6000 npp=2048 seed=137 ...
  Epoch     1/6000  loss=3.5328e-01  lr=1.00e-04  (0.0s)
    -> I1=3 I2=3 I3=4 I4=5 I5=3 I6=3 I7=4 I8=6 min=3 mean=3.9 max=6 (80.0s, 94.9 ep/s, step=13.3ms, gpu=0%)
[129/304] hidden=[64, 64, 64] omega0=12.5 lr=0.0001 epochs=6000 npp=2048 seed=2024 ...
  Epoch     1/6000  loss=3.6882e-01  lr=1.00e-04  (0.0s)
    -> I1=3 I2=5 I3=4 I4=5 I5=4 I6=5 I7=4 I8=5 min=3 mean=4.4 max=5 (80.7s, 93.8 ep/s, step=13.4ms, gpu=0%)
[130/304] hidden=[64, 64, 64] omega0=12.5 lr=0.0001 epochs=6000 npp=2048 seed=7 ...
  Epoch     1/6000  loss=3.8938e-01  lr=1.00e-04  (0.0s)
    -> I1=4 I2=4 I3=4 I4=4 I5=3 I6=3 I7=4 I8=4 min=3 mean=3.8 max=4 (80.7s, 93.9 ep/s, step=13.4ms, gpu=0%)
[131/304] hidden=[64, 64, 64] omega0=12.5 lr=0.0001 epochs=6000 npp=2048 seed=999 ...
  Epoch     1/6000  loss=3.9706e-01  lr=1.00e-04  (0.0s)
    -> I1=5 I2=4 I3=3 I4=4 I5=3 I6=4 I7=4 I8=4 min=3 mean=3.9 max=5 (80.0s, 94.7 ep/s, step=13.3ms, gpu=0%)
[132/304] hidden=[64, 64, 64] omega0=12.5 lr=0.0002 epochs=6000 npp=512 seed=42 ...
  Epoch     1/6000  loss=3.4799e-01  lr=2.00e-04  (0.0s)
    -> I1=4 I2=3 I3=4 I4=4 I5=4 I6=4 I7=4 I8=4 min=3 mean=3.9 max=4 (77.4s, 94.3 ep/s, step=12.9ms, gpu=0%)
[133/304] hidden=[64, 64, 64] omega0=12.5 lr=0.0002 epochs=6000 npp=512 seed=137 ...
  Epoch     1/6000  loss=3.5829e-01  lr=2.00e-04  (0.0s)
    -> I1=3 I2=5 I3=4 I4=4 I5=3 I6=4 I7=5 I8=4 min=3 mean=4.0 max=5 (78.7s, 92.5 ep/s, step=13.1ms, gpu=0%)
[134/304] hidden=[64, 64, 64] omega0=12.5 lr=0.0002 epochs=6000 npp=512 seed=2024 ...
  Epoch     1/6000  loss=3.6376e-01  lr=2.00e-04  (0.0s)
    -> I1=3 I2=4 I3=3 I4=4 I5=3 I6=4 I7=4 I8=4 min=3 mean=3.6 max=4 (76.6s, 95.7 ep/s, step=12.7ms, gpu=0%)
[135/304] hidden=[64, 64, 64] omega0=12.5 lr=0.0002 epochs=6000 npp=512 seed=7 ...
  Epoch     1/6000  loss=3.5815e-01  lr=2.00e-04  (0.0s)
    -> I1=4 I2=4 I3=4 I4=4 I5=3 I6=4 I7=4 I8=4 min=3 mean=3.9 max=4 (78.8s, 92.4 ep/s, step=13.1ms, gpu=0%)
[136/304] hidden=[64, 64, 64] omega0=12.5 lr=0.0002 epochs=6000 npp=512 seed=999 ...
  Epoch     1/6000  loss=3.8400e-01  lr=2.00e-04  (0.0s)
    -> I1=4 I2=4 I3=4 I4=4 I5=3 I6=4 I7=4 I8=4 min=3 mean=3.9 max=4 (77.8s, 93.9 ep/s, step=12.9ms, gpu=0%)
[137/304] hidden=[64, 64, 64] omega0=12.5 lr=0.0002 epochs=6000 npp=1024 seed=42 ...
  Epoch     1/6000  loss=3.6667e-01  lr=2.00e-04  (0.0s)
    -> I1=3 I2=4 I3=4 I4=4 I5=3 I6=4 I7=4 I8=4 min=3 mean=3.8 max=4 (79.1s, 93.3 ep/s, step=13.1ms, gpu=0%)
[138/304] hidden=[64, 64, 64] omega0=12.5 lr=0.0002 epochs=6000 npp=1024 seed=137 ...
  Epoch     1/6000  loss=3.8288e-01  lr=2.00e-04  (0.0s)
    -> I1=3 I2=4 I3=3 I4=4 I5=4 I6=4 I7=4 I8=4 min=3 mean=3.8 max=4 (79.5s, 92.7 ep/s, step=13.2ms, gpu=0%)
[139/304] hidden=[64, 64, 64] omega0=12.5 lr=0.0002 epochs=6000 npp=1024 seed=2024 ...
  Epoch     1/6000  loss=3.6027e-01  lr=2.00e-04  (0.0s)
    -> I1=3 I2=3 I3=3 I4=4 I5=3 I6=4 I7=4 I8=4 min=3 mean=3.5 max=4 (79.1s, 93.2 ep/s, step=13.1ms, gpu=0%)
[140/304] hidden=[64, 64, 64] omega0=12.5 lr=0.0002 epochs=6000 npp=1024 seed=7 ...
  Epoch     1/6000  loss=4.0838e-01  lr=2.00e-04  (0.0s)
    -> I1=4 I2=4 I3=4 I4=5 I5=3 I6=4 I7=4 I8=5 min=3 mean=4.1 max=5 (78.6s, 94.0 ep/s, step=13.1ms, gpu=0%)
[141/304] hidden=[64, 64, 64] omega0=12.5 lr=0.0002 epochs=6000 npp=1024 seed=999 ...
  Epoch     1/6000  loss=4.3785e-01  lr=2.00e-04  (0.0s)
    -> I1=3 I2=4 I3=4 I4=4 I5=3 I6=4 I7=4 I8=5 min=3 mean=3.9 max=5 (78.8s, 93.8 ep/s, step=13.1ms, gpu=0%)
[142/304] hidden=[64, 64, 64] omega0=12.5 lr=0.0002 epochs=6000 npp=2048 seed=42 ...
  Epoch     1/6000  loss=3.5456e-01  lr=2.00e-04  (0.0s)
    -> I1=3 I2=4 I3=4 I4=4 I5=4 I6=4 I7=4 I8=4 min=3 mean=3.9 max=4 (81.1s, 93.1 ep/s, step=13.5ms, gpu=0%)
[143/304] hidden=[64, 64, 64] omega0=12.5 lr=0.0002 epochs=6000 npp=2048 seed=137 ...
  Epoch     1/6000  loss=3.5328e-01  lr=2.00e-04  (0.0s)
    -> I1=3 I2=4 I3=5 I4=5 I5=3 I6=4 I7=5 I8=4 min=3 mean=4.1 max=5 (80.7s, 93.7 ep/s, step=13.4ms, gpu=0%)
[144/304] hidden=[64, 64, 64] omega0=12.5 lr=0.0002 epochs=6000 npp=2048 seed=2024 ...
  Epoch     1/6000  loss=3.6882e-01  lr=2.00e-04  (0.0s)
    -> I1=4 I2=4 I3=4 I4=5 I5=4 I6=4 I7=4 I8=5 min=4 mean=4.2 max=5 (79.9s, 94.9 ep/s, step=13.3ms, gpu=0%)
[145/304] hidden=[64, 64, 64] omega0=12.5 lr=0.0002 epochs=6000 npp=2048 seed=7 ...
  Epoch     1/6000  loss=3.8938e-01  lr=2.00e-04  (0.0s)
    -> I1=3 I2=4 I3=4 I4=4 I5=4 I6=4 I7=4 I8=4 min=3 mean=3.9 max=4 (80.2s, 94.5 ep/s, step=13.3ms, gpu=0%)
[146/304] hidden=[64, 64, 64] omega0=12.5 lr=0.0002 epochs=6000 npp=2048 seed=999 ...
  Epoch     1/6000  loss=3.9706e-01  lr=2.00e-04  (0.0s)
    -> I1=4 I2=4 I3=4 I4=4 I5=5 I6=4 I7=3 I8=5 min=3 mean=4.1 max=5 (80.2s, 94.5 ep/s, step=13.3ms, gpu=0%)
[147/304] hidden=[64, 64, 64] omega0=12.5 lr=5e-05 epochs=8000 npp=512 seed=42 ...
  Epoch     1/8000  loss=3.4799e-01  lr=5.00e-05  (0.0s)
    -> I1=3 I2=3 I3=4 I4=4 I5=3 I6=4 I7=3 I8=4 min=3 mean=3.5 max=4 (103.6s, 94.0 ep/s, step=12.9ms, gpu=0%)
[148/304] hidden=[64, 64, 64] omega0=12.5 lr=5e-05 epochs=8000 npp=512 seed=137 ...
  Epoch     1/8000  loss=3.5829e-01  lr=5.00e-05  (0.0s)
    -> I1=3 I2=3 I3=3 I4=4 I5=2 I6=3 I7=4 I8=4 min=2 mean=3.2 max=4 (104.1s, 93.5 ep/s, step=13.0ms, gpu=0%)
[149/304] hidden=[64, 64, 64] omega0=12.5 lr=5e-05 epochs=8000 npp=512 seed=2024 ...
  Epoch     1/8000  loss=3.6376e-01  lr=5.00e-05  (0.0s)
    -> I1=3 I2=4 I3=3 I4=5 I5=3 I6=3 I7=4 I8=4 min=3 mean=3.6 max=5 (103.9s, 93.7 ep/s, step=13.0ms, gpu=0%)
[150/304] hidden=[64, 64, 64] omega0=12.5 lr=5e-05 epochs=8000 npp=512 seed=7 ...
  Epoch     1/8000  loss=3.5815e-01  lr=5.00e-05  (0.0s)
    -> I1=3 I2=4 I3=3 I4=4 I5=4 I6=3 I7=3 I8=5 min=3 mean=3.6 max=5 (104.4s, 93.2 ep/s, step=13.0ms, gpu=0%)
[151/304] hidden=[64, 64, 64] omega0=12.5 lr=5e-05 epochs=8000 npp=512 seed=999 ...
  Epoch     1/8000  loss=3.8400e-01  lr=5.00e-05  (0.0s)
    -> I1=3 I2=4 I3=3 I4=4 I5=3 I6=3 I7=3 I8=4 min=3 mean=3.4 max=4 (101.5s, 96.5 ep/s, step=12.6ms, gpu=0%)
[152/304] hidden=[64, 64, 64] omega0=12.5 lr=5e-05 epochs=8000 npp=1024 seed=42 ...
  Epoch     1/8000  loss=3.6667e-01  lr=5.00e-05  (0.0s)
    -> I1=3 I2=3 I3=3 I4=4 I5=3 I6=6 I7=3 I8=4 min=3 mean=3.6 max=6 (104.0s, 95.0 ep/s, step=13.0ms, gpu=0%)
[153/304] hidden=[64, 64, 64] omega0=12.5 lr=5e-05 epochs=8000 npp=1024 seed=137 ...
  Epoch     1/8000  loss=3.8288e-01  lr=5.00e-05  (0.0s)
    -> I1=3 I2=3 I3=4 I4=4 I5=3 I6=3 I7=4 I8=5 min=3 mean=3.6 max=5 (106.1s, 92.6 ep/s, step=13.2ms, gpu=0%)
[154/304] hidden=[64, 64, 64] omega0=12.5 lr=5e-05 epochs=8000 npp=1024 seed=2024 ...
  Epoch     1/8000  loss=3.6027e-01  lr=5.00e-05  (0.0s)
    -> I1=4 I2=4 I3=4 I4=4 I5=4 I6=4 I7=3 I8=4 min=3 mean=3.9 max=4 (106.6s, 92.1 ep/s, step=13.3ms, gpu=0%)
[155/304] hidden=[64, 64, 64] omega0=12.5 lr=5e-05 epochs=8000 npp=1024 seed=7 ...
  Epoch     1/8000  loss=4.0838e-01  lr=5.00e-05  (0.0s)
    -> I1=3 I2=4 I3=4 I4=4 I5=4 I6=3 I7=4 I8=4 min=3 mean=3.8 max=4 (106.1s, 92.7 ep/s, step=13.2ms, gpu=0%)
[156/304] hidden=[64, 64, 64] omega0=12.5 lr=5e-05 epochs=8000 npp=1024 seed=999 ...
  Epoch     1/8000  loss=4.3785e-01  lr=5.00e-05  (0.0s)
    -> I1=3 I2=4 I3=5 I4=4 I5=3 I6=4 I7=3 I8=5 min=3 mean=3.9 max=5 (105.4s, 93.3 ep/s, step=13.1ms, gpu=0%)
[157/304] hidden=[64, 64, 64] omega0=12.5 lr=5e-05 epochs=8000 npp=2048 seed=42 ...
  Epoch     1/8000  loss=3.5456e-01  lr=5.00e-05  (0.0s)
    -> I1=3 I2=4 I3=4 I4=4 I5=3 I6=4 I7=4 I8=4 min=3 mean=3.8 max=4 (108.2s, 93.2 ep/s, step=13.5ms, gpu=0%)
[158/304] hidden=[64, 64, 64] omega0=12.5 lr=5e-05 epochs=8000 npp=2048 seed=137 ...
  Epoch     1/8000  loss=3.5328e-01  lr=5.00e-05  (0.0s)
    -> I1=3 I2=4 I3=5 I4=5 I5=3 I6=3 I7=4 I8=5 min=3 mean=4.0 max=5 (106.8s, 94.6 ep/s, step=13.3ms, gpu=0%)
[159/304] hidden=[64, 64, 64] omega0=12.5 lr=5e-05 epochs=8000 npp=2048 seed=2024 ...
  Epoch     1/8000  loss=3.6882e-01  lr=5.00e-05  (0.0s)
    -> I1=3 I2=4 I3=3 I4=4 I5=3 I6=4 I7=4 I8=5 min=3 mean=3.8 max=5 (106.9s, 94.5 ep/s, step=13.3ms, gpu=0%)
[160/304] hidden=[64, 64, 64] omega0=12.5 lr=5e-05 epochs=8000 npp=2048 seed=7 ...
  Epoch     1/8000  loss=3.8938e-01  lr=5.00e-05  (0.0s)
    -> I1=3 I2=4 I3=3 I4=4 I5=3 I6=3 I7=4 I8=5 min=3 mean=3.6 max=5 (106.6s, 94.9 ep/s, step=13.3ms, gpu=0%)
[161/304] hidden=[64, 64, 64] omega0=12.5 lr=5e-05 epochs=8000 npp=2048 seed=999 ...
  Epoch     1/8000  loss=3.9706e-01  lr=5.00e-05  (0.0s)
    -> I1=3 I2=4 I3=4 I4=4 I5=3 I6=4 I7=3 I8=4 min=3 mean=3.6 max=4 (106.8s, 94.6 ep/s, step=13.3ms, gpu=0%)
[162/304] hidden=[64, 64, 64] omega0=12.5 lr=0.0001 epochs=8000 npp=512 seed=42 ...
  Epoch     1/8000  loss=3.4799e-01  lr=1.00e-04  (0.0s)
    -> I1=3 I2=3 I3=4 I4=4 I5=3 I6=3 I7=3 I8=4 min=3 mean=3.4 max=4 (102.2s, 95.6 ep/s, step=12.7ms, gpu=0%)
[163/304] hidden=[64, 64, 64] omega0=12.5 lr=0.0001 epochs=8000 npp=512 seed=137 ...
  Epoch     1/8000  loss=3.5829e-01  lr=1.00e-04  (0.0s)
    -> I1=3 I2=4 I3=4 I4=7 I5=3 I6=3 I7=3 I8=5 min=3 mean=4.0 max=7 (102.8s, 94.9 ep/s, step=12.8ms, gpu=0%)
[164/304] hidden=[64, 64, 64] omega0=12.5 lr=0.0001 epochs=8000 npp=512 seed=2024 ...
  Epoch     1/8000  loss=3.6376e-01  lr=1.00e-04  (0.0s)
    -> I1=4 I2=4 I3=4 I4=4 I5=4 I6=4 I7=4 I8=5 min=4 mean=4.1 max=5 (103.7s, 93.9 ep/s, step=12.9ms, gpu=0%)
[165/304] hidden=[64, 64, 64] omega0=12.5 lr=0.0001 epochs=8000 npp=512 seed=7 ...
  Epoch     1/8000  loss=3.5815e-01  lr=1.00e-04  (0.0s)
    -> I1=3 I2=4 I3=4 I4=5 I5=4 I6=4 I7=4 I8=6 min=3 mean=4.2 max=6 (102.5s, 95.3 ep/s, step=12.8ms, gpu=0%)
[166/304] hidden=[64, 64, 64] omega0=12.5 lr=0.0001 epochs=8000 npp=512 seed=999 ...
  Epoch     1/8000  loss=3.8400e-01  lr=1.00e-04  (0.0s)
    -> I1=4 I2=4 I3=4 I4=4 I5=4 I6=4 I7=4 I8=5 min=4 mean=4.1 max=5 (103.1s, 94.6 ep/s, step=12.8ms, gpu=0%)
[167/304] hidden=[64, 64, 64] omega0=12.5 lr=0.0001 epochs=8000 npp=1024 seed=42 ...
  Epoch     1/8000  loss=3.6667e-01  lr=1.00e-04  (0.0s)
    -> I1=4 I2=4 I3=4 I4=5 I5=4 I6=4 I7=4 I8=4 min=4 mean=4.1 max=5 (104.7s, 94.1 ep/s, step=13.0ms, gpu=0%)
[168/304] hidden=[64, 64, 64] omega0=12.5 lr=0.0001 epochs=8000 npp=1024 seed=137 ...
  Epoch     1/8000  loss=3.8288e-01  lr=1.00e-04  (0.0s)
    -> I1=3 I2=4 I3=4 I4=4 I5=4 I6=4 I7=3 I8=4 min=3 mean=3.8 max=4 (103.7s, 95.2 ep/s, step=12.9ms, gpu=0%)
[169/304] hidden=[64, 64, 64] omega0=12.5 lr=0.0001 epochs=8000 npp=1024 seed=2024 ...
  Epoch     1/8000  loss=3.6027e-01  lr=1.00e-04  (0.0s)
    -> I1=4 I2=4 I3=6 I4=4 I5=3 I6=4 I7=4 I8=4 min=3 mean=4.1 max=6 (105.6s, 93.2 ep/s, step=13.2ms, gpu=0%)
[170/304] hidden=[64, 64, 64] omega0=12.5 lr=0.0001 epochs=8000 npp=1024 seed=7 ...
  Epoch     1/8000  loss=4.0838e-01  lr=1.00e-04  (0.0s)
    -> I1=4 I2=4 I3=4 I4=5 I5=4 I6=4 I7=4 I8=4 min=4 mean=4.1 max=5 (105.5s, 93.2 ep/s, step=13.2ms, gpu=0%)
[171/304] hidden=[64, 64, 64] omega0=12.5 lr=0.0001 epochs=8000 npp=1024 seed=999 ...
  Epoch     1/8000  loss=4.3785e-01  lr=1.00e-04  (0.0s)
    -> I1=3 I2=4 I3=4 I4=4 I5=4 I6=5 I7=3 I8=5 min=3 mean=4.0 max=5 (103.6s, 95.3 ep/s, step=12.9ms, gpu=0%)
[172/304] hidden=[64, 64, 64] omega0=12.5 lr=0.0001 epochs=8000 npp=2048 seed=42 ...
  Epoch     1/8000  loss=3.5456e-01  lr=1.00e-04  (0.0s)
    -> I1=3 I2=4 I3=4 I4=4 I5=3 I6=4 I7=4 I8=4 min=3 mean=3.8 max=4 (107.7s, 93.6 ep/s, step=13.4ms, gpu=0%)
[173/304] hidden=[64, 64, 64] omega0=12.5 lr=0.0001 epochs=8000 npp=2048 seed=137 ...
  Epoch     1/8000  loss=3.5328e-01  lr=1.00e-04  (0.0s)
    -> I1=3 I2=4 I3=4 I4=5 I5=3 I6=3 I7=4 I8=4 min=3 mean=3.8 max=5 (107.8s, 93.5 ep/s, step=13.4ms, gpu=0%)
[174/304] hidden=[64, 64, 64] omega0=12.5 lr=0.0001 epochs=8000 npp=2048 seed=2024 ...
  Epoch     1/8000  loss=3.6882e-01  lr=1.00e-04  (0.0s)
    -> I1=4 I2=4 I3=5 I4=5 I5=4 I6=5 I7=4 I8=5 min=4 mean=4.5 max=5 (108.5s, 92.8 ep/s, step=13.5ms, gpu=0%)
[175/304] hidden=[64, 64, 64] omega0=12.5 lr=0.0001 epochs=8000 npp=2048 seed=7 ...
  Epoch     1/8000  loss=3.8938e-01  lr=1.00e-04  (0.0s)
    -> I1=4 I2=4 I3=4 I4=4 I5=3 I6=4 I7=4 I8=5 min=3 mean=4.0 max=5 (107.2s, 94.1 ep/s, step=13.4ms, gpu=0%)
[176/304] hidden=[64, 64, 64] omega0=12.5 lr=0.0001 epochs=8000 npp=2048 seed=999 ...
  Epoch     1/8000  loss=3.9706e-01  lr=1.00e-04  (0.0s)
    -> I1=5 I2=4 I3=4 I4=4 I5=4 I6=5 I7=4 I8=4 min=4 mean=4.2 max=5 (105.7s, 95.8 ep/s, step=13.2ms, gpu=0%)
[177/304] hidden=[64, 64, 64] omega0=12.5 lr=0.0002 epochs=8000 npp=512 seed=42 ...
  Epoch     1/8000  loss=3.4799e-01  lr=2.00e-04  (0.0s)
    -> I1=3 I2=5 I3=4 I4=5 I5=4 I6=5 I7=4 I8=5 min=3 mean=4.4 max=5 (102.6s, 95.1 ep/s, step=12.8ms, gpu=0%)
[178/304] hidden=[64, 64, 64] omega0=12.5 lr=0.0002 epochs=8000 npp=512 seed=137 ...
  Epoch     1/8000  loss=3.5829e-01  lr=2.00e-04  (0.0s)
    -> I1=4 I2=4 I3=4 I4=4 I5=3 I6=4 I7=4 I8=4 min=3 mean=3.9 max=4 (103.4s, 94.3 ep/s, step=12.9ms, gpu=0%)
[179/304] hidden=[64, 64, 64] omega0=12.5 lr=0.0002 epochs=8000 npp=512 seed=2024 ...
  Epoch     1/8000  loss=3.6376e-01  lr=2.00e-04  (0.0s)
    -> I1=3 I2=4 I3=5 I4=5 I5=3 I6=4 I7=4 I8=5 min=3 mean=4.1 max=5 (102.0s, 95.9 ep/s, step=12.7ms, gpu=0%)
[180/304] hidden=[64, 64, 64] omega0=12.5 lr=0.0002 epochs=8000 npp=512 seed=7 ...
  Epoch     1/8000  loss=3.5815e-01  lr=2.00e-04  (0.0s)
    -> I1=4 I2=4 I3=4 I4=4 I5=5 I6=5 I7=4 I8=5 min=4 mean=4.4 max=5 (102.0s, 95.9 ep/s, step=12.7ms, gpu=0%)
[181/304] hidden=[64, 64, 64] omega0=12.5 lr=0.0002 epochs=8000 npp=512 seed=999 ...
  Epoch     1/8000  loss=3.8400e-01  lr=2.00e-04  (0.0s)
    -> I1=5 I2=4 I3=4 I4=4 I5=4 I6=4 I7=4 I8=5 min=4 mean=4.2 max=5 (102.6s, 95.2 ep/s, step=12.8ms, gpu=0%)
[182/304] hidden=[64, 64, 64] omega0=12.5 lr=0.0002 epochs=8000 npp=1024 seed=42 ...
  Epoch     1/8000  loss=3.6667e-01  lr=2.00e-04  (0.0s)
    -> I1=4 I2=4 I3=4 I4=4 I5=4 I6=4 I7=5 I8=5 min=4 mean=4.2 max=5 (105.6s, 93.1 ep/s, step=13.2ms, gpu=0%)
[183/304] hidden=[64, 64, 64] omega0=12.5 lr=0.0002 epochs=8000 npp=1024 seed=137 ...
  Epoch     1/8000  loss=3.8288e-01  lr=2.00e-04  (0.0s)
    -> I1=4 I2=4 I3=5 I4=4 I5=3 I6=4 I7=4 I8=5 min=3 mean=4.1 max=5 (105.0s, 93.7 ep/s, step=13.1ms, gpu=0%)
[184/304] hidden=[64, 64, 64] omega0=12.5 lr=0.0002 epochs=8000 npp=1024 seed=2024 ...
  Epoch     1/8000  loss=3.6027e-01  lr=2.00e-04  (0.0s)
    -> I1=4 I2=5 I3=4 I4=5 I5=4 I6=4 I7=4 I8=5 min=4 mean=4.4 max=5 (104.8s, 93.9 ep/s, step=13.1ms, gpu=0%)
[185/304] hidden=[64, 64, 64] omega0=12.5 lr=0.0002 epochs=8000 npp=1024 seed=7 ...
  Epoch     1/8000  loss=4.0838e-01  lr=2.00e-04  (0.0s)
    -> I1=4 I2=5 I3=4 I4=5 I5=3 I6=4 I7=5 I8=5 min=3 mean=4.4 max=5 (106.2s, 92.6 ep/s, step=13.2ms, gpu=0%)
[186/304] hidden=[64, 64, 64] omega0=12.5 lr=0.0002 epochs=8000 npp=1024 seed=999 ...
  Epoch     1/8000  loss=4.3785e-01  lr=2.00e-04  (0.0s)
    -> I1=3 I2=4 I3=4 I4=4 I5=4 I6=4 I7=4 I8=4 min=3 mean=3.9 max=4 (103.9s, 95.0 ep/s, step=12.9ms, gpu=0%)
[187/304] hidden=[64, 64, 64] omega0=12.5 lr=0.0002 epochs=8000 npp=2048 seed=42 ...
  Epoch     1/8000  loss=3.5456e-01  lr=2.00e-04  (0.0s)
    -> I1=3 I2=4 I3=5 I4=4 I5=5 I6=4 I7=4 I8=5 min=3 mean=4.2 max=5 (107.6s, 93.7 ep/s, step=13.4ms, gpu=0%)
[188/304] hidden=[64, 64, 64] omega0=12.5 lr=0.0002 epochs=8000 npp=2048 seed=137 ...
  Epoch     1/8000  loss=3.5328e-01  lr=2.00e-04  (0.0s)
    -> I1=4 I2=5 I3=4 I4=5 I5=4 I6=5 I7=4 I8=4 min=4 mean=4.4 max=5 (107.2s, 94.1 ep/s, step=13.4ms, gpu=0%)
[189/304] hidden=[64, 64, 64] omega0=12.5 lr=0.0002 epochs=8000 npp=2048 seed=2024 ...
  Epoch     1/8000  loss=3.6882e-01  lr=2.00e-04  (0.0s)
    -> I1=4 I2=5 I3=5 I4=6 I5=4 I6=5 I7=4 I8=5 min=4 mean=4.8 max=6 (107.2s, 94.2 ep/s, step=13.4ms, gpu=0%)
[190/304] hidden=[64, 64, 64] omega0=12.5 lr=0.0002 epochs=8000 npp=2048 seed=7 ...
  Epoch     1/8000  loss=3.8938e-01  lr=2.00e-04  (0.0s)
    -> I1=3 I2=4 I3=4 I4=4 I5=3 I6=4 I7=4 I8=4 min=3 mean=3.8 max=4 (106.9s, 94.5 ep/s, step=13.3ms, gpu=0%)
[191/304] hidden=[64, 64, 64] omega0=12.5 lr=0.0002 epochs=8000 npp=2048 seed=999 ...
  Epoch     1/8000  loss=3.9706e-01  lr=2.00e-04  (0.0s)
    -> I1=3 I2=6 I3=4 I4=4 I5=3 I6=4 I7=3 I8=5 min=3 mean=4.0 max=6 (106.7s, 94.7 ep/s, step=13.3ms, gpu=0%)
[192/304] hidden=[64, 64, 64] omega0=12.5 lr=5e-05 epochs=10000 npp=512 seed=42 ...
  Epoch     1/10000  loss=3.4799e-01  lr=5.00e-05  (0.0s)
    -> I1=3 I2=3 I3=4 I4=4 I5=3 I6=3 I7=3 I8=4 min=3 mean=3.4 max=4 (128.1s, 95.3 ep/s, step=12.8ms, gpu=0%)
[193/304] hidden=[64, 64, 64] omega0=12.5 lr=5e-05 epochs=10000 npp=512 seed=137 ...
  Epoch     1/10000  loss=3.5829e-01  lr=5.00e-05  (0.0s)
    -> I1=4 I2=4 I3=5 I4=4 I5=3 I6=3 I7=4 I8=5 min=3 mean=4.0 max=5 (128.4s, 95.0 ep/s, step=12.8ms, gpu=0%)
[194/304] hidden=[64, 64, 64] omega0=12.5 lr=5e-05 epochs=10000 npp=512 seed=2024 ...
  Epoch     1/10000  loss=3.6376e-01  lr=5.00e-05  (0.0s)
    -> I1=3 I2=5 I3=3 I4=5 I5=3 I6=3 I7=4 I8=5 min=3 mean=3.9 max=5 (127.0s, 96.3 ep/s, step=12.7ms, gpu=0%)
[195/304] hidden=[64, 64, 64] omega0=12.5 lr=5e-05 epochs=10000 npp=512 seed=7 ...
  Epoch     1/10000  loss=3.5815e-01  lr=5.00e-05  (0.0s)
    -> I1=3 I2=4 I3=4 I4=4 I5=5 I6=3 I7=3 I8=5 min=3 mean=3.9 max=5 (128.3s, 95.1 ep/s, step=12.8ms, gpu=0%)
[196/304] hidden=[64, 64, 64] omega0=12.5 lr=5e-05 epochs=10000 npp=512 seed=999 ...
  Epoch     1/10000  loss=3.8400e-01  lr=5.00e-05  (0.0s)
    -> I1=3 I2=4 I3=4 I4=5 I5=3 I6=4 I7=3 I8=4 min=3 mean=3.8 max=5 (129.1s, 94.4 ep/s, step=12.9ms, gpu=0%)
[197/304] hidden=[64, 64, 64] omega0=12.5 lr=5e-05 epochs=10000 npp=1024 seed=42 ...
  Epoch     1/10000  loss=3.6667e-01  lr=5.00e-05  (0.0s)
    -> I1=3 I2=3 I3=4 I4=4 I5=3 I6=5 I7=4 I8=4 min=3 mean=3.8 max=5 (131.8s, 93.3 ep/s, step=13.1ms, gpu=0%)
[198/304] hidden=[64, 64, 64] omega0=12.5 lr=5e-05 epochs=10000 npp=1024 seed=137 ...
  Epoch     1/10000  loss=3.8288e-01  lr=5.00e-05  (0.0s)
    -> I1=3 I2=3 I3=4 I4=5 I5=3 I6=3 I7=4 I8=4 min=3 mean=3.6 max=5 (131.7s, 93.4 ep/s, step=13.1ms, gpu=0%)
[199/304] hidden=[64, 64, 64] omega0=12.5 lr=5e-05 epochs=10000 npp=1024 seed=2024 ...
  Epoch     1/10000  loss=3.6027e-01  lr=5.00e-05  (0.0s)
    -> I1=3 I2=4 I3=4 I4=5 I5=3 I6=4 I7=6 I8=4 min=3 mean=4.1 max=6 (130.4s, 94.5 ep/s, step=13.0ms, gpu=0%)
[200/304] hidden=[64, 64, 64] omega0=12.5 lr=5e-05 epochs=10000 npp=1024 seed=7 ...
  Epoch     1/10000  loss=4.0838e-01  lr=5.00e-05  (0.0s)
    -> I1=4 I2=4 I3=4 I4=4 I5=4 I6=4 I7=3 I8=5 min=3 mean=4.0 max=5 (131.9s, 93.2 ep/s, step=13.2ms, gpu=0%)
[201/304] hidden=[64, 64, 64] omega0=12.5 lr=5e-05 epochs=10000 npp=1024 seed=999 ...
  Epoch     1/10000  loss=4.3785e-01  lr=5.00e-05  (0.0s)
    -> I1=3 I2=4 I3=4 I4=4 I5=3 I6=4 I7=3 I8=5 min=3 mean=3.8 max=5 (131.7s, 93.4 ep/s, step=13.1ms, gpu=0%)
[202/304] hidden=[64, 64, 64] omega0=12.5 lr=5e-05 epochs=10000 npp=2048 seed=42 ...
  Epoch     1/10000  loss=3.5456e-01  lr=5.00e-05  (0.0s)
    -> I1=3 I2=4 I3=4 I4=4 I5=3 I6=4 I7=4 I8=4 min=3 mean=3.8 max=4 (134.5s, 93.8 ep/s, step=13.4ms, gpu=0%)
[203/304] hidden=[64, 64, 64] omega0=12.5 lr=5e-05 epochs=10000 npp=2048 seed=137 ...
  Epoch     1/10000  loss=3.5328e-01  lr=5.00e-05  (0.0s)
    -> I1=3 I2=4 I3=4 I4=5 I5=3 I6=4 I7=4 I8=5 min=3 mean=4.0 max=5 (132.6s, 95.4 ep/s, step=13.2ms, gpu=0%)
[204/304] hidden=[64, 64, 64] omega0=12.5 lr=5e-05 epochs=10000 npp=2048 seed=2024 ...
  Epoch     1/10000  loss=3.6882e-01  lr=5.00e-05  (0.0s)
    -> I1=3 I2=4 I3=4 I4=5 I5=4 I6=4 I7=4 I8=4 min=3 mean=4.0 max=5 (134.4s, 93.8 ep/s, step=13.4ms, gpu=0%)
[205/304] hidden=[64, 64, 64] omega0=12.5 lr=5e-05 epochs=10000 npp=2048 seed=7 ...
  Epoch     1/10000  loss=3.8938e-01  lr=5.00e-05  (0.0s)
    -> I1=3 I2=4 I3=4 I4=4 I5=4 I6=4 I7=5 I8=4 min=3 mean=4.0 max=5 (133.1s, 95.0 ep/s, step=13.3ms, gpu=0%)
[206/304] hidden=[64, 64, 64] omega0=12.5 lr=5e-05 epochs=10000 npp=2048 seed=999 ...
  Epoch     1/10000  loss=3.9706e-01  lr=5.00e-05  (0.0s)
    -> I1=3 I2=4 I3=5 I4=4 I5=3 I6=4 I7=3 I8=4 min=3 mean=3.8 max=5 (134.3s, 93.9 ep/s, step=13.4ms, gpu=0%)
[207/304] hidden=[64, 64, 64] omega0=12.5 lr=0.0001 epochs=10000 npp=512 seed=42 ...
  Epoch     1/10000  loss=3.4799e-01  lr=1.00e-04  (0.0s)
    -> I1=5 I2=4 I3=4 I4=4 I5=4 I6=4 I7=3 I8=4 min=3 mean=4.0 max=5 (130.2s, 93.3 ep/s, step=13.0ms, gpu=0%)
[208/304] hidden=[64, 64, 64] omega0=12.5 lr=0.0001 epochs=10000 npp=512 seed=137 ...
  Epoch     1/10000  loss=3.5829e-01  lr=1.00e-04  (0.0s)
    -> I1=3 I2=3 I3=3 I4=4 I5=3 I6=3 I7=3 I8=5 min=3 mean=3.4 max=5 (127.3s, 96.0 ep/s, step=12.7ms, gpu=0%)
[209/304] hidden=[64, 64, 64] omega0=12.5 lr=0.0001 epochs=10000 npp=512 seed=2024 ...
  Epoch     1/10000  loss=3.6376e-01  lr=1.00e-04  (0.0s)
    -> I1=4 I2=5 I3=4 I4=4 I5=5 I6=4 I7=4 I8=4 min=4 mean=4.2 max=5 (127.6s, 95.7 ep/s, step=12.7ms, gpu=0%)
[210/304] hidden=[64, 64, 64] omega0=12.5 lr=0.0001 epochs=10000 npp=512 seed=7 ...
  Epoch     1/10000  loss=3.5815e-01  lr=1.00e-04  (0.0s)
    -> I1=4 I2=4 I3=4 I4=4 I5=4 I6=4 I7=5 I8=7 min=4 mean=4.5 max=7 (129.9s, 93.7 ep/s, step=12.9ms, gpu=0%)
[211/304] hidden=[64, 64, 64] omega0=12.5 lr=0.0001 epochs=10000 npp=512 seed=999 ...
  Epoch     1/10000  loss=3.8400e-01  lr=1.00e-04  (0.0s)
    -> I1=3 I2=4 I3=4 I4=4 I5=4 I6=4 I7=4 I8=5 min=3 mean=4.0 max=5 (129.1s, 94.3 ep/s, step=12.9ms, gpu=0%)
[212/304] hidden=[64, 64, 64] omega0=12.5 lr=0.0001 epochs=10000 npp=1024 seed=42 ...
  Epoch     1/10000  loss=3.6667e-01  lr=1.00e-04  (0.0s)
    -> I1=4 I2=4 I3=4 I4=5 I5=4 I6=4 I7=4 I8=4 min=4 mean=4.1 max=5 (130.3s, 94.6 ep/s, step=13.0ms, gpu=0%)
[213/304] hidden=[64, 64, 64] omega0=12.5 lr=0.0001 epochs=10000 npp=1024 seed=137 ...
  Epoch     1/10000  loss=3.8288e-01  lr=1.00e-04  (0.0s)
    -> I1=4 I2=5 I3=4 I4=4 I5=4 I6=4 I7=4 I8=4 min=4 mean=4.1 max=5 (130.5s, 94.5 ep/s, step=13.0ms, gpu=0%)
[214/304] hidden=[64, 64, 64] omega0=12.5 lr=0.0001 epochs=10000 npp=1024 seed=2024 ...
  Epoch     1/10000  loss=3.6027e-01  lr=1.00e-04  (0.0s)
    -> I1=4 I2=4 I3=4 I4=5 I5=4 I6=4 I7=4 I8=5 min=4 mean=4.2 max=5 (132.4s, 92.8 ep/s, step=13.2ms, gpu=0%)
[215/304] hidden=[64, 64, 64] omega0=12.5 lr=0.0001 epochs=10000 npp=1024 seed=7 ...
  Epoch     1/10000  loss=4.0838e-01  lr=1.00e-04  (0.0s)
    -> I1=4 I2=4 I3=4 I4=5 I5=4 I6=5 I7=4 I8=4 min=4 mean=4.2 max=5 (131.5s, 93.6 ep/s, step=13.1ms, gpu=0%)
[216/304] hidden=[64, 64, 64] omega0=12.5 lr=0.0001 epochs=10000 npp=1024 seed=999 ...
  Epoch     1/10000  loss=4.3785e-01  lr=1.00e-04  (0.0s)
    -> I1=3 I2=4 I3=4 I4=5 I5=3 I6=5 I7=5 I8=5 min=3 mean=4.2 max=5 (129.6s, 95.3 ep/s, step=12.9ms, gpu=0%)
[217/304] hidden=[64, 64, 64] omega0=12.5 lr=0.0001 epochs=10000 npp=2048 seed=42 ...
  Epoch     1/10000  loss=3.5456e-01  lr=1.00e-04  (0.0s)
    -> I1=4 I2=4 I3=4 I4=4 I5=4 I6=4 I7=4 I8=4 min=4 mean=4.0 max=4 (133.3s, 94.8 ep/s, step=13.3ms, gpu=0%)
[218/304] hidden=[64, 64, 64] omega0=12.5 lr=0.0001 epochs=10000 npp=2048 seed=137 ...
  Epoch     1/10000  loss=3.5328e-01  lr=1.00e-04  (0.0s)
    -> I1=4 I2=4 I3=4 I4=4 I5=4 I6=4 I7=5 I8=4 min=4 mean=4.1 max=5 (133.7s, 94.4 ep/s, step=13.3ms, gpu=0%)
[219/304] hidden=[64, 64, 64] omega0=12.5 lr=0.0001 epochs=10000 npp=2048 seed=2024 ...
  Epoch     1/10000  loss=3.6882e-01  lr=1.00e-04  (0.0s)
    -> I1=3 I2=4 I3=5 I4=5 I5=3 I6=5 I7=5 I8=5 min=3 mean=4.4 max=5 (131.9s, 96.0 ep/s, step=13.2ms, gpu=0%)
[220/304] hidden=[64, 64, 64] omega0=12.5 lr=0.0001 epochs=10000 npp=2048 seed=7 ...
  Epoch     1/10000  loss=3.8938e-01  lr=1.00e-04  (0.0s)
    -> I1=4 I2=4 I3=4 I4=5 I5=4 I6=4 I7=4 I8=4 min=4 mean=4.1 max=5 (134.4s, 93.8 ep/s, step=13.4ms, gpu=0%)
[221/304] hidden=[64, 64, 64] omega0=12.5 lr=0.0001 epochs=10000 npp=2048 seed=999 ...
  Epoch     1/10000  loss=3.9706e-01  lr=1.00e-04  (0.0s)
    -> I1=4 I2=4 I3=4 I4=5 I5=5 I6=5 I7=4 I8=5 min=4 mean=4.5 max=5 (135.2s, 93.2 ep/s, step=13.5ms, gpu=0%)
[222/304] hidden=[64, 64, 64] omega0=12.5 lr=0.0002 epochs=10000 npp=512 seed=42 ...
  Epoch     1/10000  loss=3.4799e-01  lr=2.00e-04  (0.0s)
    -> I1=4 I2=4 I3=5 I4=4 I5=4 I6=4 I7=4 I8=5 min=4 mean=4.2 max=5 (129.4s, 94.0 ep/s, step=12.9ms, gpu=0%)
[223/304] hidden=[64, 64, 64] omega0=12.5 lr=0.0002 epochs=10000 npp=512 seed=137 ...
  Epoch     1/10000  loss=3.5829e-01  lr=2.00e-04  (0.0s)
    -> I1=3 I2=4 I3=3 I4=4 I5=3 I6=4 I7=4 I8=6 min=3 mean=3.9 max=6 (129.2s, 94.3 ep/s, step=12.9ms, gpu=0%)
[224/304] hidden=[64, 64, 64] omega0=12.5 lr=0.0002 epochs=10000 npp=512 seed=2024 ...
  Epoch     1/10000  loss=3.6376e-01  lr=2.00e-04  (0.0s)
    -> I1=4 I2=4 I3=4 I4=5 I5=4 I6=5 I7=4 I8=5 min=4 mean=4.4 max=5 (129.5s, 94.0 ep/s, step=12.9ms, gpu=0%)
[225/304] hidden=[64, 64, 64] omega0=12.5 lr=0.0002 epochs=10000 npp=512 seed=7 ...
  Epoch     1/10000  loss=3.5815e-01  lr=2.00e-04  (0.0s)
    -> I1=3 I2=3 I3=4 I4=4 I5=3 I6=4 I7=5 I8=5 min=3 mean=3.9 max=5 (129.1s, 94.4 ep/s, step=12.9ms, gpu=0%)
[226/304] hidden=[64, 64, 64] omega0=12.5 lr=0.0002 epochs=10000 npp=512 seed=999 ...
  Epoch     1/10000  loss=3.8400e-01  lr=2.00e-04  (0.0s)
    -> I1=3 I2=4 I3=4 I4=5 I5=4 I6=4 I7=5 I8=4 min=3 mean=4.1 max=5 (127.7s, 95.6 ep/s, step=12.7ms, gpu=0%)
[227/304] hidden=[64, 64, 64] omega0=12.5 lr=0.0002 epochs=10000 npp=1024 seed=42 ...
  Epoch     1/10000  loss=3.6667e-01  lr=2.00e-04  (0.0s)
    -> I1=4 I2=4 I3=4 I4=5 I5=3 I6=4 I7=4 I8=4 min=3 mean=4.0 max=5 (133.0s, 92.3 ep/s, step=13.3ms, gpu=0%)
[228/304] hidden=[64, 64, 64] omega0=12.5 lr=0.0002 epochs=10000 npp=1024 seed=137 ...
  Epoch     1/10000  loss=3.8288e-01  lr=2.00e-04  (0.0s)
    -> I1=3 I2=4 I3=4 I4=4 I5=3 I6=4 I7=4 I8=5 min=3 mean=3.9 max=5 (130.5s, 94.5 ep/s, step=13.0ms, gpu=0%)
[229/304] hidden=[64, 64, 64] omega0=12.5 lr=0.0002 epochs=10000 npp=1024 seed=2024 ...
  Epoch     1/10000  loss=3.6027e-01  lr=2.00e-04  (0.0s)
    -> I1=3 I2=3 I3=3 I4=4 I5=3 I6=4 I7=3 I8=4 min=3 mean=3.4 max=4 (130.3s, 94.6 ep/s, step=13.0ms, gpu=0%)
[230/304] hidden=[64, 64, 64] omega0=12.5 lr=0.0002 epochs=10000 npp=1024 seed=7 ...
  Epoch     1/10000  loss=4.0838e-01  lr=2.00e-04  (0.0s)
    -> I1=5 I2=4 I3=4 I4=5 I5=5 I6=5 I7=4 I8=4 min=4 mean=4.5 max=5 (132.9s, 92.4 ep/s, step=13.2ms, gpu=0%)
[231/304] hidden=[64, 64, 64] omega0=12.5 lr=0.0002 epochs=10000 npp=1024 seed=999 ...
  Epoch     1/10000  loss=4.3785e-01  lr=2.00e-04  (0.0s)
    -> I1=4 I2=5 I3=5 I4=6 I5=3 I6=4 I7=4 I8=5 min=3 mean=4.5 max=6 (134.0s, 91.4 ep/s, step=13.4ms, gpu=0%)
[232/304] hidden=[64, 64, 64] omega0=12.5 lr=0.0002 epochs=10000 npp=2048 seed=42 ...
  Epoch     1/10000  loss=3.5456e-01  lr=2.00e-04  (0.0s)
    -> I1=4 I2=5 I3=5 I4=5 I5=4 I6=5 I7=4 I8=5 min=4 mean=4.6 max=5 (135.2s, 93.2 ep/s, step=13.5ms, gpu=0%)
[233/304] hidden=[64, 64, 64] omega0=12.5 lr=0.0002 epochs=10000 npp=2048 seed=137 ...
  Epoch     1/10000  loss=3.5328e-01  lr=2.00e-04  (0.0s)
    -> I1=4 I2=5 I3=4 I4=5 I5=4 I6=4 I7=4 I8=4 min=4 mean=4.2 max=5 (132.7s, 95.2 ep/s, step=13.2ms, gpu=0%)
[234/304] hidden=[64, 64, 64] omega0=12.5 lr=0.0002 epochs=10000 npp=2048 seed=2024 ...
  Epoch     1/10000  loss=3.6882e-01  lr=2.00e-04  (0.0s)
    -> I1=3 I2=4 I3=3 I4=4 I5=4 I6=4 I7=4 I8=4 min=3 mean=3.8 max=4 (135.7s, 92.7 ep/s, step=13.5ms, gpu=0%)
[235/304] hidden=[64, 64, 64] omega0=12.5 lr=0.0002 epochs=10000 npp=2048 seed=7 ...
  Epoch     1/10000  loss=3.8938e-01  lr=2.00e-04  (0.0s)
    -> I1=3 I2=4 I3=4 I4=5 I5=3 I6=4 I7=4 I8=5 min=3 mean=4.0 max=5 (133.3s, 94.9 ep/s, step=13.3ms, gpu=0%)
[236/304] hidden=[64, 64, 64] omega0=12.5 lr=0.0002 epochs=10000 npp=2048 seed=999 ...
  Epoch     1/10000  loss=3.9706e-01  lr=2.00e-04  (0.0s)
    -> I1=4 I2=4 I3=4 I4=4 I5=4 I6=4 I7=4 I8=5 min=4 mean=4.1 max=5 (133.6s, 94.6 ep/s, step=13.3ms, gpu=0%)
[237/304] hidden=[64, 64, 64] omega0=15.0 lr=5e-05 epochs=6000 npp=512 seed=42 ...
  Epoch     1/6000  loss=3.4799e-01  lr=5.00e-05  (0.0s)
    -> I1=3 I2=3 I3=3 I4=4 I5=3 I6=3 I7=3 I8=4 min=3 mean=3.2 max=4 (77.1s, 95.0 ep/s, step=12.8ms, gpu=0%)
[238/304] hidden=[64, 64, 64] omega0=15.0 lr=5e-05 epochs=6000 npp=512 seed=137 ...
  Epoch     1/6000  loss=3.5829e-01  lr=5.00e-05  (0.0s)
    -> I1=2 I2=4 I3=3 I4=4 I5=3 I6=3 I7=4 I8=4 min=2 mean=3.4 max=4 (77.8s, 94.0 ep/s, step=12.9ms, gpu=0%)
[239/304] hidden=[64, 64, 64] omega0=15.0 lr=5e-05 epochs=6000 npp=512 seed=2024 ...
  Epoch     1/6000  loss=3.6376e-01  lr=5.00e-05  (0.0s)
    -> I1=3 I2=4 I3=4 I4=5 I5=3 I6=3 I7=4 I8=4 min=3 mean=3.8 max=5 (78.2s, 93.3 ep/s, step=13.0ms, gpu=0%)
[240/304] hidden=[64, 64, 64] omega0=15.0 lr=5e-05 epochs=6000 npp=512 seed=7 ...
  Epoch     1/6000  loss=3.5815e-01  lr=5.00e-05  (0.0s)
    -> I1=3 I2=4 I3=4 I4=4 I5=4 I6=3 I7=3 I8=4 min=3 mean=3.6 max=4 (76.8s, 95.4 ep/s, step=12.8ms, gpu=0%)
[241/304] hidden=[64, 64, 64] omega0=15.0 lr=5e-05 epochs=6000 npp=512 seed=999 ...
  Epoch     1/6000  loss=3.8400e-01  lr=5.00e-05  (0.0s)
    -> I1=3 I2=4 I3=5 I4=4 I5=2 I6=3 I7=4 I8=4 min=2 mean=3.6 max=5 (77.4s, 94.6 ep/s, step=12.9ms, gpu=0%)
[242/304] hidden=[64, 64, 64] omega0=15.0 lr=5e-05 epochs=6000 npp=1024 seed=42 ...
  Epoch     1/6000  loss=3.6667e-01  lr=5.00e-05  (0.0s)
    -> I1=3 I2=3 I3=4 I4=5 I5=3 I6=3 I7=3 I8=4 min=3 mean=3.5 max=5 (77.6s, 95.5 ep/s, step=12.9ms, gpu=0%)
[243/304] hidden=[64, 64, 64] omega0=15.0 lr=5e-05 epochs=6000 npp=1024 seed=137 ...
  Epoch     1/6000  loss=3.8288e-01  lr=5.00e-05  (0.0s)
    -> I1=3 I2=4 I3=4 I4=4 I5=3 I6=3 I7=3 I8=4 min=3 mean=3.5 max=4 (78.1s, 94.7 ep/s, step=13.0ms, gpu=0%)
[244/304] hidden=[64, 64, 64] omega0=15.0 lr=5e-05 epochs=6000 npp=1024 seed=2024 ...
  Epoch     1/6000  loss=3.6027e-01  lr=5.00e-05  (0.0s)
    -> I1=3 I2=4 I3=3 I4=4 I5=3 I6=3 I7=4 I8=4 min=3 mean=3.5 max=4 (79.9s, 92.0 ep/s, step=13.3ms, gpu=0%)
[245/304] hidden=[64, 64, 64] omega0=15.0 lr=5e-05 epochs=6000 npp=1024 seed=7 ...
  Epoch     1/6000  loss=4.0837e-01  lr=5.00e-05  (0.0s)
    -> I1=3 I2=3 I3=3 I4=5 I5=3 I6=3 I7=5 I8=4 min=3 mean=3.6 max=5 (77.4s, 95.8 ep/s, step=12.9ms, gpu=0%)
[246/304] hidden=[64, 64, 64] omega0=15.0 lr=5e-05 epochs=6000 npp=1024 seed=999 ...
  Epoch     1/6000  loss=4.3785e-01  lr=5.00e-05  (0.0s)
    -> I1=4 I2=4 I3=4 I4=5 I5=3 I6=4 I7=4 I8=5 min=3 mean=4.1 max=5 (78.6s, 94.0 ep/s, step=13.1ms, gpu=0%)
[247/304] hidden=[64, 64, 64] omega0=15.0 lr=5e-05 epochs=6000 npp=2048 seed=42 ...
  Epoch     1/6000  loss=3.5456e-01  lr=5.00e-05  (0.0s)
    -> I1=4 I2=4 I3=4 I4=4 I5=3 I6=4 I7=3 I8=4 min=3 mean=3.8 max=4 (80.4s, 94.2 ep/s, step=13.4ms, gpu=0%)
[248/304] hidden=[64, 64, 64] omega0=15.0 lr=5e-05 epochs=6000 npp=2048 seed=137 ...
  Epoch     1/6000  loss=3.5328e-01  lr=5.00e-05  (0.0s)
    -> I1=3 I2=3 I3=3 I4=4 I5=3 I6=3 I7=3 I8=6 min=3 mean=3.5 max=6 (79.5s, 95.5 ep/s, step=13.2ms, gpu=0%)
[249/304] hidden=[64, 64, 64] omega0=15.0 lr=5e-05 epochs=6000 npp=2048 seed=2024 ...
  Epoch     1/6000  loss=3.6882e-01  lr=5.00e-05  (0.0s)
    -> I1=3 I2=4 I3=4 I4=5 I5=3 I6=3 I7=4 I8=4 min=3 mean=3.8 max=5 (78.5s, 97.0 ep/s, step=13.0ms, gpu=0%)
[250/304] hidden=[64, 64, 64] omega0=15.0 lr=5e-05 epochs=6000 npp=2048 seed=7 ...
  Epoch     1/6000  loss=3.8938e-01  lr=5.00e-05  (0.0s)
    -> I1=4 I2=3 I3=4 I4=4 I5=4 I6=3 I7=4 I8=4 min=3 mean=3.8 max=4 (79.5s, 95.4 ep/s, step=13.2ms, gpu=0%)
[251/304] hidden=[64, 64, 64] omega0=15.0 lr=5e-05 epochs=6000 npp=2048 seed=999 ...
  Epoch     1/6000  loss=3.9706e-01  lr=5.00e-05  (0.0s)
    -> I1=5 I2=3 I3=5 I4=5 I5=3 I6=4 I7=4 I8=5 min=3 mean=4.2 max=5 (80.3s, 94.3 ep/s, step=13.3ms, gpu=0%)
[252/304] hidden=[64, 64, 64] omega0=15.0 lr=0.0001 epochs=6000 npp=512 seed=42 ...
  Epoch     1/6000  loss=3.4799e-01  lr=1.00e-04  (0.0s)
    -> I1=3 I2=3 I3=3 I4=4 I5=3 I6=3 I7=3 I8=5 min=3 mean=3.4 max=5 (77.3s, 94.6 ep/s, step=12.8ms, gpu=0%)
[253/304] hidden=[64, 64, 64] omega0=15.0 lr=0.0001 epochs=6000 npp=512 seed=137 ...
  Epoch     1/6000  loss=3.5829e-01  lr=1.00e-04  (0.0s)
    -> I1=3 I2=4 I3=4 I4=4 I5=4 I6=3 I7=4 I8=4 min=3 mean=3.8 max=4 (77.2s, 94.9 ep/s, step=12.8ms, gpu=0%)
[254/304] hidden=[64, 64, 64] omega0=15.0 lr=0.0001 epochs=6000 npp=512 seed=2024 ...
  Epoch     1/6000  loss=3.6376e-01  lr=1.00e-04  (0.0s)
    -> I1=3 I2=6 I3=5 I4=5 I5=3 I6=4 I7=4 I8=4 min=3 mean=4.2 max=6 (77.4s, 94.4 ep/s, step=12.9ms, gpu=0%)
[255/304] hidden=[64, 64, 64] omega0=15.0 lr=0.0001 epochs=6000 npp=512 seed=7 ...
  Epoch     1/6000  loss=3.5815e-01  lr=1.00e-04  (0.0s)
    -> I1=3 I2=3 I3=3 I4=4 I5=3 I6=3 I7=4 I8=4 min=3 mean=3.4 max=4 (78.0s, 93.5 ep/s, step=13.0ms, gpu=0%)
[256/304] hidden=[64, 64, 64] omega0=15.0 lr=0.0001 epochs=6000 npp=512 seed=999 ...
  Epoch     1/6000  loss=3.8400e-01  lr=1.00e-04  (0.0s)
    -> I1=4 I2=4 I3=5 I4=4 I5=3 I6=4 I7=4 I8=5 min=3 mean=4.1 max=5 (76.9s, 95.3 ep/s, step=12.8ms, gpu=0%)
[257/304] hidden=[64, 64, 64] omega0=15.0 lr=0.0001 epochs=6000 npp=1024 seed=42 ...
  Epoch     1/6000  loss=3.6667e-01  lr=1.00e-04  (0.0s)
    -> I1=5 I2=4 I3=4 I4=4 I5=3 I6=4 I7=3 I8=4 min=3 mean=3.9 max=5 (79.8s, 92.4 ep/s, step=13.3ms, gpu=0%)
[258/304] hidden=[64, 64, 64] omega0=15.0 lr=0.0001 epochs=6000 npp=1024 seed=137 ...
  Epoch     1/6000  loss=3.8288e-01  lr=1.00e-04  (0.0s)
    -> I1=3 I2=4 I3=3 I4=4 I5=3 I6=3 I7=4 I8=5 min=3 mean=3.6 max=5 (78.4s, 94.4 ep/s, step=13.0ms, gpu=0%)
[259/304] hidden=[64, 64, 64] omega0=15.0 lr=0.0001 epochs=6000 npp=1024 seed=2024 ...
  Epoch     1/6000  loss=3.6027e-01  lr=1.00e-04  (0.0s)
    -> I1=3 I2=4 I3=4 I4=6 I5=4 I6=4 I7=5 I8=4 min=3 mean=4.2 max=6 (79.8s, 92.3 ep/s, step=13.3ms, gpu=0%)
[260/304] hidden=[64, 64, 64] omega0=15.0 lr=0.0001 epochs=6000 npp=1024 seed=7 ...
  Epoch     1/6000  loss=4.0837e-01  lr=1.00e-04  (0.0s)
    -> I1=3 I2=4 I3=4 I4=4 I5=4 I6=4 I7=4 I8=4 min=3 mean=3.9 max=4 (79.9s, 92.1 ep/s, step=13.3ms, gpu=0%)
[261/304] hidden=[64, 64, 64] omega0=15.0 lr=0.0001 epochs=6000 npp=1024 seed=999 ...
  Epoch     1/6000  loss=4.3785e-01  lr=1.00e-04  (0.0s)
    -> I1=4 I2=4 I3=4 I4=5 I5=3 I6=4 I7=4 I8=4 min=3 mean=4.0 max=5 (79.2s, 93.2 ep/s, step=13.2ms, gpu=0%)
[262/304] hidden=[64, 64, 64] omega0=15.0 lr=0.0001 epochs=6000 npp=2048 seed=42 ...
  Epoch     1/6000  loss=3.5456e-01  lr=1.00e-04  (0.0s)
    -> I1=4 I2=4 I3=4 I4=4 I5=3 I6=4 I7=3 I8=4 min=3 mean=3.8 max=4 (80.5s, 94.2 ep/s, step=13.4ms, gpu=0%)
[263/304] hidden=[64, 64, 64] omega0=15.0 lr=0.0001 epochs=6000 npp=2048 seed=137 ...
  Epoch     1/6000  loss=3.5328e-01  lr=1.00e-04  (0.0s)
    -> I1=3 I2=5 I3=4 I4=4 I5=3 I6=4 I7=4 I8=4 min=3 mean=3.9 max=5 (80.0s, 94.8 ep/s, step=13.3ms, gpu=0%)
[264/304] hidden=[64, 64, 64] omega0=15.0 lr=0.0001 epochs=6000 npp=2048 seed=2024 ...
  Epoch     1/6000  loss=3.6882e-01  lr=1.00e-04  (0.0s)
    -> I1=4 I2=5 I3=4 I4=5 I5=4 I6=4 I7=4 I8=5 min=4 mean=4.4 max=5 (81.3s, 93.0 ep/s, step=13.5ms, gpu=0%)
[265/304] hidden=[64, 64, 64] omega0=15.0 lr=0.0001 epochs=6000 npp=2048 seed=7 ...
  Epoch     1/6000  loss=3.8938e-01  lr=1.00e-04  (0.0s)
    -> I1=3 I2=4 I3=6 I4=4 I5=3 I6=3 I7=4 I8=4 min=3 mean=3.9 max=6 (81.1s, 93.2 ep/s, step=13.5ms, gpu=0%)
[266/304] hidden=[64, 64, 64] omega0=15.0 lr=0.0001 epochs=6000 npp=2048 seed=999 ...
  Epoch     1/6000  loss=3.9706e-01  lr=1.00e-04  (0.0s)
    -> I1=3 I2=4 I3=4 I4=4 I5=3 I6=4 I7=4 I8=4 min=3 mean=3.8 max=4 (79.3s, 95.8 ep/s, step=13.2ms, gpu=0%)
[267/304] hidden=[64, 64, 64] omega0=15.0 lr=0.0002 epochs=6000 npp=512 seed=42 ...
  Epoch     1/6000  loss=3.4799e-01  lr=2.00e-04  (0.0s)
    -> I1=3 I2=4 I3=4 I4=4 I5=3 I6=4 I7=3 I8=5 min=3 mean=3.8 max=5 (77.2s, 94.8 ep/s, step=12.8ms, gpu=0%)
[268/304] hidden=[64, 64, 64] omega0=15.0 lr=0.0002 epochs=6000 npp=512 seed=137 ...
  Epoch     1/6000  loss=3.5829e-01  lr=2.00e-04  (0.0s)
    -> I1=3 I2=4 I3=5 I4=4 I5=3 I6=4 I7=4 I8=4 min=3 mean=3.9 max=5 (78.1s, 93.5 ep/s, step=13.0ms, gpu=0%)
[269/304] hidden=[64, 64, 64] omega0=15.0 lr=0.0002 epochs=6000 npp=512 seed=2024 ...
  Epoch     1/6000  loss=3.6376e-01  lr=2.00e-04  (0.0s)
    -> I1=3 I2=5 I3=4 I4=4 I5=4 I6=4 I7=4 I8=4 min=3 mean=4.0 max=5 (77.6s, 94.1 ep/s, step=12.9ms, gpu=0%)
[270/304] hidden=[64, 64, 64] omega0=15.0 lr=0.0002 epochs=6000 npp=512 seed=7 ...
  Epoch     1/6000  loss=3.5815e-01  lr=2.00e-04  (0.0s)
    -> I1=4 I2=4 I3=3 I4=4 I5=3 I6=3 I7=4 I8=4 min=3 mean=3.6 max=4 (77.4s, 94.5 ep/s, step=12.9ms, gpu=0%)
[271/304] hidden=[64, 64, 64] omega0=15.0 lr=0.0002 epochs=6000 npp=512 seed=999 ...
  Epoch     1/6000  loss=3.8400e-01  lr=2.00e-04  (0.0s)
    -> I1=5 I2=4 I3=4 I4=4 I5=4 I6=5 I7=5 I8=5 min=4 mean=4.5 max=5 (76.2s, 96.2 ep/s, step=12.7ms, gpu=0%)
[272/304] hidden=[64, 64, 64] omega0=15.0 lr=0.0002 epochs=6000 npp=1024 seed=42 ...
  Epoch     1/6000  loss=3.6667e-01  lr=2.00e-04  (0.0s)
    -> I1=4 I2=4 I3=5 I4=4 I5=4 I6=4 I7=5 I8=4 min=4 mean=4.2 max=5 (80.9s, 90.8 ep/s, step=13.4ms, gpu=0%)
[273/304] hidden=[64, 64, 64] omega0=15.0 lr=0.0002 epochs=6000 npp=1024 seed=137 ...
  Epoch     1/6000  loss=3.8288e-01  lr=2.00e-04  (0.0s)
    -> I1=4 I2=4 I3=3 I4=4 I5=4 I6=5 I7=4 I8=5 min=3 mean=4.1 max=5 (77.5s, 95.6 ep/s, step=12.9ms, gpu=0%)
[274/304] hidden=[64, 64, 64] omega0=15.0 lr=0.0002 epochs=6000 npp=1024 seed=2024 ...
  Epoch     1/6000  loss=3.6027e-01  lr=2.00e-04  (0.0s)
    -> I1=3 I2=4 I3=4 I4=5 I5=4 I6=4 I7=5 I8=5 min=3 mean=4.2 max=5 (78.5s, 94.2 ep/s, step=13.0ms, gpu=0%)
[275/304] hidden=[64, 64, 64] omega0=15.0 lr=0.0002 epochs=6000 npp=1024 seed=7 ...
  Epoch     1/6000  loss=4.0837e-01  lr=2.00e-04  (0.0s)
    -> I1=3 I2=4 I3=5 I4=5 I5=4 I6=4 I7=4 I8=5 min=3 mean=4.2 max=5 (79.0s, 93.4 ep/s, step=13.1ms, gpu=0%)
[276/304] hidden=[64, 64, 64] omega0=15.0 lr=0.0002 epochs=6000 npp=1024 seed=999 ...
  Epoch     1/6000  loss=4.3785e-01  lr=2.00e-04  (0.0s)
    -> I1=3 I2=4 I3=4 I4=5 I5=5 I6=6 I7=4 I8=5 min=3 mean=4.5 max=6 (79.4s, 92.9 ep/s, step=13.2ms, gpu=0%)
[277/304] hidden=[64, 64, 64] omega0=15.0 lr=0.0002 epochs=6000 npp=2048 seed=42 ...
  Epoch     1/6000  loss=3.5456e-01  lr=2.00e-04  (0.0s)
    -> I1=4 I2=4 I3=5 I4=5 I5=4 I6=5 I7=4 I8=6 min=4 mean=4.6 max=6 (79.3s, 95.9 ep/s, step=13.2ms, gpu=0%)
[278/304] hidden=[64, 64, 64] omega0=15.0 lr=0.0002 epochs=6000 npp=2048 seed=137 ...
  Epoch     1/6000  loss=3.5328e-01  lr=2.00e-04  (0.0s)
    -> I1=3 I2=4 I3=3 I4=4 I5=3 I6=4 I7=4 I8=4 min=3 mean=3.6 max=4 (80.6s, 94.0 ep/s, step=13.4ms, gpu=0%)
[279/304] hidden=[64, 64, 64] omega0=15.0 lr=0.0002 epochs=6000 npp=2048 seed=2024 ...
  Epoch     1/6000  loss=3.6882e-01  lr=2.00e-04  (0.0s)
    -> I1=3 I2=4 I3=3 I4=4 I5=3 I6=4 I7=4 I8=6 min=3 mean=3.9 max=6 (80.0s, 94.8 ep/s, step=13.3ms, gpu=0%)
[280/304] hidden=[64, 64, 64] omega0=15.0 lr=0.0002 epochs=6000 npp=2048 seed=7 ...
  Epoch     1/6000  loss=3.8938e-01  lr=2.00e-04  (0.0s)
    -> I1=3 I2=4 I3=4 I4=4 I5=4 I6=4 I7=4 I8=4 min=3 mean=3.9 max=4 (80.8s, 93.7 ep/s, step=13.4ms, gpu=0%)
[281/304] hidden=[64, 64, 64] omega0=15.0 lr=0.0002 epochs=6000 npp=2048 seed=999 ...
  Epoch     1/6000  loss=3.9706e-01  lr=2.00e-04  (0.0s)
    -> I1=4 I2=5 I3=4 I4=4 I5=4 I6=5 I7=4 I8=4 min=4 mean=4.2 max=5 (80.3s, 94.4 ep/s, step=13.3ms, gpu=0%)
[282/304] hidden=[64, 64, 64] omega0=15.0 lr=5e-05 epochs=8000 npp=512 seed=42 ...
  Epoch     1/8000  loss=3.4799e-01  lr=5.00e-05  (0.0s)
    -> I1=3 I2=4 I3=4 I4=4 I5=3 I6=3 I7=3 I8=4 min=3 mean=3.5 max=4 (103.7s, 94.0 ep/s, step=12.9ms, gpu=0%)
[283/304] hidden=[64, 64, 64] omega0=15.0 lr=5e-05 epochs=8000 npp=512 seed=137 ...
  Epoch     1/8000  loss=3.5829e-01  lr=5.00e-05  (0.0s)
    -> I1=3 I2=3 I3=3 I4=4 I5=3 I6=3 I7=3 I8=5 min=3 mean=3.4 max=5 (103.9s, 93.7 ep/s, step=13.0ms, gpu=0%)
[284/304] hidden=[64, 64, 64] omega0=15.0 lr=5e-05 epochs=8000 npp=512 seed=2024 ...
  Epoch     1/8000  loss=3.6376e-01  lr=5.00e-05  (0.0s)
    -> I1=4 I2=4 I3=4 I4=5 I5=3 I6=3 I7=4 I8=5 min=3 mean=4.0 max=5 (102.4s, 95.4 ep/s, step=12.8ms, gpu=0%)
[285/304] hidden=[64, 64, 64] omega0=15.0 lr=5e-05 epochs=8000 npp=512 seed=7 ...
  Epoch     1/8000  loss=3.5815e-01  lr=5.00e-05  (0.0s)
    -> I1=3 I2=3 I3=4 I4=4 I5=4 I6=3 I7=3 I8=5 min=3 mean=3.6 max=5 (102.8s, 94.9 ep/s, step=12.8ms, gpu=0%)
[286/304] hidden=[64, 64, 64] omega0=15.0 lr=5e-05 epochs=8000 npp=512 seed=999 ...
  Epoch     1/8000  loss=3.8400e-01  lr=5.00e-05  (0.0s)
    -> I1=4 I2=4 I3=4 I4=4 I5=3 I6=4 I7=4 I8=4 min=3 mean=3.9 max=4 (102.6s, 95.2 ep/s, step=12.8ms, gpu=0%)
[287/304] hidden=[64, 64, 64] omega0=15.0 lr=5e-05 epochs=8000 npp=1024 seed=42 ...
  Epoch     1/8000  loss=3.6667e-01  lr=5.00e-05  (0.0s)
    -> I1=3 I2=4 I3=4 I4=4 I5=3 I6=4 I7=3 I8=4 min=3 mean=3.6 max=4 (105.2s, 93.6 ep/s, step=13.1ms, gpu=0%)
[288/304] hidden=[64, 64, 64] omega0=15.0 lr=5e-05 epochs=8000 npp=1024 seed=137 ...
  Epoch     1/8000  loss=3.8288e-01  lr=5.00e-05  (0.0s)
    -> I1=3 I2=4 I3=3 I4=4 I5=3 I6=3 I7=4 I8=5 min=3 mean=3.6 max=5 (105.2s, 93.5 ep/s, step=13.1ms, gpu=0%)
[289/304] hidden=[64, 64, 64] omega0=15.0 lr=5e-05 epochs=8000 npp=1024 seed=2024 ...
  Epoch     1/8000  loss=3.6027e-01  lr=5.00e-05  (0.0s)
    -> I1=4 I2=4 I3=5 I4=5 I5=3 I6=4 I7=3 I8=4 min=3 mean=4.0 max=5 (106.1s, 92.5 ep/s, step=13.2ms, gpu=0%)
[290/304] hidden=[64, 64, 64] omega0=15.0 lr=5e-05 epochs=8000 npp=1024 seed=7 ...
  Epoch     1/8000  loss=4.0837e-01  lr=5.00e-05  (0.0s)
    -> I1=3 I2=4 I3=3 I4=7 I5=3 I6=3 I7=4 I8=4 min=3 mean=3.9 max=7 (105.4s, 93.4 ep/s, step=13.1ms, gpu=0%)
[291/304] hidden=[64, 64, 64] omega0=15.0 lr=5e-05 epochs=8000 npp=1024 seed=999 ...
  Epoch     1/8000  loss=4.3785e-01  lr=5.00e-05  (0.0s)
    -> I1=3 I2=4 I3=4 I4=5 I5=4 I6=5 I7=4 I8=5 min=3 mean=4.2 max=5 (105.0s, 93.7 ep/s, step=13.1ms, gpu=0%)
[292/304] hidden=[64, 64, 64] omega0=15.0 lr=5e-05 epochs=8000 npp=2048 seed=42 ...
  Epoch     1/8000  loss=3.5456e-01  lr=5.00e-05  (0.0s)
    -> I1=4 I2=4 I3=4 I4=4 I5=5 I6=5 I7=3 I8=4 min=3 mean=4.1 max=5 (106.0s, 95.5 ep/s, step=13.2ms, gpu=0%)
[293/304] hidden=[64, 64, 64] omega0=15.0 lr=5e-05 epochs=8000 npp=2048 seed=137 ...
  Epoch     1/8000  loss=3.5328e-01  lr=5.00e-05  (0.0s)
    -> I1=4 I2=4 I3=4 I4=4 I5=3 I6=3 I7=3 I8=4 min=3 mean=3.6 max=4 (105.7s, 95.8 ep/s, step=13.2ms, gpu=0%)
[294/304] hidden=[64, 64, 64] omega0=15.0 lr=5e-05 epochs=8000 npp=2048 seed=2024 ...
  Epoch     1/8000  loss=3.6882e-01  lr=5.00e-05  (0.0s)
    -> I1=3 I2=4 I3=4 I4=5 I5=3 I6=3 I7=4 I8=4 min=3 mean=3.8 max=5 (107.0s, 94.4 ep/s, step=13.3ms, gpu=0%)
[295/304] hidden=[64, 64, 64] omega0=15.0 lr=5e-05 epochs=8000 npp=2048 seed=7 ...
  Epoch     1/8000  loss=3.8938e-01  lr=5.00e-05  (0.0s)
    -> I1=4 I2=4 I3=4 I4=5 I5=4 I6=4 I7=4 I8=5 min=4 mean=4.2 max=5 (106.7s, 94.6 ep/s, step=13.3ms, gpu=0%)
[296/304] hidden=[64, 64, 64] omega0=15.0 lr=5e-05 epochs=8000 npp=2048 seed=999 ...
  Epoch     1/8000  loss=3.9706e-01  lr=5.00e-05  (0.0s)
    -> I1=3 I2=4 I3=4 I4=4 I5=4 I6=4 I7=4 I8=5 min=3 mean=4.0 max=5 (108.6s, 92.6 ep/s, step=13.5ms, gpu=0%)
[297/304] hidden=[64, 64, 64] omega0=15.0 lr=0.0001 epochs=8000 npp=512 seed=42 ...
  Epoch     1/8000  loss=3.4799e-01  lr=1.00e-04  (0.0s)
    -> I1=4 I2=4 I3=4 I4=5 I5=3 I6=3 I7=3 I8=5 min=3 mean=3.9 max=5 (104.2s, 93.3 ep/s, step=13.0ms, gpu=0%)
[298/304] hidden=[64, 64, 64] omega0=15.0 lr=0.0001 epochs=8000 npp=512 seed=137 ...
  Epoch     1/8000  loss=3.5829e-01  lr=1.00e-04  (0.0s)
    -> I1=3 I2=3 I3=4 I4=4 I5=3 I6=3 I7=4 I8=4 min=3 mean=3.5 max=4 (104.2s, 93.3 ep/s, step=13.0ms, gpu=0%)
[299/304] hidden=[64, 64, 64] omega0=15.0 lr=0.0001 epochs=8000 npp=512 seed=2024 ...
  Epoch     1/8000  loss=3.6376e-01  lr=1.00e-04  (0.0s)
    -> I1=3 I2=4 I3=4 I4=5 I5=4 I6=5 I7=4 I8=5 min=3 mean=4.2 max=5 (103.9s, 93.6 ep/s, step=13.0ms, gpu=0%)
[300/304] hidden=[64, 64, 64] omega0=15.0 lr=0.0001 epochs=8000 npp=512 seed=7 ...
  Epoch     1/8000  loss=3.5815e-01  lr=1.00e-04  (0.0s)
    -> I1=3 I2=5 I3=4 I4=4 I5=4 I6=5 I7=4 I8=4 min=3 mean=4.1 max=5 (102.7s, 94.9 ep/s, step=12.8ms, gpu=0%)
[301/304] hidden=[64, 64, 64] omega0=15.0 lr=0.0001 epochs=8000 npp=512 seed=999 ...
  Epoch     1/8000  loss=3.8400e-01  lr=1.00e-04  (0.0s)
    -> I1=3 I2=4 I3=3 I4=6 I5=3 I6=6 I7=4 I8=4 min=3 mean=4.1 max=6 (103.3s, 94.2 ep/s, step=12.9ms, gpu=0%)
[302/304] hidden=[64, 64, 64] omega0=15.0 lr=0.0001 epochs=8000 npp=1024 seed=42 ...
  Epoch     1/8000  loss=3.6667e-01  lr=1.00e-04  (0.0s)
    -> I1=4 I2=4 I3=4 I4=4 I5=4 I6=4 I7=3 I8=5 min=3 mean=4.0 max=5 (105.2s, 93.5 ep/s, step=13.1ms, gpu=0%)
[303/304] hidden=[64, 64, 64] omega0=15.0 lr=0.0001 epochs=8000 npp=1024 seed=137 ...
  Epoch     1/8000  loss=3.8288e-01  lr=1.00e-04  (0.0s)
    -> I1=3 I2=4 I3=4 I4=5 I5=4 I6=4 I7=4 I8=4 min=3 mean=4.0 max=5 (105.3s, 93.3 ep/s, step=13.1ms, gpu=0%)
[304/304] hidden=[64, 64, 64] omega0=15.0 lr=0.0001 epochs=8000 npp=1024 seed=2024 ...
  Epoch     1/8000  loss=3.6027e-01  lr=1.00e-04  (0.0s)
    -> I1=6 I2=5 I3=4 I4=6 I5=4 I6=5 I7=4 I8=5 min=4 mean=4.9 max=6 (107.0s, 91.5 ep/s, step=13.3ms, gpu=0%)

============================================================================================================================================
  RANKED RESULTS (best first) — GPU 1
============================================================================================================================================
    # hidden           omega0       lr epochs   npp  seed   min_loss mean_relerr  I1  I2  I3  I4  I5  I6  I7  I8  min  mean  max   wall   ep/s   step  gpu%
--------------------------------------------------------------------------------------------------------------------------------------------
    1 [64, 64, 64]       15.0  1.0e-04   8000  1024  2024  3.552e-04   3.324e-04   6   5   4   6   4   5   4   5    4   4.9    6  107.0   91.5   13.3     0
    2 [64, 64, 64]       12.5  2.0e-04  10000  2048    42  9.429e-05   3.513e-04   4   5   5   5   4   5   4   5    4   4.6    5  135.2   93.2   13.5     0
    3 [64, 64, 64]       12.5  2.0e-04   8000  2048  2024  1.220e-04   4.382e-04   4   5   5   6   4   5   4   5    4   4.8    6  107.2   94.2   13.4     0
    4 [64, 64, 64]       15.0  2.0e-04   6000  2048    42  1.593e-04   4.601e-04   4   4   5   5   4   5   4   6    4   4.6    6   79.3   95.9   13.2     0
    5 [64, 64, 64]       12.5  1.0e-04   8000  2048  2024  2.405e-04   4.627e-04   4   4   5   5   4   5   4   5    4   4.5    5  108.5   92.8   13.5     0
    6 [48, 48, 48]       17.5  2.0e-04   8000  2048  2024  2.273e-04   4.904e-04   4   5   5   5   4   5   4   5    4   4.6    5  107.8   93.7   13.4     0
    7 [64, 64, 64]       12.5  2.0e-04  10000  1024     7  1.011e-04   4.956e-04   5   4   4   5   5   5   4   4    4   4.5    5  132.9   92.4   13.2     0
    8 [48, 48, 48]       17.5  2.0e-04   8000  2048   137  2.187e-04   5.813e-04   4   4   5   5   4   5   4   5    4   4.5    5  108.0   93.4   13.5     0
    9 [64, 64, 64]       12.5  1.0e-04   8000  2048   999  3.373e-04   6.020e-04   5   4   4   4   4   5   4   4    4   4.2    5  105.7   95.8   13.2     0
   10 [64, 64, 64]       12.5  1.0e-04  10000  2048   999  2.286e-04   6.156e-04   4   4   4   5   5   5   4   5    4   4.5    5  135.2   93.2   13.5     0
   11 [64, 64, 64]       12.5  2.0e-04   8000  2048   137  1.505e-04   6.294e-04   4   5   4   5   4   5   4   4    4   4.4    5  107.2   94.1   13.4     0
   12 [64, 64, 64]       12.5  1.0e-04  10000  2048   137  2.309e-04   6.328e-04   4   4   4   4   4   4   5   4    4   4.1    5  133.7   94.4   13.3     0
   13 [64, 64, 64]       12.5  2.0e-04   6000  2048  2024  1.976e-04   6.370e-04   4   4   4   5   4   4   4   5    4   4.2    5   79.9   94.9   13.3     0
   14 [64, 64, 64]       12.5  1.0e-04  10000   512     7  2.364e-04   6.469e-04   4   4   4   4   4   4   5   7    4   4.5    7  129.9   93.7   12.9     0
   15 [64, 64, 64]       12.5  2.0e-04  10000   512    42  1.356e-04   6.516e-04   4   4   5   4   4   4   4   5    4   4.2    5  129.4   94.0   12.9     0
   16 [48, 48, 48]       17.5  2.0e-04  10000  2048    42  1.622e-04   6.519e-04   4   4   4   5   4   5   4   5    4   4.4    5  133.4   94.8   13.3     0
   17 [48, 48, 48]       17.5  2.0e-04  10000  2048  2024  1.566e-04   6.557e-04   4   4   4   5   5   5   4   5    4   4.5    5  135.3   93.1   13.5     0
   18 [64, 64, 64]       12.5  2.0e-04   8000  1024  2024  1.694e-04   6.850e-04   4   5   4   5   4   4   4   5    4   4.4    5  104.8   93.9   13.1     0
   19 [64, 64, 64]       15.0  1.0e-04   6000  2048  2024  4.516e-04   6.907e-04   4   5   4   5   4   4   4   5    4   4.4    5   81.3   93.0   13.5     0
   20 [64, 64, 64]       15.0  2.0e-04   6000  1024    42  1.969e-04   6.945e-04   4   4   5   4   4   4   5   4    4   4.2    5   80.9   90.8   13.4     0
   21 [48, 48, 48]       17.5  1.0e-04  10000  1024    42  4.101e-04   7.314e-04   4   5   4   5   4   6   4   4    4   4.5    6  132.8   92.6   13.2     0
   22 [64, 64, 64]       12.5  1.0e-04   8000  1024     7  2.819e-04   7.404e-04   4   4   4   5   4   4   4   4    4   4.1    5  105.5   93.2   13.2     0
   23 [64, 64, 64]       12.5  2.0e-04  10000   512  2024  1.421e-04   7.410e-04   4   4   4   5   4   5   4   5    4   4.4    5  129.5   94.0   12.9     0
   24 [64, 64, 64]       12.5  2.0e-04  10000  2048   137  1.085e-04   7.450e-04   4   5   4   5   4   4   4   4    4   4.2    5  132.7   95.2   13.2     0
   25 [64, 64, 64]       15.0  2.0e-04   6000   512   999  3.217e-04   7.552e-04   5   4   4   4   4   5   5   5    4   4.5    5   76.2   96.2   12.7     0
   26 [64, 64, 64]       12.5  1.0e-04  10000  1024    42  2.296e-04   7.727e-04   4   4   4   5   4   4   4   4    4   4.1    5  130.3   94.6   13.0     0
   27 [64, 64, 64]       12.5  1.0e-04  10000  2048     7  1.533e-04   7.728e-04   4   4   4   5   4   4   4   4    4   4.1    5  134.4   93.8   13.4     0
   28 [64, 64, 64]       15.0  2.0e-04   6000  2048   999  2.269e-04   7.876e-04   4   5   4   4   4   5   4   4    4   4.2    5   80.3   94.4   13.3     0
   29 [48, 48, 48]       17.5  2.0e-04   6000  2048  2024  3.557e-04   8.027e-04   4   4   4   5   4   4   4   5    4   4.2    5   80.5   94.5   13.4     0
   30 [48, 48, 48]       17.5  1.0e-04  10000  2048  2024  4.420e-04   8.461e-04   4   4   5   5   4   4   4   4    4   4.2    5  133.7   94.6   13.3     0
   31 [64, 64, 64]       12.5  1.0e-04  10000  1024     7  1.883e-04   8.470e-04   4   4   4   5   4   5   4   4    4   4.2    5  131.5   93.6   13.1     0
   32 [64, 64, 64]       12.5  1.0e-04  10000  2048    42  1.693e-04   8.523e-04   4   4   4   4   4   4   4   4    4   4.0    4  133.3   94.8   13.3     0
   33 [48, 48, 48]       17.5  2.0e-04   6000  2048   999  5.380e-04   9.155e-04   4   4   4   5   5   4   4   5    4   4.4    5   80.3   94.7   13.3     0
   34 [64, 64, 64]       12.5  1.0e-04  10000   512  2024  2.972e-04   9.211e-04   4   5   4   4   5   4   4   4    4   4.2    5  127.6   95.7   12.7     0
   35 [48, 48, 48]       17.5  2.0e-04   8000  1024   137  3.076e-04   9.266e-04   4   4   4   5   4   5   4   4    4   4.2    5  105.3   93.5   13.1     0
   36 [64, 64, 64]       12.5  1.0e-04  10000  1024  2024  2.157e-04   9.393e-04   4   4   4   5   4   4   4   5    4   4.2    5  132.4   92.8   13.2     0
   37 [64, 64, 64]       12.5  2.0e-04   8000   512     7  2.061e-04   9.430e-04   4   4   4   4   5   5   4   5    4   4.4    5  102.0   95.9   12.7     0
   38 [64, 64, 64]       12.5  2.0e-04   8000  1024    42  1.550e-04   9.547e-04   4   4   4   4   4   4   5   5    4   4.2    5  105.6   93.1   13.2     0
   39 [48, 48, 48]       17.5  1.0e-04   8000   512  2024  8.899e-04   9.571e-04   4   4   4   4   5   5   4   5    4   4.4    5  105.6   92.0   13.2     0
   40 [64, 64, 64]       12.5  1.0e-04   8000  1024    42  3.303e-04   9.832e-04   4   4   4   5   4   4   4   4    4   4.1    5  104.7   94.1   13.0     0
   41 [48, 48, 48]       17.5  1.0e-04   8000  2048    42  4.435e-04   9.932e-04   4   5   4   4   4   4   4   5    4   4.2    5  107.7   93.7   13.4     0
   42 [48, 48, 48]       17.5  2.0e-04   6000  1024  2024  4.000e-04   1.001e-03   4   4   4   4   4   5   4   4    4   4.1    5   78.1   95.2   13.0     0
   43 [64, 64, 64]       12.5  1.0e-04   8000   512  2024  4.138e-04   1.023e-03   4   4   4   4   4   4   4   5    4   4.1    5  103.7   93.9   12.9     0
   44 [64, 64, 64]       12.5  2.0e-04   8000   512   999  2.517e-04   1.036e-03   5   4   4   4   4   4   4   5    4   4.2    5  102.6   95.2   12.8     0
   45 [64, 64, 64]       12.5  2.0e-04  10000  2048   999  1.056e-04   1.039e-03   4   4   4   4   4   4   4   5    4   4.1    5  133.6   94.6   13.3     0
   46 [64, 64, 64]       15.0  5.0e-05   8000  2048     7  6.390e-04   1.091e-03   4   4   4   5   4   4   4   5    4   4.2    5  106.7   94.6   13.3     0
   47 [48, 48, 48]       17.5  1.0e-04  10000  1024   999  6.147e-04   1.115e-03   4   4   4   4   4   4   4   5    4   4.1    5  131.8   93.5   13.1     0
   48 [64, 64, 64]       12.5  1.0e-04  10000  1024   137  2.913e-04   1.121e-03   4   5   4   4   4   4   4   4    4   4.1    5  130.5   94.5   13.0     0
   49 [48, 48, 48]       17.5  1.0e-04   8000  2048  2024  6.356e-04   1.137e-03   4   5   4   5   4   4   4   4    4   4.2    5  107.0   94.5   13.3     0
   50 [64, 64, 64]       12.5  1.0e-04   8000   512   999  5.052e-04   1.325e-03   4   4   4   4   4   4   4   5    4   4.1    5  103.1   94.6   12.8     0
   51 [48, 48, 48]       17.5  2.0e-04   8000   512     7  5.023e-04   1.329e-03   4   5   4   5   4   4   4   4    4   4.2    5  105.5   92.0   13.1     0
   52 [48, 48, 48]       17.5  2.0e-04   6000  2048     7  4.219e-04   1.332e-03   4   4   4   4   4   4   4   4    4   4.0    4   80.4   94.6   13.4     0
   53 [48, 48, 48]       17.5  1.0e-04  10000  2048     7  4.077e-04   1.373e-03   4   4   4   4   4   4   4   5    4   4.1    5  133.9   94.4   13.3     0
   54 [48, 48, 48]       17.5  5.0e-05   8000  2048   137  9.373e-04   1.511e-03   4   4   4   4   4   4   4   4    4   4.0    4  107.1   94.7   13.3     0
   55 [48, 48, 48]       17.5  2.0e-04   6000  1024     7  5.388e-04   1.585e-03   4   4   4   5   4   4   4   5    4   4.2    5   78.2   95.1   13.0     0
   56 [64, 64, 64]       12.5  1.0e-04   6000  2048    42  4.376e-04   1.608e-03   4   4   5   4   5   4   4   4    4   4.2    5   80.5   94.1   13.4     0
   57 [48, 48, 48]       17.5  1.0e-04   8000   512    42  7.383e-04   1.646e-03   5   4   4   4   4   4   4   4    4   4.1    5  105.1   92.4   13.1     0
   58 [64, 64, 64]       15.0  2.0e-04   6000  1024   999  2.698e-04   5.709e-04   3   4   4   5   5   6   4   5    3   4.5    6   79.4   92.9   13.2     0
   59 [64, 64, 64]       12.5  2.0e-04   8000  1024     7  1.482e-04   5.746e-04   4   5   4   5   3   4   5   5    3   4.4    5  106.2   92.6   13.2     0
   60 [64, 64, 64]       12.5  2.0e-04  10000  1024   999  1.749e-04   6.788e-04   4   5   5   6   3   4   4   5    3   4.5    6  134.0   91.4   13.4     0
   61 [48, 48, 48]       17.5  2.0e-04   8000  1024     7  3.274e-04   7.041e-04   3   4   4   5   5   5   4   5    3   4.4    5  105.6   93.2   13.2     0
   62 [64, 64, 64]       12.5  2.0e-04  10000   512   999  1.836e-04   7.990e-04   3   4   4   5   4   4   5   4    3   4.1    5  127.7   95.6   12.7     0
   63 [64, 64, 64]       15.0  2.0e-04   6000  1024     7  2.989e-04   8.072e-04   3   4   5   5   4   4   4   5    3   4.2    5   79.0   93.4   13.1     0
   64 [64, 64, 64]       15.0  2.0e-04   6000  1024  2024  3.137e-04   8.244e-04   3   4   4   5   4   4   5   5    3   4.2    5   78.5   94.2   13.0     0
   65 [64, 64, 64]       12.5  1.0e-04   6000  2048  2024  4.263e-04   8.246e-04   3   5   4   5   4   5   4   5    3   4.4    5   80.7   93.8   13.4     0
   66 [64, 64, 64]       12.5  1.0e-04  10000  2048  2024  1.596e-04   8.331e-04   3   4   5   5   3   5   5   5    3   4.4    5  131.9   96.0   13.2     0
   67 [64, 64, 64]       15.0  5.0e-05   8000  1024   999  8.045e-04   8.534e-04   3   4   4   5   4   5   4   5    3   4.2    5  105.0   93.7   13.1     0
   68 [64, 64, 64]       12.5  2.0e-04   8000  2048    42  1.327e-04   8.814e-04   3   4   5   4   5   4   4   5    3   4.2    5  107.6   93.7   13.4     0
   69 [48, 48, 48]       17.5  1.0e-04   8000  2048   137  4.343e-04   9.174e-04   5   5   4   6   3   4   4   4    3   4.4    6  107.6   93.8   13.4     0
   70 [48, 48, 48]       17.5  2.0e-04  10000  2048   137  1.586e-04   9.204e-04   4   5   4   6   3   4   4   4    3   4.2    6  135.9   92.6   13.5     0
   71 [64, 64, 64]       12.5  2.0e-04   8000   512    42  1.883e-04   9.236e-04   3   5   4   5   4   5   4   5    3   4.4    5  102.6   95.1   12.8     0
   72 [64, 64, 64]       12.5  5.0e-05  10000  2048  2024  4.140e-04   9.250e-04   3   4   4   5   4   4   4   4    3   4.0    5  134.4   93.8   13.4     0
   73 [64, 64, 64]       12.5  1.0e-04   8000   512     7  3.468e-04   9.515e-04   3   4   4   5   4   4   4   6    3   4.2    6  102.5   95.3   12.8     0
   74 [64, 64, 64]       12.5  1.0e-04  10000  1024   999  2.863e-04   9.601e-04   3   4   4   5   3   5   5   5    3   4.2    5  129.6   95.3   12.9     0
   75 [64, 64, 64]       15.0  1.0e-04   6000   512  2024  8.519e-04   9.708e-04   3   6   5   5   3   4   4   4    3   4.2    6   77.4   94.4   12.9     0
   76 [64, 64, 64]       15.0  1.0e-04   6000  1024  2024  5.923e-04   1.000e-03   3   4   4   6   4   4   5   4    3   4.2    6   79.8   92.3   13.3     0
   77 [48, 48, 48]       17.5  2.0e-04  10000  2048   999  2.366e-04   1.009e-03   3   4   4   5   3   4   4   5    3   4.0    5  133.6   94.6   13.3     0
   78 [48, 48, 48]       17.5  2.0e-04  10000  1024   137  2.178e-04   1.010e-03   3   4   4   5   4   4   4   4    3   4.0    5  130.7   94.5   13.0     0
   79 [64, 64, 64]       12.5  5.0e-05  10000  2048     7  3.940e-04   1.011e-03   3   4   4   4   4   4   5   4    3   4.0    5  133.1   95.0   13.3     0
   80 [64, 64, 64]       15.0  1.0e-04   8000  1024   137  3.981e-04   1.027e-03   3   4   4   5   4   4   4   4    3   4.0    5  105.3   93.3   13.1     0
   81 [48, 48, 48]       17.5  2.0e-04   8000   512   137  4.107e-04   1.044e-03   3   5   4   4   3   4   5   4    3   4.0    5  106.9   90.7   13.3     0
   82 [64, 64, 64]       12.5  2.0e-04   8000   512  2024  1.875e-04   1.052e-03   3   4   5   5   3   4   4   5    3   4.1    5  102.0   95.9   12.7     0
   83 [64, 64, 64]       15.0  1.0e-04   8000  1024    42  2.476e-04   1.062e-03   4   4   4   4   4   4   3   5    3   4.0    5  105.2   93.5   13.1     0
   84 [64, 64, 64]       12.5  2.0e-04   8000   512   137  2.636e-04   1.064e-03   4   4   4   4   3   4   4   4    3   3.9    4  103.4   94.3   12.9     0
   85 [64, 64, 64]       15.0  1.0e-04   8000   512  2024  4.960e-04   1.068e-03   3   4   4   5   4   5   4   5    3   4.2    5  103.9   93.6   13.0     0
   86 [48, 48, 48]       17.5  1.0e-04  10000   512     7  6.873e-04   1.072e-03   4   5   4   5   4   3   5   4    3   4.2    5  132.3   91.7   13.2     0
   87 [64, 64, 64]       12.5  1.0e-04   8000  1024  2024  3.198e-04   1.120e-03   4   4   6   4   3   4   4   4    3   4.1    6  105.6   93.2   13.2     0
   88 [64, 64, 64]       15.0  5.0e-05   6000  1024   999  1.309e-03   1.122e-03   4   4   4   5   3   4   4   5    3   4.1    5   78.6   94.0   13.1     0
   89 [64, 64, 64]       12.5  1.0e-04  10000   512   999  3.624e-04   1.125e-03   3   4   4   4   4   4   4   5    3   4.0    5  129.1   94.3   12.9     0
   90 [48, 48, 48]       17.5  2.0e-04   8000  2048   999  3.377e-04   1.135e-03   3   4   4   4   3   4   4   5    3   3.9    5  107.3   94.1   13.4     0
   91 [48, 48, 48]       17.5  2.0e-04   6000  1024    42  4.395e-04   1.145e-03   4   4   4   5   5   5   3   5    3   4.4    5   78.1   95.3   13.0     0
   92 [48, 48, 48]       17.5  1.0e-04  10000  2048    42  3.050e-04   1.154e-03   3   4   4   5   4   4   4   4    3   4.0    5  136.3   92.4   13.6     0
   93 [64, 64, 64]       12.5  2.0e-04   6000  2048     7  1.812e-04   1.157e-03   3   4   4   4   4   4   4   4    3   3.9    4   80.2   94.5   13.3     0
   94 [64, 64, 64]       12.5  2.0e-04   8000  1024   137  2.118e-04   1.175e-03   4   4   5   4   3   4   4   5    3   4.1    5  105.0   93.7   13.1     0
   95 [64, 64, 64]       12.5  2.0e-04  10000  1024   137  1.537e-04   1.195e-03   3   4   4   4   3   4   4   5    3   3.9    5  130.5   94.5   13.0     0
   96 [64, 64, 64]       15.0  2.0e-04   6000  1024   137  3.172e-04   1.203e-03   4   4   3   4   4   5   4   5    3   4.1    5   77.5   95.6   12.9     0
   97 [64, 64, 64]       12.5  2.0e-04   8000  1024   999  2.371e-04   1.215e-03   3   4   4   4   4   4   4   4    3   3.9    4  103.9   95.0   12.9     0
   98 [64, 64, 64]       12.5  1.0e-04   8000  2048     7  2.334e-04   1.219e-03   4   4   4   4   3   4   4   5    3   4.0    5  107.2   94.1   13.4     0
   99 [48, 48, 48]       17.5  2.0e-04   6000  1024   999  6.455e-04   1.231e-03   3   4   5   5   4   6   4   4    3   4.4    6   78.0   95.3   13.0     0
  100 [64, 64, 64]       15.0  1.0e-04   8000   512     7  5.174e-04   1.244e-03   3   5   4   4   4   5   4   4    3   4.1    5  102.7   94.9   12.8     0
  101 [64, 64, 64]       15.0  2.0e-04   6000   512  2024  3.974e-04   1.246e-03   3   5   4   4   4   4   4   4    3   4.0    5   77.6   94.1   12.9     0
  102 [48, 48, 48]       17.5  2.0e-04  10000  1024  2024  1.893e-04   1.250e-03   3   4   4   5   4   4   4   4    3   4.0    5  131.6   93.6   13.1     0
  103 [64, 64, 64]       12.5  2.0e-04   6000  2048   999  2.320e-04   1.253e-03   4   4   4   4   5   4   3   5    3   4.1    5   80.2   94.5   13.3     0
  104 [48, 48, 48]       17.5  2.0e-04   8000  2048     7  2.655e-04   1.282e-03   3   4   4   4   3   4   4   5    3   3.9    5  107.3   94.2   13.4     0
  105 [48, 48, 48]       17.5  1.0e-04   8000  1024   137  5.320e-04   1.283e-03   3   4   4   5   3   4   4   5    3   4.0    5  104.3   94.7   13.0     0
  106 [64, 64, 64]       12.5  2.0e-04  10000  2048     7  8.040e-05   1.284e-03   3   4   4   5   3   4   4   5    3   4.0    5  133.3   94.9   13.3     0
  107 [64, 64, 64]       15.0  1.0e-04   6000   512   999  7.790e-04   1.300e-03   4   4   5   4   3   4   4   5    3   4.1    5   76.9   95.3   12.8     0
  108 [64, 64, 64]       15.0  2.0e-04   6000  2048     7  1.991e-04   1.306e-03   3   4   4   4   4   4   4   4    3   3.9    4   80.8   93.7   13.4     0
  109 [64, 64, 64]       12.5  2.0e-04   8000  2048   999  1.489e-04   1.317e-03   3   6   4   4   3   4   3   5    3   4.0    6  106.7   94.7   13.3     0
  110 [48, 48, 48]       17.5  1.0e-04   8000  1024   999  8.780e-04   1.334e-03   3   4   4   5   3   5   3   5    3   4.0    5  106.5   92.4   13.3     0
  111 [64, 64, 64]       15.0  1.0e-04   6000  2048   999  4.096e-04   1.341e-03   3   4   4   4   3   4   4   4    3   3.8    4   79.3   95.8   13.2     0
  112 [64, 64, 64]       12.5  2.0e-04   6000   512    42  2.939e-04   1.344e-03   4   3   4   4   4   4   4   4    3   3.9    4   77.4   94.3   12.9     0
  113 [64, 64, 64]       12.5  2.0e-04   6000   512     7  3.229e-04   1.345e-03   4   4   4   4   3   4   4   4    3   3.9    4   78.8   92.4   13.1     0
  114 [64, 64, 64]       12.5  2.0e-04  10000  1024    42  1.095e-04   1.347e-03   4   4   4   5   3   4   4   4    3   4.0    5  133.0   92.3   13.3     0
  115 [64, 64, 64]       12.5  2.0e-04   6000  1024     7  2.403e-04   1.350e-03   4   4   4   5   3   4   4   5    3   4.1    5   78.6   94.0   13.1     0
  116 [64, 64, 64]       12.5  2.0e-04   6000  2048    42  2.051e-04   1.357e-03   3   4   4   4   4   4   4   4    3   3.9    4   81.1   93.1   13.5     0
  117 [64, 64, 64]       12.5  2.0e-04   6000  2048   137  2.446e-04   1.363e-03   3   4   5   5   3   4   5   4    3   4.1    5   80.7   93.7   13.4     0
  118 [64, 64, 64]       12.5  1.0e-04   6000  1024  2024  5.688e-04   1.380e-03   4   4   5   5   3   4   4   4    3   4.1    5   79.6   92.7   13.2     0
  119 [64, 64, 64]       12.5  5.0e-05  10000  2048   137  5.373e-04   1.391e-03   3   4   4   5   3   4   4   5    3   4.0    5  132.6   95.4   13.2     0
  120 [64, 64, 64]       12.5  2.0e-04  10000   512   137  1.921e-04   1.400e-03   3   4   3   4   3   4   4   6    3   3.9    6  129.2   94.3   12.9     0
  121 [64, 64, 64]       12.5  1.0e-04   6000  1024   999  6.367e-04   1.429e-03   3   4   4   4   3   4   4   4    3   3.8    4   78.5   94.3   13.0     0
  122 [64, 64, 64]       12.5  1.0e-04   8000  1024   137  4.361e-04   1.443e-03   3   4   4   4   4   4   3   4    3   3.8    4  103.7   95.2   12.9     0
  123 [48, 48, 48]       17.5  1.0e-04  10000   512  2024  6.372e-04   1.445e-03   3   4   4   4   3   4   4   6    3   4.0    6  134.0   90.3   13.4     0
  124 [64, 64, 64]       15.0  2.0e-04   6000  2048  2024  2.266e-04   1.465e-03   3   4   3   4   3   4   4   6    3   3.9    6   80.0   94.8   13.3     0
  125 [64, 64, 64]       15.0  5.0e-05   8000  2048   999  5.576e-04   1.473e-03   3   4   4   4   4   4   4   5    3   4.0    5  108.6   92.6   13.5     0
  126 [64, 64, 64]       12.5  5.0e-05  10000  1024  2024  4.983e-04   1.476e-03   3   4   4   5   3   4   6   4    3   4.1    6  130.4   94.5   13.0     0
  127 [64, 64, 64]       12.5  2.0e-04   6000  1024   999  3.521e-04   1.482e-03   3   4   4   4   3   4   4   5    3   3.9    5   78.8   93.8   13.1     0
  128 [64, 64, 64]       12.5  2.0e-04   8000  2048     7  1.103e-04   1.489e-03   3   4   4   4   3   4   4   4    3   3.8    4  106.9   94.5   13.3     0
  129 [48, 48, 48]       17.5  1.0e-04   8000  1024     7  6.417e-04   1.491e-03   3   4   4   5   4   4   3   5    3   4.0    5  107.8   90.9   13.4     0
  130 [48, 48, 48]       17.5  2.0e-04   8000  2048    42  2.157e-04   1.497e-03   3   4   3   4   4   4   4   4    3   3.8    4  107.1   94.4   13.3     0
  131 [64, 64, 64]       12.5  2.0e-04   6000  1024    42  2.511e-04   1.498e-03   3   4   4   4   3   4   4   4    3   3.8    4   79.1   93.3   13.1     0
  132 [48, 48, 48]       17.5  2.0e-04  10000   512   137  2.942e-04   1.502e-03   3   4   4   5   4   5   4   4    3   4.1    5  132.1   91.9   13.2     0
  133 [48, 48, 48]       17.5  5.0e-05  10000  1024  2024  1.228e-03   1.517e-03   3   5   4   4   3   4   4   4    3   3.9    5  130.6   94.5   13.0     0
  134 [64, 64, 64]       15.0  5.0e-05   6000  2048   999  9.680e-04   1.523e-03   5   3   5   5   3   4   4   5    3   4.2    5   80.3   94.3   13.3     0
  135 [64, 64, 64]       12.5  5.0e-05  10000  1024     7  5.355e-04   1.531e-03   4   4   4   4   4   4   3   5    3   4.0    5  131.9   93.2   13.2     0
  136 [48, 48, 48]       17.5  1.0e-04  10000  2048   137  3.066e-04   1.539e-03   4   4   4   4   3   4   4   4    3   3.9    4  137.6   91.2   13.7     0
  137 [64, 64, 64]       15.0  2.0e-04   6000   512   137  4.808e-04   1.569e-03   3   4   5   4   3   4   4   4    3   3.9    5   78.1   93.5   13.0     0
  138 [64, 64, 64]       12.5  1.0e-04  10000   512    42  2.798e-04   1.570e-03   5   4   4   4   4   4   3   4    3   4.0    5  130.2   93.3   13.0     0
  139 [64, 64, 64]       12.5  2.0e-04   6000   512   137  4.186e-04   1.591e-03   3   5   4   4   3   4   5   4    3   4.0    5   78.7   92.5   13.1     0
  140 [64, 64, 64]       15.0  5.0e-05   8000  2048    42  4.018e-04   1.596e-03   4   4   4   4   5   5   3   4    3   4.1    5  106.0   95.5   13.2     0
  141 [48, 48, 48]       17.5  2.0e-04  10000   512   999  4.302e-04   1.619e-03   5   5   4   4   3   4   3   4    3   4.0    5  131.9   92.0   13.2     0
  142 [48, 48, 48]       17.5  5.0e-05   8000  1024  2024  1.776e-03   1.619e-03   3   4   4   5   3   4   3   4    3   3.8    5  104.0   95.3   13.0     0
  143 [64, 64, 64]       12.5  2.0e-04  10000   512     7  1.508e-04   1.625e-03   3   3   4   4   3   4   5   5    3   3.9    5  129.1   94.4   12.9     0
  144 [64, 64, 64]       15.0  1.0e-04   8000   512   999  4.901e-04   1.628e-03   3   4   3   6   3   6   4   4    3   4.1    6  103.3   94.2   12.9     0
  145 [48, 48, 48]       17.5  2.0e-04   8000   512  2024  3.105e-04   1.636e-03   3   4   4   4   4   4   4   4    3   3.9    4  105.9   91.7   13.2     0
  146 [64, 64, 64]       15.0  1.0e-04   6000  1024     7  6.809e-04   1.640e-03   3   4   4   4   4   4   4   4    3   3.9    4   79.9   92.1   13.3     0
  147 [64, 64, 64]       12.5  1.0e-04   6000  2048   999  5.466e-04   1.642e-03   5   4   3   4   3   4   4   4    3   3.9    5   80.0   94.7   13.3     0
  148 [64, 64, 64]       12.5  2.0e-04  10000  2048  2024  8.791e-05   1.651e-03   3   4   3   4   4   4   4   4    3   3.8    4  135.7   92.7   13.5     0
  149 [64, 64, 64]       12.5  5.0e-05  10000   512   137  1.159e-03   1.652e-03   4   4   5   4   3   3   4   5    3   4.0    5  128.4   95.0   12.8     0
  150 [48, 48, 48]       17.5  2.0e-04   6000  2048   137  3.491e-04   1.656e-03   3   5   4   4   4   4   4   4    3   4.0    5   80.5   94.5   13.4     0
  151 [48, 48, 48]       17.5  1.0e-04  10000  1024  2024  6.201e-04   1.659e-03   3   4   3   4   3   4   5   4    3   3.8    5  130.7   94.4   13.0     0
  152 [64, 64, 64]       12.5  1.0e-04   8000  1024   999  4.030e-04   1.662e-03   3   4   4   4   4   5   3   5    3   4.0    5  103.6   95.3   12.9     0
  153 [64, 64, 64]       15.0  5.0e-05   8000  1024  2024  8.093e-04   1.668e-03   4   4   5   5   3   4   3   4    3   4.0    5  106.1   92.5   13.2     0
  154 [48, 48, 48]       17.5  2.0e-04  10000   512    42  3.043e-04   1.678e-03   3   5   3   4   3   4   4   4    3   3.8    5  129.7   94.0   12.9     0
  155 [64, 64, 64]       12.5  5.0e-05   8000  1024  2024  8.054e-04   1.679e-03   4   4   4   4   4   4   3   4    3   3.9    4  106.6   92.1   13.3     0
  156 [64, 64, 64]       15.0  1.0e-04   6000  1024    42  4.157e-04   1.702e-03   5   4   4   4   3   4   3   4    3   3.9    5   79.8   92.4   13.3     0
  157 [48, 48, 48]       17.5  1.0e-04  10000   512    42  5.592e-04   1.709e-03   3   3   4   4   4   4   4   4    3   3.8    4  133.0   91.2   13.3     0
  158 [48, 48, 48]       17.5  2.0e-04  10000   512     7  3.718e-04   1.720e-03   3   4   3   5   3   4   4   5    3   3.9    5  131.2   92.7   13.1     0
  159 [64, 64, 64]       15.0  1.0e-04   6000  2048   137  5.165e-04   1.735e-03   3   5   4   4   3   4   4   4    3   3.9    5   80.0   94.8   13.3     0
  160 [64, 64, 64]       12.5  1.0e-04   6000  2048     7  4.116e-04   1.749e-03   4   4   4   4   3   3   4   4    3   3.8    4   80.7   93.9   13.4     0
  161 [48, 48, 48]       17.5  2.0e-04   8000   512   999  5.764e-04   1.785e-03   3   4   4   4   4   5   4   4    3   4.0    5  105.7   91.8   13.2     0
  162 [48, 48, 48]       17.5  5.0e-05  10000  2048    42  7.181e-04   1.788e-03   4   4   4   4   3   4   4   4    3   3.9    4  135.2   93.3   13.5     0
  163 [64, 64, 64]       15.0  1.0e-04   6000  1024   999  5.861e-04   1.790e-03   4   4   4   5   3   4   4   4    3   4.0    5   79.2   93.2   13.2     0
  164 [64, 64, 64]       12.5  1.0e-04   6000  1024     7  4.902e-04   1.805e-03   4   5   3   4   4   4   3   4    3   3.9    5   80.7   91.1   13.4     0
  165 [48, 48, 48]       17.5  5.0e-05   8000  2048     7  1.209e-03   1.808e-03   3   4   4   4   4   4   4   4    3   3.9    4  107.1   94.7   13.3     0
  166 [48, 48, 48]       17.5  5.0e-05  10000   512  2024  1.517e-03   1.809e-03   5   4   4   4   3   4   5   5    3   4.2    5  130.6   93.2   13.0     0
  167 [48, 48, 48]       17.5  5.0e-05  10000  2048     7  7.915e-04   1.815e-03   3   4   4   4   4   4   3   5    3   3.9    5  135.0   93.4   13.5     0
  168 [64, 64, 64]       12.5  1.0e-04   6000  2048   137  5.847e-04   1.816e-03   3   3   4   5   3   3   4   6    3   3.9    6   80.0   94.9   13.3     0
  169 [64, 64, 64]       12.5  1.0e-04   8000  2048   137  3.480e-04   1.817e-03   3   4   4   5   3   3   4   4    3   3.8    5  107.8   93.5   13.4     0
  170 [64, 64, 64]       12.5  2.0e-04   6000  1024   137  3.143e-04   1.823e-03   3   4   3   4   4   4   4   4    3   3.8    4   79.5   92.7   13.2     0
  171 [48, 48, 48]       17.5  2.0e-04  10000   512  2024  2.293e-04   1.831e-03   3   4   4   4   3   3   4   5    3   3.8    5  131.3   92.6   13.1     0
  172 [64, 64, 64]       15.0  1.0e-04   6000  2048     7  4.561e-04   1.832e-03   3   4   6   4   3   3   4   4    3   3.9    6   81.1   93.2   13.5     0
  173 [64, 64, 64]       12.5  2.0e-04   6000   512   999  3.904e-04   1.840e-03   4   4   4   4   3   4   4   4    3   3.9    4   77.8   93.9   12.9     0
  174 [48, 48, 48]       17.5  2.0e-04   6000  2048    42  3.106e-04   1.848e-03   3   4   4   4   4   4   4   4    3   3.9    4   80.5   94.5   13.4     0
  175 [48, 48, 48]       17.5  1.0e-04   8000  1024    42  5.801e-04   1.854e-03   5   4   4   4   3   4   4   4    3   4.0    5  105.7   93.2   13.2     0
  176 [48, 48, 48]       17.5  2.0e-04  10000  1024     7  2.423e-04   1.874e-03   4   4   4   4   3   4   5   4    3   4.0    5  133.1   92.3   13.3     0
  177 [64, 64, 64]       12.5  5.0e-05  10000  2048   999  4.869e-04   1.880e-03   3   4   5   4   3   4   3   4    3   3.8    5  134.3   93.9   13.4     0
  178 [64, 64, 64]       15.0  1.0e-04   6000   512   137  9.682e-04   1.891e-03   3   4   4   4   4   3   4   4    3   3.8    4   77.2   94.9   12.8     0
  179 [48, 48, 48]       17.5  5.0e-05  10000  2048   137  6.123e-04   1.896e-03   3   4   3   4   4   4   4   4    3   3.8    4  135.5   93.0   13.5     0
  180 [48, 48, 48]       17.5  1.0e-04  10000  1024   137  3.770e-04   1.914e-03   4   5   4   4   4   4   3   4    3   4.0    5  131.6   93.6   13.1     0
  181 [64, 64, 64]       12.5  5.0e-05  10000  1024    42  5.340e-04   1.933e-03   3   3   4   4   3   5   4   4    3   3.8    5  131.8   93.3   13.1     0
  182 [64, 64, 64]       12.5  5.0e-05   8000  2048     7  6.180e-04   1.934e-03   3   4   3   4   3   3   4   5    3   3.6    5  106.6   94.9   13.3     0
  183 [64, 64, 64]       12.5  1.0e-04   6000  1024    42  5.607e-04   1.942e-03   3   3   4   4   4   4   4   4    3   3.8    4   78.8   93.8   13.1     0
  184 [48, 48, 48]       17.5  5.0e-05   8000  2048   999  1.516e-03   1.952e-03   3   4   4   5   3   3   3   4    3   3.6    5  106.9   94.7   13.3     0
  185 [64, 64, 64]       12.5  5.0e-05   6000  2048  2024  1.170e-03   1.992e-03   3   5   3   4   3   4   4   4    3   3.8    5   80.5   94.1   13.4     0
  186 [64, 64, 64]       12.5  1.0e-04   6000   512   999  8.067e-04   2.009e-03   5   4   3   4   4   5   3   4    3   4.0    5   76.3   96.0   12.7     0
  187 [48, 48, 48]       17.5  2.0e-04   6000   512   999  8.526e-04   2.031e-03   3   3   4   4   3   4   4   5    3   3.8    5   80.7   92.9   13.1     0
  188 [64, 64, 64]       15.0  1.0e-04   8000   512    42  3.570e-04   2.040e-03   4   4   4   5   3   3   3   5    3   3.9    5  104.2   93.3   13.0     0
  189 [64, 64, 64]       15.0  5.0e-05   6000  2048  2024  1.110e-03   2.072e-03   3   4   4   5   3   3   4   4    3   3.8    5   78.5   97.0   13.0     0
  190 [64, 64, 64]       12.5  5.0e-05   8000  2048    42  5.798e-04   2.103e-03   3   4   4   4   3   4   4   4    3   3.8    4  108.2   93.2   13.5     0
  191 [64, 64, 64]       12.5  1.0e-04   6000   512  2024  7.103e-04   2.153e-03   3   4   3   4   3   4   5   4    3   3.8    5   77.9   93.8   12.9     0
  192 [64, 64, 64]       12.5  5.0e-05   8000  1024     7  8.094e-04   2.156e-03   3   4   4   4   4   3   4   4    3   3.8    4  106.1   92.7   13.2     0
  193 [64, 64, 64]       15.0  5.0e-05   8000   512  2024  1.280e-03   2.161e-03   4   4   4   5   3   3   4   5    3   4.0    5  102.4   95.4   12.8     0
  194 [48, 48, 48]       17.5  1.0e-04   8000   512     7  9.783e-04   2.178e-03   3   4   4   4   4   3   4   4    3   3.8    4  105.7   91.8   13.2     0
  195 [48, 48, 48]       17.5  2.0e-04  10000  1024   999  3.116e-04   2.190e-03   3   4   4   4   4   4   3   4    3   3.8    4  132.8   92.6   13.2     0
  196 [64, 64, 64]       12.5  5.0e-05  10000   512  2024  7.773e-04   2.211e-03   3   5   3   5   3   3   4   5    3   3.9    5  127.0   96.3   12.7     0
  197 [64, 64, 64]       12.5  5.0e-05   8000  2048  2024  6.400e-04   2.211e-03   3   4   3   4   3   4   4   5    3   3.8    5  106.9   94.5   13.3     0
  198 [64, 64, 64]       12.5  5.0e-05   8000  1024   999  8.971e-04   2.213e-03   3   4   5   4   3   4   3   5    3   3.9    5  105.4   93.3   13.1     0
  199 [48, 48, 48]       17.5  2.0e-04   8000  1024   999  4.232e-04   2.216e-03   3   4   4   4   4   4   3   4    3   3.8    4  106.3   92.6   13.2     0
  200 [64, 64, 64]       15.0  5.0e-05   8000  1024   137  8.835e-04   2.222e-03   3   4   3   4   3   3   4   5    3   3.6    5  105.2   93.5   13.1     0
  201 [48, 48, 48]       17.5  1.0e-04   8000  1024  2024  8.337e-04   2.230e-03   3   3   4   4   4   4   3   4    3   3.6    4  105.0   93.9   13.1     0
  202 [48, 48, 48]       17.5  2.0e-04   8000  1024    42  2.847e-04   2.242e-03   3   4   4   4   3   3   3   4    3   3.5    4  105.7   93.1   13.2     0
  203 [48, 48, 48]       17.5  5.0e-05  10000  2048  2024  8.919e-04   2.247e-03   4   5   3   4   3   4   3   4    3   3.8    5  134.9   93.5   13.4     0
  204 [64, 64, 64]       12.5  5.0e-05  10000  2048    42  3.752e-04   2.262e-03   3   4   4   4   3   4   4   4    3   3.8    4  134.5   93.8   13.4     0
  205 [48, 48, 48]       17.5  2.0e-04   8000  1024  2024  2.660e-04   2.271e-03   3   4   4   4   3   3   4   4    3   3.6    4  106.5   92.3   13.3     0
  206 [64, 64, 64]       15.0  5.0e-05   8000  2048  2024  6.186e-04   2.272e-03   3   4   4   5   3   3   4   4    3   3.8    5  107.0   94.4   13.3     0
  207 [48, 48, 48]       17.5  1.0e-04  10000   512   999  8.320e-04   2.273e-03   3   4   4   4   3   5   3   5    3   3.9    5  131.6   92.3   13.1     0
  208 [48, 48, 48]       17.5  1.0e-04   8000  2048     7  5.732e-04   2.304e-03   3   4   3   4   3   3   4   5    3   3.6    5  108.3   93.1   13.5     0
  209 [64, 64, 64]       12.5  5.0e-05   8000  2048   999  7.046e-04   2.320e-03   3   4   4   4   3   4   3   4    3   3.6    4  106.8   94.6   13.3     0
  210 [64, 64, 64]       15.0  5.0e-05   8000   512   999  1.083e-03   2.337e-03   4   4   4   4   3   4   4   4    3   3.9    4  102.6   95.2   12.8     0
  211 [48, 48, 48]       17.5  5.0e-05  10000  1024   999  1.400e-03   2.371e-03   3   4   4   5   3   4   3   4    3   3.8    5  131.9   93.4   13.1     0
  212 [64, 64, 64]       12.5  2.0e-04   6000  1024  2024  2.801e-04   2.374e-03   3   3   3   4   3   4   4   4    3   3.5    4   79.1   93.2   13.1     0
  213 [64, 64, 64]       12.5  5.0e-05  10000   512     7  6.673e-04   2.396e-03   3   4   4   4   5   3   3   5    3   3.9    5  128.3   95.1   12.8     0
  214 [64, 64, 64]       15.0  2.0e-04   6000  2048   137  2.481e-04   2.396e-03   3   4   3   4   3   4   4   4    3   3.6    4   80.6   94.0   13.4     0
  215 [64, 64, 64]       12.5  1.0e-04   8000  2048    42  2.597e-04   2.418e-03   3   4   4   4   3   4   4   4    3   3.8    4  107.7   93.6   13.4     0
  216 [64, 64, 64]       15.0  1.0e-04   6000  1024   137  7.009e-04   2.430e-03   3   4   3   4   3   3   4   5    3   3.6    5   78.4   94.4   13.0     0
  217 [48, 48, 48]       17.5  1.0e-04   8000   512   999  1.104e-03   2.430e-03   3   4   5   4   3   4   3   4    3   3.8    5  105.7   91.8   13.2     0
  218 [64, 64, 64]       15.0  5.0e-05   8000  2048   137  7.388e-04   2.443e-03   4   4   4   4   3   3   3   4    3   3.6    4  105.7   95.8   13.2     0
  219 [48, 48, 48]       17.5  1.0e-04  10000  1024     7  4.349e-04   2.463e-03   3   4   4   4   3   3   3   4    3   3.5    4  131.6   93.6   13.1     0
  220 [64, 64, 64]       12.5  5.0e-05   8000  2048   137  8.429e-04   2.503e-03   3   4   5   5   3   3   4   5    3   4.0    5  106.8   94.6   13.3     0
  221 [48, 48, 48]       17.5  1.0e-04  10000  2048   999  4.750e-04   2.515e-03   4   4   3   4   3   4   3   4    3   3.6    4  134.2   94.1   13.4     0
  222 [64, 64, 64]       12.5  5.0e-05   8000  1024   137  1.245e-03   2.524e-03   3   3   4   4   3   3   4   5    3   3.6    5  106.1   92.6   13.2     0
  223 [48, 48, 48]       17.5  2.0e-04  10000  1024    42  1.991e-04   2.541e-03   3   4   4   4   3   4   4   4    3   3.8    4  133.5   92.0   13.3     0
  224 [64, 64, 64]       15.0  1.0e-04   6000  2048    42  3.258e-04   2.548e-03   4   4   4   4   3   4   3   4    3   3.8    4   80.5   94.2   13.4     0
  225 [64, 64, 64]       12.5  2.0e-04   6000   512  2024  3.050e-04   2.557e-03   3   4   3   4   3   4   4   4    3   3.6    4   76.6   95.7   12.7     0
  226 [48, 48, 48]       17.5  5.0e-05  10000  1024    42  9.615e-04   2.576e-03   3   4   4   4   4   4   4   4    3   3.9    4  131.7   93.6   13.1     0
  227 [48, 48, 48]       17.5  5.0e-05  10000  1024   137  8.711e-04   2.584e-03   3   4   3   5   3   3   4   4    3   3.6    5  132.1   93.2   13.2     0
  228 [48, 48, 48]       17.5  5.0e-05   8000  1024   137  1.245e-03   2.605e-03   3   5   3   5   3   3   5   4    3   3.9    5  104.0   95.3   13.0     0
  229 [48, 48, 48]       17.5  2.0e-04   6000  1024   137  4.451e-04   2.627e-03   3   3   3   4   4   4   4   4    3   3.6    4   78.0   95.3   13.0     0
  230 [48, 48, 48]       17.5  2.0e-04  10000  2048     7  1.973e-04   2.676e-03   3   3   4   4   3   4   4   4    3   3.6    4  135.5   93.0   13.5     0
  231 [48, 48, 48]       17.5  5.0e-05  10000  2048   999  1.090e-03   2.697e-03   3   4   3   4   3   3   3   4    3   3.4    4  133.3   94.9   13.3     0
  232 [64, 64, 64]       15.0  5.0e-05   8000  1024    42  5.803e-04   2.783e-03   3   4   4   4   3   4   3   4    3   3.6    4  105.2   93.6   13.1     0
  233 [64, 64, 64]       15.0  2.0e-04   6000   512     7  3.869e-04   2.837e-03   4   4   3   4   3   3   4   4    3   3.6    4   77.4   94.5   12.9     0
  234 [48, 48, 48]       17.5  5.0e-05   8000  2048    42  1.054e-03   2.852e-03   4   4   4   4   4   3   3   4    3   3.8    4  107.0   94.7   13.3     0
  235 [64, 64, 64]       15.0  5.0e-05   8000  1024     7  1.013e-03   2.895e-03   3   4   3   7   3   3   4   4    3   3.9    7  105.4   93.4   13.1     0
  236 [64, 64, 64]       15.0  2.0e-04   6000   512    42  2.610e-04   2.900e-03   3   4   4   4   3   4   3   5    3   3.8    5   77.2   94.8   12.8     0
  237 [48, 48, 48]       17.5  5.0e-05   8000  1024    42  1.346e-03   2.933e-03   3   3   4   4   3   4   4   4    3   3.6    4  104.2   95.1   13.0     0
  238 [64, 64, 64]       15.0  5.0e-05   6000  2048    42  6.869e-04   2.935e-03   4   4   4   4   3   4   3   4    3   3.8    4   80.4   94.2   13.4     0
  239 [64, 64, 64]       12.5  5.0e-05   8000  1024    42  8.094e-04   2.944e-03   3   3   3   4   3   6   3   4    3   3.6    6  104.0   95.0   13.0     0
  240 [64, 64, 64]       12.5  1.0e-04   6000  1024   137  7.667e-04   2.989e-03   3   3   3   5   3   3   4   4    3   3.5    5   78.6   94.0   13.1     0
  241 [64, 64, 64]       15.0  5.0e-05   6000   512  2024  2.059e-03   3.001e-03   3   4   4   5   3   3   4   4    3   3.8    5   78.2   93.3   13.0     0
  242 [64, 64, 64]       12.5  1.0e-04   8000   512   137  6.803e-04   3.008e-03   3   4   4   7   3   3   3   5    3   4.0    7  102.8   94.9   12.8     0
  243 [64, 64, 64]       12.5  5.0e-05  10000  1024   137  8.459e-04   3.014e-03   3   3   4   5   3   3   4   4    3   3.6    5  131.7   93.4   13.1     0
  244 [48, 48, 48]       17.5  1.0e-04   8000  2048   999  6.907e-04   3.034e-03   4   4   3   4   3   4   3   4    3   3.6    4  107.8   93.6   13.4     0
  245 [48, 48, 48]       17.5  5.0e-05   8000  2048  2024  1.265e-03   3.041e-03   4   4   3   4   3   3   3   5    3   3.6    5  107.0   94.8   13.3     0
  246 [64, 64, 64]       12.5  5.0e-05  10000   512   999  7.562e-04   3.077e-03   3   4   4   5   3   4   3   4    3   3.8    5  129.1   94.4   12.9     0
  247 [64, 64, 64]       12.5  1.0e-04   6000   512     7  5.922e-04   3.078e-03   3   4   4   4   3   3   4   4    3   3.6    4   78.4   93.0   13.0     0
  248 [64, 64, 64]       12.5  5.0e-05  10000  1024   999  6.534e-04   3.087e-03   3   4   4   4   3   4   3   5    3   3.8    5  131.7   93.4   13.1     0
  249 [64, 64, 64]       12.5  2.0e-04  10000  1024  2024  1.186e-04   3.106e-03   3   3   3   4   3   4   3   4    3   3.4    4  130.3   94.6   13.0     0
  250 [48, 48, 48]       17.5  1.0e-04   8000   512   137  7.636e-04   3.143e-03   3   4   4   4   3   4   3   4    3   3.6    4  105.7   91.8   13.2     0
  251 [64, 64, 64]       12.5  1.0e-04   8000   512    42  4.030e-04   3.184e-03   3   3   4   4   3   3   3   4    3   3.4    4  102.2   95.6   12.7     0
  252 [64, 64, 64]       15.0  5.0e-05   6000  2048     7  1.179e-03   3.188e-03   4   3   4   4   4   3   4   4    3   3.8    4   79.5   95.4   13.2     0
  253 [64, 64, 64]       15.0  1.0e-04   8000   512   137  6.359e-04   3.195e-03   3   3   4   4   3   3   4   4    3   3.5    4  104.2   93.3   13.0     0
  254 [48, 48, 48]       17.5  5.0e-05   8000   512   137  1.741e-03   3.276e-03   4   4   4   4   3   3   3   5    3   3.8    5  103.8   94.1   12.9     0
  255 [48, 48, 48]       17.5  5.0e-05   8000   512  2024  2.175e-03   3.316e-03   3   3   4   4   3   3   5   5    3   3.8    5  103.8   94.1   12.9     0
  256 [64, 64, 64]       12.5  5.0e-05   6000  2048    42  9.925e-04   3.330e-03   3   3   4   4   3   4   3   4    3   3.5    4   80.3   94.3   13.3     0
  257 [48, 48, 48]       17.5  5.0e-05  10000   512   137  1.188e-03   3.419e-03   4   4   4   4   3   3   3   4    3   3.6    4  132.4   91.7   13.2     0
  258 [64, 64, 64]       15.0  5.0e-05   8000   512     7  1.275e-03   3.445e-03   3   3   4   4   4   3   3   5    3   3.6    5  102.8   94.9   12.8     0
  259 [64, 64, 64]       15.0  5.0e-05   6000  1024    42  1.031e-03   3.544e-03   3   3   4   5   3   3   3   4    3   3.5    5   77.6   95.5   12.9     0
  260 [64, 64, 64]       12.5  5.0e-05   8000   512  2024  1.170e-03   3.579e-03   3   4   3   5   3   3   4   4    3   3.6    5  103.9   93.7   13.0     0
  261 [64, 64, 64]       15.0  5.0e-05   6000  1024  2024  1.398e-03   3.602e-03   3   4   3   4   3   3   4   4    3   3.5    4   79.9   92.0   13.3     0
  262 [64, 64, 64]       15.0  1.0e-04   6000   512    42  5.721e-04   3.666e-03   3   3   3   4   3   3   3   5    3   3.4    5   77.3   94.6   12.8     0
  263 [64, 64, 64]       15.0  5.0e-05   6000  1024     7  1.748e-03   3.833e-03   3   3   3   5   3   3   5   4    3   3.6    5   77.4   95.8   12.9     0
  264 [48, 48, 48]       17.5  5.0e-05   8000   512     7  2.352e-03   3.852e-03   3   3   3   4   4   3   3   5    3   3.5    5  103.8   94.1   12.9     0
  265 [64, 64, 64]       12.5  1.0e-04   6000   512   137  1.101e-03   3.887e-03   3   4   4   5   3   3   3   4    3   3.6    5   78.6   92.7   13.1     0
  266 [64, 64, 64]       12.5  5.0e-05   6000  1024   999  1.390e-03   3.928e-03   3   4   4   4   3   4   3   4    3   3.6    4   79.0   93.6   13.1     0
  267 [64, 64, 64]       15.0  5.0e-05   6000  1024   137  1.546e-03   3.987e-03   3   4   4   4   3   3   3   4    3   3.5    4   78.1   94.7   13.0     0
  268 [48, 48, 48]       17.5  5.0e-05  10000   512     7  1.639e-03   3.997e-03   3   3   3   6   4   3   3   5    3   3.8    6  132.4   91.6   13.2     0
  269 [64, 64, 64]       12.5  5.0e-05   6000  2048     7  1.086e-03   4.003e-03   4   4   3   4   3   3   4   4    3   3.6    4   80.6   94.0   13.4     0
  270 [48, 48, 48]       17.5  5.0e-05  10000  1024     7  1.199e-03   4.067e-03   3   3   5   4   4   3   3   5    3   3.8    5  132.0   93.3   13.2     0
  271 [64, 64, 64]       15.0  5.0e-05   8000   512    42  8.001e-04   4.108e-03   3   4   4   4   3   3   3   4    3   3.5    4  103.7   94.0   12.9     0
  272 [64, 64, 64]       15.0  5.0e-05   6000   512     7  2.003e-03   4.139e-03   3   4   4   4   4   3   3   4    3   3.6    4   76.8   95.4   12.8     0
  273 [48, 48, 48]       17.5  5.0e-05   8000  1024     7  1.669e-03   4.236e-03   3   3   4   5   3   3   3   4    3   3.5    5  103.8   95.5   12.9     0
  274 [48, 48, 48]       17.5  1.0e-04  10000   512   137  5.316e-04   4.257e-03   3   3   4   4   3   4   3   4    3   3.5    4  131.2   92.7   13.1     0
  275 [64, 64, 64]       15.0  1.0e-04   6000   512     7  8.028e-04   4.350e-03   3   3   3   4   3   3   4   4    3   3.4    4   78.0   93.5   13.0     0
  276 [48, 48, 48]       17.5  5.0e-05   8000   512    42  1.735e-03   4.407e-03   3   3   3   4   3   4   3   4    3   3.4    4  103.7   94.2   12.9     0
  277 [64, 64, 64]       12.5  5.0e-05   8000   512     7  1.011e-03   4.416e-03   3   4   3   4   4   3   3   5    3   3.6    5  104.4   93.2   13.0     0
  278 [64, 64, 64]       12.5  5.0e-05   6000  1024  2024  1.484e-03   4.424e-03   3   4   3   5   3   3   4   3    3   3.5    5   79.9   92.2   13.3     0
  279 [64, 64, 64]       12.5  1.0e-04  10000   512   137  4.683e-04   4.444e-03   3   3   3   4   3   3   3   5    3   3.4    5  127.3   96.0   12.7     0
  280 [48, 48, 48]       17.5  5.0e-05   8000  1024   999  1.905e-03   4.578e-03   5   3   5   4   3   3   3   4    3   3.8    5  103.9   95.4   12.9     0
  281 [64, 64, 64]       12.5  5.0e-05  10000   512    42  6.810e-04   4.617e-03   3   3   4   4   3   3   3   4    3   3.4    4  128.1   95.3   12.8     0
  282 [64, 64, 64]       12.5  5.0e-05   6000  2048   999  1.152e-03   4.650e-03   3   4   3   5   3   3   3   4    3   3.5    5   80.2   94.5   13.3     0
  283 [48, 48, 48]       17.5  5.0e-05  10000   512    42  1.317e-03   4.698e-03   4   3   3   4   3   3   3   3    3   3.2    4  130.0   93.7   13.0     0
  284 [48, 48, 48]       17.5  2.0e-04   8000   512    42  4.152e-04   4.780e-03   3   3   3   4   3   3   3   4    3   3.2    4  105.3   92.3   13.1     0
  285 [64, 64, 64]       12.5  5.0e-05   6000  1024     7  1.464e-03   4.801e-03   3   4   4   4   3   3   4   4    3   3.6    4   80.2   91.8   13.3     0
  286 [64, 64, 64]       12.5  5.0e-05   8000   512   999  1.086e-03   4.838e-03   3   4   3   4   3   3   3   4    3   3.4    4  101.5   96.5   12.6     0
  287 [64, 64, 64]       15.0  5.0e-05   6000  2048   137  1.230e-03   4.895e-03   3   3   3   4   3   3   3   6    3   3.5    6   79.5   95.5   13.2     0
  288 [64, 64, 64]       12.5  5.0e-05   6000   512  2024  1.956e-03   4.937e-03   3   3   3   4   3   3   3   4    3   3.2    4   77.0   95.0   12.8     0
  289 [64, 64, 64]       15.0  5.0e-05   8000   512   137  1.363e-03   5.010e-03   3   3   3   4   3   3   3   5    3   3.4    5  103.9   93.7   13.0     0
  290 [64, 64, 64]       12.5  5.0e-05   8000   512    42  1.048e-03   5.067e-03   3   3   4   4   3   4   3   4    3   3.5    4  103.6   94.0   12.9     0
  291 [64, 64, 64]       12.5  5.0e-05   6000  1024    42  1.343e-03   5.072e-03   3   3   4   4   3   3   3   4    3   3.4    4   78.7   93.9   13.1     0
  292 [64, 64, 64]       12.5  1.0e-04   6000   512    42  6.341e-04   5.347e-03   3   3   4   4   4   3   3   4    3   3.5    4   78.1   93.5   13.0     0
  293 [48, 48, 48]       17.5  5.0e-05  10000   512   999  1.748e-03   5.647e-03   5   3   3   4   3   3   3   4    3   3.5    5  130.3   93.5   13.0     0
  294 [48, 48, 48]       17.5  5.0e-05   8000   512   999  2.288e-03   5.821e-03   4   3   4   4   3   3   3   5    3   3.6    5  103.9   94.1   12.9     0
  295 [64, 64, 64]       12.5  5.0e-05   6000   512    42  1.722e-03   6.310e-03   3   3   4   4   3   3   3   4    3   3.4    4   77.6   94.2   12.9     0
  296 [64, 64, 64]       15.0  5.0e-05   6000   512    42  1.343e-03   6.717e-03   3   3   3   4   3   3   3   4    3   3.2    4   77.1   95.0   12.8     0
  297 [64, 64, 64]       12.5  5.0e-05   6000   512     7  1.685e-03   6.974e-03   3   4   3   4   3   3   3   4    3   3.4    4   78.7   92.6   13.1     0
  298 [64, 64, 64]       15.0  5.0e-05   6000   512   999  1.848e-03   3.752e-03   3   4   5   4   2   3   4   4    2   3.6    5   77.4   94.6   12.9     0
  299 [64, 64, 64]       15.0  5.0e-05   6000   512   137  2.249e-03   4.692e-03   2   4   3   4   3   3   4   4    2   3.4    4   77.8   94.0   12.9     0
  300 [64, 64, 64]       12.5  5.0e-05   6000  2048   137  1.417e-03   5.390e-03   3   3   4   4   2   3   4   4    2   3.4    4   80.0   94.9   13.3     0
  301 [64, 64, 64]       12.5  5.0e-05   8000   512   137  1.695e-03   6.225e-03   3   3   3   4   2   3   4   4    2   3.2    4  104.1   93.5   13.0     0
  302 [64, 64, 64]       12.5  5.0e-05   6000  1024   137  2.029e-03   7.168e-03   3   3   3   4   2   3   3   4    2   3.1    4   78.7   93.9   13.1     0
  303 [64, 64, 64]       12.5  5.0e-05   6000   512   999  1.800e-03   7.750e-03   3   4   4   4   2   3   3   3    2   3.2    4   77.5   94.4   12.9     0
  304 [64, 64, 64]       12.5  5.0e-05   6000   512   137  2.737e-03   7.777e-03   3   4   3   5   2   3   4   4    2   3.5    5   78.2   93.4   13.0     0
============================================================================================================================================

  BEST CONFIG (GPU 1):
    hidden_sizes = [64, 64, 64]
    omega_0      = 15.0
    lr           = 0.0001
    n_epochs     = 8000
    n_per_param  = 1024
    seed         = 2024
    -> min 4 digits, mean 4.9 digits, max 6 digits, mean rel. err 3.324e-04
    -> 91.5 ep/s, step 13.3ms, gpu 0%, wall 107.0s

============================================================================================================================================
  PER-CONFIG SUMMARY (seed-averaged) — GPU 1
============================================================================================================================================
  hidden=[64, 64, 64] omega0=12.5 lr=0.0001 epochs=10000 npp=2048
      min_dig=3  mean_dig=4.2  max_dig=5  mean_relerr=7.413e-04  n_seeds=5
      ep/s=94.4  step=13.3ms  gpu=0%
  hidden=[64, 64, 64] omega0=15.0 lr=0.0001 epochs=8000 npp=1024
      min_dig=3  mean_dig=4.3  max_dig=6  mean_relerr=8.069e-04  n_seeds=3
      ep/s=92.8  step=13.2ms  gpu=0%
  hidden=[64, 64, 64] omega0=15.0 lr=0.0002 epochs=6000 npp=1024
      min_dig=3  mean_dig=4.3  max_dig=6  mean_relerr=8.201e-04  n_seeds=5
      ep/s=93.4  step=13.1ms  gpu=0%
  hidden=[64, 64, 64] omega0=12.5 lr=0.0002 epochs=8000 npp=1024
      min_dig=3  mean_dig=4.2  max_dig=5  mean_relerr=9.208e-04  n_seeds=5
      ep/s=93.7  step=13.1ms  gpu=0%
  hidden=[64, 64, 64] omega0=12.5 lr=0.0001 epochs=10000 npp=1024
      min_dig=3  mean_dig=4.2  max_dig=5  mean_relerr=9.280e-04  n_seeds=5
      ep/s=94.2  step=13.0ms  gpu=0%
  hidden=[64, 64, 64] omega0=12.5 lr=0.0002 epochs=8000 npp=2048
      min_dig=3  mean_dig=4.2  max_dig=6  mean_relerr=9.509e-04  n_seeds=5
      ep/s=94.2  step=13.4ms  gpu=0%
  hidden=[48, 48, 48] omega0=17.5 lr=0.0002 epochs=8000 npp=2048
      min_dig=3  mean_dig=4.1  max_dig=5  mean_relerr=9.970e-04  n_seeds=5
      ep/s=94.0  step=13.4ms  gpu=0%
  hidden=[64, 64, 64] omega0=12.5 lr=0.0002 epochs=8000 npp=512
      min_dig=3  mean_dig=4.2  max_dig=5  mean_relerr=1.004e-03  n_seeds=5
      ep/s=95.3  step=12.8ms  gpu=0%
  hidden=[64, 64, 64] omega0=12.5 lr=0.0002 epochs=10000 npp=2048
      min_dig=3  mean_dig=4.2  max_dig=5  mean_relerr=1.014e-03  n_seeds=5
      ep/s=94.1  step=13.4ms  gpu=0%
  hidden=[64, 64, 64] omega0=12.5 lr=0.0002 epochs=10000 npp=512
      min_dig=3  mean_dig=4.1  max_dig=6  mean_relerr=1.043e-03  n_seeds=5
      ep/s=94.5  step=12.9ms  gpu=0%
  hidden=[64, 64, 64] omega0=12.5 lr=0.0002 epochs=6000 npp=2048
      min_dig=3  mean_dig=4.0  max_dig=5  mean_relerr=1.153e-03  n_seeds=5
      ep/s=94.1  step=13.4ms  gpu=0%
  hidden=[48, 48, 48] omega0=17.5 lr=0.0002 epochs=10000 npp=2048
      min_dig=3  mean_dig=4.2  max_dig=6  mean_relerr=1.183e-03  n_seeds=5
      ep/s=93.6  step=13.4ms  gpu=0%
  hidden=[64, 64, 64] omega0=12.5 lr=0.0001 epochs=8000 npp=1024
      min_dig=3  mean_dig=4.0  max_dig=6  mean_relerr=1.190e-03  n_seeds=5
      ep/s=94.2  step=13.0ms  gpu=0%
  hidden=[64, 64, 64] omega0=15.0 lr=0.0002 epochs=6000 npp=2048
      min_dig=3  mean_dig=4.0  max_dig=6  mean_relerr=1.283e-03  n_seeds=5
      ep/s=94.6  step=13.3ms  gpu=0%
  hidden=[64, 64, 64] omega0=12.5 lr=0.0001 epochs=8000 npp=2048
      min_dig=3  mean_dig=4.0  max_dig=5  mean_relerr=1.304e-03  n_seeds=5
      ep/s=94.0  step=13.4ms  gpu=0%
  hidden=[48, 48, 48] omega0=17.5 lr=0.0002 epochs=6000 npp=2048
      min_dig=3  mean_dig=4.1  max_dig=5  mean_relerr=1.311e-03  n_seeds=5
      ep/s=94.6  step=13.4ms  gpu=0%
  hidden=[64, 64, 64] omega0=12.5 lr=0.0002 epochs=10000 npp=1024
      min_dig=3  mean_dig=4.0  max_dig=6  mean_relerr=1.364e-03  n_seeds=5
      ep/s=93.0  step=13.2ms  gpu=0%
  hidden=[48, 48, 48] omega0=17.5 lr=0.0001 epochs=10000 npp=2048
      min_dig=3  mean_dig=4.0  max_dig=5  mean_relerr=1.485e-03  n_seeds=5
      ep/s=93.3  step=13.5ms  gpu=0%
  hidden=[64, 64, 64] omega0=12.5 lr=5e-05 epochs=10000 npp=2048
      min_dig=3  mean_dig=3.9  max_dig=5  mean_relerr=1.494e-03  n_seeds=5
      ep/s=94.4  step=13.3ms  gpu=0%
  hidden=[48, 48, 48] omega0=17.5 lr=0.0002 epochs=6000 npp=1024
      min_dig=3  mean_dig=4.2  max_dig=6  mean_relerr=1.518e-03  n_seeds=5
      ep/s=95.2  step=13.0ms  gpu=0%
  hidden=[64, 64, 64] omega0=12.5 lr=0.0001 epochs=6000 npp=2048
      min_dig=3  mean_dig=4.0  max_dig=6  mean_relerr=1.528e-03  n_seeds=5
      ep/s=94.3  step=13.4ms  gpu=0%
  hidden=[48, 48, 48] omega0=17.5 lr=0.0001 epochs=10000 npp=1024
      min_dig=3  mean_dig=4.0  max_dig=6  mean_relerr=1.576e-03  n_seeds=5
      ep/s=93.5  step=13.1ms  gpu=0%
  hidden=[64, 64, 64] omega0=15.0 lr=0.0001 epochs=6000 npp=2048
      min_dig=3  mean_dig=3.9  max_dig=6  mean_relerr=1.629e-03  n_seeds=5
      ep/s=94.2  step=13.4ms  gpu=0%
  hidden=[48, 48, 48] omega0=17.5 lr=0.0001 epochs=8000 npp=1024
      min_dig=3  mean_dig=3.9  max_dig=5  mean_relerr=1.638e-03  n_seeds=5
      ep/s=93.0  step=13.2ms  gpu=0%
  hidden=[48, 48, 48] omega0=17.5 lr=0.0002 epochs=10000 npp=512
      min_dig=3  mean_dig=3.9  max_dig=5  mean_relerr=1.670e-03  n_seeds=5
      ep/s=92.6  step=13.1ms  gpu=0%
  hidden=[48, 48, 48] omega0=17.5 lr=0.0002 epochs=8000 npp=1024
      min_dig=3  mean_dig=3.9  max_dig=5  mean_relerr=1.672e-03  n_seeds=5
      ep/s=92.9  step=13.2ms  gpu=0%
  hidden=[48, 48, 48] omega0=17.5 lr=0.0001 epochs=8000 npp=2048
      min_dig=3  mean_dig=4.0  max_dig=6  mean_relerr=1.677e-03  n_seeds=5
      ep/s=93.7  step=13.4ms  gpu=0%
  hidden=[64, 64, 64] omega0=12.5 lr=0.0002 epochs=6000 npp=1024
      min_dig=3  mean_dig=3.8  max_dig=5  mean_relerr=1.706e-03  n_seeds=5
      ep/s=93.4  step=13.1ms  gpu=0%
  hidden=[64, 64, 64] omega0=15.0 lr=0.0001 epochs=6000 npp=1024
      min_dig=3  mean_dig=3.9  max_dig=6  mean_relerr=1.712e-03  n_seeds=5
      ep/s=92.9  step=13.2ms  gpu=0%
  hidden=[64, 64, 64] omega0=12.5 lr=0.0002 epochs=6000 npp=512
      min_dig=3  mean_dig=3.9  max_dig=5  mean_relerr=1.735e-03  n_seeds=5
      ep/s=93.8  step=12.9ms  gpu=0%
  hidden=[64, 64, 64] omega0=12.5 lr=0.0001 epochs=10000 npp=512
      min_dig=3  mean_dig=4.0  max_dig=7  mean_relerr=1.741e-03  n_seeds=5
      ep/s=94.6  step=12.8ms  gpu=0%
  hidden=[48, 48, 48] omega0=17.5 lr=0.0002 epochs=10000 npp=1024
      min_dig=3  mean_dig=3.9  max_dig=5  mean_relerr=1.773e-03  n_seeds=5
      ep/s=93.0  step=13.2ms  gpu=0%
  hidden=[64, 64, 64] omega0=15.0 lr=5e-05 epochs=8000 npp=2048
      min_dig=3  mean_dig=4.0  max_dig=5  mean_relerr=1.775e-03  n_seeds=5
      ep/s=94.6  step=13.3ms  gpu=0%
  hidden=[64, 64, 64] omega0=15.0 lr=0.0001 epochs=8000 npp=512
      min_dig=3  mean_dig=4.0  max_dig=6  mean_relerr=1.835e-03  n_seeds=5
      ep/s=93.9  step=12.9ms  gpu=0%
  hidden=[64, 64, 64] omega0=15.0 lr=0.0002 epochs=6000 npp=512
      min_dig=3  mean_dig=4.0  max_dig=5  mean_relerr=1.861e-03  n_seeds=5
      ep/s=94.6  step=12.8ms  gpu=0%
  hidden=[64, 64, 64] omega0=12.5 lr=0.0001 epochs=8000 npp=512
      min_dig=3  mean_dig=4.0  max_dig=7  mean_relerr=1.898e-03  n_seeds=5
      ep/s=94.9  step=12.8ms  gpu=0%
  hidden=[64, 64, 64] omega0=12.5 lr=0.0001 epochs=6000 npp=1024
      min_dig=3  mean_dig=3.8  max_dig=5  mean_relerr=1.909e-03  n_seeds=5
      ep/s=93.2  step=13.2ms  gpu=0%
  hidden=[48, 48, 48] omega0=17.5 lr=0.0002 epochs=6000 npp=512
      min_dig=3  mean_dig=3.8  max_dig=5  mean_relerr=2.031e-03  n_seeds=1
      ep/s=92.9  step=13.1ms  gpu=0%
  hidden=[48, 48, 48] omega0=17.5 lr=0.0001 epochs=8000 npp=512
      min_dig=3  mean_dig=3.9  max_dig=5  mean_relerr=2.071e-03  n_seeds=5
      ep/s=92.0  step=13.2ms  gpu=0%
  hidden=[64, 64, 64] omega0=15.0 lr=5e-05 epochs=8000 npp=1024
      min_dig=3  mean_dig=3.9  max_dig=7  mean_relerr=2.084e-03  n_seeds=5
      ep/s=93.3  step=13.1ms  gpu=0%
  hidden=[48, 48, 48] omega0=17.5 lr=5e-05 epochs=10000 npp=2048
      min_dig=3  mean_dig=3.7  max_dig=5  mean_relerr=2.089e-03  n_seeds=5
      ep/s=93.6  step=13.4ms  gpu=0%
  hidden=[48, 48, 48] omega0=17.5 lr=0.0002 epochs=8000 npp=512
      min_dig=3  mean_dig=3.9  max_dig=5  mean_relerr=2.115e-03  n_seeds=5
      ep/s=91.7  step=13.2ms  gpu=0%
  hidden=[48, 48, 48] omega0=17.5 lr=0.0001 epochs=10000 npp=512
      min_dig=3  mean_dig=3.9  max_dig=6  mean_relerr=2.151e-03  n_seeds=5
      ep/s=91.6  step=13.2ms  gpu=0%
  hidden=[64, 64, 64] omega0=12.5 lr=5e-05 epochs=10000 npp=1024
      min_dig=3  mean_dig=3.9  max_dig=6  mean_relerr=2.208e-03  n_seeds=5
      ep/s=93.6  step=13.1ms  gpu=0%
  hidden=[64, 64, 64] omega0=12.5 lr=5e-05 epochs=8000 npp=2048
      min_dig=3  mean_dig=3.8  max_dig=5  mean_relerr=2.214e-03  n_seeds=5
      ep/s=94.3  step=13.3ms  gpu=0%
  hidden=[48, 48, 48] omega0=17.5 lr=5e-05 epochs=8000 npp=2048
      min_dig=3  mean_dig=3.8  max_dig=5  mean_relerr=2.233e-03  n_seeds=5
      ep/s=94.7  step=13.3ms  gpu=0%
  hidden=[64, 64, 64] omega0=12.5 lr=5e-05 epochs=8000 npp=1024
      min_dig=3  mean_dig=3.8  max_dig=6  mean_relerr=2.303e-03  n_seeds=5
      ep/s=93.1  step=13.2ms  gpu=0%
  hidden=[64, 64, 64] omega0=15.0 lr=0.0001 epochs=6000 npp=512
      min_dig=3  mean_dig=3.8  max_dig=6  mean_relerr=2.435e-03  n_seeds=5
      ep/s=94.5  step=12.9ms  gpu=0%
  hidden=[48, 48, 48] omega0=17.5 lr=5e-05 epochs=10000 npp=1024
      min_dig=3  mean_dig=3.8  max_dig=5  mean_relerr=2.623e-03  n_seeds=5
      ep/s=93.6  step=13.1ms  gpu=0%
  hidden=[64, 64, 64] omega0=12.5 lr=5e-05 epochs=10000 npp=512
      min_dig=3  mean_dig=3.8  max_dig=5  mean_relerr=2.791e-03  n_seeds=5
      ep/s=95.2  step=12.8ms  gpu=0%
  hidden=[64, 64, 64] omega0=15.0 lr=5e-05 epochs=6000 npp=2048
      min_dig=3  mean_dig=3.8  max_dig=6  mean_relerr=2.923e-03  n_seeds=5
      ep/s=95.3  step=13.2ms  gpu=0%
  hidden=[48, 48, 48] omega0=17.5 lr=5e-05 epochs=8000 npp=1024
      min_dig=3  mean_dig=3.7  max_dig=5  mean_relerr=3.194e-03  n_seeds=5
      ep/s=95.3  step=13.0ms  gpu=0%
  hidden=[64, 64, 64] omega0=15.0 lr=5e-05 epochs=6000 npp=1024
      min_dig=3  mean_dig=3.6  max_dig=5  mean_relerr=3.217e-03  n_seeds=5
      ep/s=94.4  step=13.0ms  gpu=0%
  hidden=[64, 64, 64] omega0=12.5 lr=0.0001 epochs=6000 npp=512
      min_dig=3  mean_dig=3.7  max_dig=5  mean_relerr=3.295e-03  n_seeds=5
      ep/s=93.8  step=12.9ms  gpu=0%
  hidden=[64, 64, 64] omega0=15.0 lr=5e-05 epochs=8000 npp=512
      min_dig=3  mean_dig=3.7  max_dig=5  mean_relerr=3.412e-03  n_seeds=5
      ep/s=94.6  step=12.8ms  gpu=0%
  hidden=[48, 48, 48] omega0=17.5 lr=5e-05 epochs=10000 npp=512
      min_dig=3  mean_dig=3.7  max_dig=6  mean_relerr=3.914e-03  n_seeds=5
      ep/s=92.7  step=13.1ms  gpu=0%
  hidden=[48, 48, 48] omega0=17.5 lr=5e-05 epochs=8000 npp=512
      min_dig=3  mean_dig=3.6  max_dig=5  mean_relerr=4.134e-03  n_seeds=5
      ep/s=94.1  step=12.9ms  gpu=0%
  hidden=[64, 64, 64] omega0=12.5 lr=5e-05 epochs=6000 npp=2048
      min_dig=2  mean_dig=3.5  max_dig=5  mean_relerr=3.873e-03  n_seeds=5
      ep/s=94.4  step=13.3ms  gpu=0%
  hidden=[64, 64, 64] omega0=15.0 lr=5e-05 epochs=6000 npp=512
      min_dig=2  mean_dig=3.5  max_dig=5  mean_relerr=4.460e-03  n_seeds=5
      ep/s=94.4  step=12.9ms  gpu=0%
  hidden=[64, 64, 64] omega0=12.5 lr=5e-05 epochs=8000 npp=512
      min_dig=2  mean_dig=3.5  max_dig=5  mean_relerr=4.825e-03  n_seeds=5
      ep/s=94.2  step=12.9ms  gpu=0%
  hidden=[64, 64, 64] omega0=12.5 lr=5e-05 epochs=6000 npp=1024
      min_dig=2  mean_dig=3.5  max_dig=5  mean_relerr=5.079e-03  n_seeds=5
      ep/s=93.1  step=13.2ms  gpu=0%
  hidden=[64, 64, 64] omega0=12.5 lr=5e-05 epochs=6000 npp=512
      min_dig=2  mean_dig=3.4  max_dig=5  mean_relerr=6.749e-03  n_seeds=5
      ep/s=93.9  step=12.9ms  gpu=0%
============================================================================================================================================
  Results saved -> /lustre/projects/g/gshipunv/project-skuld/research/results/grid/18-sechiren-sweep-m3/ampere/results_gpu1.csv

