==================================================================
Job ID:     2668988
Script:     /lustre/projects/g/gshipunv/project-skuld/research/experiments/grid/18-sechiren-sweep-m3/sechiren_sweep_m3.py
Arguments:  --num-gpus 4
Log file:   /lustre/projects/g/gshipunv/project-skuld/research/results/grid/18-sechiren-sweep-m3/slurm-2668988.log
Python:     /zfs/store1.hydra.local/user/g/gshipunv/.conda/envs/jasher-lustre/bin/python
PYTHONPATH: /lustre/projects/g/gshipunv/project-skuld/research:/lustre/projects/g/gshipunv/project-skuld:/lustre/projects/g/gshipunv/project-skuld/research/experiments/grid/18-sechiren-sweep-m3:
==================================================================
SKULD is using device: cuda

========================================================================
  SECHIREN SWEEP m3  —  243 configs × 5 seeds = 1215 total runs
  GPU 2/4  —  processing runs [608:912] = 304 runs, device=cuda
  Run tag: ampere  (results -> results/.../ampere/)
========================================================================

Computing scipy reference integrals (shared across all configs)...
Done.

[1/304] hidden=[64, 64, 64] omega0=15.0 lr=0.0001 epochs=8000 npp=1024 seed=7 ...
  Epoch     1/8000  loss=4.0837e-01  lr=1.00e-04  (0.2s)
    -> I1=4 I2=5 I3=4 I4=5 I5=3 I6=4 I7=5 I8=6 min=3 mean=4.5 max=6 (109.6s, 90.9 ep/s, step=13.5ms, gpu=0%)
[2/304] hidden=[64, 64, 64] omega0=15.0 lr=0.0001 epochs=8000 npp=1024 seed=999 ...
  Epoch     1/8000  loss=4.3785e-01  lr=1.00e-04  (0.0s)
    -> I1=4 I2=5 I3=4 I4=6 I5=3 I6=4 I7=5 I8=4 min=3 mean=4.4 max=6 (109.3s, 90.0 ep/s, step=13.6ms, gpu=0%)
[3/304] hidden=[64, 64, 64] omega0=15.0 lr=0.0001 epochs=8000 npp=2048 seed=42 ...
  Epoch     1/8000  loss=3.5456e-01  lr=1.00e-04  (0.0s)
    -> I1=3 I2=4 I3=4 I4=4 I5=3 I6=4 I7=3 I8=5 min=3 mean=3.8 max=5 (109.9s, 91.9 ep/s, step=13.7ms, gpu=0%)
[4/304] hidden=[64, 64, 64] omega0=15.0 lr=0.0001 epochs=8000 npp=2048 seed=137 ...
  Epoch     1/8000  loss=3.5328e-01  lr=1.00e-04  (0.0s)
    -> I1=3 I2=4 I3=4 I4=4 I5=3 I6=4 I7=4 I8=5 min=3 mean=3.9 max=5 (109.9s, 91.9 ep/s, step=13.7ms, gpu=0%)
[5/304] hidden=[64, 64, 64] omega0=15.0 lr=0.0001 epochs=8000 npp=2048 seed=2024 ...
  Epoch     1/8000  loss=3.6882e-01  lr=1.00e-04  (0.0s)
    -> I1=3 I2=6 I3=5 I4=5 I5=4 I6=4 I7=4 I8=5 min=3 mean=4.5 max=6 (110.8s, 90.9 ep/s, step=13.8ms, gpu=0%)
[6/304] hidden=[64, 64, 64] omega0=15.0 lr=0.0001 epochs=8000 npp=2048 seed=7 ...
  Epoch     1/8000  loss=3.8938e-01  lr=1.00e-04  (0.0s)
    -> I1=4 I2=5 I3=4 I4=4 I5=4 I6=4 I7=4 I8=5 min=4 mean=4.2 max=5 (109.6s, 92.1 ep/s, step=13.7ms, gpu=0%)
[7/304] hidden=[64, 64, 64] omega0=15.0 lr=0.0001 epochs=8000 npp=2048 seed=999 ...
  Epoch     1/8000  loss=3.9706e-01  lr=1.00e-04  (0.0s)
    -> I1=3 I2=4 I3=4 I4=4 I5=3 I6=4 I7=4 I8=5 min=3 mean=3.9 max=5 (111.5s, 90.1 ep/s, step=13.9ms, gpu=0%)
[8/304] hidden=[64, 64, 64] omega0=15.0 lr=0.0002 epochs=8000 npp=512 seed=42 ...
  Epoch     1/8000  loss=3.4799e-01  lr=2.00e-04  (0.0s)
    -> I1=3 I2=4 I3=4 I4=4 I5=3 I6=4 I7=4 I8=4 min=3 mean=3.8 max=4 (108.2s, 90.0 ep/s, step=13.5ms, gpu=0%)
[9/304] hidden=[64, 64, 64] omega0=15.0 lr=0.0002 epochs=8000 npp=512 seed=137 ...
  Epoch     1/8000  loss=3.5829e-01  lr=2.00e-04  (0.0s)
    -> I1=3 I2=3 I3=4 I4=5 I5=4 I6=3 I7=4 I8=4 min=3 mean=3.8 max=5 (109.0s, 89.3 ep/s, step=13.6ms, gpu=0%)
[10/304] hidden=[64, 64, 64] omega0=15.0 lr=0.0002 epochs=8000 npp=512 seed=2024 ...
  Epoch     1/8000  loss=3.6376e-01  lr=2.00e-04  (0.0s)
    -> I1=4 I2=4 I3=3 I4=4 I5=3 I6=4 I7=4 I8=5 min=3 mean=3.9 max=5 (107.0s, 91.1 ep/s, step=13.3ms, gpu=0%)
[11/304] hidden=[64, 64, 64] omega0=15.0 lr=0.0002 epochs=8000 npp=512 seed=7 ...
  Epoch     1/8000  loss=3.5815e-01  lr=2.00e-04  (0.0s)
    -> I1=3 I2=4 I3=4 I4=4 I5=3 I6=4 I7=4 I8=5 min=3 mean=3.9 max=5 (107.9s, 90.1 ep/s, step=13.4ms, gpu=0%)
[12/304] hidden=[64, 64, 64] omega0=15.0 lr=0.0002 epochs=8000 npp=512 seed=999 ...
  Epoch     1/8000  loss=3.8400e-01  lr=2.00e-04  (0.0s)
    -> I1=4 I2=4 I3=4 I4=4 I5=4 I6=6 I7=5 I8=5 min=4 mean=4.5 max=6 (105.2s, 92.8 ep/s, step=13.1ms, gpu=0%)
[13/304] hidden=[64, 64, 64] omega0=15.0 lr=0.0002 epochs=8000 npp=1024 seed=42 ...
  Epoch     1/8000  loss=3.6667e-01  lr=2.00e-04  (0.0s)
    -> I1=4 I2=4 I3=4 I4=4 I5=4 I6=4 I7=4 I8=5 min=4 mean=4.1 max=5 (109.7s, 89.6 ep/s, step=13.7ms, gpu=0%)
[14/304] hidden=[64, 64, 64] omega0=15.0 lr=0.0002 epochs=8000 npp=1024 seed=137 ...
  Epoch     1/8000  loss=3.8288e-01  lr=2.00e-04  (0.0s)
    -> I1=4 I2=5 I3=4 I4=4 I5=5 I6=4 I7=3 I8=4 min=3 mean=4.1 max=5 (108.5s, 90.8 ep/s, step=13.5ms, gpu=0%)
[15/304] hidden=[64, 64, 64] omega0=15.0 lr=0.0002 epochs=8000 npp=1024 seed=2024 ...
  Epoch     1/8000  loss=3.6027e-01  lr=2.00e-04  (0.0s)
    -> I1=4 I2=4 I3=4 I4=4 I5=3 I6=4 I7=4 I8=4 min=3 mean=3.9 max=4 (109.8s, 89.5 ep/s, step=13.7ms, gpu=0%)
[16/304] hidden=[64, 64, 64] omega0=15.0 lr=0.0002 epochs=8000 npp=1024 seed=7 ...
  Epoch     1/8000  loss=4.0837e-01  lr=2.00e-04  (0.0s)
    -> I1=4 I2=5 I3=5 I4=6 I5=4 I6=4 I7=4 I8=4 min=4 mean=4.5 max=6 (109.2s, 90.1 ep/s, step=13.6ms, gpu=0%)
[17/304] hidden=[64, 64, 64] omega0=15.0 lr=0.0002 epochs=8000 npp=1024 seed=999 ...
  Epoch     1/8000  loss=4.3785e-01  lr=2.00e-04  (0.0s)
    -> I1=4 I2=5 I3=4 I4=4 I5=4 I6=4 I7=5 I8=5 min=4 mean=4.4 max=5 (109.6s, 89.6 ep/s, step=13.7ms, gpu=0%)
[18/304] hidden=[64, 64, 64] omega0=15.0 lr=0.0002 epochs=8000 npp=2048 seed=42 ...
  Epoch     1/8000  loss=3.5456e-01  lr=2.00e-04  (0.0s)
    -> I1=3 I2=4 I3=5 I4=5 I5=4 I6=5 I7=4 I8=5 min=3 mean=4.4 max=5 (111.5s, 90.1 ep/s, step=13.9ms, gpu=0%)
[19/304] hidden=[64, 64, 64] omega0=15.0 lr=0.0002 epochs=8000 npp=2048 seed=137 ...
  Epoch     1/8000  loss=3.5328e-01  lr=2.00e-04  (0.0s)
    -> I1=4 I2=4 I3=4 I4=5 I5=4 I6=4 I7=4 I8=5 min=4 mean=4.2 max=5 (111.1s, 90.5 ep/s, step=13.8ms, gpu=0%)
[20/304] hidden=[64, 64, 64] omega0=15.0 lr=0.0002 epochs=8000 npp=2048 seed=2024 ...
  Epoch     1/8000  loss=3.6882e-01  lr=2.00e-04  (0.0s)
    -> I1=4 I2=4 I3=5 I4=5 I5=4 I6=4 I7=5 I8=5 min=4 mean=4.5 max=5 (110.1s, 91.5 ep/s, step=13.7ms, gpu=0%)
[21/304] hidden=[64, 64, 64] omega0=15.0 lr=0.0002 epochs=8000 npp=2048 seed=7 ...
  Epoch     1/8000  loss=3.8938e-01  lr=2.00e-04  (0.0s)
    -> I1=4 I2=5 I3=4 I4=7 I5=4 I6=4 I7=4 I8=5 min=4 mean=4.6 max=7 (110.3s, 91.3 ep/s, step=13.7ms, gpu=0%)
[22/304] hidden=[64, 64, 64] omega0=15.0 lr=0.0002 epochs=8000 npp=2048 seed=999 ...
  Epoch     1/8000  loss=3.9706e-01  lr=2.00e-04  (0.0s)
    -> I1=4 I2=4 I3=4 I4=4 I5=4 I6=4 I7=5 I8=5 min=4 mean=4.2 max=5 (111.2s, 90.3 ep/s, step=13.9ms, gpu=0%)
[23/304] hidden=[64, 64, 64] omega0=15.0 lr=5e-05 epochs=10000 npp=512 seed=42 ...
  Epoch     1/10000  loss=3.4799e-01  lr=5.00e-05  (0.0s)
    -> I1=3 I2=4 I3=4 I4=4 I5=3 I6=3 I7=3 I8=5 min=3 mean=3.6 max=5 (135.3s, 89.9 ep/s, step=13.5ms, gpu=0%)
[24/304] hidden=[64, 64, 64] omega0=15.0 lr=5e-05 epochs=10000 npp=512 seed=137 ...
  Epoch     1/10000  loss=3.5829e-01  lr=5.00e-05  (0.0s)
    -> I1=4 I2=4 I3=4 I4=4 I5=4 I6=3 I7=4 I8=4 min=3 mean=3.9 max=4 (133.3s, 91.3 ep/s, step=13.3ms, gpu=0%)
[25/304] hidden=[64, 64, 64] omega0=15.0 lr=5e-05 epochs=10000 npp=512 seed=2024 ...
  Epoch     1/10000  loss=3.6376e-01  lr=5.00e-05  (0.0s)
    -> I1=5 I2=4 I3=5 I4=4 I5=3 I6=4 I7=4 I8=4 min=3 mean=4.1 max=5 (129.8s, 93.9 ep/s, step=12.9ms, gpu=0%)
[26/304] hidden=[64, 64, 64] omega0=15.0 lr=5e-05 epochs=10000 npp=512 seed=7 ...
  Epoch     1/10000  loss=3.5815e-01  lr=5.00e-05  (0.0s)
    -> I1=4 I2=4 I3=4 I4=5 I5=5 I6=3 I7=4 I8=4 min=3 mean=4.1 max=5 (127.6s, 95.8 ep/s, step=12.7ms, gpu=0%)
[27/304] hidden=[64, 64, 64] omega0=15.0 lr=5e-05 epochs=10000 npp=512 seed=999 ...
  Epoch     1/10000  loss=3.8400e-01  lr=5.00e-05  (0.0s)
    -> I1=4 I2=4 I3=4 I4=4 I5=3 I6=4 I7=3 I8=4 min=3 mean=3.8 max=4 (130.6s, 93.0 ep/s, step=13.0ms, gpu=0%)
[28/304] hidden=[64, 64, 64] omega0=15.0 lr=5e-05 epochs=10000 npp=1024 seed=42 ...
  Epoch     1/10000  loss=3.6667e-01  lr=5.00e-05  (0.0s)
    -> I1=4 I2=4 I3=4 I4=4 I5=3 I6=4 I7=3 I8=4 min=3 mean=3.8 max=4 (133.4s, 92.0 ep/s, step=13.3ms, gpu=0%)
[29/304] hidden=[64, 64, 64] omega0=15.0 lr=5e-05 epochs=10000 npp=1024 seed=137 ...
  Epoch     1/10000  loss=3.8288e-01  lr=5.00e-05  (0.0s)
    -> I1=5 I2=5 I3=4 I4=5 I5=3 I6=4 I7=3 I8=5 min=3 mean=4.2 max=5 (132.7s, 92.5 ep/s, step=13.2ms, gpu=0%)
[30/304] hidden=[64, 64, 64] omega0=15.0 lr=5e-05 epochs=10000 npp=1024 seed=2024 ...
  Epoch     1/10000  loss=3.6027e-01  lr=5.00e-05  (0.0s)
    -> I1=4 I2=4 I3=4 I4=4 I5=4 I6=4 I7=5 I8=5 min=4 mean=4.2 max=5 (131.7s, 93.5 ep/s, step=13.1ms, gpu=0%)
[31/304] hidden=[64, 64, 64] omega0=15.0 lr=5e-05 epochs=10000 npp=1024 seed=7 ...
  Epoch     1/10000  loss=4.0837e-01  lr=5.00e-05  (0.0s)
    -> I1=4 I2=4 I3=4 I4=5 I5=3 I6=3 I7=4 I8=4 min=3 mean=3.9 max=5 (132.1s, 93.1 ep/s, step=13.2ms, gpu=0%)
[32/304] hidden=[64, 64, 64] omega0=15.0 lr=5e-05 epochs=10000 npp=1024 seed=999 ...
  Epoch     1/10000  loss=4.3785e-01  lr=5.00e-05  (0.0s)
    -> I1=3 I2=4 I3=4 I4=5 I5=3 I6=4 I7=4 I8=5 min=3 mean=4.0 max=5 (132.5s, 92.8 ep/s, step=13.2ms, gpu=0%)
[33/304] hidden=[64, 64, 64] omega0=15.0 lr=5e-05 epochs=10000 npp=2048 seed=42 ...
  Epoch     1/10000  loss=3.5456e-01  lr=5.00e-05  (0.0s)
    -> I1=3 I2=4 I3=4 I4=4 I5=4 I6=4 I7=3 I8=4 min=3 mean=3.8 max=4 (135.3s, 93.1 ep/s, step=13.5ms, gpu=0%)
[34/304] hidden=[64, 64, 64] omega0=15.0 lr=5e-05 epochs=10000 npp=2048 seed=137 ...
  Epoch     1/10000  loss=3.5328e-01  lr=5.00e-05  (0.0s)
    -> I1=4 I2=4 I3=3 I4=4 I5=3 I6=4 I7=4 I8=4 min=3 mean=3.8 max=4 (135.8s, 92.7 ep/s, step=13.5ms, gpu=0%)
[35/304] hidden=[64, 64, 64] omega0=15.0 lr=5e-05 epochs=10000 npp=2048 seed=2024 ...
  Epoch     1/10000  loss=3.6882e-01  lr=5.00e-05  (0.0s)
    -> I1=4 I2=5 I3=4 I4=5 I5=3 I6=4 I7=4 I8=4 min=3 mean=4.1 max=5 (136.5s, 92.1 ep/s, step=13.6ms, gpu=0%)
[36/304] hidden=[64, 64, 64] omega0=15.0 lr=5e-05 epochs=10000 npp=2048 seed=7 ...
  Epoch     1/10000  loss=3.8938e-01  lr=5.00e-05  (0.0s)
    -> I1=4 I2=4 I3=4 I4=5 I5=3 I6=4 I7=4 I8=5 min=3 mean=4.1 max=5 (136.4s, 92.1 ep/s, step=13.6ms, gpu=0%)
[37/304] hidden=[64, 64, 64] omega0=15.0 lr=5e-05 epochs=10000 npp=2048 seed=999 ...
  Epoch     1/10000  loss=3.9706e-01  lr=5.00e-05  (0.0s)
    -> I1=4 I2=4 I3=4 I4=5 I5=3 I6=4 I7=5 I8=4 min=3 mean=4.1 max=5 (136.5s, 92.1 ep/s, step=13.6ms, gpu=0%)
[38/304] hidden=[64, 64, 64] omega0=15.0 lr=0.0001 epochs=10000 npp=512 seed=42 ...
  Epoch     1/10000  loss=3.4799e-01  lr=1.00e-04  (0.0s)
    -> I1=3 I2=4 I3=3 I4=4 I5=3 I6=4 I7=4 I8=4 min=3 mean=3.6 max=4 (129.5s, 94.1 ep/s, step=12.9ms, gpu=0%)
[39/304] hidden=[64, 64, 64] omega0=15.0 lr=0.0001 epochs=10000 npp=512 seed=137 ...
  Epoch     1/10000  loss=3.5829e-01  lr=1.00e-04  (0.0s)
    -> I1=3 I2=4 I3=4 I4=4 I5=3 I6=4 I7=4 I8=4 min=3 mean=3.8 max=4 (130.9s, 92.8 ep/s, step=13.1ms, gpu=0%)
[40/304] hidden=[64, 64, 64] omega0=15.0 lr=0.0001 epochs=10000 npp=512 seed=2024 ...
  Epoch     1/10000  loss=3.6376e-01  lr=1.00e-04  (0.0s)
    -> I1=3 I2=4 I3=4 I4=4 I5=4 I6=4 I7=4 I8=5 min=3 mean=4.0 max=5 (131.0s, 92.8 ep/s, step=13.1ms, gpu=0%)
[41/304] hidden=[64, 64, 64] omega0=15.0 lr=0.0001 epochs=10000 npp=512 seed=7 ...
  Epoch     1/10000  loss=3.5815e-01  lr=1.00e-04  (0.0s)
    -> I1=3 I2=3 I3=4 I4=4 I5=4 I6=4 I7=4 I8=4 min=3 mean=3.8 max=4 (129.4s, 94.2 ep/s, step=12.9ms, gpu=0%)
[42/304] hidden=[64, 64, 64] omega0=15.0 lr=0.0001 epochs=10000 npp=512 seed=999 ...
  Epoch     1/10000  loss=3.8400e-01  lr=1.00e-04  (0.0s)
    -> I1=4 I2=6 I3=5 I4=5 I5=3 I6=4 I7=4 I8=4 min=3 mean=4.4 max=6 (130.4s, 93.3 ep/s, step=13.0ms, gpu=0%)
[43/304] hidden=[64, 64, 64] omega0=15.0 lr=0.0001 epochs=10000 npp=1024 seed=42 ...
  Epoch     1/10000  loss=3.6667e-01  lr=1.00e-04  (0.0s)
    -> I1=4 I2=6 I3=4 I4=5 I5=5 I6=5 I7=4 I8=5 min=4 mean=4.8 max=6 (132.7s, 92.5 ep/s, step=13.2ms, gpu=0%)
[44/304] hidden=[64, 64, 64] omega0=15.0 lr=0.0001 epochs=10000 npp=1024 seed=137 ...
  Epoch     1/10000  loss=3.8288e-01  lr=1.00e-04  (0.0s)
    -> I1=3 I2=4 I3=4 I4=4 I5=3 I6=4 I7=4 I8=4 min=3 mean=3.8 max=4 (133.8s, 91.7 ep/s, step=13.3ms, gpu=0%)
[45/304] hidden=[64, 64, 64] omega0=15.0 lr=0.0001 epochs=10000 npp=1024 seed=2024 ...
  Epoch     1/10000  loss=3.6027e-01  lr=1.00e-04  (0.0s)
    -> I1=3 I2=4 I3=5 I4=4 I5=3 I6=4 I7=4 I8=4 min=3 mean=3.9 max=5 (131.5s, 93.6 ep/s, step=13.1ms, gpu=0%)
[46/304] hidden=[64, 64, 64] omega0=15.0 lr=0.0001 epochs=10000 npp=1024 seed=7 ...
  Epoch     1/10000  loss=4.0837e-01  lr=1.00e-04  (0.0s)
    -> I1=4 I2=4 I3=4 I4=4 I5=4 I6=4 I7=4 I8=5 min=4 mean=4.1 max=5 (131.5s, 93.6 ep/s, step=13.1ms, gpu=0%)
[47/304] hidden=[64, 64, 64] omega0=15.0 lr=0.0001 epochs=10000 npp=1024 seed=999 ...
  Epoch     1/10000  loss=4.3785e-01  lr=1.00e-04  (0.0s)
    -> I1=4 I2=5 I3=4 I4=5 I5=3 I6=4 I7=5 I8=5 min=3 mean=4.4 max=5 (133.3s, 92.1 ep/s, step=13.3ms, gpu=0%)
[48/304] hidden=[64, 64, 64] omega0=15.0 lr=0.0001 epochs=10000 npp=2048 seed=42 ...
  Epoch     1/10000  loss=3.5456e-01  lr=1.00e-04  (0.0s)
    -> I1=4 I2=4 I3=4 I4=4 I5=3 I6=4 I7=3 I8=6 min=3 mean=4.0 max=6 (136.2s, 92.3 ep/s, step=13.6ms, gpu=0%)
[49/304] hidden=[64, 64, 64] omega0=15.0 lr=0.0001 epochs=10000 npp=2048 seed=137 ...
  Epoch     1/10000  loss=3.5328e-01  lr=1.00e-04  (0.0s)
    -> I1=3 I2=4 I3=4 I4=5 I5=3 I6=5 I7=4 I8=4 min=3 mean=4.0 max=5 (136.1s, 92.3 ep/s, step=13.6ms, gpu=0%)
[50/304] hidden=[64, 64, 64] omega0=15.0 lr=0.0001 epochs=10000 npp=2048 seed=2024 ...
  Epoch     1/10000  loss=3.6882e-01  lr=1.00e-04  (0.0s)
    -> I1=4 I2=5 I3=4 I4=5 I5=3 I6=4 I7=4 I8=6 min=3 mean=4.4 max=6 (135.7s, 92.7 ep/s, step=13.5ms, gpu=0%)
[51/304] hidden=[64, 64, 64] omega0=15.0 lr=0.0001 epochs=10000 npp=2048 seed=7 ...
  Epoch     1/10000  loss=3.8938e-01  lr=1.00e-04  (0.0s)
    -> I1=4 I2=4 I3=4 I4=5 I5=4 I6=4 I7=5 I8=6 min=4 mean=4.5 max=6 (136.0s, 92.5 ep/s, step=13.6ms, gpu=0%)
[52/304] hidden=[64, 64, 64] omega0=15.0 lr=0.0001 epochs=10000 npp=2048 seed=999 ...
  Epoch     1/10000  loss=3.9706e-01  lr=1.00e-04  (0.0s)
    -> I1=4 I2=5 I3=4 I4=5 I5=4 I6=4 I7=5 I8=4 min=4 mean=4.4 max=5 (135.8s, 92.7 ep/s, step=13.5ms, gpu=0%)
[53/304] hidden=[64, 64, 64] omega0=15.0 lr=0.0002 epochs=10000 npp=512 seed=42 ...
  Epoch     1/10000  loss=3.4799e-01  lr=2.00e-04  (0.0s)
    -> I1=3 I2=4 I3=4 I4=6 I5=4 I6=5 I7=4 I8=5 min=3 mean=4.4 max=6 (129.5s, 94.0 ep/s, step=12.9ms, gpu=0%)
[54/304] hidden=[64, 64, 64] omega0=15.0 lr=0.0002 epochs=10000 npp=512 seed=137 ...
  Epoch     1/10000  loss=3.5829e-01  lr=2.00e-04  (0.0s)
    -> I1=3 I2=4 I3=4 I4=4 I5=3 I6=4 I7=4 I8=4 min=3 mean=3.8 max=4 (127.8s, 95.5 ep/s, step=12.7ms, gpu=0%)
[55/304] hidden=[64, 64, 64] omega0=15.0 lr=0.0002 epochs=10000 npp=512 seed=2024 ...
  Epoch     1/10000  loss=3.6376e-01  lr=2.00e-04  (0.0s)
    -> I1=3 I2=3 I3=3 I4=4 I5=3 I6=4 I7=4 I8=4 min=3 mean=3.5 max=4 (129.1s, 94.4 ep/s, step=12.9ms, gpu=0%)
[56/304] hidden=[64, 64, 64] omega0=15.0 lr=0.0002 epochs=10000 npp=512 seed=7 ...
  Epoch     1/10000  loss=3.5815e-01  lr=2.00e-04  (0.0s)
    -> I1=4 I2=4 I3=5 I4=6 I5=3 I6=5 I7=5 I8=5 min=3 mean=4.6 max=6 (130.1s, 93.5 ep/s, step=13.0ms, gpu=0%)
[57/304] hidden=[64, 64, 64] omega0=15.0 lr=0.0002 epochs=10000 npp=512 seed=999 ...
  Epoch     1/10000  loss=3.8400e-01  lr=2.00e-04  (0.0s)
    -> I1=4 I2=5 I3=4 I4=4 I5=4 I6=5 I7=6 I8=5 min=4 mean=4.6 max=6 (130.6s, 93.0 ep/s, step=13.0ms, gpu=0%)
[58/304] hidden=[64, 64, 64] omega0=15.0 lr=0.0002 epochs=10000 npp=1024 seed=42 ...
  Epoch     1/10000  loss=3.6667e-01  lr=2.00e-04  (0.0s)
    -> I1=5 I2=4 I3=5 I4=5 I5=3 I6=4 I7=4 I8=4 min=3 mean=4.2 max=5 (131.3s, 93.8 ep/s, step=13.1ms, gpu=0%)
[59/304] hidden=[64, 64, 64] omega0=15.0 lr=0.0002 epochs=10000 npp=1024 seed=137 ...
  Epoch     1/10000  loss=3.8288e-01  lr=2.00e-04  (0.0s)
    -> I1=3 I2=4 I3=4 I4=4 I5=3 I6=4 I7=4 I8=5 min=3 mean=3.9 max=5 (131.7s, 93.5 ep/s, step=13.1ms, gpu=0%)
[60/304] hidden=[64, 64, 64] omega0=15.0 lr=0.0002 epochs=10000 npp=1024 seed=2024 ...
  Epoch     1/10000  loss=3.6027e-01  lr=2.00e-04  (0.0s)
    -> I1=3 I2=3 I3=3 I4=4 I5=3 I6=3 I7=3 I8=4 min=3 mean=3.2 max=4 (131.8s, 93.4 ep/s, step=13.1ms, gpu=0%)
[61/304] hidden=[64, 64, 64] omega0=15.0 lr=0.0002 epochs=10000 npp=1024 seed=7 ...
  Epoch     1/10000  loss=4.0837e-01  lr=2.00e-04  (0.0s)
    -> I1=4 I2=4 I3=4 I4=5 I5=4 I6=4 I7=5 I8=5 min=4 mean=4.4 max=5 (133.1s, 92.4 ep/s, step=13.3ms, gpu=0%)
[62/304] hidden=[64, 64, 64] omega0=15.0 lr=0.0002 epochs=10000 npp=1024 seed=999 ...
  Epoch     1/10000  loss=4.3785e-01  lr=2.00e-04  (0.0s)
    -> I1=4 I2=4 I3=5 I4=4 I5=4 I6=4 I7=5 I8=5 min=4 mean=4.4 max=5 (132.9s, 92.4 ep/s, step=13.2ms, gpu=0%)
[63/304] hidden=[64, 64, 64] omega0=15.0 lr=0.0002 epochs=10000 npp=2048 seed=42 ...
  Epoch     1/10000  loss=3.5456e-01  lr=2.00e-04  (0.0s)
    -> I1=4 I2=4 I3=4 I4=5 I5=4 I6=5 I7=4 I8=4 min=4 mean=4.2 max=5 (135.5s, 92.8 ep/s, step=13.5ms, gpu=0%)
[64/304] hidden=[64, 64, 64] omega0=15.0 lr=0.0002 epochs=10000 npp=2048 seed=137 ...
  Epoch     1/10000  loss=3.5328e-01  lr=2.00e-04  (0.0s)
    -> I1=4 I2=4 I3=5 I4=4 I5=4 I6=4 I7=6 I8=4 min=4 mean=4.4 max=6 (135.8s, 92.6 ep/s, step=13.5ms, gpu=0%)
[65/304] hidden=[64, 64, 64] omega0=15.0 lr=0.0002 epochs=10000 npp=2048 seed=2024 ...
  Epoch     1/10000  loss=3.6882e-01  lr=2.00e-04  (0.0s)
    -> I1=4 I2=4 I3=5 I4=6 I5=4 I6=4 I7=5 I8=5 min=4 mean=4.6 max=6 (135.3s, 93.1 ep/s, step=13.5ms, gpu=0%)
[66/304] hidden=[64, 64, 64] omega0=15.0 lr=0.0002 epochs=10000 npp=2048 seed=7 ...
  Epoch     1/10000  loss=3.8938e-01  lr=2.00e-04  (0.0s)
    -> I1=3 I2=4 I3=5 I4=4 I5=4 I6=4 I7=4 I8=4 min=3 mean=4.0 max=5 (135.4s, 93.0 ep/s, step=13.5ms, gpu=0%)
[67/304] hidden=[64, 64, 64] omega0=15.0 lr=0.0002 epochs=10000 npp=2048 seed=999 ...
  Epoch     1/10000  loss=3.9706e-01  lr=2.00e-04  (0.0s)
    -> I1=4 I2=5 I3=5 I4=5 I5=4 I6=5 I7=4 I8=6 min=4 mean=4.8 max=6 (135.9s, 92.6 ep/s, step=13.5ms, gpu=0%)
[68/304] hidden=[64, 64, 64] omega0=17.5 lr=5e-05 epochs=6000 npp=512 seed=42 ...
  Epoch     1/6000  loss=3.4799e-01  lr=5.00e-05  (0.0s)
    -> I1=3 I2=4 I3=4 I4=4 I5=3 I6=3 I7=3 I8=5 min=3 mean=3.6 max=5 (78.3s, 93.2 ep/s, step=13.0ms, gpu=0%)
[69/304] hidden=[64, 64, 64] omega0=17.5 lr=5e-05 epochs=6000 npp=512 seed=137 ...
  Epoch     1/6000  loss=3.5829e-01  lr=5.00e-05  (0.0s)
    -> I1=4 I2=4 I3=4 I4=5 I5=3 I6=3 I7=3 I8=4 min=3 mean=3.8 max=5 (78.4s, 92.9 ep/s, step=13.0ms, gpu=0%)
[70/304] hidden=[64, 64, 64] omega0=17.5 lr=5e-05 epochs=6000 npp=512 seed=2024 ...
  Epoch     1/6000  loss=3.6376e-01  lr=5.00e-05  (0.0s)
    -> I1=3 I2=4 I3=4 I4=4 I5=3 I6=4 I7=5 I8=4 min=3 mean=3.9 max=5 (77.8s, 93.8 ep/s, step=12.9ms, gpu=0%)
[71/304] hidden=[64, 64, 64] omega0=17.5 lr=5e-05 epochs=6000 npp=512 seed=7 ...
  Epoch     1/6000  loss=3.5815e-01  lr=5.00e-05  (0.0s)
    -> I1=4 I2=3 I3=3 I4=4 I5=3 I6=3 I7=4 I8=4 min=3 mean=3.5 max=4 (78.1s, 93.5 ep/s, step=13.0ms, gpu=0%)
[72/304] hidden=[64, 64, 64] omega0=17.5 lr=5e-05 epochs=6000 npp=512 seed=999 ...
  Epoch     1/6000  loss=3.8400e-01  lr=5.00e-05  (0.0s)
    -> I1=3 I2=4 I3=4 I4=4 I5=3 I6=5 I7=3 I8=4 min=3 mean=3.8 max=5 (78.5s, 92.8 ep/s, step=13.0ms, gpu=0%)
[73/304] hidden=[64, 64, 64] omega0=17.5 lr=5e-05 epochs=6000 npp=1024 seed=42 ...
  Epoch     1/6000  loss=3.6667e-01  lr=5.00e-05  (0.0s)
    -> I1=4 I2=4 I3=4 I4=4 I5=3 I6=4 I7=4 I8=5 min=3 mean=4.0 max=5 (78.9s, 93.6 ep/s, step=13.1ms, gpu=0%)
[74/304] hidden=[64, 64, 64] omega0=17.5 lr=5e-05 epochs=6000 npp=1024 seed=137 ...
  Epoch     1/6000  loss=3.8288e-01  lr=5.00e-05  (0.0s)
    -> I1=4 I2=4 I3=4 I4=4 I5=3 I6=3 I7=4 I8=4 min=3 mean=3.8 max=4 (78.9s, 93.6 ep/s, step=13.1ms, gpu=0%)
[75/304] hidden=[64, 64, 64] omega0=17.5 lr=5e-05 epochs=6000 npp=1024 seed=2024 ...
  Epoch     1/6000  loss=3.6026e-01  lr=5.00e-05  (0.0s)
    -> I1=4 I2=4 I3=4 I4=4 I5=3 I6=3 I7=3 I8=4 min=3 mean=3.6 max=4 (79.2s, 93.3 ep/s, step=13.2ms, gpu=0%)
[76/304] hidden=[64, 64, 64] omega0=17.5 lr=5e-05 epochs=6000 npp=1024 seed=7 ...
  Epoch     1/6000  loss=4.0837e-01  lr=5.00e-05  (0.0s)
    -> I1=4 I2=3 I3=4 I4=4 I5=4 I6=3 I7=3 I8=5 min=3 mean=3.8 max=5 (79.6s, 92.7 ep/s, step=13.2ms, gpu=0%)
[77/304] hidden=[64, 64, 64] omega0=17.5 lr=5e-05 epochs=6000 npp=1024 seed=999 ...
  Epoch     1/6000  loss=4.3785e-01  lr=5.00e-05  (0.0s)
    -> I1=4 I2=4 I3=5 I4=5 I5=3 I6=4 I7=3 I8=4 min=3 mean=4.0 max=5 (79.8s, 92.4 ep/s, step=13.3ms, gpu=0%)
[78/304] hidden=[64, 64, 64] omega0=17.5 lr=5e-05 epochs=6000 npp=2048 seed=42 ...
  Epoch     1/6000  loss=3.5456e-01  lr=5.00e-05  (0.0s)
    -> I1=3 I2=4 I3=4 I4=5 I5=3 I6=4 I7=3 I8=5 min=3 mean=3.9 max=5 (80.5s, 94.1 ep/s, step=13.4ms, gpu=0%)
[79/304] hidden=[64, 64, 64] omega0=17.5 lr=5e-05 epochs=6000 npp=2048 seed=137 ...
  Epoch     1/6000  loss=3.5328e-01  lr=5.00e-05  (0.0s)
    -> I1=3 I2=4 I3=3 I4=5 I5=3 I6=3 I7=3 I8=4 min=3 mean=3.5 max=5 (81.3s, 92.9 ep/s, step=13.5ms, gpu=0%)
[80/304] hidden=[64, 64, 64] omega0=17.5 lr=5e-05 epochs=6000 npp=2048 seed=2024 ...
  Epoch     1/6000  loss=3.6882e-01  lr=5.00e-05  (0.0s)
    -> I1=5 I2=4 I3=5 I4=4 I5=4 I6=4 I7=4 I8=4 min=4 mean=4.2 max=5 (81.5s, 92.5 ep/s, step=13.5ms, gpu=0%)
[81/304] hidden=[64, 64, 64] omega0=17.5 lr=5e-05 epochs=6000 npp=2048 seed=7 ...
  Epoch     1/6000  loss=3.8938e-01  lr=5.00e-05  (0.0s)
    -> I1=4 I2=4 I3=4 I4=4 I5=3 I6=3 I7=4 I8=4 min=3 mean=3.8 max=4 (81.8s, 92.2 ep/s, step=13.6ms, gpu=0%)
[82/304] hidden=[64, 64, 64] omega0=17.5 lr=5e-05 epochs=6000 npp=2048 seed=999 ...
  Epoch     1/6000  loss=3.9706e-01  lr=5.00e-05  (0.0s)
    -> I1=4 I2=4 I3=3 I4=4 I5=4 I6=5 I7=4 I8=4 min=3 mean=4.0 max=5 (81.9s, 92.1 ep/s, step=13.6ms, gpu=0%)
[83/304] hidden=[64, 64, 64] omega0=17.5 lr=0.0001 epochs=6000 npp=512 seed=42 ...
  Epoch     1/6000  loss=3.4799e-01  lr=1.00e-04  (0.0s)
    -> I1=3 I2=4 I3=3 I4=4 I5=3 I6=3 I7=3 I8=4 min=3 mean=3.4 max=4 (78.0s, 93.6 ep/s, step=13.0ms, gpu=0%)
[84/304] hidden=[64, 64, 64] omega0=17.5 lr=0.0001 epochs=6000 npp=512 seed=137 ...
  Epoch     1/6000  loss=3.5829e-01  lr=1.00e-04  (0.0s)
    -> I1=3 I2=5 I3=4 I4=5 I5=3 I6=4 I7=4 I8=4 min=3 mean=4.0 max=5 (78.5s, 93.0 ep/s, step=13.0ms, gpu=0%)
[85/304] hidden=[64, 64, 64] omega0=17.5 lr=0.0001 epochs=6000 npp=512 seed=2024 ...
  Epoch     1/6000  loss=3.6376e-01  lr=1.00e-04  (0.0s)
    -> I1=3 I2=4 I3=4 I4=4 I5=3 I6=4 I7=5 I8=4 min=3 mean=3.9 max=5 (78.4s, 93.1 ep/s, step=13.0ms, gpu=0%)
[86/304] hidden=[64, 64, 64] omega0=17.5 lr=0.0001 epochs=6000 npp=512 seed=7 ...
  Epoch     1/6000  loss=3.5815e-01  lr=1.00e-04  (0.0s)
    -> I1=3 I2=3 I3=3 I4=4 I5=5 I6=3 I7=3 I8=4 min=3 mean=3.5 max=5 (78.0s, 93.6 ep/s, step=13.0ms, gpu=0%)
[87/304] hidden=[64, 64, 64] omega0=17.5 lr=0.0001 epochs=6000 npp=512 seed=999 ...
  Epoch     1/6000  loss=3.8400e-01  lr=1.00e-04  (0.0s)
    -> I1=3 I2=4 I3=5 I4=5 I5=3 I6=4 I7=3 I8=5 min=3 mean=4.0 max=5 (78.9s, 92.4 ep/s, step=13.1ms, gpu=0%)
[88/304] hidden=[64, 64, 64] omega0=17.5 lr=0.0001 epochs=6000 npp=1024 seed=42 ...
  Epoch     1/6000  loss=3.6667e-01  lr=1.00e-04  (0.0s)
    -> I1=5 I2=5 I3=4 I4=5 I5=3 I6=4 I7=4 I8=5 min=3 mean=4.4 max=5 (78.1s, 94.7 ep/s, step=13.0ms, gpu=0%)
[89/304] hidden=[64, 64, 64] omega0=17.5 lr=0.0001 epochs=6000 npp=1024 seed=137 ...
  Epoch     1/6000  loss=3.8288e-01  lr=1.00e-04  (0.0s)
    -> I1=3 I2=6 I3=3 I4=4 I5=4 I6=4 I7=4 I8=4 min=3 mean=4.0 max=6 (80.0s, 92.0 ep/s, step=13.3ms, gpu=0%)
[90/304] hidden=[64, 64, 64] omega0=17.5 lr=0.0001 epochs=6000 npp=1024 seed=2024 ...
  Epoch     1/6000  loss=3.6026e-01  lr=1.00e-04  (0.0s)
    -> I1=4 I2=4 I3=4 I4=4 I5=3 I6=4 I7=4 I8=5 min=3 mean=4.0 max=5 (79.7s, 92.4 ep/s, step=13.2ms, gpu=0%)
[91/304] hidden=[64, 64, 64] omega0=17.5 lr=0.0001 epochs=6000 npp=1024 seed=7 ...
  Epoch     1/6000  loss=4.0837e-01  lr=1.00e-04  (0.0s)
    -> I1=3 I2=5 I3=4 I4=4 I5=4 I6=4 I7=4 I8=5 min=3 mean=4.1 max=5 (80.1s, 91.9 ep/s, step=13.3ms, gpu=0%)
[92/304] hidden=[64, 64, 64] omega0=17.5 lr=0.0001 epochs=6000 npp=1024 seed=999 ...
  Epoch     1/6000  loss=4.3785e-01  lr=1.00e-04  (0.0s)
    -> I1=4 I2=4 I3=4 I4=5 I5=3 I6=4 I7=4 I8=5 min=3 mean=4.1 max=5 (79.9s, 92.2 ep/s, step=13.3ms, gpu=0%)
[93/304] hidden=[64, 64, 64] omega0=17.5 lr=0.0001 epochs=6000 npp=2048 seed=42 ...
  Epoch     1/6000  loss=3.5456e-01  lr=1.00e-04  (0.0s)
    -> I1=4 I2=4 I3=4 I4=5 I5=3 I6=4 I7=3 I8=4 min=3 mean=3.9 max=5 (81.6s, 92.5 ep/s, step=13.6ms, gpu=0%)
[94/304] hidden=[64, 64, 64] omega0=17.5 lr=0.0001 epochs=6000 npp=2048 seed=137 ...
  Epoch     1/6000  loss=3.5328e-01  lr=1.00e-04  (0.0s)
    -> I1=3 I2=4 I3=3 I4=4 I5=3 I6=4 I7=4 I8=5 min=3 mean=3.8 max=5 (81.3s, 92.8 ep/s, step=13.5ms, gpu=0%)
[95/304] hidden=[64, 64, 64] omega0=17.5 lr=0.0001 epochs=6000 npp=2048 seed=2024 ...
  Epoch     1/6000  loss=3.6882e-01  lr=1.00e-04  (0.0s)
    -> I1=4 I2=4 I3=4 I4=4 I5=4 I6=4 I7=4 I8=4 min=4 mean=4.0 max=4 (81.2s, 93.1 ep/s, step=13.5ms, gpu=0%)
[96/304] hidden=[64, 64, 64] omega0=17.5 lr=0.0001 epochs=6000 npp=2048 seed=7 ...
  Epoch     1/6000  loss=3.8938e-01  lr=1.00e-04  (0.0s)
    -> I1=4 I2=4 I3=6 I4=4 I5=4 I6=4 I7=4 I8=4 min=4 mean=4.2 max=6 (81.7s, 92.3 ep/s, step=13.6ms, gpu=0%)
[97/304] hidden=[64, 64, 64] omega0=17.5 lr=0.0001 epochs=6000 npp=2048 seed=999 ...
  Epoch     1/6000  loss=3.9706e-01  lr=1.00e-04  (0.0s)
    -> I1=4 I2=5 I3=5 I4=4 I5=4 I6=5 I7=4 I8=4 min=4 mean=4.4 max=5 (81.3s, 92.8 ep/s, step=13.5ms, gpu=0%)
[98/304] hidden=[64, 64, 64] omega0=17.5 lr=0.0002 epochs=6000 npp=512 seed=42 ...
  Epoch     1/6000  loss=3.4799e-01  lr=2.00e-04  (0.0s)
    -> I1=4 I2=4 I3=5 I4=4 I5=4 I6=4 I7=4 I8=4 min=4 mean=4.1 max=5 (77.8s, 93.9 ep/s, step=12.9ms, gpu=0%)
[99/304] hidden=[64, 64, 64] omega0=17.5 lr=0.0002 epochs=6000 npp=512 seed=137 ...
  Epoch     1/6000  loss=3.5829e-01  lr=2.00e-04  (0.0s)
    -> I1=4 I2=4 I3=4 I4=4 I5=3 I6=4 I7=4 I8=4 min=3 mean=3.9 max=4 (78.5s, 92.9 ep/s, step=13.0ms, gpu=0%)
[100/304] hidden=[64, 64, 64] omega0=17.5 lr=0.0002 epochs=6000 npp=512 seed=2024 ...
  Epoch     1/6000  loss=3.6376e-01  lr=2.00e-04  (0.0s)
    -> I1=4 I2=4 I3=4 I4=4 I5=3 I6=4 I7=4 I8=4 min=3 mean=3.9 max=4 (78.8s, 92.5 ep/s, step=13.1ms, gpu=0%)
[101/304] hidden=[64, 64, 64] omega0=17.5 lr=0.0002 epochs=6000 npp=512 seed=7 ...
  Epoch     1/6000  loss=3.5815e-01  lr=2.00e-04  (0.0s)
    -> I1=3 I2=4 I3=3 I4=4 I5=3 I6=4 I7=4 I8=4 min=3 mean=3.6 max=4 (78.5s, 92.8 ep/s, step=13.0ms, gpu=0%)
[102/304] hidden=[64, 64, 64] omega0=17.5 lr=0.0002 epochs=6000 npp=512 seed=999 ...
  Epoch     1/6000  loss=3.8400e-01  lr=2.00e-04  (0.0s)
    -> I1=4 I2=4 I3=3 I4=4 I5=3 I6=5 I7=4 I8=5 min=3 mean=4.0 max=5 (79.1s, 92.1 ep/s, step=13.1ms, gpu=0%)
[103/304] hidden=[64, 64, 64] omega0=17.5 lr=0.0002 epochs=6000 npp=1024 seed=42 ...
  Epoch     1/6000  loss=3.6667e-01  lr=2.00e-04  (0.0s)
    -> I1=3 I2=4 I3=4 I4=4 I5=3 I6=4 I7=4 I8=4 min=3 mean=3.8 max=4 (79.1s, 93.2 ep/s, step=13.1ms, gpu=0%)
[104/304] hidden=[64, 64, 64] omega0=17.5 lr=0.0002 epochs=6000 npp=1024 seed=137 ...
  Epoch     1/6000  loss=3.8288e-01  lr=2.00e-04  (0.0s)
    -> I1=4 I2=5 I3=4 I4=4 I5=4 I6=4 I7=4 I8=4 min=4 mean=4.1 max=5 (79.6s, 92.6 ep/s, step=13.2ms, gpu=0%)
[105/304] hidden=[64, 64, 64] omega0=17.5 lr=0.0002 epochs=6000 npp=1024 seed=2024 ...
  Epoch     1/6000  loss=3.6026e-01  lr=2.00e-04  (0.0s)
    -> I1=3 I2=5 I3=3 I4=5 I5=3 I6=5 I7=4 I8=4 min=3 mean=4.0 max=5 (80.1s, 91.9 ep/s, step=13.3ms, gpu=0%)
[106/304] hidden=[64, 64, 64] omega0=17.5 lr=0.0002 epochs=6000 npp=1024 seed=7 ...
  Epoch     1/6000  loss=4.0837e-01  lr=2.00e-04  (0.0s)
    -> I1=3 I2=5 I3=4 I4=5 I5=4 I6=4 I7=4 I8=5 min=3 mean=4.2 max=5 (79.6s, 92.6 ep/s, step=13.2ms, gpu=0%)
[107/304] hidden=[64, 64, 64] omega0=17.5 lr=0.0002 epochs=6000 npp=1024 seed=999 ...
  Epoch     1/6000  loss=4.3785e-01  lr=2.00e-04  (0.0s)
    -> I1=4 I2=4 I3=4 I4=4 I5=4 I6=4 I7=4 I8=5 min=4 mean=4.1 max=5 (80.2s, 91.8 ep/s, step=13.3ms, gpu=0%)
[108/304] hidden=[64, 64, 64] omega0=17.5 lr=0.0002 epochs=6000 npp=2048 seed=42 ...
  Epoch     1/6000  loss=3.5456e-01  lr=2.00e-04  (0.0s)
    -> I1=5 I2=4 I3=5 I4=4 I5=4 I6=4 I7=4 I8=5 min=4 mean=4.4 max=5 (81.2s, 93.0 ep/s, step=13.5ms, gpu=0%)
[109/304] hidden=[64, 64, 64] omega0=17.5 lr=0.0002 epochs=6000 npp=2048 seed=137 ...
  Epoch     1/6000  loss=3.5328e-01  lr=2.00e-04  (0.0s)
    -> I1=3 I2=4 I3=5 I4=4 I5=3 I6=4 I7=4 I8=4 min=3 mean=3.9 max=5 (81.4s, 92.6 ep/s, step=13.5ms, gpu=0%)
[110/304] hidden=[64, 64, 64] omega0=17.5 lr=0.0002 epochs=6000 npp=2048 seed=2024 ...
  Epoch     1/6000  loss=3.6882e-01  lr=2.00e-04  (0.0s)
    -> I1=3 I2=4 I3=3 I4=4 I5=4 I6=5 I7=4 I8=5 min=3 mean=4.0 max=5 (81.5s, 92.5 ep/s, step=13.5ms, gpu=0%)
[111/304] hidden=[64, 64, 64] omega0=17.5 lr=0.0002 epochs=6000 npp=2048 seed=7 ...
  Epoch     1/6000  loss=3.8938e-01  lr=2.00e-04  (0.0s)
    -> I1=4 I2=4 I3=4 I4=4 I5=4 I6=4 I7=4 I8=5 min=4 mean=4.1 max=5 (81.5s, 92.6 ep/s, step=13.5ms, gpu=0%)
[112/304] hidden=[64, 64, 64] omega0=17.5 lr=0.0002 epochs=6000 npp=2048 seed=999 ...
  Epoch     1/6000  loss=3.9706e-01  lr=2.00e-04  (0.0s)
    -> I1=4 I2=4 I3=4 I4=5 I5=4 I6=4 I7=4 I8=4 min=4 mean=4.1 max=5 (81.5s, 92.5 ep/s, step=13.5ms, gpu=0%)
[113/304] hidden=[64, 64, 64] omega0=17.5 lr=5e-05 epochs=8000 npp=512 seed=42 ...
  Epoch     1/8000  loss=3.4799e-01  lr=5.00e-05  (0.0s)
    -> I1=3 I2=4 I3=3 I4=4 I5=3 I6=4 I7=3 I8=4 min=3 mean=3.5 max=4 (102.9s, 94.7 ep/s, step=12.8ms, gpu=0%)
[114/304] hidden=[64, 64, 64] omega0=17.5 lr=5e-05 epochs=8000 npp=512 seed=137 ...
  Epoch     1/8000  loss=3.5829e-01  lr=5.00e-05  (0.0s)
    -> I1=3 I2=3 I3=3 I4=5 I5=3 I6=3 I7=3 I8=4 min=3 mean=3.4 max=5 (105.0s, 92.5 ep/s, step=13.1ms, gpu=0%)
[115/304] hidden=[64, 64, 64] omega0=17.5 lr=5e-05 epochs=8000 npp=512 seed=2024 ...
  Epoch     1/8000  loss=3.6376e-01  lr=5.00e-05  (0.0s)
    -> I1=4 I2=4 I3=3 I4=4 I5=3 I6=3 I7=4 I8=4 min=3 mean=3.6 max=4 (104.8s, 92.7 ep/s, step=13.1ms, gpu=0%)
[116/304] hidden=[64, 64, 64] omega0=17.5 lr=5e-05 epochs=8000 npp=512 seed=7 ...
  Epoch     1/8000  loss=3.5815e-01  lr=5.00e-05  (0.0s)
    -> I1=4 I2=3 I3=3 I4=4 I5=3 I6=3 I7=4 I8=4 min=3 mean=3.5 max=4 (105.1s, 92.5 ep/s, step=13.1ms, gpu=0%)
[117/304] hidden=[64, 64, 64] omega0=17.5 lr=5e-05 epochs=8000 npp=512 seed=999 ...
  Epoch     1/8000  loss=3.8400e-01  lr=5.00e-05  (0.0s)
    -> I1=3 I2=4 I3=4 I4=4 I5=4 I6=4 I7=3 I8=4 min=3 mean=3.8 max=4 (104.1s, 93.6 ep/s, step=13.0ms, gpu=0%)
[118/304] hidden=[64, 64, 64] omega0=17.5 lr=5e-05 epochs=8000 npp=1024 seed=42 ...
  Epoch     1/8000  loss=3.6667e-01  lr=5.00e-05  (0.0s)
    -> I1=3 I2=4 I3=4 I4=4 I5=3 I6=4 I7=4 I8=5 min=3 mean=3.9 max=5 (106.3s, 92.4 ep/s, step=13.2ms, gpu=0%)
[119/304] hidden=[64, 64, 64] omega0=17.5 lr=5e-05 epochs=8000 npp=1024 seed=137 ...
  Epoch     1/8000  loss=3.8288e-01  lr=5.00e-05  (0.0s)
    -> I1=4 I2=4 I3=4 I4=5 I5=3 I6=3 I7=4 I8=5 min=3 mean=4.0 max=5 (107.2s, 91.4 ep/s, step=13.4ms, gpu=0%)
[120/304] hidden=[64, 64, 64] omega0=17.5 lr=5e-05 epochs=8000 npp=1024 seed=2024 ...
  Epoch     1/8000  loss=3.6026e-01  lr=5.00e-05  (0.0s)
    -> I1=3 I2=4 I3=3 I4=4 I5=4 I6=5 I7=4 I8=5 min=3 mean=4.0 max=5 (106.8s, 91.9 ep/s, step=13.3ms, gpu=0%)
[121/304] hidden=[64, 64, 64] omega0=17.5 lr=5e-05 epochs=8000 npp=1024 seed=7 ...
  Epoch     1/8000  loss=4.0837e-01  lr=5.00e-05  (0.0s)
    -> I1=3 I2=5 I3=4 I4=4 I5=4 I6=4 I7=4 I8=4 min=3 mean=4.0 max=5 (106.6s, 92.0 ep/s, step=13.3ms, gpu=0%)
[122/304] hidden=[64, 64, 64] omega0=17.5 lr=5e-05 epochs=8000 npp=1024 seed=999 ...
  Epoch     1/8000  loss=4.3785e-01  lr=5.00e-05  (0.0s)
    -> I1=4 I2=4 I3=4 I4=4 I5=3 I6=4 I7=4 I8=4 min=3 mean=3.9 max=4 (105.8s, 93.0 ep/s, step=13.2ms, gpu=0%)
[123/304] hidden=[64, 64, 64] omega0=17.5 lr=5e-05 epochs=8000 npp=2048 seed=42 ...
  Epoch     1/8000  loss=3.5456e-01  lr=5.00e-05  (0.0s)
    -> I1=3 I2=4 I3=4 I4=5 I5=3 I6=4 I7=4 I8=5 min=3 mean=4.0 max=5 (109.1s, 92.2 ep/s, step=13.6ms, gpu=0%)
[124/304] hidden=[64, 64, 64] omega0=17.5 lr=5e-05 epochs=8000 npp=2048 seed=137 ...
  Epoch     1/8000  loss=3.5328e-01  lr=5.00e-05  (0.0s)
    -> I1=4 I2=4 I3=4 I4=4 I5=3 I6=3 I7=4 I8=4 min=3 mean=3.8 max=4 (108.9s, 92.4 ep/s, step=13.6ms, gpu=0%)
[125/304] hidden=[64, 64, 64] omega0=17.5 lr=5e-05 epochs=8000 npp=2048 seed=2024 ...
  Epoch     1/8000  loss=3.6882e-01  lr=5.00e-05  (0.0s)
    -> I1=3 I2=4 I3=4 I4=4 I5=4 I6=4 I7=4 I8=4 min=3 mean=3.9 max=4 (108.5s, 92.8 ep/s, step=13.5ms, gpu=0%)
[126/304] hidden=[64, 64, 64] omega0=17.5 lr=5e-05 epochs=8000 npp=2048 seed=7 ...
  Epoch     1/8000  loss=3.8938e-01  lr=5.00e-05  (0.0s)
    -> I1=3 I2=4 I3=4 I4=5 I5=3 I6=4 I7=4 I8=4 min=3 mean=3.9 max=5 (108.5s, 92.8 ep/s, step=13.5ms, gpu=0%)
[127/304] hidden=[64, 64, 64] omega0=17.5 lr=5e-05 epochs=8000 npp=2048 seed=999 ...
  Epoch     1/8000  loss=3.9706e-01  lr=5.00e-05  (0.0s)
    -> I1=4 I2=4 I3=3 I4=4 I5=4 I6=4 I7=4 I8=4 min=3 mean=3.9 max=4 (108.5s, 92.8 ep/s, step=13.5ms, gpu=0%)
[128/304] hidden=[64, 64, 64] omega0=17.5 lr=0.0001 epochs=8000 npp=512 seed=42 ...
  Epoch     1/8000  loss=3.4799e-01  lr=1.00e-04  (0.0s)
    -> I1=3 I2=4 I3=4 I4=4 I5=3 I6=4 I7=3 I8=4 min=3 mean=3.6 max=4 (104.5s, 93.1 ep/s, step=13.0ms, gpu=0%)
[129/304] hidden=[64, 64, 64] omega0=17.5 lr=0.0001 epochs=8000 npp=512 seed=137 ...
  Epoch     1/8000  loss=3.5829e-01  lr=1.00e-04  (0.0s)
    -> I1=4 I2=4 I3=4 I4=4 I5=4 I6=3 I7=3 I8=4 min=3 mean=3.8 max=4 (104.7s, 92.9 ep/s, step=13.0ms, gpu=0%)
[130/304] hidden=[64, 64, 64] omega0=17.5 lr=0.0001 epochs=8000 npp=512 seed=2024 ...
  Epoch     1/8000  loss=3.6376e-01  lr=1.00e-04  (0.0s)
    -> I1=4 I2=4 I3=4 I4=6 I5=4 I6=4 I7=4 I8=4 min=4 mean=4.2 max=6 (104.3s, 93.4 ep/s, step=13.0ms, gpu=0%)
[131/304] hidden=[64, 64, 64] omega0=17.5 lr=0.0001 epochs=8000 npp=512 seed=7 ...
  Epoch     1/8000  loss=3.5815e-01  lr=1.00e-04  (0.0s)
    -> I1=3 I2=4 I3=3 I4=4 I5=3 I6=4 I7=4 I8=4 min=3 mean=3.6 max=4 (104.5s, 93.1 ep/s, step=13.0ms, gpu=0%)
[132/304] hidden=[64, 64, 64] omega0=17.5 lr=0.0001 epochs=8000 npp=512 seed=999 ...
  Epoch     1/8000  loss=3.8400e-01  lr=1.00e-04  (0.0s)
    -> I1=4 I2=4 I3=4 I4=4 I5=3 I6=4 I7=4 I8=4 min=3 mean=3.9 max=4 (105.1s, 92.5 ep/s, step=13.1ms, gpu=0%)
[133/304] hidden=[64, 64, 64] omega0=17.5 lr=0.0001 epochs=8000 npp=1024 seed=42 ...
  Epoch     1/8000  loss=3.6667e-01  lr=1.00e-04  (0.0s)
    -> I1=3 I2=4 I3=4 I4=4 I5=3 I6=4 I7=5 I8=4 min=3 mean=3.9 max=5 (106.7s, 92.0 ep/s, step=13.3ms, gpu=0%)
[134/304] hidden=[64, 64, 64] omega0=17.5 lr=0.0001 epochs=8000 npp=1024 seed=137 ...
  Epoch     1/8000  loss=3.8288e-01  lr=1.00e-04  (0.0s)
    -> I1=4 I2=4 I3=4 I4=5 I5=4 I6=4 I7=3 I8=4 min=3 mean=4.0 max=5 (106.3s, 92.5 ep/s, step=13.2ms, gpu=0%)
[135/304] hidden=[64, 64, 64] omega0=17.5 lr=0.0001 epochs=8000 npp=1024 seed=2024 ...
  Epoch     1/8000  loss=3.6026e-01  lr=1.00e-04  (0.0s)
    -> I1=4 I2=4 I3=4 I4=4 I5=4 I6=4 I7=4 I8=6 min=4 mean=4.2 max=6 (105.7s, 93.0 ep/s, step=13.2ms, gpu=0%)
[136/304] hidden=[64, 64, 64] omega0=17.5 lr=0.0001 epochs=8000 npp=1024 seed=7 ...
  Epoch     1/8000  loss=4.0837e-01  lr=1.00e-04  (0.0s)
    -> I1=4 I2=4 I3=4 I4=5 I5=4 I6=5 I7=4 I8=4 min=4 mean=4.2 max=5 (106.8s, 91.9 ep/s, step=13.3ms, gpu=0%)
[137/304] hidden=[64, 64, 64] omega0=17.5 lr=0.0001 epochs=8000 npp=1024 seed=999 ...
  Epoch     1/8000  loss=4.3785e-01  lr=1.00e-04  (0.0s)
    -> I1=4 I2=4 I3=4 I4=4 I5=3 I6=4 I7=4 I8=5 min=3 mean=4.0 max=5 (106.1s, 92.6 ep/s, step=13.2ms, gpu=0%)
[138/304] hidden=[64, 64, 64] omega0=17.5 lr=0.0001 epochs=8000 npp=2048 seed=42 ...
  Epoch     1/8000  loss=3.5456e-01  lr=1.00e-04  (0.0s)
    -> I1=3 I2=4 I3=4 I4=4 I5=3 I6=4 I7=4 I8=5 min=3 mean=3.9 max=5 (109.1s, 92.2 ep/s, step=13.6ms, gpu=0%)
[139/304] hidden=[64, 64, 64] omega0=17.5 lr=0.0001 epochs=8000 npp=2048 seed=137 ...
  Epoch     1/8000  loss=3.5328e-01  lr=1.00e-04  (0.0s)
    -> I1=3 I2=4 I3=3 I4=4 I5=3 I6=3 I7=4 I8=4 min=3 mean=3.5 max=4 (108.9s, 92.3 ep/s, step=13.6ms, gpu=0%)
[140/304] hidden=[64, 64, 64] omega0=17.5 lr=0.0001 epochs=8000 npp=2048 seed=2024 ...
  Epoch     1/8000  loss=3.6882e-01  lr=1.00e-04  (0.0s)
    -> I1=4 I2=4 I3=4 I4=4 I5=3 I6=4 I7=4 I8=4 min=3 mean=3.9 max=4 (108.2s, 93.0 ep/s, step=13.5ms, gpu=0%)
[141/304] hidden=[64, 64, 64] omega0=17.5 lr=0.0001 epochs=8000 npp=2048 seed=7 ...
  Epoch     1/8000  loss=3.8938e-01  lr=1.00e-04  (0.0s)
    -> I1=3 I2=4 I3=5 I4=4 I5=4 I6=4 I7=4 I8=5 min=3 mean=4.1 max=5 (108.3s, 93.0 ep/s, step=13.5ms, gpu=0%)
[142/304] hidden=[64, 64, 64] omega0=17.5 lr=0.0001 epochs=8000 npp=2048 seed=999 ...
  Epoch     1/8000  loss=3.9706e-01  lr=1.00e-04  (0.0s)
    -> I1=4 I2=5 I3=5 I4=5 I5=4 I6=5 I7=5 I8=5 min=4 mean=4.8 max=5 (108.2s, 93.1 ep/s, step=13.5ms, gpu=0%)
[143/304] hidden=[64, 64, 64] omega0=17.5 lr=0.0002 epochs=8000 npp=512 seed=42 ...
  Epoch     1/8000  loss=3.4799e-01  lr=2.00e-04  (0.0s)
    -> I1=3 I2=4 I3=4 I4=4 I5=3 I6=4 I7=4 I8=5 min=3 mean=3.9 max=5 (104.4s, 93.1 ep/s, step=13.0ms, gpu=0%)
[144/304] hidden=[64, 64, 64] omega0=17.5 lr=0.0002 epochs=8000 npp=512 seed=137 ...
  Epoch     1/8000  loss=3.5829e-01  lr=2.00e-04  (0.0s)
    -> I1=3 I2=4 I3=4 I4=4 I5=3 I6=3 I7=4 I8=4 min=3 mean=3.6 max=4 (104.7s, 92.9 ep/s, step=13.0ms, gpu=0%)
[145/304] hidden=[64, 64, 64] omega0=17.5 lr=0.0002 epochs=8000 npp=512 seed=2024 ...
  Epoch     1/8000  loss=3.6376e-01  lr=2.00e-04  (0.0s)
    -> I1=4 I2=4 I3=4 I4=6 I5=3 I6=5 I7=5 I8=5 min=3 mean=4.5 max=6 (105.1s, 92.5 ep/s, step=13.1ms, gpu=0%)
[146/304] hidden=[64, 64, 64] omega0=17.5 lr=0.0002 epochs=8000 npp=512 seed=7 ...
  Epoch     1/8000  loss=3.5815e-01  lr=2.00e-04  (0.0s)
    -> I1=3 I2=4 I3=3 I4=4 I5=3 I6=4 I7=3 I8=4 min=3 mean=3.5 max=4 (104.6s, 93.0 ep/s, step=13.0ms, gpu=0%)
[147/304] hidden=[64, 64, 64] omega0=17.5 lr=0.0002 epochs=8000 npp=512 seed=999 ...
  Epoch     1/8000  loss=3.8400e-01  lr=2.00e-04  (0.0s)
    -> I1=3 I2=4 I3=4 I4=4 I5=3 I6=5 I7=3 I8=4 min=3 mean=3.8 max=5 (105.0s, 92.6 ep/s, step=13.1ms, gpu=0%)
[148/304] hidden=[64, 64, 64] omega0=17.5 lr=0.0002 epochs=8000 npp=1024 seed=42 ...
  Epoch     1/8000  loss=3.6667e-01  lr=2.00e-04  (0.0s)
    -> I1=3 I2=4 I3=3 I4=4 I5=3 I6=4 I7=4 I8=4 min=3 mean=3.6 max=4 (107.1s, 91.6 ep/s, step=13.3ms, gpu=0%)
[149/304] hidden=[64, 64, 64] omega0=17.5 lr=0.0002 epochs=8000 npp=1024 seed=137 ...
  Epoch     1/8000  loss=3.8288e-01  lr=2.00e-04  (0.0s)
    -> I1=4 I2=4 I3=4 I4=5 I5=5 I6=4 I7=4 I8=6 min=4 mean=4.5 max=6 (105.9s, 92.9 ep/s, step=13.2ms, gpu=0%)
[150/304] hidden=[64, 64, 64] omega0=17.5 lr=0.0002 epochs=8000 npp=1024 seed=2024 ...
  Epoch     1/8000  loss=3.6026e-01  lr=2.00e-04  (0.0s)
    -> I1=4 I2=4 I3=4 I4=4 I5=4 I6=4 I7=4 I8=4 min=4 mean=4.0 max=4 (105.9s, 92.9 ep/s, step=13.2ms, gpu=0%)
[151/304] hidden=[64, 64, 64] omega0=17.5 lr=0.0002 epochs=8000 npp=1024 seed=7 ...
  Epoch     1/8000  loss=4.0837e-01  lr=2.00e-04  (0.0s)
    -> I1=4 I2=4 I3=4 I4=4 I5=4 I6=4 I7=4 I8=4 min=4 mean=4.0 max=4 (105.3s, 93.5 ep/s, step=13.1ms, gpu=0%)
[152/304] hidden=[64, 64, 64] omega0=17.5 lr=0.0002 epochs=8000 npp=1024 seed=999 ...
  Epoch     1/8000  loss=4.3785e-01  lr=2.00e-04  (0.0s)
    -> I1=4 I2=4 I3=5 I4=4 I5=4 I6=5 I7=4 I8=4 min=4 mean=4.2 max=5 (105.6s, 93.3 ep/s, step=13.2ms, gpu=0%)
[153/304] hidden=[64, 64, 64] omega0=17.5 lr=0.0002 epochs=8000 npp=2048 seed=42 ...
  Epoch     1/8000  loss=3.5456e-01  lr=2.00e-04  (0.0s)
    -> I1=4 I2=4 I3=5 I4=5 I5=4 I6=4 I7=4 I8=5 min=4 mean=4.4 max=5 (108.2s, 93.2 ep/s, step=13.5ms, gpu=0%)
[154/304] hidden=[64, 64, 64] omega0=17.5 lr=0.0002 epochs=8000 npp=2048 seed=137 ...
  Epoch     1/8000  loss=3.5328e-01  lr=2.00e-04  (0.0s)
    -> I1=3 I2=5 I3=4 I4=4 I5=4 I6=4 I7=4 I8=4 min=3 mean=4.0 max=5 (108.6s, 92.7 ep/s, step=13.5ms, gpu=0%)
[155/304] hidden=[64, 64, 64] omega0=17.5 lr=0.0002 epochs=8000 npp=2048 seed=2024 ...
  Epoch     1/8000  loss=3.6882e-01  lr=2.00e-04  (0.0s)
    -> I1=4 I2=4 I3=4 I4=4 I5=4 I6=4 I7=4 I8=4 min=4 mean=4.0 max=4 (107.4s, 93.9 ep/s, step=13.4ms, gpu=0%)
[156/304] hidden=[64, 64, 64] omega0=17.5 lr=0.0002 epochs=8000 npp=2048 seed=7 ...
  Epoch     1/8000  loss=3.8938e-01  lr=2.00e-04  (0.0s)
    -> I1=4 I2=4 I3=4 I4=5 I5=4 I6=4 I7=5 I8=5 min=4 mean=4.4 max=5 (108.7s, 92.6 ep/s, step=13.5ms, gpu=0%)
[157/304] hidden=[64, 64, 64] omega0=17.5 lr=0.0002 epochs=8000 npp=2048 seed=999 ...
  Epoch     1/8000  loss=3.9706e-01  lr=2.00e-04  (0.0s)
    -> I1=4 I2=4 I3=4 I4=4 I5=4 I6=4 I7=5 I8=5 min=4 mean=4.2 max=5 (109.0s, 92.2 ep/s, step=13.6ms, gpu=0%)
[158/304] hidden=[64, 64, 64] omega0=17.5 lr=5e-05 epochs=10000 npp=512 seed=42 ...
  Epoch     1/10000  loss=3.4799e-01  lr=5.00e-05  (0.0s)
    -> I1=4 I2=4 I3=4 I4=5 I5=3 I6=4 I7=4 I8=9 min=3 mean=4.6 max=9 (129.1s, 94.4 ep/s, step=12.9ms, gpu=0%)
[159/304] hidden=[64, 64, 64] omega0=17.5 lr=5e-05 epochs=10000 npp=512 seed=137 ...
  Epoch     1/10000  loss=3.5829e-01  lr=5.00e-05  (0.0s)
    -> I1=3 I2=4 I3=4 I4=4 I5=3 I6=4 I7=4 I8=4 min=3 mean=3.8 max=4 (131.0s, 92.8 ep/s, step=13.1ms, gpu=0%)
[160/304] hidden=[64, 64, 64] omega0=17.5 lr=5e-05 epochs=10000 npp=512 seed=2024 ...
  Epoch     1/10000  loss=3.6376e-01  lr=5.00e-05  (0.0s)
    -> I1=4 I2=4 I3=5 I4=4 I5=4 I6=4 I7=4 I8=4 min=4 mean=4.1 max=5 (130.0s, 93.6 ep/s, step=13.0ms, gpu=0%)
[161/304] hidden=[64, 64, 64] omega0=17.5 lr=5e-05 epochs=10000 npp=512 seed=7 ...
  Epoch     1/10000  loss=3.5815e-01  lr=5.00e-05  (0.0s)
    -> I1=4 I2=4 I3=4 I4=5 I5=5 I6=3 I7=4 I8=4 min=3 mean=4.1 max=5 (130.5s, 93.2 ep/s, step=13.0ms, gpu=0%)
[162/304] hidden=[64, 64, 64] omega0=17.5 lr=5e-05 epochs=10000 npp=512 seed=999 ...
  Epoch     1/10000  loss=3.8400e-01  lr=5.00e-05  (0.0s)
    -> I1=4 I2=4 I3=4 I4=6 I5=4 I6=4 I7=3 I8=4 min=3 mean=4.1 max=6 (128.8s, 94.7 ep/s, step=12.8ms, gpu=0%)
[163/304] hidden=[64, 64, 64] omega0=17.5 lr=5e-05 epochs=10000 npp=1024 seed=42 ...
  Epoch     1/10000  loss=3.6667e-01  lr=5.00e-05  (0.0s)
    -> I1=4 I2=5 I3=6 I4=4 I5=3 I6=4 I7=4 I8=5 min=3 mean=4.4 max=6 (132.5s, 92.7 ep/s, step=13.2ms, gpu=0%)
[164/304] hidden=[64, 64, 64] omega0=17.5 lr=5e-05 epochs=10000 npp=1024 seed=137 ...
  Epoch     1/10000  loss=3.8288e-01  lr=5.00e-05  (0.0s)
    -> I1=3 I2=4 I3=3 I4=4 I5=4 I6=4 I7=4 I8=5 min=3 mean=3.9 max=5 (133.4s, 91.9 ep/s, step=13.3ms, gpu=0%)
[165/304] hidden=[64, 64, 64] omega0=17.5 lr=5e-05 epochs=10000 npp=1024 seed=2024 ...
  Epoch     1/10000  loss=3.6026e-01  lr=5.00e-05  (0.0s)
    -> I1=3 I2=5 I3=4 I4=4 I5=4 I6=4 I7=6 I8=4 min=3 mean=4.2 max=6 (132.9s, 92.4 ep/s, step=13.2ms, gpu=0%)
[166/304] hidden=[64, 64, 64] omega0=17.5 lr=5e-05 epochs=10000 npp=1024 seed=7 ...
  Epoch     1/10000  loss=4.0837e-01  lr=5.00e-05  (0.0s)
    -> I1=4 I2=4 I3=4 I4=4 I5=4 I6=3 I7=4 I8=4 min=3 mean=3.9 max=4 (133.7s, 91.7 ep/s, step=13.3ms, gpu=0%)
[167/304] hidden=[64, 64, 64] omega0=17.5 lr=5e-05 epochs=10000 npp=1024 seed=999 ...
  Epoch     1/10000  loss=4.3785e-01  lr=5.00e-05  (0.0s)
    -> I1=4 I2=4 I3=4 I4=4 I5=3 I6=4 I7=5 I8=5 min=3 mean=4.1 max=5 (133.0s, 92.3 ep/s, step=13.3ms, gpu=0%)
[168/304] hidden=[64, 64, 64] omega0=17.5 lr=5e-05 epochs=10000 npp=2048 seed=42 ...
  Epoch     1/10000  loss=3.5456e-01  lr=5.00e-05  (0.0s)
    -> I1=4 I2=4 I3=4 I4=5 I5=3 I6=4 I7=4 I8=7 min=3 mean=4.4 max=7 (136.0s, 92.5 ep/s, step=13.6ms, gpu=0%)
[169/304] hidden=[64, 64, 64] omega0=17.5 lr=5e-05 epochs=10000 npp=2048 seed=137 ...
  Epoch     1/10000  loss=3.5328e-01  lr=5.00e-05  (0.0s)
    -> I1=4 I2=4 I3=4 I4=5 I5=4 I6=4 I7=5 I8=5 min=4 mean=4.4 max=5 (136.2s, 92.4 ep/s, step=13.6ms, gpu=0%)
[170/304] hidden=[64, 64, 64] omega0=17.5 lr=5e-05 epochs=10000 npp=2048 seed=2024 ...
  Epoch     1/10000  loss=3.6882e-01  lr=5.00e-05  (0.0s)
    -> I1=4 I2=4 I3=5 I4=4 I5=4 I6=4 I7=4 I8=4 min=4 mean=4.1 max=5 (136.6s, 92.1 ep/s, step=13.6ms, gpu=0%)
[171/304] hidden=[64, 64, 64] omega0=17.5 lr=5e-05 epochs=10000 npp=2048 seed=7 ...
  Epoch     1/10000  loss=3.8938e-01  lr=5.00e-05  (0.0s)
    -> I1=4 I2=5 I3=4 I4=4 I5=3 I6=4 I7=4 I8=5 min=3 mean=4.1 max=5 (135.5s, 92.9 ep/s, step=13.5ms, gpu=0%)
[172/304] hidden=[64, 64, 64] omega0=17.5 lr=5e-05 epochs=10000 npp=2048 seed=999 ...
  Epoch     1/10000  loss=3.9706e-01  lr=5.00e-05  (0.0s)
    -> I1=4 I2=4 I3=4 I4=5 I5=4 I6=4 I7=4 I8=5 min=4 mean=4.2 max=5 (135.4s, 93.0 ep/s, step=13.5ms, gpu=0%)
[173/304] hidden=[64, 64, 64] omega0=17.5 lr=0.0001 epochs=10000 npp=512 seed=42 ...
  Epoch     1/10000  loss=3.4799e-01  lr=1.00e-04  (0.0s)
    -> I1=3 I2=4 I3=3 I4=4 I5=3 I6=4 I7=3 I8=4 min=3 mean=3.5 max=4 (130.7s, 93.0 ep/s, step=13.0ms, gpu=0%)
[174/304] hidden=[64, 64, 64] omega0=17.5 lr=0.0001 epochs=10000 npp=512 seed=137 ...
  Epoch     1/10000  loss=3.5829e-01  lr=1.00e-04  (0.0s)
    -> I1=3 I2=4 I3=3 I4=5 I5=4 I6=4 I7=3 I8=4 min=3 mean=3.8 max=5 (129.4s, 94.2 ep/s, step=12.9ms, gpu=0%)
[175/304] hidden=[64, 64, 64] omega0=17.5 lr=0.0001 epochs=10000 npp=512 seed=2024 ...
  Epoch     1/10000  loss=3.6376e-01  lr=1.00e-04  (0.0s)
    -> I1=4 I2=4 I3=4 I4=6 I5=4 I6=4 I7=4 I8=5 min=4 mean=4.4 max=6 (131.5s, 92.4 ep/s, step=13.1ms, gpu=0%)
[176/304] hidden=[64, 64, 64] omega0=17.5 lr=0.0001 epochs=10000 npp=512 seed=7 ...
  Epoch     1/10000  loss=3.5815e-01  lr=1.00e-04  (0.0s)
    -> I1=5 I2=4 I3=4 I4=4 I5=4 I6=4 I7=4 I8=4 min=4 mean=4.1 max=5 (130.1s, 93.6 ep/s, step=13.0ms, gpu=0%)
[177/304] hidden=[64, 64, 64] omega0=17.5 lr=0.0001 epochs=10000 npp=512 seed=999 ...
  Epoch     1/10000  loss=3.8400e-01  lr=1.00e-04  (0.0s)
    -> I1=4 I2=4 I3=4 I4=5 I5=4 I6=4 I7=4 I8=5 min=4 mean=4.2 max=5 (130.1s, 93.5 ep/s, step=13.0ms, gpu=0%)
[178/304] hidden=[64, 64, 64] omega0=17.5 lr=0.0001 epochs=10000 npp=1024 seed=42 ...
  Epoch     1/10000  loss=3.6667e-01  lr=1.00e-04  (0.0s)
    -> I1=4 I2=5 I3=4 I4=5 I5=5 I6=4 I7=4 I8=5 min=4 mean=4.5 max=5 (131.6s, 93.5 ep/s, step=13.1ms, gpu=0%)
[179/304] hidden=[64, 64, 64] omega0=17.5 lr=0.0001 epochs=10000 npp=1024 seed=137 ...
  Epoch     1/10000  loss=3.8288e-01  lr=1.00e-04  (0.0s)
    -> I1=3 I2=4 I3=3 I4=4 I5=3 I6=5 I7=4 I8=5 min=3 mean=3.9 max=5 (133.0s, 92.3 ep/s, step=13.3ms, gpu=0%)
[180/304] hidden=[64, 64, 64] omega0=17.5 lr=0.0001 epochs=10000 npp=1024 seed=2024 ...
  Epoch     1/10000  loss=3.6026e-01  lr=1.00e-04  (0.0s)
    -> I1=3 I2=4 I3=4 I4=6 I5=4 I6=4 I7=4 I8=4 min=3 mean=4.1 max=6 (132.0s, 93.2 ep/s, step=13.2ms, gpu=0%)
[181/304] hidden=[64, 64, 64] omega0=17.5 lr=0.0001 epochs=10000 npp=1024 seed=7 ...
  Epoch     1/10000  loss=4.0837e-01  lr=1.00e-04  (0.0s)
    -> I1=4 I2=4 I3=4 I4=5 I5=4 I6=4 I7=4 I8=5 min=4 mean=4.2 max=5 (132.9s, 92.4 ep/s, step=13.3ms, gpu=0%)
[182/304] hidden=[64, 64, 64] omega0=17.5 lr=0.0001 epochs=10000 npp=1024 seed=999 ...
  Epoch     1/10000  loss=4.3785e-01  lr=1.00e-04  (0.0s)
    -> I1=4 I2=4 I3=4 I4=4 I5=4 I6=4 I7=4 I8=5 min=4 mean=4.1 max=5 (133.6s, 91.8 ep/s, step=13.3ms, gpu=0%)
[183/304] hidden=[64, 64, 64] omega0=17.5 lr=0.0001 epochs=10000 npp=2048 seed=42 ...
  Epoch     1/10000  loss=3.5456e-01  lr=1.00e-04  (0.0s)
    -> I1=4 I2=4 I3=4 I4=5 I5=4 I6=4 I7=4 I8=5 min=4 mean=4.2 max=5 (135.7s, 92.8 ep/s, step=13.5ms, gpu=0%)
[184/304] hidden=[64, 64, 64] omega0=17.5 lr=0.0001 epochs=10000 npp=2048 seed=137 ...
  Epoch     1/10000  loss=3.5328e-01  lr=1.00e-04  (0.0s)
    -> I1=3 I2=4 I3=5 I4=5 I5=4 I6=4 I7=4 I8=4 min=3 mean=4.1 max=5 (135.5s, 92.9 ep/s, step=13.5ms, gpu=0%)
[185/304] hidden=[64, 64, 64] omega0=17.5 lr=0.0001 epochs=10000 npp=2048 seed=2024 ...
  Epoch     1/10000  loss=3.6882e-01  lr=1.00e-04  (0.0s)
    -> I1=4 I2=4 I3=4 I4=4 I5=3 I6=4 I7=4 I8=6 min=3 mean=4.1 max=6 (136.2s, 92.4 ep/s, step=13.6ms, gpu=0%)
[186/304] hidden=[64, 64, 64] omega0=17.5 lr=0.0001 epochs=10000 npp=2048 seed=7 ...
  Epoch     1/10000  loss=3.8938e-01  lr=1.00e-04  (0.0s)
    -> I1=5 I2=5 I3=4 I4=5 I5=4 I6=5 I7=5 I8=4 min=4 mean=4.6 max=5 (136.3s, 92.2 ep/s, step=13.6ms, gpu=0%)
[187/304] hidden=[64, 64, 64] omega0=17.5 lr=0.0001 epochs=10000 npp=2048 seed=999 ...
  Epoch     1/10000  loss=3.9706e-01  lr=1.00e-04  (0.0s)
    -> I1=4 I2=5 I3=4 I4=4 I5=4 I6=5 I7=4 I8=6 min=4 mean=4.5 max=6 (136.5s, 92.1 ep/s, step=13.6ms, gpu=0%)
[188/304] hidden=[64, 64, 64] omega0=17.5 lr=0.0002 epochs=10000 npp=512 seed=42 ...
  Epoch     1/10000  loss=3.4799e-01  lr=2.00e-04  (0.0s)
    -> I1=3 I2=4 I3=3 I4=4 I5=3 I6=3 I7=3 I8=4 min=3 mean=3.4 max=4 (130.3s, 93.4 ep/s, step=13.0ms, gpu=0%)
[189/304] hidden=[64, 64, 64] omega0=17.5 lr=0.0002 epochs=10000 npp=512 seed=137 ...
  Epoch     1/10000  loss=3.5829e-01  lr=2.00e-04  (0.0s)
    -> I1=3 I2=3 I3=3 I4=4 I5=3 I6=3 I7=4 I8=4 min=3 mean=3.4 max=4 (129.7s, 93.9 ep/s, step=12.9ms, gpu=0%)
[190/304] hidden=[64, 64, 64] omega0=17.5 lr=0.0002 epochs=10000 npp=512 seed=2024 ...
  Epoch     1/10000  loss=3.6376e-01  lr=2.00e-04  (0.0s)
    -> I1=3 I2=3 I3=4 I4=4 I5=3 I6=3 I7=3 I8=4 min=3 mean=3.4 max=4 (130.7s, 93.0 ep/s, step=13.0ms, gpu=0%)
[191/304] hidden=[64, 64, 64] omega0=17.5 lr=0.0002 epochs=10000 npp=512 seed=7 ...
  Epoch     1/10000  loss=3.5815e-01  lr=2.00e-04  (0.0s)
    -> I1=3 I2=3 I3=4 I4=5 I5=3 I6=4 I7=4 I8=6 min=3 mean=4.0 max=6 (130.9s, 92.9 ep/s, step=13.0ms, gpu=0%)
[192/304] hidden=[64, 64, 64] omega0=17.5 lr=0.0002 epochs=10000 npp=512 seed=999 ...
  Epoch     1/10000  loss=3.8400e-01  lr=2.00e-04  (0.0s)
    -> I1=3 I2=4 I3=4 I4=5 I5=3 I6=5 I7=3 I8=4 min=3 mean=3.9 max=5 (131.1s, 92.7 ep/s, step=13.1ms, gpu=0%)
[193/304] hidden=[64, 64, 64] omega0=17.5 lr=0.0002 epochs=10000 npp=1024 seed=42 ...
  Epoch     1/10000  loss=3.6667e-01  lr=2.00e-04  (0.0s)
    -> I1=4 I2=4 I3=4 I4=4 I5=4 I6=4 I7=3 I8=4 min=3 mean=3.9 max=4 (132.8s, 92.5 ep/s, step=13.2ms, gpu=0%)
[194/304] hidden=[64, 64, 64] omega0=17.5 lr=0.0002 epochs=10000 npp=1024 seed=137 ...
  Epoch     1/10000  loss=3.8288e-01  lr=2.00e-04  (0.0s)
    -> I1=4 I2=4 I3=4 I4=5 I5=4 I6=4 I7=5 I8=4 min=4 mean=4.2 max=5 (132.6s, 92.7 ep/s, step=13.2ms, gpu=0%)
[195/304] hidden=[64, 64, 64] omega0=17.5 lr=0.0002 epochs=10000 npp=1024 seed=2024 ...
  Epoch     1/10000  loss=3.6026e-01  lr=2.00e-04  (0.0s)
    -> I1=3 I2=3 I3=4 I4=5 I5=3 I6=4 I7=6 I8=5 min=3 mean=4.1 max=6 (132.3s, 92.9 ep/s, step=13.2ms, gpu=0%)
[196/304] hidden=[64, 64, 64] omega0=17.5 lr=0.0002 epochs=10000 npp=1024 seed=7 ...
  Epoch     1/10000  loss=4.0837e-01  lr=2.00e-04  (0.0s)
    -> I1=4 I2=4 I3=5 I4=5 I5=4 I6=4 I7=4 I8=5 min=4 mean=4.4 max=5 (131.9s, 93.2 ep/s, step=13.2ms, gpu=0%)
[197/304] hidden=[64, 64, 64] omega0=17.5 lr=0.0002 epochs=10000 npp=1024 seed=999 ...
  Epoch     1/10000  loss=4.3785e-01  lr=2.00e-04  (0.0s)
    -> I1=4 I2=4 I3=4 I4=5 I5=4 I6=4 I7=4 I8=4 min=4 mean=4.1 max=5 (131.6s, 93.5 ep/s, step=13.1ms, gpu=0%)
[198/304] hidden=[64, 64, 64] omega0=17.5 lr=0.0002 epochs=10000 npp=2048 seed=42 ...
  Epoch     1/10000  loss=3.5456e-01  lr=2.00e-04  (0.0s)
    -> I1=4 I2=4 I3=4 I4=4 I5=4 I6=4 I7=4 I8=4 min=4 mean=4.0 max=4 (136.2s, 92.3 ep/s, step=13.6ms, gpu=0%)
[199/304] hidden=[64, 64, 64] omega0=17.5 lr=0.0002 epochs=10000 npp=2048 seed=137 ...
  Epoch     1/10000  loss=3.5328e-01  lr=2.00e-04  (0.0s)
    -> I1=4 I2=4 I3=3 I4=4 I5=4 I6=4 I7=4 I8=4 min=3 mean=3.9 max=4 (136.1s, 92.4 ep/s, step=13.6ms, gpu=0%)
[200/304] hidden=[64, 64, 64] omega0=17.5 lr=0.0002 epochs=10000 npp=2048 seed=2024 ...
  Epoch     1/10000  loss=3.6882e-01  lr=2.00e-04  (0.0s)
    -> I1=3 I2=4 I3=4 I4=6 I5=4 I6=4 I7=5 I8=5 min=3 mean=4.4 max=6 (136.2s, 92.3 ep/s, step=13.6ms, gpu=0%)
[201/304] hidden=[64, 64, 64] omega0=17.5 lr=0.0002 epochs=10000 npp=2048 seed=7 ...
  Epoch     1/10000  loss=3.8938e-01  lr=2.00e-04  (0.0s)
    -> I1=4 I2=4 I3=5 I4=4 I5=4 I6=4 I7=5 I8=5 min=4 mean=4.4 max=5 (136.5s, 92.1 ep/s, step=13.6ms, gpu=0%)
[202/304] hidden=[64, 64, 64] omega0=17.5 lr=0.0002 epochs=10000 npp=2048 seed=999 ...
  Epoch     1/10000  loss=3.9706e-01  lr=2.00e-04  (0.0s)
    -> I1=4 I2=4 I3=4 I4=5 I5=4 I6=5 I7=4 I8=4 min=4 mean=4.2 max=5 (134.7s, 93.6 ep/s, step=13.4ms, gpu=0%)
[203/304] hidden=[80, 80, 80] omega0=12.5 lr=5e-05 epochs=6000 npp=512 seed=42 ...
  Epoch     1/6000  loss=3.5374e-01  lr=5.00e-05  (0.0s)
    -> I1=3 I2=4 I3=3 I4=4 I5=3 I6=3 I7=4 I8=4 min=3 mean=3.5 max=4 (78.3s, 93.2 ep/s, step=13.0ms, gpu=0%)
[204/304] hidden=[80, 80, 80] omega0=12.5 lr=5e-05 epochs=6000 npp=512 seed=137 ...
  Epoch     1/6000  loss=4.4958e-01  lr=5.00e-05  (0.0s)
    -> I1=3 I2=4 I3=3 I4=5 I5=3 I6=3 I7=4 I8=4 min=3 mean=3.6 max=5 (78.1s, 93.5 ep/s, step=13.0ms, gpu=0%)
[205/304] hidden=[80, 80, 80] omega0=12.5 lr=5e-05 epochs=6000 npp=512 seed=2024 ...
  Epoch     1/6000  loss=3.4843e-01  lr=5.00e-05  (0.0s)
    -> I1=3 I2=4 I3=3 I4=5 I5=3 I6=4 I7=3 I8=4 min=3 mean=3.6 max=5 (78.2s, 93.3 ep/s, step=13.0ms, gpu=0%)
[206/304] hidden=[80, 80, 80] omega0=12.5 lr=5e-05 epochs=6000 npp=512 seed=7 ...
  Epoch     1/6000  loss=3.4561e-01  lr=5.00e-05  (0.0s)
    -> I1=4 I2=3 I3=3 I4=4 I5=3 I6=4 I7=4 I8=5 min=3 mean=3.8 max=5 (77.2s, 94.9 ep/s, step=12.8ms, gpu=0%)
[207/304] hidden=[80, 80, 80] omega0=12.5 lr=5e-05 epochs=6000 npp=512 seed=999 ...
  Epoch     1/6000  loss=3.9492e-01  lr=5.00e-05  (0.0s)
    -> I1=3 I2=4 I3=3 I4=4 I5=2 I6=3 I7=3 I8=6 min=2 mean=3.5 max=6 (78.5s, 92.9 ep/s, step=13.0ms, gpu=0%)
[208/304] hidden=[80, 80, 80] omega0=12.5 lr=5e-05 epochs=6000 npp=1024 seed=42 ...
  Epoch     1/6000  loss=3.5178e-01  lr=5.00e-05  (0.0s)
    -> I1=3 I2=5 I3=4 I4=4 I5=3 I6=4 I7=4 I8=4 min=3 mean=3.9 max=5 (80.8s, 90.9 ep/s, step=13.4ms, gpu=0%)
[209/304] hidden=[80, 80, 80] omega0=12.5 lr=5e-05 epochs=6000 npp=1024 seed=137 ...
  Epoch     1/6000  loss=3.7729e-01  lr=5.00e-05  (0.0s)
    -> I1=4 I2=4 I3=3 I4=4 I5=4 I6=3 I7=4 I8=4 min=3 mean=3.8 max=4 (79.7s, 92.6 ep/s, step=13.2ms, gpu=0%)
[210/304] hidden=[80, 80, 80] omega0=12.5 lr=5e-05 epochs=6000 npp=1024 seed=2024 ...
  Epoch     1/6000  loss=3.8533e-01  lr=5.00e-05  (0.0s)
    -> I1=3 I2=5 I3=3 I4=4 I5=3 I6=3 I7=3 I8=4 min=3 mean=3.5 max=5 (79.8s, 92.3 ep/s, step=13.3ms, gpu=0%)
[211/304] hidden=[80, 80, 80] omega0=12.5 lr=5e-05 epochs=6000 npp=1024 seed=7 ...
  Epoch     1/6000  loss=3.8251e-01  lr=5.00e-05  (0.0s)
    -> I1=3 I2=3 I3=4 I4=4 I5=3 I6=4 I7=4 I8=4 min=3 mean=3.6 max=4 (78.2s, 94.7 ep/s, step=13.0ms, gpu=0%)
[212/304] hidden=[80, 80, 80] omega0=12.5 lr=5e-05 epochs=6000 npp=1024 seed=999 ...
  Epoch     1/6000  loss=3.6572e-01  lr=5.00e-05  (0.0s)
    -> I1=3 I2=3 I3=3 I4=4 I5=3 I6=3 I7=4 I8=4 min=3 mean=3.4 max=4 (80.2s, 91.8 ep/s, step=13.3ms, gpu=0%)
[213/304] hidden=[80, 80, 80] omega0=12.5 lr=5e-05 epochs=6000 npp=2048 seed=42 ...
  Epoch     1/6000  loss=3.5266e-01  lr=5.00e-05  (0.0s)
    -> I1=3 I2=4 I3=4 I4=5 I5=3 I6=4 I7=4 I8=5 min=3 mean=4.0 max=5 (81.6s, 92.6 ep/s, step=13.6ms, gpu=0%)
[214/304] hidden=[80, 80, 80] omega0=12.5 lr=5e-05 epochs=6000 npp=2048 seed=137 ...
  Epoch     1/6000  loss=3.7975e-01  lr=5.00e-05  (0.0s)
    -> I1=4 I2=3 I3=4 I4=4 I5=4 I6=3 I7=4 I8=4 min=3 mean=3.8 max=4 (81.3s, 93.0 ep/s, step=13.5ms, gpu=0%)
[215/304] hidden=[80, 80, 80] omega0=12.5 lr=5e-05 epochs=6000 npp=2048 seed=2024 ...
  Epoch     1/6000  loss=3.5373e-01  lr=5.00e-05  (0.0s)
    -> I1=4 I2=4 I3=4 I4=4 I5=3 I6=4 I7=3 I8=5 min=3 mean=3.9 max=5 (81.8s, 92.2 ep/s, step=13.6ms, gpu=0%)
[216/304] hidden=[80, 80, 80] omega0=12.5 lr=5e-05 epochs=6000 npp=2048 seed=7 ...
  Epoch     1/6000  loss=3.9413e-01  lr=5.00e-05  (0.0s)
    -> I1=3 I2=3 I3=5 I4=4 I5=3 I6=4 I7=4 I8=5 min=3 mean=3.9 max=5 (81.8s, 92.3 ep/s, step=13.6ms, gpu=0%)
[217/304] hidden=[80, 80, 80] omega0=12.5 lr=5e-05 epochs=6000 npp=2048 seed=999 ...
  Epoch     1/6000  loss=3.6798e-01  lr=5.00e-05  (0.0s)
    -> I1=3 I2=3 I3=4 I4=4 I5=3 I6=3 I7=3 I8=4 min=3 mean=3.4 max=4 (81.6s, 92.5 ep/s, step=13.6ms, gpu=0%)
[218/304] hidden=[80, 80, 80] omega0=12.5 lr=0.0001 epochs=6000 npp=512 seed=42 ...
  Epoch     1/6000  loss=3.5374e-01  lr=1.00e-04  (0.0s)
    -> I1=4 I2=4 I3=4 I4=4 I5=3 I6=4 I7=3 I8=4 min=3 mean=3.8 max=4 (78.4s, 93.0 ep/s, step=13.0ms, gpu=0%)
[219/304] hidden=[80, 80, 80] omega0=12.5 lr=0.0001 epochs=6000 npp=512 seed=137 ...
  Epoch     1/6000  loss=4.4958e-01  lr=1.00e-04  (0.0s)
    -> I1=4 I2=4 I3=4 I4=5 I5=4 I6=4 I7=4 I8=6 min=4 mean=4.4 max=6 (78.8s, 92.6 ep/s, step=13.1ms, gpu=0%)
[220/304] hidden=[80, 80, 80] omega0=12.5 lr=0.0001 epochs=6000 npp=512 seed=2024 ...
  Epoch     1/6000  loss=3.4843e-01  lr=1.00e-04  (0.0s)
    -> I1=3 I2=4 I3=4 I4=4 I5=3 I6=4 I7=4 I8=5 min=3 mean=3.9 max=5 (78.9s, 92.3 ep/s, step=13.1ms, gpu=0%)
[221/304] hidden=[80, 80, 80] omega0=12.5 lr=0.0001 epochs=6000 npp=512 seed=7 ...
  Epoch     1/6000  loss=3.4561e-01  lr=1.00e-04  (0.0s)
    -> I1=3 I2=4 I3=4 I4=4 I5=3 I6=4 I7=3 I8=4 min=3 mean=3.6 max=4 (78.7s, 92.7 ep/s, step=13.1ms, gpu=0%)
[222/304] hidden=[80, 80, 80] omega0=12.5 lr=0.0001 epochs=6000 npp=512 seed=999 ...
  Epoch     1/6000  loss=3.9492e-01  lr=1.00e-04  (0.0s)
    -> I1=3 I2=4 I3=3 I4=5 I5=3 I6=4 I7=4 I8=5 min=3 mean=3.9 max=5 (78.0s, 93.6 ep/s, step=13.0ms, gpu=0%)
[223/304] hidden=[80, 80, 80] omega0=12.5 lr=0.0001 epochs=6000 npp=1024 seed=42 ...
  Epoch     1/6000  loss=3.5178e-01  lr=1.00e-04  (0.0s)
    -> I1=3 I2=4 I3=4 I4=4 I5=4 I6=4 I7=3 I8=5 min=3 mean=3.9 max=5 (79.3s, 93.1 ep/s, step=13.2ms, gpu=0%)
[224/304] hidden=[80, 80, 80] omega0=12.5 lr=0.0001 epochs=6000 npp=1024 seed=137 ...
  Epoch     1/6000  loss=3.7729e-01  lr=1.00e-04  (0.0s)
    -> I1=4 I2=4 I3=4 I4=5 I5=3 I6=4 I7=4 I8=4 min=3 mean=4.0 max=5 (80.2s, 91.8 ep/s, step=13.3ms, gpu=0%)
[225/304] hidden=[80, 80, 80] omega0=12.5 lr=0.0001 epochs=6000 npp=1024 seed=2024 ...
  Epoch     1/6000  loss=3.8533e-01  lr=1.00e-04  (0.0s)
    -> I1=3 I2=4 I3=3 I4=4 I5=3 I6=3 I7=6 I8=4 min=3 mean=3.8 max=6 (80.4s, 91.5 ep/s, step=13.4ms, gpu=0%)
[226/304] hidden=[80, 80, 80] omega0=12.5 lr=0.0001 epochs=6000 npp=1024 seed=7 ...
  Epoch     1/6000  loss=3.8251e-01  lr=1.00e-04  (0.0s)
    -> I1=4 I2=5 I3=5 I4=4 I5=3 I6=4 I7=4 I8=4 min=3 mean=4.1 max=5 (80.1s, 92.0 ep/s, step=13.3ms, gpu=0%)
[227/304] hidden=[80, 80, 80] omega0=12.5 lr=0.0001 epochs=6000 npp=1024 seed=999 ...
  Epoch     1/6000  loss=3.6572e-01  lr=1.00e-04  (0.0s)
    -> I1=5 I2=4 I3=4 I4=6 I5=3 I6=4 I7=4 I8=4 min=3 mean=4.2 max=6 (79.1s, 93.4 ep/s, step=13.1ms, gpu=0%)
[228/304] hidden=[80, 80, 80] omega0=12.5 lr=0.0001 epochs=6000 npp=2048 seed=42 ...
  Epoch     1/6000  loss=3.5266e-01  lr=1.00e-04  (0.0s)
    -> I1=4 I2=4 I3=4 I4=5 I5=4 I6=4 I7=4 I8=5 min=4 mean=4.2 max=5 (81.6s, 92.5 ep/s, step=13.6ms, gpu=0%)
[229/304] hidden=[80, 80, 80] omega0=12.5 lr=0.0001 epochs=6000 npp=2048 seed=137 ...
  Epoch     1/6000  loss=3.7975e-01  lr=1.00e-04  (0.0s)
    -> I1=4 I2=4 I3=4 I4=5 I5=4 I6=4 I7=4 I8=4 min=4 mean=4.1 max=5 (81.6s, 92.4 ep/s, step=13.6ms, gpu=0%)
[230/304] hidden=[80, 80, 80] omega0=12.5 lr=0.0001 epochs=6000 npp=2048 seed=2024 ...
  Epoch     1/6000  loss=3.5373e-01  lr=1.00e-04  (0.0s)
    -> I1=4 I2=4 I3=4 I4=5 I5=3 I6=4 I7=5 I8=5 min=3 mean=4.2 max=5 (81.5s, 92.6 ep/s, step=13.5ms, gpu=0%)
[231/304] hidden=[80, 80, 80] omega0=12.5 lr=0.0001 epochs=6000 npp=2048 seed=7 ...
  Epoch     1/6000  loss=3.9413e-01  lr=1.00e-04  (0.0s)
    -> I1=4 I2=4 I3=5 I4=5 I5=3 I6=4 I7=4 I8=5 min=3 mean=4.2 max=5 (81.4s, 92.8 ep/s, step=13.5ms, gpu=0%)
[232/304] hidden=[80, 80, 80] omega0=12.5 lr=0.0001 epochs=6000 npp=2048 seed=999 ...
  Epoch     1/6000  loss=3.6798e-01  lr=1.00e-04  (0.0s)
    -> I1=3 I2=4 I3=4 I4=4 I5=3 I6=4 I7=4 I8=5 min=3 mean=3.9 max=5 (81.5s, 92.5 ep/s, step=13.5ms, gpu=0%)
[233/304] hidden=[80, 80, 80] omega0=12.5 lr=0.0002 epochs=6000 npp=512 seed=42 ...
  Epoch     1/6000  loss=3.5374e-01  lr=2.00e-04  (0.0s)
    -> I1=3 I2=4 I3=4 I4=4 I5=3 I6=4 I7=4 I8=4 min=3 mean=3.8 max=4 (78.1s, 93.5 ep/s, step=13.0ms, gpu=0%)
[234/304] hidden=[80, 80, 80] omega0=12.5 lr=0.0002 epochs=6000 npp=512 seed=137 ...
  Epoch     1/6000  loss=4.4958e-01  lr=2.00e-04  (0.0s)
    -> I1=5 I2=4 I3=4 I4=4 I5=3 I6=4 I7=4 I8=5 min=3 mean=4.1 max=5 (77.4s, 94.6 ep/s, step=12.9ms, gpu=0%)
[235/304] hidden=[80, 80, 80] omega0=12.5 lr=0.0002 epochs=6000 npp=512 seed=2024 ...
  Epoch     1/6000  loss=3.4843e-01  lr=2.00e-04  (0.0s)
    -> I1=4 I2=4 I3=4 I4=4 I5=4 I6=4 I7=4 I8=4 min=4 mean=4.0 max=4 (79.3s, 91.9 ep/s, step=13.2ms, gpu=0%)
[236/304] hidden=[80, 80, 80] omega0=12.5 lr=0.0002 epochs=6000 npp=512 seed=7 ...
  Epoch     1/6000  loss=3.4561e-01  lr=2.00e-04  (0.0s)
    -> I1=3 I2=4 I3=6 I4=4 I5=4 I6=4 I7=4 I8=5 min=3 mean=4.2 max=6 (77.8s, 93.9 ep/s, step=12.9ms, gpu=0%)
[237/304] hidden=[80, 80, 80] omega0=12.5 lr=0.0002 epochs=6000 npp=512 seed=999 ...
  Epoch     1/6000  loss=3.9492e-01  lr=2.00e-04  (0.0s)
    -> I1=3 I2=4 I3=4 I4=5 I5=3 I6=5 I7=4 I8=5 min=3 mean=4.1 max=5 (78.4s, 93.1 ep/s, step=13.0ms, gpu=0%)
[238/304] hidden=[80, 80, 80] omega0=12.5 lr=0.0002 epochs=6000 npp=1024 seed=42 ...
  Epoch     1/6000  loss=3.5178e-01  lr=2.00e-04  (0.0s)
    -> I1=3 I2=4 I3=4 I4=4 I5=4 I6=4 I7=4 I8=5 min=3 mean=4.0 max=5 (79.7s, 92.5 ep/s, step=13.2ms, gpu=0%)
[239/304] hidden=[80, 80, 80] omega0=12.5 lr=0.0002 epochs=6000 npp=1024 seed=137 ...
  Epoch     1/6000  loss=3.7729e-01  lr=2.00e-04  (0.0s)
    -> I1=3 I2=4 I3=4 I4=5 I5=4 I6=5 I7=6 I8=5 min=3 mean=4.5 max=6 (80.1s, 91.9 ep/s, step=13.3ms, gpu=0%)
[240/304] hidden=[80, 80, 80] omega0=12.5 lr=0.0002 epochs=6000 npp=1024 seed=2024 ...
  Epoch     1/6000  loss=3.8533e-01  lr=2.00e-04  (0.0s)
    -> I1=4 I2=4 I3=4 I4=5 I5=3 I6=4 I7=4 I8=5 min=3 mean=4.1 max=5 (79.4s, 93.0 ep/s, step=13.2ms, gpu=0%)
[241/304] hidden=[80, 80, 80] omega0=12.5 lr=0.0002 epochs=6000 npp=1024 seed=7 ...
  Epoch     1/6000  loss=3.8251e-01  lr=2.00e-04  (0.0s)
    -> I1=3 I2=4 I3=4 I4=5 I5=3 I6=4 I7=4 I8=4 min=3 mean=3.9 max=5 (80.8s, 90.9 ep/s, step=13.4ms, gpu=0%)
[242/304] hidden=[80, 80, 80] omega0=12.5 lr=0.0002 epochs=6000 npp=1024 seed=999 ...
  Epoch     1/6000  loss=3.6572e-01  lr=2.00e-04  (0.0s)
    -> I1=4 I2=4 I3=5 I4=5 I5=4 I6=4 I7=4 I8=4 min=4 mean=4.2 max=5 (80.4s, 91.5 ep/s, step=13.4ms, gpu=0%)
[243/304] hidden=[80, 80, 80] omega0=12.5 lr=0.0002 epochs=6000 npp=2048 seed=42 ...
  Epoch     1/6000  loss=3.5266e-01  lr=2.00e-04  (0.0s)
    -> I1=3 I2=4 I3=4 I4=4 I5=3 I6=4 I7=4 I8=5 min=3 mean=3.9 max=5 (81.6s, 92.5 ep/s, step=13.6ms, gpu=0%)
[244/304] hidden=[80, 80, 80] omega0=12.5 lr=0.0002 epochs=6000 npp=2048 seed=137 ...
  Epoch     1/6000  loss=3.7975e-01  lr=2.00e-04  (0.0s)
    -> I1=3 I2=4 I3=4 I4=6 I5=3 I6=4 I7=4 I8=5 min=3 mean=4.1 max=6 (81.5s, 92.7 ep/s, step=13.5ms, gpu=0%)
[245/304] hidden=[80, 80, 80] omega0=12.5 lr=0.0002 epochs=6000 npp=2048 seed=2024 ...
  Epoch     1/6000  loss=3.5373e-01  lr=2.00e-04  (0.0s)
    -> I1=4 I2=4 I3=4 I4=5 I5=4 I6=4 I7=5 I8=5 min=4 mean=4.4 max=5 (81.9s, 92.2 ep/s, step=13.6ms, gpu=0%)
[246/304] hidden=[80, 80, 80] omega0=12.5 lr=0.0002 epochs=6000 npp=2048 seed=7 ...
  Epoch     1/6000  loss=3.9413e-01  lr=2.00e-04  (0.0s)
    -> I1=4 I2=4 I3=4 I4=4 I5=5 I6=4 I7=4 I8=4 min=4 mean=4.1 max=5 (81.1s, 93.3 ep/s, step=13.5ms, gpu=0%)
[247/304] hidden=[80, 80, 80] omega0=12.5 lr=0.0002 epochs=6000 npp=2048 seed=999 ...
  Epoch     1/6000  loss=3.6798e-01  lr=2.00e-04  (0.0s)
    -> I1=4 I2=4 I3=5 I4=5 I5=4 I6=4 I7=4 I8=5 min=4 mean=4.4 max=5 (81.8s, 92.2 ep/s, step=13.6ms, gpu=0%)
[248/304] hidden=[80, 80, 80] omega0=12.5 lr=5e-05 epochs=8000 npp=512 seed=42 ...
  Epoch     1/8000  loss=3.5374e-01  lr=5.00e-05  (0.0s)
    -> I1=3 I2=4 I3=4 I4=4 I5=3 I6=4 I7=5 I8=5 min=3 mean=4.0 max=5 (104.0s, 93.7 ep/s, step=13.0ms, gpu=0%)
[249/304] hidden=[80, 80, 80] omega0=12.5 lr=5e-05 epochs=8000 npp=512 seed=137 ...
  Epoch     1/8000  loss=4.4958e-01  lr=5.00e-05  (0.0s)
    -> I1=4 I2=4 I3=3 I4=5 I5=4 I6=3 I7=5 I8=4 min=3 mean=4.0 max=5 (104.8s, 92.7 ep/s, step=13.1ms, gpu=0%)
[250/304] hidden=[80, 80, 80] omega0=12.5 lr=5e-05 epochs=8000 npp=512 seed=2024 ...
  Epoch     1/8000  loss=3.4843e-01  lr=5.00e-05  (0.0s)
    -> I1=3 I2=4 I3=3 I4=4 I5=3 I6=3 I7=4 I8=4 min=3 mean=3.5 max=4 (105.7s, 91.9 ep/s, step=13.2ms, gpu=0%)
[251/304] hidden=[80, 80, 80] omega0=12.5 lr=5e-05 epochs=8000 npp=512 seed=7 ...
  Epoch     1/8000  loss=3.4561e-01  lr=5.00e-05  (0.0s)
    -> I1=3 I2=3 I3=4 I4=4 I5=3 I6=3 I7=4 I8=6 min=3 mean=3.8 max=6 (105.3s, 92.2 ep/s, step=13.1ms, gpu=0%)
[252/304] hidden=[80, 80, 80] omega0=12.5 lr=5e-05 epochs=8000 npp=512 seed=999 ...
  Epoch     1/8000  loss=3.9492e-01  lr=5.00e-05  (0.0s)
    -> I1=3 I2=3 I3=4 I4=4 I5=3 I6=3 I7=4 I8=5 min=3 mean=3.6 max=5 (104.5s, 93.2 ep/s, step=13.0ms, gpu=0%)
[253/304] hidden=[80, 80, 80] omega0=12.5 lr=5e-05 epochs=8000 npp=1024 seed=42 ...
  Epoch     1/8000  loss=3.5178e-01  lr=5.00e-05  (0.0s)
    -> I1=3 I2=4 I3=4 I4=4 I5=3 I6=4 I7=5 I8=4 min=3 mean=3.9 max=5 (107.0s, 91.8 ep/s, step=13.3ms, gpu=0%)
[254/304] hidden=[80, 80, 80] omega0=12.5 lr=5e-05 epochs=8000 npp=1024 seed=137 ...
  Epoch     1/8000  loss=3.7729e-01  lr=5.00e-05  (0.0s)
    -> I1=4 I2=4 I3=4 I4=5 I5=4 I6=3 I7=4 I8=4 min=3 mean=4.0 max=5 (106.3s, 92.4 ep/s, step=13.2ms, gpu=0%)
[255/304] hidden=[80, 80, 80] omega0=12.5 lr=5e-05 epochs=8000 npp=1024 seed=2024 ...
  Epoch     1/8000  loss=3.8533e-01  lr=5.00e-05  (0.0s)
    -> I1=4 I2=4 I3=3 I4=5 I5=3 I6=4 I7=4 I8=5 min=3 mean=4.0 max=5 (106.3s, 92.4 ep/s, step=13.3ms, gpu=0%)
[256/304] hidden=[80, 80, 80] omega0=12.5 lr=5e-05 epochs=8000 npp=1024 seed=7 ...
  Epoch     1/8000  loss=3.8251e-01  lr=5.00e-05  (0.0s)
    -> I1=3 I2=3 I3=4 I4=5 I5=3 I6=4 I7=5 I8=4 min=3 mean=3.9 max=5 (105.3s, 93.5 ep/s, step=13.1ms, gpu=0%)
[257/304] hidden=[80, 80, 80] omega0=12.5 lr=5e-05 epochs=8000 npp=1024 seed=999 ...
  Epoch     1/8000  loss=3.6572e-01  lr=5.00e-05  (0.0s)
    -> I1=3 I2=3 I3=4 I4=4 I5=3 I6=3 I7=4 I8=4 min=3 mean=3.5 max=4 (106.3s, 92.5 ep/s, step=13.2ms, gpu=0%)
[258/304] hidden=[80, 80, 80] omega0=12.5 lr=5e-05 epochs=8000 npp=2048 seed=42 ...
  Epoch     1/8000  loss=3.5266e-01  lr=5.00e-05  (0.0s)
    -> I1=3 I2=4 I3=4 I4=4 I5=3 I6=4 I7=4 I8=5 min=3 mean=3.9 max=5 (108.6s, 92.6 ep/s, step=13.5ms, gpu=0%)
[259/304] hidden=[80, 80, 80] omega0=12.5 lr=5e-05 epochs=8000 npp=2048 seed=137 ...
  Epoch     1/8000  loss=3.7975e-01  lr=5.00e-05  (0.0s)
    -> I1=3 I2=4 I3=5 I4=4 I5=4 I6=4 I7=4 I8=4 min=3 mean=4.0 max=5 (109.0s, 92.3 ep/s, step=13.6ms, gpu=0%)
[260/304] hidden=[80, 80, 80] omega0=12.5 lr=5e-05 epochs=8000 npp=2048 seed=2024 ...
  Epoch     1/8000  loss=3.5373e-01  lr=5.00e-05  (0.0s)
    -> I1=4 I2=4 I3=4 I4=5 I5=3 I6=4 I7=4 I8=5 min=3 mean=4.1 max=5 (109.0s, 92.3 ep/s, step=13.6ms, gpu=0%)
[261/304] hidden=[80, 80, 80] omega0=12.5 lr=5e-05 epochs=8000 npp=2048 seed=7 ...
  Epoch     1/8000  loss=3.9413e-01  lr=5.00e-05  (0.0s)
    -> I1=4 I2=4 I3=4 I4=5 I5=3 I6=4 I7=4 I8=5 min=3 mean=4.1 max=5 (108.9s, 92.4 ep/s, step=13.6ms, gpu=0%)
[262/304] hidden=[80, 80, 80] omega0=12.5 lr=5e-05 epochs=8000 npp=2048 seed=999 ...
  Epoch     1/8000  loss=3.6798e-01  lr=5.00e-05  (0.0s)
    -> I1=4 I2=4 I3=4 I4=5 I5=3 I6=4 I7=3 I8=5 min=3 mean=4.0 max=5 (108.9s, 92.4 ep/s, step=13.6ms, gpu=0%)
[263/304] hidden=[80, 80, 80] omega0=12.5 lr=0.0001 epochs=8000 npp=512 seed=42 ...
  Epoch     1/8000  loss=3.5374e-01  lr=1.00e-04  (0.0s)
    -> I1=3 I2=4 I3=4 I4=4 I5=4 I6=5 I7=4 I8=4 min=3 mean=4.0 max=5 (105.0s, 92.6 ep/s, step=13.1ms, gpu=0%)
[264/304] hidden=[80, 80, 80] omega0=12.5 lr=0.0001 epochs=8000 npp=512 seed=137 ...
  Epoch     1/8000  loss=4.4958e-01  lr=1.00e-04  (0.0s)
    -> I1=3 I2=4 I3=4 I4=4 I5=4 I6=4 I7=4 I8=7 min=3 mean=4.2 max=7 (105.8s, 91.8 ep/s, step=13.2ms, gpu=0%)
[265/304] hidden=[80, 80, 80] omega0=12.5 lr=0.0001 epochs=8000 npp=512 seed=2024 ...
  Epoch     1/8000  loss=3.4843e-01  lr=1.00e-04  (0.0s)
    -> I1=4 I2=5 I3=4 I4=4 I5=3 I6=4 I7=4 I8=5 min=3 mean=4.1 max=5 (104.9s, 92.6 ep/s, step=13.1ms, gpu=0%)
[266/304] hidden=[80, 80, 80] omega0=12.5 lr=0.0001 epochs=8000 npp=512 seed=7 ...
  Epoch     1/8000  loss=3.4561e-01  lr=1.00e-04  (0.0s)
    -> I1=5 I2=4 I3=4 I4=5 I5=3 I6=4 I7=5 I8=5 min=3 mean=4.4 max=5 (104.7s, 92.8 ep/s, step=13.1ms, gpu=0%)
[267/304] hidden=[80, 80, 80] omega0=12.5 lr=0.0001 epochs=8000 npp=512 seed=999 ...
  Epoch     1/8000  loss=3.9492e-01  lr=1.00e-04  (0.0s)
    -> I1=4 I2=5 I3=5 I4=4 I5=3 I6=4 I7=4 I8=4 min=3 mean=4.1 max=5 (104.4s, 93.2 ep/s, step=13.0ms, gpu=0%)
[268/304] hidden=[80, 80, 80] omega0=12.5 lr=0.0001 epochs=8000 npp=1024 seed=42 ...
  Epoch     1/8000  loss=3.5178e-01  lr=1.00e-04  (0.0s)
    -> I1=4 I2=4 I3=4 I4=5 I5=3 I6=4 I7=4 I8=5 min=3 mean=4.1 max=5 (105.5s, 93.3 ep/s, step=13.1ms, gpu=0%)
[269/304] hidden=[80, 80, 80] omega0=12.5 lr=0.0001 epochs=8000 npp=1024 seed=137 ...
  Epoch     1/8000  loss=3.7729e-01  lr=1.00e-04  (0.0s)
    -> I1=6 I2=5 I3=4 I4=5 I5=4 I6=4 I7=4 I8=4 min=4 mean=4.5 max=6 (106.0s, 92.7 ep/s, step=13.2ms, gpu=0%)
[270/304] hidden=[80, 80, 80] omega0=12.5 lr=0.0001 epochs=8000 npp=1024 seed=2024 ...
  Epoch     1/8000  loss=3.8533e-01  lr=1.00e-04  (0.0s)
    -> I1=4 I2=4 I3=4 I4=5 I5=3 I6=4 I7=4 I8=4 min=3 mean=4.0 max=5 (106.3s, 92.4 ep/s, step=13.2ms, gpu=0%)
[271/304] hidden=[80, 80, 80] omega0=12.5 lr=0.0001 epochs=8000 npp=1024 seed=7 ...
  Epoch     1/8000  loss=3.8251e-01  lr=1.00e-04  (0.0s)
    -> I1=5 I2=5 I3=4 I4=4 I5=4 I6=4 I7=4 I8=5 min=4 mean=4.4 max=5 (105.8s, 93.0 ep/s, step=13.2ms, gpu=0%)
[272/304] hidden=[80, 80, 80] omega0=12.5 lr=0.0001 epochs=8000 npp=1024 seed=999 ...
  Epoch     1/8000  loss=3.6572e-01  lr=1.00e-04  (0.0s)
    -> I1=3 I2=4 I3=4 I4=4 I5=3 I6=4 I7=3 I8=5 min=3 mean=3.8 max=5 (107.5s, 91.2 ep/s, step=13.4ms, gpu=0%)
[273/304] hidden=[80, 80, 80] omega0=12.5 lr=0.0001 epochs=8000 npp=2048 seed=42 ...
  Epoch     1/8000  loss=3.5266e-01  lr=1.00e-04  (0.0s)
    -> I1=3 I2=4 I3=5 I4=7 I5=4 I6=5 I7=4 I8=5 min=3 mean=4.6 max=7 (108.7s, 92.6 ep/s, step=13.5ms, gpu=0%)
[274/304] hidden=[80, 80, 80] omega0=12.5 lr=0.0001 epochs=8000 npp=2048 seed=137 ...
  Epoch     1/8000  loss=3.7975e-01  lr=1.00e-04  (0.0s)
    -> I1=4 I2=4 I3=5 I4=5 I5=5 I6=5 I7=5 I8=5 min=4 mean=4.8 max=5 (109.0s, 92.2 ep/s, step=13.6ms, gpu=0%)
[275/304] hidden=[80, 80, 80] omega0=12.5 lr=0.0001 epochs=8000 npp=2048 seed=2024 ...
  Epoch     1/8000  loss=3.5373e-01  lr=1.00e-04  (0.0s)
    -> I1=4 I2=4 I3=4 I4=5 I5=4 I6=4 I7=4 I8=5 min=4 mean=4.2 max=5 (109.0s, 92.3 ep/s, step=13.6ms, gpu=0%)
[276/304] hidden=[80, 80, 80] omega0=12.5 lr=0.0001 epochs=8000 npp=2048 seed=7 ...
  Epoch     1/8000  loss=3.9413e-01  lr=1.00e-04  (0.0s)
    -> I1=4 I2=4 I3=4 I4=4 I5=4 I6=4 I7=4 I8=5 min=4 mean=4.1 max=5 (108.8s, 92.5 ep/s, step=13.6ms, gpu=0%)
[277/304] hidden=[80, 80, 80] omega0=12.5 lr=0.0001 epochs=8000 npp=2048 seed=999 ...
  Epoch     1/8000  loss=3.6798e-01  lr=1.00e-04  (0.0s)
    -> I1=4 I2=4 I3=4 I4=5 I5=5 I6=4 I7=4 I8=4 min=4 mean=4.2 max=5 (109.1s, 92.2 ep/s, step=13.6ms, gpu=0%)
[278/304] hidden=[80, 80, 80] omega0=12.5 lr=0.0002 epochs=8000 npp=512 seed=42 ...
  Epoch     1/8000  loss=3.5374e-01  lr=2.00e-04  (0.0s)
    -> I1=3 I2=4 I3=3 I4=5 I5=3 I6=4 I7=4 I8=4 min=3 mean=3.8 max=5 (105.1s, 92.5 ep/s, step=13.1ms, gpu=0%)
[279/304] hidden=[80, 80, 80] omega0=12.5 lr=0.0002 epochs=8000 npp=512 seed=137 ...
  Epoch     1/8000  loss=4.4958e-01  lr=2.00e-04  (0.0s)
    -> I1=4 I2=4 I3=4 I4=4 I5=4 I6=4 I7=5 I8=4 min=4 mean=4.1 max=5 (105.3s, 92.2 ep/s, step=13.1ms, gpu=0%)
[280/304] hidden=[80, 80, 80] omega0=12.5 lr=0.0002 epochs=8000 npp=512 seed=2024 ...
  Epoch     1/8000  loss=3.4843e-01  lr=2.00e-04  (0.0s)
    -> I1=5 I2=4 I3=5 I4=5 I5=4 I6=5 I7=5 I8=5 min=4 mean=4.8 max=5 (105.2s, 92.4 ep/s, step=13.1ms, gpu=0%)
[281/304] hidden=[80, 80, 80] omega0=12.5 lr=0.0002 epochs=8000 npp=512 seed=7 ...
  Epoch     1/8000  loss=3.4561e-01  lr=2.00e-04  (0.0s)
    -> I1=4 I2=6 I3=4 I4=5 I5=4 I6=5 I7=5 I8=5 min=4 mean=4.8 max=6 (104.4s, 93.2 ep/s, step=13.0ms, gpu=0%)
[282/304] hidden=[80, 80, 80] omega0=12.5 lr=0.0002 epochs=8000 npp=512 seed=999 ...
  Epoch     1/8000  loss=3.9492e-01  lr=2.00e-04  (0.0s)
    -> I1=4 I2=4 I3=4 I4=4 I5=4 I6=4 I7=4 I8=6 min=4 mean=4.2 max=6 (104.6s, 93.0 ep/s, step=13.0ms, gpu=0%)
[283/304] hidden=[80, 80, 80] omega0=12.5 lr=0.0002 epochs=8000 npp=1024 seed=42 ...
  Epoch     1/8000  loss=3.5178e-01  lr=2.00e-04  (0.0s)
    -> I1=3 I2=4 I3=3 I4=4 I5=3 I6=4 I7=3 I8=4 min=3 mean=3.5 max=4 (105.1s, 93.7 ep/s, step=13.1ms, gpu=0%)
[284/304] hidden=[80, 80, 80] omega0=12.5 lr=0.0002 epochs=8000 npp=1024 seed=137 ...
  Epoch     1/8000  loss=3.7729e-01  lr=2.00e-04  (0.0s)
    -> I1=3 I2=4 I3=4 I4=5 I5=5 I6=5 I7=4 I8=5 min=3 mean=4.4 max=5 (105.5s, 93.3 ep/s, step=13.1ms, gpu=0%)
[285/304] hidden=[80, 80, 80] omega0=12.5 lr=0.0002 epochs=8000 npp=1024 seed=2024 ...
  Epoch     1/8000  loss=3.8533e-01  lr=2.00e-04  (0.0s)
    -> I1=3 I2=4 I3=5 I4=5 I5=3 I6=4 I7=4 I8=5 min=3 mean=4.1 max=5 (104.9s, 94.0 ep/s, step=13.1ms, gpu=0%)
[286/304] hidden=[80, 80, 80] omega0=12.5 lr=0.0002 epochs=8000 npp=1024 seed=7 ...
  Epoch     1/8000  loss=3.8251e-01  lr=2.00e-04  (0.0s)
    -> I1=3 I2=4 I3=4 I4=5 I5=3 I6=4 I7=4 I8=5 min=3 mean=4.0 max=5 (106.1s, 92.6 ep/s, step=13.2ms, gpu=0%)
[287/304] hidden=[80, 80, 80] omega0=12.5 lr=0.0002 epochs=8000 npp=1024 seed=999 ...
  Epoch     1/8000  loss=3.6572e-01  lr=2.00e-04  (0.0s)
    -> I1=3 I2=4 I3=4 I4=5 I5=4 I6=4 I7=4 I8=5 min=3 mean=4.1 max=5 (107.1s, 91.6 ep/s, step=13.3ms, gpu=0%)
[288/304] hidden=[80, 80, 80] omega0=12.5 lr=0.0002 epochs=8000 npp=2048 seed=42 ...
  Epoch     1/8000  loss=3.5266e-01  lr=2.00e-04  (0.0s)
    -> I1=4 I2=4 I3=4 I4=5 I5=6 I6=4 I7=4 I8=5 min=4 mean=4.5 max=6 (109.0s, 92.3 ep/s, step=13.6ms, gpu=0%)
[289/304] hidden=[80, 80, 80] omega0=12.5 lr=0.0002 epochs=8000 npp=2048 seed=137 ...
  Epoch     1/8000  loss=3.7975e-01  lr=2.00e-04  (0.0s)
    -> I1=4 I2=4 I3=4 I4=5 I5=4 I6=4 I7=4 I8=5 min=4 mean=4.2 max=5 (108.8s, 92.4 ep/s, step=13.6ms, gpu=0%)
[290/304] hidden=[80, 80, 80] omega0=12.5 lr=0.0002 epochs=8000 npp=2048 seed=2024 ...
  Epoch     1/8000  loss=3.5373e-01  lr=2.00e-04  (0.0s)
    -> I1=3 I2=4 I3=4 I4=6 I5=4 I6=4 I7=4 I8=5 min=3 mean=4.2 max=6 (108.8s, 92.5 ep/s, step=13.6ms, gpu=0%)
[291/304] hidden=[80, 80, 80] omega0=12.5 lr=0.0002 epochs=8000 npp=2048 seed=7 ...
  Epoch     1/8000  loss=3.9413e-01  lr=2.00e-04  (0.0s)
    -> I1=3 I2=4 I3=4 I4=5 I5=4 I6=5 I7=4 I8=5 min=3 mean=4.2 max=5 (108.6s, 92.6 ep/s, step=13.5ms, gpu=0%)
[292/304] hidden=[80, 80, 80] omega0=12.5 lr=0.0002 epochs=8000 npp=2048 seed=999 ...
  Epoch     1/8000  loss=3.6798e-01  lr=2.00e-04  (0.0s)
    -> I1=4 I2=4 I3=4 I4=5 I5=4 I6=4 I7=7 I8=5 min=4 mean=4.6 max=7 (108.4s, 92.9 ep/s, step=13.5ms, gpu=0%)
[293/304] hidden=[80, 80, 80] omega0=12.5 lr=5e-05 epochs=10000 npp=512 seed=42 ...
  Epoch     1/10000  loss=3.5374e-01  lr=5.00e-05  (0.0s)
    -> I1=3 I2=4 I3=4 I4=5 I5=3 I6=4 I7=4 I8=5 min=3 mean=4.0 max=5 (130.3s, 93.3 ep/s, step=13.0ms, gpu=0%)
[294/304] hidden=[80, 80, 80] omega0=12.5 lr=5e-05 epochs=10000 npp=512 seed=137 ...
  Epoch     1/10000  loss=4.4958e-01  lr=5.00e-05  (0.0s)
    -> I1=5 I2=4 I3=4 I4=5 I5=4 I6=3 I7=4 I8=4 min=3 mean=4.1 max=5 (130.9s, 92.9 ep/s, step=13.0ms, gpu=0%)
[295/304] hidden=[80, 80, 80] omega0=12.5 lr=5e-05 epochs=10000 npp=512 seed=2024 ...
  Epoch     1/10000  loss=3.4843e-01  lr=5.00e-05  (0.0s)
    -> I1=3 I2=5 I3=3 I4=5 I5=3 I6=3 I7=5 I8=5 min=3 mean=4.0 max=5 (131.6s, 92.3 ep/s, step=13.1ms, gpu=0%)
[296/304] hidden=[80, 80, 80] omega0=12.5 lr=5e-05 epochs=10000 npp=512 seed=7 ...
  Epoch     1/10000  loss=3.4561e-01  lr=5.00e-05  (0.0s)
    -> I1=4 I2=4 I3=4 I4=4 I5=3 I6=4 I7=4 I8=6 min=3 mean=4.1 max=6 (131.5s, 92.4 ep/s, step=13.1ms, gpu=0%)
[297/304] hidden=[80, 80, 80] omega0=12.5 lr=5e-05 epochs=10000 npp=512 seed=999 ...
  Epoch     1/10000  loss=3.9492e-01  lr=5.00e-05  (0.0s)
    -> I1=4 I2=4 I3=4 I4=5 I5=3 I6=3 I7=4 I8=5 min=3 mean=4.0 max=5 (130.1s, 93.5 ep/s, step=13.0ms, gpu=0%)
[298/304] hidden=[80, 80, 80] omega0=12.5 lr=5e-05 epochs=10000 npp=1024 seed=42 ...
  Epoch     1/10000  loss=3.5178e-01  lr=5.00e-05  (0.0s)
    -> I1=3 I2=4 I3=4 I4=5 I5=4 I6=4 I7=4 I8=4 min=3 mean=4.0 max=5 (132.1s, 93.2 ep/s, step=13.2ms, gpu=0%)
[299/304] hidden=[80, 80, 80] omega0=12.5 lr=5e-05 epochs=10000 npp=1024 seed=137 ...
  Epoch     1/10000  loss=3.7729e-01  lr=5.00e-05  (0.0s)
    -> I1=3 I2=4 I3=4 I4=5 I5=4 I6=3 I7=4 I8=4 min=3 mean=3.9 max=5 (132.6s, 92.7 ep/s, step=13.2ms, gpu=0%)
[300/304] hidden=[80, 80, 80] omega0=12.5 lr=5e-05 epochs=10000 npp=1024 seed=2024 ...
  Epoch     1/10000  loss=3.8533e-01  lr=5.00e-05  (0.0s)
    -> I1=4 I2=4 I3=4 I4=5 I5=5 I6=4 I7=5 I8=4 min=4 mean=4.4 max=5 (131.4s, 93.6 ep/s, step=13.1ms, gpu=0%)
[301/304] hidden=[80, 80, 80] omega0=12.5 lr=5e-05 epochs=10000 npp=1024 seed=7 ...
  Epoch     1/10000  loss=3.8251e-01  lr=5.00e-05  (0.0s)
    -> I1=3 I2=4 I3=5 I4=4 I5=4 I6=4 I7=4 I8=4 min=3 mean=4.0 max=5 (132.7s, 92.5 ep/s, step=13.2ms, gpu=0%)
[302/304] hidden=[80, 80, 80] omega0=12.5 lr=5e-05 epochs=10000 npp=1024 seed=999 ...
  Epoch     1/10000  loss=3.6572e-01  lr=5.00e-05  (0.0s)
    -> I1=4 I2=3 I3=5 I4=4 I5=3 I6=4 I7=4 I8=4 min=3 mean=3.9 max=5 (131.7s, 93.3 ep/s, step=13.1ms, gpu=0%)
[303/304] hidden=[80, 80, 80] omega0=12.5 lr=5e-05 epochs=10000 npp=2048 seed=42 ...
  Epoch     1/10000  loss=3.5266e-01  lr=5.00e-05  (0.0s)
    -> I1=3 I2=4 I3=4 I4=5 I5=4 I6=4 I7=4 I8=5 min=3 mean=4.1 max=5 (135.4s, 92.8 ep/s, step=13.5ms, gpu=0%)
[304/304] hidden=[80, 80, 80] omega0=12.5 lr=5e-05 epochs=10000 npp=2048 seed=137 ...
  Epoch     1/10000  loss=3.7975e-01  lr=5.00e-05  (0.0s)
    -> I1=3 I2=4 I3=4 I4=6 I5=4 I6=4 I7=4 I8=4 min=3 mean=4.1 max=6 (135.1s, 93.1 ep/s, step=13.5ms, gpu=0%)

============================================================================================================================================
  RANKED RESULTS (best first) — GPU 2
============================================================================================================================================
    # hidden           omega0       lr epochs   npp  seed   min_loss mean_relerr  I1  I2  I3  I4  I5  I6  I7  I8  min  mean  max   wall   ep/s   step  gpu%
--------------------------------------------------------------------------------------------------------------------------------------------
    1 [80, 80, 80]       12.5  2.0e-04   8000   512  2024  1.315e-04   2.789e-04   5   4   5   5   4   5   5   5    4   4.8    5  105.2   92.4   13.1     0
    2 [80, 80, 80]       12.5  2.0e-04   8000  2048   999  7.836e-05   3.468e-04   4   4   4   5   4   4   7   5    4   4.6    7  108.4   92.9   13.5     0
    3 [80, 80, 80]       12.5  1.0e-04   8000  2048   137  1.675e-04   3.495e-04   4   4   5   5   5   5   5   5    4   4.8    5  109.0   92.2   13.6     0
    4 [64, 64, 64]       15.0  2.0e-04  10000  2048  2024  9.998e-05   3.616e-04   4   4   5   6   4   4   5   5    4   4.6    6  135.3   93.1   13.5     0
    5 [64, 64, 64]       15.0  2.0e-04  10000  2048   999  1.013e-04   3.952e-04   4   5   5   5   4   5   4   6    4   4.8    6  135.9   92.6   13.5     0
    6 [80, 80, 80]       12.5  2.0e-04   8000   512     7  1.385e-04   4.003e-04   4   6   4   5   4   5   5   5    4   4.8    6  104.4   93.2   13.0     0
    7 [80, 80, 80]       12.5  2.0e-04   6000  2048  2024  1.255e-04   4.212e-04   4   4   4   5   4   4   5   5    4   4.4    5   81.9   92.2   13.6     0
    8 [64, 64, 64]       17.5  2.0e-04   8000  2048     7  1.280e-04   4.219e-04   4   4   4   5   4   4   5   5    4   4.4    5  108.7   92.6   13.5     0
    9 [64, 64, 64]       17.5  1.0e-04   8000  2048   999  2.827e-04   4.275e-04   4   5   5   5   4   5   5   5    4   4.8    5  108.2   93.1   13.5     0
   10 [80, 80, 80]       12.5  1.0e-04   8000  1024     7  2.206e-04   4.334e-04   5   5   4   4   4   4   4   5    4   4.4    5  105.8   93.0   13.2     0
   11 [64, 64, 64]       15.0  2.0e-04   8000  2048  2024  1.413e-04   4.556e-04   4   4   5   5   4   4   5   5    4   4.5    5  110.1   91.5   13.7     0
   12 [64, 64, 64]       17.5  1.0e-04  10000  2048     7  1.881e-04   4.604e-04   5   5   4   5   4   5   5   4    4   4.6    5  136.3   92.2   13.6     0
   13 [64, 64, 64]       15.0  1.0e-04  10000  1024    42  1.731e-04   4.620e-04   4   6   4   5   5   5   4   5    4   4.8    6  132.7   92.5   13.2     0
   14 [80, 80, 80]       12.5  2.0e-04   6000  2048   999  1.251e-04   4.747e-04   4   4   5   5   4   4   4   5    4   4.4    5   81.8   92.2   13.6     0
   15 [64, 64, 64]       15.0  2.0e-04  10000   512   999  1.452e-04   4.799e-04   4   5   4   4   4   5   6   5    4   4.6    6  130.6   93.0   13.0     0
   16 [64, 64, 64]       17.5  2.0e-04   8000  2048    42  8.319e-05   5.013e-04   4   4   5   5   4   4   4   5    4   4.4    5  108.2   93.2   13.5     0
   17 [64, 64, 64]       17.5  1.0e-04  10000  2048   999  1.942e-04   5.056e-04   4   5   4   4   4   5   4   6    4   4.5    6  136.5   92.1   13.6     0
   18 [64, 64, 64]       17.5  2.0e-04   8000  2048   999  1.332e-04   5.210e-04   4   4   4   4   4   4   5   5    4   4.2    5  109.0   92.2   13.6     0
   19 [64, 64, 64]       15.0  2.0e-04  10000  1024   999  1.254e-04   5.571e-04   4   4   5   4   4   4   5   5    4   4.4    5  132.9   92.4   13.2     0
   20 [80, 80, 80]       12.5  5.0e-05  10000  1024  2024  3.354e-04   5.583e-04   4   4   4   5   5   4   5   4    4   4.4    5  131.4   93.6   13.1     0
   21 [64, 64, 64]       15.0  2.0e-04   8000  2048     7  1.298e-04   5.593e-04   4   5   4   7   4   4   4   5    4   4.6    7  110.3   91.3   13.7     0
   22 [80, 80, 80]       12.5  1.0e-04   6000  2048    42  3.002e-04   5.662e-04   4   4   4   5   4   4   4   5    4   4.2    5   81.6   92.5   13.6     0
   23 [64, 64, 64]       15.0  1.0e-04  10000  2048   999  1.801e-04   5.695e-04   4   5   4   5   4   4   5   4    4   4.4    5  135.8   92.7   13.5     0
   24 [64, 64, 64]       17.5  5.0e-05  10000  2048   137  4.665e-04   5.844e-04   4   4   4   5   4   4   5   5    4   4.4    5  136.2   92.4   13.6     0
   25 [64, 64, 64]       17.5  1.0e-04  10000  1024    42  1.656e-04   5.857e-04   4   5   4   5   5   4   4   5    4   4.5    5  131.6   93.5   13.1     0
   26 [64, 64, 64]       15.0  2.0e-04   8000  1024     7  1.848e-04   5.906e-04   4   5   5   6   4   4   4   4    4   4.5    6  109.2   90.1   13.6     0
   27 [64, 64, 64]       17.5  2.0e-04   6000  2048    42  1.282e-04   5.931e-04   5   4   5   4   4   4   4   5    4   4.4    5   81.2   93.0   13.5     0
   28 [64, 64, 64]       17.5  1.0e-04  10000  2048    42  1.012e-04   6.081e-04   4   4   4   5   4   4   4   5    4   4.2    5  135.7   92.8   13.5     0
   29 [64, 64, 64]       17.5  2.0e-04  10000  2048   999  9.652e-05   6.125e-04   4   4   4   5   4   5   4   4    4   4.2    5  134.7   93.6   13.4     0
   30 [64, 64, 64]       15.0  2.0e-04   8000  2048   137  1.548e-04   6.207e-04   4   4   4   5   4   4   4   5    4   4.2    5  111.1   90.5   13.8     0
   31 [64, 64, 64]       17.5  2.0e-04  10000  2048     7  9.449e-05   6.279e-04   4   4   5   4   4   4   5   5    4   4.4    5  136.5   92.1   13.6     0
   32 [64, 64, 64]       15.0  2.0e-04   8000  1024   999  1.750e-04   6.434e-04   4   5   4   4   4   4   5   5    4   4.4    5  109.6   89.6   13.7     0
   33 [64, 64, 64]       17.5  1.0e-04   6000  2048   999  4.625e-04   6.506e-04   4   5   5   4   4   5   4   4    4   4.4    5   81.3   92.8   13.5     0
   34 [64, 64, 64]       15.0  2.0e-04   8000  2048   999  1.447e-04   6.566e-04   4   4   4   4   4   4   5   5    4   4.2    5  111.2   90.3   13.9     0
   35 [64, 64, 64]       17.5  2.0e-04  10000  1024   137  1.619e-04   6.733e-04   4   4   4   5   4   4   5   4    4   4.2    5  132.6   92.7   13.2     0
   36 [64, 64, 64]       17.5  1.0e-04  10000   512   999  3.379e-04   6.765e-04   4   4   4   5   4   4   4   5    4   4.2    5  130.1   93.5   13.0     0
   37 [64, 64, 64]       15.0  1.0e-04  10000  2048     7  1.752e-04   6.883e-04   4   4   4   5   4   4   5   6    4   4.5    6  136.0   92.5   13.6     0
   38 [64, 64, 64]       17.5  1.0e-04  10000  1024     7  2.626e-04   6.918e-04   4   4   4   5   4   4   4   5    4   4.2    5  132.9   92.4   13.3     0
   39 [80, 80, 80]       12.5  2.0e-04   8000  2048   137  8.336e-05   6.942e-04   4   4   4   5   4   4   4   5    4   4.2    5  108.8   92.4   13.6     0
   40 [80, 80, 80]       12.5  2.0e-04   8000  2048    42  9.627e-05   6.962e-04   4   4   4   5   6   4   4   5    4   4.5    6  109.0   92.3   13.6     0
   41 [64, 64, 64]       17.5  2.0e-04  10000  1024     7  1.328e-04   6.978e-04   4   4   5   5   4   4   4   5    4   4.4    5  131.9   93.2   13.2     0
   42 [80, 80, 80]       12.5  1.0e-04   8000  2048   999  1.835e-04   7.063e-04   4   4   4   5   5   4   4   4    4   4.2    5  109.1   92.2   13.6     0
   43 [64, 64, 64]       17.5  1.0e-04   8000  1024  2024  3.273e-04   7.082e-04   4   4   4   4   4   4   4   6    4   4.2    6  105.7   93.0   13.2     0
   44 [80, 80, 80]       12.5  1.0e-04   8000  2048  2024  1.647e-04   7.196e-04   4   4   4   5   4   4   4   5    4   4.2    5  109.0   92.3   13.6     0
   45 [64, 64, 64]       15.0  1.0e-04  10000  1024     7  2.541e-04   7.334e-04   4   4   4   4   4   4   4   5    4   4.1    5  131.5   93.6   13.1     0
   46 [64, 64, 64]       17.5  2.0e-04  10000  1024   999  1.299e-04   7.410e-04   4   4   4   5   4   4   4   4    4   4.1    5  131.6   93.5   13.1     0
   47 [64, 64, 64]       17.5  2.0e-04   8000  1024   137  2.181e-04   7.455e-04   4   4   4   5   5   4   4   6    4   4.5    6  105.9   92.9   13.2     0
   48 [64, 64, 64]       17.5  1.0e-04  10000   512  2024  2.928e-04   7.464e-04   4   4   4   6   4   4   4   5    4   4.4    6  131.5   92.4   13.1     0
   49 [80, 80, 80]       12.5  1.0e-04   8000  2048     7  1.798e-04   7.531e-04   4   4   4   4   4   4   4   5    4   4.1    5  108.8   92.5   13.6     0
   50 [64, 64, 64]       17.5  5.0e-05   6000  2048  2024  1.038e-03   7.583e-04   5   4   5   4   4   4   4   4    4   4.2    5   81.5   92.5   13.5     0
   51 [64, 64, 64]       15.0  1.0e-04   8000  2048     7  2.631e-04   7.587e-04   4   5   4   4   4   4   4   5    4   4.2    5  109.6   92.1   13.7     0
   52 [64, 64, 64]       15.0  2.0e-04  10000  1024     7  1.349e-04   7.640e-04   4   4   4   5   4   4   5   5    4   4.4    5  133.1   92.4   13.3     0
   53 [64, 64, 64]       17.5  2.0e-04   6000  2048   999  2.125e-04   7.716e-04   4   4   4   5   4   4   4   4    4   4.1    5   81.5   92.5   13.5     0
   54 [64, 64, 64]       15.0  2.0e-04  10000  2048   137  1.146e-04   7.804e-04   4   4   5   4   4   4   6   4    4   4.4    6  135.8   92.6   13.5     0
   55 [64, 64, 64]       15.0  5.0e-05  10000  1024  2024  5.163e-04   7.887e-04   4   4   4   4   4   4   5   5    4   4.2    5  131.7   93.5   13.1     0
   56 [64, 64, 64]       17.5  2.0e-04   6000  1024   999  2.892e-04   8.066e-04   4   4   4   4   4   4   4   5    4   4.1    5   80.2   91.8   13.3     0
   57 [80, 80, 80]       12.5  1.0e-04   8000  1024   137  2.257e-04   8.157e-04   6   5   4   5   4   4   4   4    4   4.5    6  106.0   92.7   13.2     0
   58 [80, 80, 80]       12.5  2.0e-04   8000   512   137  1.355e-04   8.299e-04   4   4   4   4   4   4   5   4    4   4.1    5  105.3   92.2   13.1     0
   59 [64, 64, 64]       17.5  1.0e-04   8000   512  2024  4.191e-04   8.338e-04   4   4   4   6   4   4   4   4    4   4.2    6  104.3   93.4   13.0     0
   60 [64, 64, 64]       15.0  2.0e-04  10000  2048    42  7.358e-05   8.351e-04   4   4   4   5   4   5   4   4    4   4.2    5  135.5   92.8   13.5     0
   61 [64, 64, 64]       17.5  2.0e-04   6000  2048     7  2.214e-04   8.399e-04   4   4   4   4   4   4   4   5    4   4.1    5   81.5   92.6   13.5     0
   62 [64, 64, 64]       15.0  2.0e-04   8000   512   999  2.052e-04   8.430e-04   4   4   4   4   4   6   5   5    4   4.5    6  105.2   92.8   13.1     0
   63 [80, 80, 80]       12.5  1.0e-04   6000  2048   137  2.863e-04   8.533e-04   4   4   4   5   4   4   4   4    4   4.1    5   81.6   92.4   13.6     0
   64 [64, 64, 64]       17.5  2.0e-04   6000  1024   137  3.547e-04   9.039e-04   4   5   4   4   4   4   4   4    4   4.1    5   79.6   92.6   13.2     0
   65 [64, 64, 64]       15.0  2.0e-04   8000  1024    42  1.298e-04   9.134e-04   4   4   4   4   4   4   4   5    4   4.1    5  109.7   89.6   13.7     0
   66 [64, 64, 64]       17.5  2.0e-04   8000  1024   999  1.863e-04   9.264e-04   4   4   5   4   4   5   4   4    4   4.2    5  105.6   93.3   13.2     0
   67 [64, 64, 64]       17.5  1.0e-04   8000  1024     7  3.903e-04   9.417e-04   4   4   4   5   4   5   4   4    4   4.2    5  106.8   91.9   13.3     0
   68 [80, 80, 80]       12.5  2.0e-04   6000  1024   999  1.612e-04   9.532e-04   4   4   5   5   4   4   4   4    4   4.2    5   80.4   91.5   13.4     0
   69 [80, 80, 80]       12.5  2.0e-04   8000   512   999  1.328e-04   9.687e-04   4   4   4   4   4   4   4   6    4   4.2    6  104.6   93.0   13.0     0
   70 [64, 64, 64]       17.5  1.0e-04  10000  1024   999  2.500e-04   9.792e-04   4   4   4   4   4   4   4   5    4   4.1    5  133.6   91.8   13.3     0
   71 [64, 64, 64]       17.5  5.0e-05  10000  2048   999  4.065e-04   1.001e-03   4   4   4   5   4   4   4   5    4   4.2    5  135.4   93.0   13.5     0
   72 [64, 64, 64]       17.5  5.0e-05  10000  2048  2024  3.848e-04   1.016e-03   4   4   5   4   4   4   4   4    4   4.1    5  136.6   92.1   13.6     0
   73 [80, 80, 80]       12.5  2.0e-04   6000   512  2024  2.121e-04   1.029e-03   4   4   4   4   4   4   4   4    4   4.0    4   79.3   91.9   13.2     0
   74 [64, 64, 64]       17.5  1.0e-04  10000   512     7  2.949e-04   1.039e-03   5   4   4   4   4   4   4   4    4   4.1    5  130.1   93.6   13.0     0
   75 [64, 64, 64]       17.5  1.0e-04   6000  2048  2024  4.135e-04   1.059e-03   4   4   4   4   4   4   4   4    4   4.0    4   81.2   93.1   13.5     0
   76 [80, 80, 80]       12.5  1.0e-04   6000   512   137  4.716e-04   1.062e-03   4   4   4   5   4   4   4   6    4   4.4    6   78.8   92.6   13.1     0
   77 [80, 80, 80]       12.5  2.0e-04   6000  2048     7  1.431e-04   1.091e-03   4   4   4   4   5   4   4   4    4   4.1    5   81.1   93.3   13.5     0
   78 [64, 64, 64]       17.5  2.0e-04   8000  2048  2024  1.357e-04   1.151e-03   4   4   4   4   4   4   4   4    4   4.0    4  107.4   93.9   13.4     0
   79 [64, 64, 64]       17.5  2.0e-04   8000  1024     7  1.817e-04   1.164e-03   4   4   4   4   4   4   4   4    4   4.0    4  105.3   93.5   13.1     0
   80 [64, 64, 64]       17.5  2.0e-04   8000  1024  2024  1.683e-04   1.192e-03   4   4   4   4   4   4   4   4    4   4.0    4  105.9   92.9   13.2     0
   81 [64, 64, 64]       17.5  2.0e-04   6000   512    42  2.285e-04   1.313e-03   4   4   5   4   4   4   4   4    4   4.1    5   77.8   93.9   12.9     0
   82 [64, 64, 64]       17.5  2.0e-04  10000  2048    42  6.093e-05   1.434e-03   4   4   4   4   4   4   4   4    4   4.0    4  136.2   92.3   13.6     0
   83 [64, 64, 64]       17.5  5.0e-05  10000   512  2024  7.269e-04   1.528e-03   4   4   5   4   4   4   4   4    4   4.1    5  130.0   93.6   13.0     0
   84 [64, 64, 64]       17.5  1.0e-04   6000  2048     7  4.806e-04   1.635e-03   4   4   6   4   4   4   4   4    4   4.2    6   81.7   92.3   13.6     0
   85 [80, 80, 80]       12.5  2.0e-04   6000  1024  2024  1.637e-04   4.871e-04   4   4   4   5   3   4   4   5    3   4.1    5   79.4   93.0   13.2     0
   86 [80, 80, 80]       12.5  2.0e-04   6000  1024   137  1.721e-04   5.132e-04   3   4   4   5   4   5   6   5    3   4.5    6   80.1   91.9   13.3     0
   87 [64, 64, 64]       15.0  2.0e-04  10000   512     7  1.677e-04   5.250e-04   4   4   5   6   3   5   5   5    3   4.6    6  130.1   93.5   13.0     0
   88 [64, 64, 64]       15.0  1.0e-04   8000  2048  2024  2.746e-04   5.397e-04   3   6   5   5   4   4   4   5    3   4.5    6  110.8   90.9   13.8     0
   89 [64, 64, 64]       15.0  1.0e-04  10000  2048  2024  1.811e-04   5.791e-04   4   5   4   5   3   4   4   6    3   4.4    6  135.7   92.7   13.5     0
   90 [80, 80, 80]       12.5  1.0e-04   8000  2048    42  1.847e-04   5.863e-04   3   4   5   7   4   5   4   5    3   4.6    7  108.7   92.6   13.5     0
   91 [80, 80, 80]       12.5  2.0e-04   8000  1024  2024  1.028e-04   5.987e-04   3   4   5   5   3   4   4   5    3   4.1    5  104.9   94.0   13.1     0
   92 [64, 64, 64]       15.0  2.0e-04   8000  2048    42  9.832e-05   6.188e-04   3   4   5   5   4   5   4   5    3   4.4    5  111.5   90.1   13.9     0
   93 [64, 64, 64]       17.5  2.0e-04  10000  2048  2024  9.933e-05   6.189e-04   3   4   4   6   4   4   5   5    3   4.4    6  136.2   92.3   13.6     0
   94 [64, 64, 64]       17.5  1.0e-04  10000  2048  2024  1.682e-04   6.543e-04   4   4   4   4   3   4   4   6    3   4.1    6  136.2   92.4   13.6     0
   95 [80, 80, 80]       12.5  2.0e-04   8000  2048  2024  8.056e-05   6.619e-04   3   4   4   6   4   4   4   5    3   4.2    6  108.8   92.5   13.6     0
   96 [64, 64, 64]       15.0  2.0e-04  10000  1024    42  9.463e-05   6.664e-04   5   4   5   5   3   4   4   4    3   4.2    5  131.3   93.8   13.1     0
   97 [80, 80, 80]       12.5  2.0e-04   8000  1024   137  9.930e-05   6.782e-04   3   4   4   5   5   5   4   5    3   4.4    5  105.5   93.3   13.1     0
   98 [64, 64, 64]       15.0  1.0e-04  10000  1024   999  2.391e-04   6.828e-04   4   5   4   5   3   4   5   5    3   4.4    5  133.3   92.1   13.3     0
   99 [80, 80, 80]       12.5  1.0e-04   6000  2048     7  3.170e-04   6.937e-04   4   4   5   5   3   4   4   5    3   4.2    5   81.4   92.8   13.5     0
  100 [64, 64, 64]       17.5  1.0e-04   6000  1024    42  3.629e-04   7.091e-04   5   5   4   5   3   4   4   5    3   4.4    5   78.1   94.7   13.0     0
  101 [80, 80, 80]       12.5  2.0e-04   8000  2048     7  8.799e-05   7.433e-04   3   4   4   5   4   5   4   5    3   4.2    5  108.6   92.6   13.5     0
  102 [64, 64, 64]       15.0  2.0e-04  10000   512    42  1.192e-04   7.453e-04   3   4   4   6   4   5   4   5    3   4.4    6  129.5   94.0   12.9     0
  103 [64, 64, 64]       17.5  5.0e-05  10000  1024  2024  5.204e-04   7.649e-04   3   5   4   4   4   4   6   4    3   4.2    6  132.9   92.4   13.2     0
  104 [64, 64, 64]       15.0  5.0e-05  10000  2048     7  3.944e-04   8.019e-04   4   4   4   5   3   4   4   5    3   4.1    5  136.4   92.1   13.6     0
  105 [64, 64, 64]       17.5  2.0e-04   6000  1024     7  2.927e-04   8.079e-04   3   5   4   5   4   4   4   5    3   4.2    5   79.6   92.6   13.2     0
  106 [80, 80, 80]       12.5  1.0e-04   8000  1024  2024  2.439e-04   8.169e-04   4   4   4   5   3   4   4   4    3   4.0    5  106.3   92.4   13.2     0
  107 [64, 64, 64]       17.5  5.0e-05  10000  2048    42  2.453e-04   8.299e-04   4   4   4   5   3   4   4   7    3   4.4    7  136.0   92.5   13.6     0
  108 [80, 80, 80]       12.5  1.0e-04   6000  2048  2024  2.750e-04   8.345e-04   4   4   4   5   3   4   5   5    3   4.2    5   81.5   92.6   13.5     0
  109 [64, 64, 64]       17.5  2.0e-04   8000   512  2024  2.342e-04   8.391e-04   4   4   4   6   3   5   5   5    3   4.5    6  105.1   92.5   13.1     0
  110 [80, 80, 80]       12.5  1.0e-04   8000  1024    42  2.530e-04   8.440e-04   4   4   4   5   3   4   4   5    3   4.1    5  105.5   93.3   13.1     0
  111 [80, 80, 80]       12.5  1.0e-04   8000   512     7  3.245e-04   8.440e-04   5   4   4   5   3   4   5   5    3   4.4    5  104.7   92.8   13.1     0
  112 [80, 80, 80]       12.5  2.0e-04   6000   512     7  2.276e-04   8.472e-04   3   4   6   4   4   4   4   5    3   4.2    6   77.8   93.9   12.9     0
  113 [64, 64, 64]       17.5  1.0e-04  10000  2048   137  2.349e-04   8.607e-04   3   4   5   5   4   4   4   4    3   4.1    5  135.5   92.9   13.5     0
  114 [80, 80, 80]       12.5  2.0e-04   8000  1024   999  1.018e-04   8.611e-04   3   4   4   5   4   4   4   5    3   4.1    5  107.1   91.6   13.3     0
  115 [64, 64, 64]       17.5  5.0e-05  10000  1024   999  5.153e-04   8.683e-04   4   4   4   4   3   4   5   5    3   4.1    5  133.0   92.3   13.3     0
  116 [64, 64, 64]       15.0  1.0e-04   8000  1024     7  3.925e-04   8.811e-04   4   5   4   5   3   4   5   6    3   4.5    6  109.6   90.9   13.5     0
  117 [64, 64, 64]       15.0  2.0e-04  10000  2048     7  9.307e-05   9.065e-04   3   4   5   4   4   4   4   4    3   4.0    5  135.4   93.0   13.5     0
  118 [64, 64, 64]       17.5  1.0e-04   8000  1024   999  3.701e-04   9.113e-04   4   4   4   4   3   4   4   5    3   4.0    5  106.1   92.6   13.2     0
  119 [64, 64, 64]       17.5  5.0e-05  10000  2048     7  4.064e-04   9.160e-04   4   5   4   4   3   4   4   5    3   4.1    5  135.5   92.9   13.5     0
  120 [80, 80, 80]       12.5  5.0e-05   8000  2048     7  3.986e-04   9.194e-04   4   4   4   5   3   4   4   5    3   4.1    5  108.9   92.4   13.6     0
  121 [80, 80, 80]       12.5  1.0e-04   8000   512  2024  2.832e-04   9.242e-04   4   5   4   4   3   4   4   5    3   4.1    5  104.9   92.6   13.1     0
  122 [80, 80, 80]       12.5  1.0e-04   8000   512   999  3.206e-04   9.297e-04   4   5   5   4   3   4   4   4    3   4.1    5  104.4   93.2   13.0     0
  123 [64, 64, 64]       15.0  5.0e-05  10000  2048   999  3.725e-04   9.303e-04   4   4   4   5   3   4   5   4    3   4.1    5  136.5   92.1   13.6     0
  124 [80, 80, 80]       12.5  1.0e-04   6000  1024     7  3.741e-04   9.384e-04   4   5   5   4   3   4   4   4    3   4.1    5   80.1   92.0   13.3     0
  125 [80, 80, 80]       12.5  2.0e-04   6000   512   137  2.208e-04   9.562e-04   5   4   4   4   3   4   4   5    3   4.1    5   77.4   94.6   12.9     0
  126 [80, 80, 80]       12.5  5.0e-05  10000   512     7  4.453e-04   9.769e-04   4   4   4   4   3   4   4   6    3   4.1    6  131.5   92.4   13.1     0
  127 [80, 80, 80]       12.5  5.0e-05  10000  1024    42  3.672e-04   9.770e-04   3   4   4   5   4   4   4   4    3   4.0    5  132.1   93.2   13.2     0
  128 [64, 64, 64]       17.5  1.0e-04   8000  2048     7  2.756e-04   9.781e-04   3   4   5   4   4   4   4   5    3   4.1    5  108.3   93.0   13.5     0
  129 [80, 80, 80]       12.5  1.0e-04   8000   512   137  2.978e-04   9.889e-04   3   4   4   4   4   4   4   7    3   4.2    7  105.8   91.8   13.2     0
  130 [64, 64, 64]       17.5  1.0e-04   6000  1024   999  5.921e-04   9.965e-04   4   4   4   5   3   4   4   5    3   4.1    5   79.9   92.2   13.3     0
  131 [64, 64, 64]       17.5  1.0e-04   6000  1024     7  6.520e-04   1.004e-03   3   5   4   4   4   4   4   5    3   4.1    5   80.1   91.9   13.3     0
  132 [64, 64, 64]       15.0  5.0e-05  10000  2048  2024  3.843e-04   1.004e-03   4   5   4   5   3   4   4   4    3   4.1    5  136.5   92.1   13.6     0
  133 [64, 64, 64]       15.0  1.0e-04  10000  2048   137  2.191e-04   1.010e-03   3   4   4   5   3   5   4   4    3   4.0    5  136.1   92.3   13.6     0
  134 [64, 64, 64]       17.5  1.0e-04   8000  2048    42  1.479e-04   1.054e-03   3   4   4   4   3   4   4   5    3   3.9    5  109.1   92.2   13.6     0
  135 [80, 80, 80]       12.5  2.0e-04   6000  2048   137  1.334e-04   1.054e-03   3   4   4   6   3   4   4   5    3   4.1    6   81.5   92.7   13.5     0
  136 [64, 64, 64]       15.0  1.0e-04   8000  2048   999  2.637e-04   1.057e-03   3   4   4   4   3   4   4   5    3   3.9    5  111.5   90.1   13.9     0
  137 [80, 80, 80]       12.5  5.0e-05  10000  2048    42  2.820e-04   1.077e-03   3   4   4   5   4   4   4   5    3   4.1    5  135.4   92.8   13.5     0
  138 [64, 64, 64]       15.0  1.0e-04  10000   512  2024  3.530e-04   1.088e-03   3   4   4   4   4   4   4   5    3   4.0    5  131.0   92.8   13.1     0
  139 [64, 64, 64]       17.5  2.0e-04   8000  2048   137  1.722e-04   1.089e-03   3   5   4   4   4   4   4   4    3   4.0    5  108.6   92.7   13.5     0
  140 [64, 64, 64]       15.0  2.0e-04   8000   512     7  2.400e-04   1.092e-03   3   4   4   4   3   4   4   5    3   3.9    5  107.9   90.1   13.4     0
  141 [64, 64, 64]       17.5  5.0e-05  10000  1024    42  3.334e-04   1.096e-03   4   5   6   4   3   4   4   5    3   4.4    6  132.5   92.7   13.2     0
  142 [80, 80, 80]       12.5  5.0e-05  10000  1024     7  3.529e-04   1.101e-03   3   4   5   4   4   4   4   4    3   4.0    5  132.7   92.5   13.2     0
  143 [64, 64, 64]       17.5  2.0e-04   6000  1024  2024  2.573e-04   1.115e-03   3   5   3   5   3   5   4   4    3   4.0    5   80.1   91.9   13.3     0
  144 [80, 80, 80]       12.5  5.0e-05   8000   512    42  7.987e-04   1.115e-03   3   4   4   4   3   4   5   5    3   4.0    5  104.0   93.7   13.0     0
  145 [80, 80, 80]       12.5  5.0e-05   8000  1024    42  5.982e-04   1.121e-03   3   4   4   4   3   4   5   4    3   3.9    5  107.0   91.8   13.3     0
  146 [80, 80, 80]       12.5  2.0e-04   6000  1024    42  1.999e-04   1.129e-03   3   4   4   4   4   4   4   5    3   4.0    5   79.7   92.5   13.2     0
  147 [80, 80, 80]       12.5  5.0e-05   8000  1024  2024  4.958e-04   1.150e-03   4   4   3   5   3   4   4   5    3   4.0    5  106.3   92.4   13.3     0
  148 [80, 80, 80]       12.5  2.0e-04   8000  1024     7  1.012e-04   1.155e-03   3   4   4   5   3   4   4   5    3   4.0    5  106.1   92.6   13.2     0
  149 [64, 64, 64]       17.5  2.0e-04   8000   512    42  1.532e-04   1.158e-03   3   4   4   4   3   4   4   5    3   3.9    5  104.4   93.1   13.0     0
  150 [80, 80, 80]       12.5  5.0e-05  10000   512   137  4.795e-04   1.191e-03   5   4   4   5   4   3   4   4    3   4.1    5  130.9   92.9   13.0     0
  151 [64, 64, 64]       17.5  5.0e-05  10000   512    42  3.629e-04   1.192e-03   4   4   4   5   3   4   4   9    3   4.6    9  129.1   94.4   12.9     0
  152 [64, 64, 64]       15.0  1.0e-04  10000  2048    42  1.385e-04   1.204e-03   4   4   4   4   3   4   3   6    3   4.0    6  136.2   92.3   13.6     0
  153 [80, 80, 80]       12.5  2.0e-04   6000  2048    42  1.500e-04   1.214e-03   3   4   4   4   3   4   4   5    3   3.9    5   81.6   92.5   13.6     0
  154 [64, 64, 64]       17.5  1.0e-04   8000  2048  2024  2.534e-04   1.234e-03   4   4   4   4   3   4   4   4    3   3.9    4  108.2   93.0   13.5     0
  155 [80, 80, 80]       12.5  1.0e-04   6000  1024   999  4.152e-04   1.245e-03   5   4   4   6   3   4   4   4    3   4.2    6   79.1   93.4   13.1     0
  156 [64, 64, 64]       17.5  2.0e-04   6000   512   999  3.122e-04   1.249e-03   4   4   3   4   3   5   4   5    3   4.0    5   79.1   92.1   13.1     0
  157 [64, 64, 64]       15.0  2.0e-04  10000  1024   137  1.399e-04   1.255e-03   3   4   4   4   3   4   4   5    3   3.9    5  131.7   93.5   13.1     0
  158 [64, 64, 64]       17.5  1.0e-04  10000  1024  2024  2.198e-04   1.279e-03   3   4   4   6   4   4   4   4    3   4.1    6  132.0   93.2   13.2     0
  159 [64, 64, 64]       15.0  1.0e-04  10000  1024  2024  2.369e-04   1.280e-03   3   4   5   4   3   4   4   4    3   3.9    5  131.5   93.6   13.1     0
  160 [80, 80, 80]       12.5  2.0e-04   6000   512   999  2.205e-04   1.308e-03   3   4   4   5   3   5   4   5    3   4.1    5   78.4   93.1   13.0     0
  161 [80, 80, 80]       12.5  5.0e-05   6000  2048    42  7.702e-04   1.319e-03   3   4   4   5   3   4   4   5    3   4.0    5   81.6   92.6   13.6     0
  162 [80, 80, 80]       12.5  5.0e-05  10000   512    42  5.328e-04   1.320e-03   3   4   4   5   3   4   4   5    3   4.0    5  130.3   93.3   13.0     0
  163 [64, 64, 64]       17.5  2.0e-04   6000  2048  2024  2.194e-04   1.323e-03   3   4   3   4   4   5   4   5    3   4.0    5   81.5   92.5   13.5     0
  164 [64, 64, 64]       15.0  2.0e-04   8000  1024  2024  1.926e-04   1.327e-03   4   4   4   4   3   4   4   4    3   3.9    4  109.8   89.5   13.7     0
  165 [64, 64, 64]       17.5  5.0e-05   8000  1024   999  7.794e-04   1.329e-03   4   4   4   4   3   4   4   4    3   3.9    4  105.8   93.0   13.2     0
  166 [80, 80, 80]       12.5  2.0e-04   6000  1024     7  1.629e-04   1.330e-03   3   4   4   5   3   4   4   4    3   3.9    5   80.8   90.9   13.4     0
  167 [64, 64, 64]       17.5  5.0e-05   8000  1024   137  9.506e-04   1.332e-03   4   4   4   5   3   3   4   5    3   4.0    5  107.2   91.4   13.4     0
  168 [64, 64, 64]       15.0  1.0e-04   8000  1024   999  3.514e-04   1.334e-03   4   5   4   6   3   4   5   4    3   4.4    6  109.3   90.0   13.6     0
  169 [64, 64, 64]       17.5  5.0e-05  10000   512     7  8.176e-04   1.362e-03   4   4   4   5   5   3   4   4    3   4.1    5  130.5   93.2   13.0     0
  170 [80, 80, 80]       12.5  5.0e-05   8000  2048    42  4.461e-04   1.365e-03   3   4   4   4   3   4   4   5    3   3.9    5  108.6   92.6   13.5     0
  171 [80, 80, 80]       12.5  1.0e-04   6000  1024    42  4.405e-04   1.373e-03   3   4   4   4   4   4   3   5    3   3.9    5   79.3   93.1   13.2     0
  172 [64, 64, 64]       15.0  5.0e-05  10000  1024   137  6.122e-04   1.378e-03   5   5   4   5   3   4   3   5    3   4.2    5  132.7   92.5   13.2     0
  173 [64, 64, 64]       15.0  5.0e-05  10000  2048    42  2.728e-04   1.385e-03   3   4   4   4   4   4   3   4    3   3.8    4  135.3   93.1   13.5     0
  174 [64, 64, 64]       17.5  1.0e-04   6000  2048   137  5.263e-04   1.389e-03   3   4   3   4   3   4   4   5    3   3.8    5   81.3   92.8   13.5     0
  175 [64, 64, 64]       17.5  2.0e-04  10000   512   999  1.299e-04   1.391e-03   3   4   4   5   3   5   3   4    3   3.9    5  131.1   92.7   13.1     0
  176 [80, 80, 80]       12.5  5.0e-05   8000  2048  2024  3.917e-04   1.395e-03   4   4   4   5   3   4   4   5    3   4.1    5  109.0   92.3   13.6     0
  177 [64, 64, 64]       15.0  1.0e-04  10000   512   999  3.302e-04   1.409e-03   4   6   5   5   3   4   4   4    3   4.4    6  130.4   93.3   13.0     0
  178 [64, 64, 64]       17.5  1.0e-04   6000   512  2024  7.180e-04   1.415e-03   3   4   4   4   3   4   5   4    3   3.9    5   78.4   93.1   13.0     0
  179 [64, 64, 64]       17.5  5.0e-05   6000  1024   999  1.279e-03   1.417e-03   4   4   5   5   3   4   3   4    3   4.0    5   79.8   92.4   13.3     0
  180 [64, 64, 64]       17.5  5.0e-05   8000  1024     7  9.137e-04   1.458e-03   3   5   4   4   4   4   4   4    3   4.0    5  106.6   92.0   13.3     0
  181 [64, 64, 64]       17.5  1.0e-04   6000  1024  2024  5.218e-04   1.462e-03   4   4   4   4   3   4   4   5    3   4.0    5   79.7   92.4   13.2     0
  182 [80, 80, 80]       12.5  5.0e-05   8000  2048   999  4.134e-04   1.475e-03   4   4   4   5   3   4   3   5    3   4.0    5  108.9   92.4   13.6     0
  183 [64, 64, 64]       15.0  2.0e-04   8000   512  2024  2.448e-04   1.479e-03   4   4   3   4   3   4   4   5    3   3.9    5  107.0   91.1   13.3     0
  184 [64, 64, 64]       17.5  1.0e-04   8000  1024    42  2.304e-04   1.482e-03   3   4   4   4   3   4   5   4    3   3.9    5  106.7   92.0   13.3     0
  185 [80, 80, 80]       12.5  1.0e-04   6000  2048   999  3.179e-04   1.484e-03   3   4   4   4   3   4   4   5    3   3.9    5   81.5   92.5   13.5     0
  186 [64, 64, 64]       15.0  5.0e-05  10000  1024   999  5.402e-04   1.486e-03   3   4   4   5   3   4   4   5    3   4.0    5  132.5   92.8   13.2     0
  187 [64, 64, 64]       17.5  5.0e-05   8000  1024  2024  8.086e-04   1.489e-03   3   4   3   4   4   5   4   5    3   4.0    5  106.8   91.9   13.3     0
  188 [64, 64, 64]       15.0  1.0e-04  10000   512   137  4.420e-04   1.534e-03   3   4   4   4   3   4   4   4    3   3.8    4  130.9   92.8   13.1     0
  189 [80, 80, 80]       12.5  5.0e-05  10000  1024   137  3.353e-04   1.538e-03   3   4   4   5   4   3   4   4    3   3.9    5  132.6   92.7   13.2     0
  190 [64, 64, 64]       15.0  2.0e-04   8000   512   137  3.171e-04   1.541e-03   3   3   4   5   4   3   4   4    3   3.8    5  109.0   89.3   13.6     0
  191 [64, 64, 64]       17.5  2.0e-04  10000  1024  2024  1.231e-04   1.545e-03   3   3   4   5   3   4   6   5    3   4.1    6  132.3   92.9   13.2     0
  192 [64, 64, 64]       17.5  5.0e-05  10000  1024   137  6.598e-04   1.547e-03   3   4   3   4   4   4   4   5    3   3.9    5  133.4   91.9   13.3     0
  193 [64, 64, 64]       17.5  2.0e-04   6000  1024    42  1.897e-04   1.548e-03   3   4   4   4   3   4   4   4    3   3.8    4   79.1   93.2   13.1     0
  194 [80, 80, 80]       12.5  1.0e-04   6000   512  2024  4.709e-04   1.571e-03   3   4   4   4   3   4   4   5    3   3.9    5   78.9   92.3   13.1     0
  195 [64, 64, 64]       17.5  1.0e-04   6000  2048    42  2.408e-04   1.577e-03   4   4   4   5   3   4   3   4    3   3.9    5   81.6   92.5   13.6     0
  196 [80, 80, 80]       12.5  5.0e-05   8000  1024     7  5.580e-04   1.586e-03   3   3   4   5   3   4   5   4    3   3.9    5  105.3   93.5   13.1     0
  197 [64, 64, 64]       17.5  5.0e-05   8000  2048    42  3.686e-04   1.600e-03   3   4   4   5   3   4   4   5    3   4.0    5  109.1   92.2   13.6     0
  198 [64, 64, 64]       17.5  2.0e-04   6000  2048   137  2.707e-04   1.603e-03   3   4   5   4   3   4   4   4    3   3.9    5   81.4   92.6   13.5     0
  199 [80, 80, 80]       12.5  5.0e-05   8000  2048   137  3.997e-04   1.613e-03   3   4   5   4   4   4   4   4    3   4.0    5  109.0   92.3   13.6     0
  200 [64, 64, 64]       17.5  1.0e-04   8000  1024   137  4.815e-04   1.620e-03   4   4   4   5   4   4   3   4    3   4.0    5  106.3   92.5   13.2     0
  201 [80, 80, 80]       12.5  5.0e-05  10000   512  2024  4.793e-04   1.627e-03   3   5   3   5   3   3   5   5    3   4.0    5  131.6   92.3   13.1     0
  202 [64, 64, 64]       17.5  1.0e-04   8000   512   999  4.938e-04   1.634e-03   4   4   4   4   3   4   4   4    3   3.9    4  105.1   92.5   13.1     0
  203 [80, 80, 80]       12.5  5.0e-05   6000  2048     7  7.255e-04   1.641e-03   3   3   5   4   3   4   4   5    3   3.9    5   81.8   92.3   13.6     0
  204 [80, 80, 80]       12.5  1.0e-04   6000  1024   137  3.792e-04   1.649e-03   4   4   4   5   3   4   4   4    3   4.0    5   80.2   91.8   13.3     0
  205 [64, 64, 64]       17.5  1.0e-04   6000   512   137  9.252e-04   1.650e-03   3   5   4   5   3   4   4   4    3   4.0    5   78.5   93.0   13.0     0
  206 [80, 80, 80]       12.5  5.0e-05  10000  1024   999  3.958e-04   1.678e-03   4   3   5   4   3   4   4   4    3   3.9    5  131.7   93.3   13.1     0
  207 [64, 64, 64]       17.5  5.0e-05  10000   512   999  7.459e-04   1.680e-03   4   4   4   6   4   4   3   4    3   4.1    6  128.8   94.7   12.8     0
  208 [80, 80, 80]       12.5  5.0e-05   6000  2048  2024  6.787e-04   1.683e-03   4   4   4   4   3   4   3   5    3   3.9    5   81.8   92.2   13.6     0
  209 [64, 64, 64]       17.5  2.0e-04  10000  1024    42  9.183e-05   1.687e-03   4   4   4   4   4   4   3   4    3   3.9    4  132.8   92.5   13.2     0
  210 [64, 64, 64]       15.0  5.0e-05  10000   512  2024  8.618e-04   1.695e-03   5   4   5   4   3   4   4   4    3   4.1    5  129.8   93.9   12.9     0
  211 [64, 64, 64]       17.5  5.0e-05   8000  1024    42  4.888e-04   1.706e-03   3   4   4   4   3   4   4   5    3   3.9    5  106.3   92.4   13.2     0
  212 [80, 80, 80]       12.5  5.0e-05  10000   512   999  5.392e-04   1.712e-03   4   4   4   5   3   3   4   5    3   4.0    5  130.1   93.5   13.0     0
  213 [80, 80, 80]       12.5  1.0e-04   8000   512    42  3.058e-04   1.719e-03   3   4   4   4   4   5   4   4    3   4.0    5  105.0   92.6   13.1     0
  214 [64, 64, 64]       17.5  5.0e-05   8000  2048   999  6.105e-04   1.728e-03   4   4   3   4   4   4   4   4    3   3.9    4  108.5   92.8   13.5     0
  215 [80, 80, 80]       12.5  5.0e-05  10000  2048   137  2.624e-04   1.731e-03   3   4   4   6   4   4   4   4    3   4.1    6  135.1   93.1   13.5     0
  216 [64, 64, 64]       15.0  1.0e-04  10000  1024   137  2.688e-04   1.735e-03   3   4   4   4   3   4   4   4    3   3.8    4  133.8   91.7   13.3     0
  217 [64, 64, 64]       17.5  2.0e-04   8000  1024    42  1.301e-04   1.738e-03   3   4   3   4   3   4   4   4    3   3.6    4  107.1   91.6   13.3     0
  218 [64, 64, 64]       15.0  1.0e-04   8000  2048   137  3.157e-04   1.747e-03   3   4   4   4   3   4   4   5    3   3.9    5  109.9   91.9   13.7     0
  219 [64, 64, 64]       17.5  1.0e-04  10000  1024   137  3.426e-04   1.747e-03   3   4   3   4   3   5   4   5    3   3.9    5  133.0   92.3   13.3     0
  220 [80, 80, 80]       12.5  1.0e-04   6000   512    42  5.376e-04   1.769e-03   4   4   4   4   3   4   3   4    3   3.8    4   78.4   93.0   13.0     0
  221 [64, 64, 64]       15.0  5.0e-05  10000   512   137  9.351e-04   1.769e-03   4   4   4   4   4   3   4   4    3   3.9    4  133.3   91.3   13.3     0
  222 [64, 64, 64]       15.0  1.0e-04   8000  2048    42  1.985e-04   1.785e-03   3   4   4   4   3   4   3   5    3   3.8    5  109.9   91.9   13.7     0
  223 [64, 64, 64]       17.5  2.0e-04   6000   512   137  4.323e-04   1.786e-03   4   4   4   4   3   4   4   4    3   3.9    4   78.5   92.9   13.0     0
  224 [80, 80, 80]       12.5  2.0e-04   8000   512    42  1.600e-04   1.790e-03   3   4   3   5   3   4   4   4    3   3.8    5  105.1   92.5   13.1     0
  225 [64, 64, 64]       15.0  5.0e-05  10000  1024    42  3.891e-04   1.793e-03   4   4   4   4   3   4   3   4    3   3.8    4  133.4   92.0   13.3     0
  226 [64, 64, 64]       15.0  2.0e-04  10000   512   137  2.310e-04   1.807e-03   3   4   4   4   3   4   4   4    3   3.8    4  127.8   95.5   12.7     0
  227 [64, 64, 64]       17.5  5.0e-05   6000  2048   999  1.008e-03   1.808e-03   4   4   3   4   4   5   4   4    3   4.0    5   81.9   92.1   13.6     0
  228 [64, 64, 64]       15.0  5.0e-05  10000  2048   137  4.859e-04   1.814e-03   4   4   3   4   3   4   4   4    3   3.8    4  135.8   92.7   13.5     0
  229 [64, 64, 64]       17.5  1.0e-04  10000   512   137  4.051e-04   1.852e-03   3   4   3   5   4   4   3   4    3   3.8    5  129.4   94.2   12.9     0
  230 [64, 64, 64]       17.5  5.0e-05   8000  2048   137  7.386e-04   1.863e-03   4   4   4   4   3   3   4   4    3   3.8    4  108.9   92.4   13.6     0
  231 [64, 64, 64]       17.5  5.0e-05  10000  1024     7  6.031e-04   1.864e-03   4   4   4   4   4   3   4   4    3   3.9    4  133.7   91.7   13.3     0
  232 [64, 64, 64]       15.0  5.0e-05  10000  1024     7  6.651e-04   1.889e-03   4   4   4   5   3   3   4   4    3   3.9    5  132.1   93.1   13.2     0
  233 [64, 64, 64]       15.0  2.0e-04   8000  1024   137  2.003e-04   1.908e-03   4   5   4   4   5   4   3   4    3   4.1    5  108.5   90.8   13.5     0
  234 [64, 64, 64]       17.5  5.0e-05   8000  2048  2024  5.949e-04   1.910e-03   3   4   4   4   4   4   4   4    3   3.9    4  108.5   92.8   13.5     0
  235 [64, 64, 64]       17.5  2.0e-04  10000   512     7  1.680e-04   1.941e-03   3   3   4   5   3   4   4   6    3   4.0    6  130.9   92.9   13.0     0
  236 [80, 80, 80]       12.5  5.0e-05   8000   512   137  6.918e-04   1.961e-03   4   4   3   5   4   3   5   4    3   4.0    5  104.8   92.7   13.1     0
  237 [64, 64, 64]       17.5  2.0e-04  10000  2048   137  1.262e-04   1.997e-03   4   4   3   4   4   4   4   4    3   3.9    4  136.1   92.4   13.6     0
  238 [80, 80, 80]       12.5  5.0e-05   8000  1024   137  5.051e-04   2.009e-03   4   4   4   5   4   3   4   4    3   4.0    5  106.3   92.4   13.2     0
  239 [64, 64, 64]       17.5  5.0e-05  10000   512   137  9.955e-04   2.029e-03   3   4   4   4   3   4   4   4    3   3.8    4  131.0   92.8   13.1     0
  240 [64, 64, 64]       17.5  1.0e-04   6000   512   999  7.517e-04   2.035e-03   3   4   5   5   3   4   3   5    3   4.0    5   78.9   92.4   13.1     0
  241 [64, 64, 64]       15.0  1.0e-04  10000   512     7  3.380e-04   2.074e-03   3   3   4   4   4   4   4   4    3   3.8    4  129.4   94.2   12.9     0
  242 [64, 64, 64]       17.5  5.0e-05   6000  1024    42  8.431e-04   2.088e-03   4   4   4   4   3   4   4   5    3   4.0    5   78.9   93.6   13.1     0
  243 [64, 64, 64]       17.5  1.0e-04   8000   512     7  4.543e-04   2.093e-03   3   4   3   4   3   4   4   4    3   3.6    4  104.5   93.1   13.0     0
  244 [64, 64, 64]       17.5  5.0e-05   8000  2048     7  6.418e-04   2.112e-03   3   4   4   5   3   4   4   4    3   3.9    5  108.5   92.8   13.5     0
  245 [64, 64, 64]       17.5  2.0e-04   8000   512   137  3.049e-04   2.132e-03   3   4   4   4   3   3   4   4    3   3.6    4  104.7   92.9   13.0     0
  246 [64, 64, 64]       15.0  2.0e-04   8000   512    42  1.624e-04   2.151e-03   3   4   4   4   3   4   4   4    3   3.8    4  108.2   90.0   13.5     0
  247 [64, 64, 64]       17.5  1.0e-04   6000  1024   137  7.994e-04   2.204e-03   3   6   3   4   4   4   4   4    3   4.0    6   80.0   92.0   13.3     0
  248 [80, 80, 80]       12.5  1.0e-04   6000   512   999  5.542e-04   2.207e-03   3   4   3   5   3   4   4   5    3   3.9    5   78.0   93.6   13.0     0
  249 [64, 64, 64]       17.5  5.0e-05   6000  1024   137  1.635e-03   2.240e-03   4   4   4   4   3   3   4   4    3   3.8    4   78.9   93.6   13.1     0
  250 [64, 64, 64]       15.0  5.0e-05  10000   512   999  7.067e-04   2.249e-03   4   4   4   4   3   4   3   4    3   3.8    4  130.6   93.0   13.0     0
  251 [64, 64, 64]       17.5  2.0e-04   8000   512   999  1.881e-04   2.292e-03   3   4   4   4   3   5   3   4    3   3.8    5  105.0   92.6   13.1     0
  252 [80, 80, 80]       12.5  2.0e-04   6000   512    42  2.728e-04   2.360e-03   3   4   4   4   3   4   4   4    3   3.8    4   78.1   93.5   13.0     0
  253 [80, 80, 80]       12.5  1.0e-04   8000  1024   999  2.329e-04   2.382e-03   3   4   4   4   3   4   3   5    3   3.8    5  107.5   91.2   13.4     0
  254 [64, 64, 64]       17.5  2.0e-04   6000   512  2024  3.613e-04   2.393e-03   4   4   4   4   3   4   4   4    3   3.9    4   78.8   92.5   13.1     0
  255 [64, 64, 64]       15.0  5.0e-05  10000   512     7  8.345e-04   2.395e-03   4   4   4   5   5   3   4   4    3   4.1    5  127.6   95.8   12.7     0
  256 [64, 64, 64]       15.0  1.0e-04  10000   512    42  2.401e-04   2.404e-03   3   4   3   4   3   4   4   4    3   3.6    4  129.5   94.1   12.9     0
  257 [80, 80, 80]       12.5  1.0e-04   6000   512     7  5.156e-04   2.458e-03   3   4   4   4   3   4   3   4    3   3.6    4   78.7   92.7   13.1     0
  258 [64, 64, 64]       17.5  1.0e-04   8000   512    42  3.067e-04   2.479e-03   3   4   4   4   3   4   3   4    3   3.6    4  104.5   93.1   13.0     0
  259 [80, 80, 80]       12.5  5.0e-05   6000  1024    42  1.054e-03   2.537e-03   3   5   4   4   3   4   4   4    3   3.9    5   80.8   90.9   13.4     0
  260 [64, 64, 64]       17.5  5.0e-05   6000  1024     7  1.509e-03   2.567e-03   4   3   4   4   4   3   3   5    3   3.8    5   79.6   92.7   13.2     0
  261 [80, 80, 80]       12.5  5.0e-05   6000  2048   137  7.038e-04   2.579e-03   4   3   4   4   4   3   4   4    3   3.8    4   81.3   93.0   13.5     0
  262 [64, 64, 64]       17.5  5.0e-05   6000   512   999  1.615e-03   2.592e-03   3   4   4   4   3   5   3   4    3   3.8    5   78.5   92.8   13.0     0
  263 [80, 80, 80]       12.5  5.0e-05   6000   512     7  1.277e-03   2.593e-03   4   3   3   4   3   4   4   5    3   3.8    5   77.2   94.9   12.8     0
  264 [64, 64, 64]       17.5  5.0e-05   8000   512   999  1.072e-03   2.685e-03   3   4   4   4   4   4   3   4    3   3.8    4  104.1   93.6   13.0     0
  265 [64, 64, 64]       17.5  5.0e-05   8000   512  2024  1.089e-03   2.687e-03   4   4   3   4   3   3   4   4    3   3.6    4  104.8   92.7   13.1     0
  266 [64, 64, 64]       17.5  1.0e-04   8000   512   137  5.929e-04   2.699e-03   4   4   4   4   4   3   3   4    3   3.8    4  104.7   92.9   13.0     0
  267 [64, 64, 64]       17.5  2.0e-04   8000   512     7  2.501e-04   2.720e-03   3   4   3   4   3   4   3   4    3   3.5    4  104.6   93.0   13.0     0
  268 [64, 64, 64]       17.5  5.0e-05   6000  2048     7  1.112e-03   2.743e-03   4   4   4   4   3   3   4   4    3   3.8    4   81.8   92.2   13.6     0
  269 [80, 80, 80]       12.5  5.0e-05   6000  1024     7  9.760e-04   2.763e-03   3   3   4   4   3   4   4   4    3   3.6    4   78.2   94.7   13.0     0
  270 [80, 80, 80]       12.5  2.0e-04   8000  1024    42  1.258e-04   2.764e-03   3   4   3   4   3   4   3   4    3   3.5    4  105.1   93.7   13.1     0
  271 [80, 80, 80]       12.5  1.0e-04   6000  1024  2024  4.079e-04   2.776e-03   3   4   3   4   3   3   6   4    3   3.8    6   80.4   91.5   13.4     0
  272 [64, 64, 64]       17.5  1.0e-04  10000   512    42  2.127e-04   2.781e-03   3   4   3   4   3   4   3   4    3   3.5    4  130.7   93.0   13.0     0
  273 [64, 64, 64]       15.0  2.0e-04  10000   512  2024  1.792e-04   2.826e-03   3   3   3   4   3   4   4   4    3   3.5    4  129.1   94.4   12.9     0
  274 [64, 64, 64]       17.5  2.0e-04  10000   512    42  1.108e-04   2.826e-03   3   4   3   4   3   3   3   4    3   3.4    4  130.3   93.4   13.0     0
  275 [64, 64, 64]       17.5  5.0e-05   6000  2048    42  6.131e-04   2.845e-03   3   4   4   5   3   4   3   5    3   3.9    5   80.5   94.1   13.4     0
  276 [64, 64, 64]       17.5  5.0e-05   6000   512  2024  1.783e-03   3.003e-03   3   4   4   4   3   4   5   4    3   3.9    5   77.8   93.8   12.9     0
  277 [64, 64, 64]       17.5  1.0e-04   8000  2048   137  3.518e-04   3.026e-03   3   4   3   4   3   3   4   4    3   3.5    4  108.9   92.3   13.6     0
  278 [80, 80, 80]       12.5  5.0e-05   6000  1024   137  8.489e-04   3.039e-03   4   4   3   4   4   3   4   4    3   3.8    4   79.7   92.6   13.2     0
  279 [80, 80, 80]       12.5  5.0e-05   8000  1024   999  6.221e-04   3.055e-03   3   3   4   4   3   3   4   4    3   3.5    4  106.3   92.5   13.2     0
  280 [80, 80, 80]       12.5  5.0e-05   8000   512     7  6.985e-04   3.228e-03   3   3   4   4   3   3   4   6    3   3.8    6  105.3   92.2   13.1     0
  281 [64, 64, 64]       17.5  5.0e-05   6000  1024  2024  1.294e-03   3.266e-03   4   4   4   4   3   3   3   4    3   3.6    4   79.2   93.3   13.2     0
  282 [64, 64, 64]       17.5  1.0e-04   6000   512     7  7.406e-04   3.302e-03   3   3   3   4   5   3   3   4    3   3.5    5   78.0   93.6   13.0     0
  283 [64, 64, 64]       17.5  2.0e-04   6000   512     7  4.035e-04   3.399e-03   3   4   3   4   3   4   4   4    3   3.6    4   78.5   92.8   13.0     0
  284 [64, 64, 64]       15.0  2.0e-04  10000  1024  2024  1.349e-04   3.543e-03   3   3   3   4   3   3   3   4    3   3.2    4  131.8   93.4   13.1     0
  285 [64, 64, 64]       17.5  5.0e-05   6000   512    42  9.404e-04   3.624e-03   3   4   4   4   3   3   3   5    3   3.6    5   78.3   93.2   13.0     0
  286 [64, 64, 64]       15.0  5.0e-05  10000   512    42  5.168e-04   3.652e-03   3   4   4   4   3   3   3   5    3   3.6    5  135.3   89.9   13.5     0
  287 [80, 80, 80]       12.5  5.0e-05   8000   512   999  7.739e-04   3.722e-03   3   3   4   4   3   3   4   5    3   3.6    5  104.5   93.2   13.0     0
  288 [80, 80, 80]       12.5  5.0e-05   6000   512  2024  1.126e-03   3.740e-03   3   4   3   5   3   4   3   4    3   3.6    5   78.2   93.3   13.0     0
  289 [64, 64, 64]       17.5  5.0e-05   8000   512     7  1.187e-03   3.752e-03   4   3   3   4   3   3   4   4    3   3.5    4  105.1   92.5   13.1     0
  290 [64, 64, 64]       17.5  5.0e-05   6000  2048   137  1.211e-03   3.763e-03   3   4   3   5   3   3   3   4    3   3.5    5   81.3   92.9   13.5     0
  291 [80, 80, 80]       12.5  5.0e-05   6000  1024  2024  8.463e-04   3.793e-03   3   5   3   4   3   3   3   4    3   3.5    5   79.8   92.3   13.3     0
  292 [64, 64, 64]       17.5  5.0e-05   6000   512   137  2.152e-03   3.878e-03   4   4   4   5   3   3   3   4    3   3.8    5   78.4   92.9   13.0     0
  293 [64, 64, 64]       17.5  2.0e-04  10000   512  2024  1.603e-04   3.884e-03   3   3   4   4   3   3   3   4    3   3.4    4  130.7   93.0   13.0     0
  294 [64, 64, 64]       17.5  5.0e-05   6000   512     7  1.858e-03   3.899e-03   4   3   3   4   3   3   4   4    3   3.5    4   78.1   93.5   13.0     0
  295 [64, 64, 64]       17.5  2.0e-04  10000   512   137  2.173e-04   3.980e-03   3   3   3   4   3   3   4   4    3   3.4    4  129.7   93.9   12.9     0
  296 [80, 80, 80]       12.5  5.0e-05   8000   512  2024  7.065e-04   4.037e-03   3   4   3   4   3   3   4   4    3   3.5    4  105.7   91.9   13.2     0
  297 [64, 64, 64]       17.5  1.0e-04   6000   512    42  4.937e-04   4.123e-03   3   4   3   4   3   3   3   4    3   3.4    4   78.0   93.6   13.0     0
  298 [80, 80, 80]       12.5  5.0e-05   6000  2048   999  7.368e-04   4.193e-03   3   3   4   4   3   3   3   4    3   3.4    4   81.6   92.5   13.6     0
  299 [64, 64, 64]       17.5  5.0e-05   8000   512    42  5.754e-04   4.206e-03   3   4   3   4   3   4   3   4    3   3.5    4  102.9   94.7   12.8     0
  300 [80, 80, 80]       12.5  5.0e-05   6000   512    42  1.408e-03   4.320e-03   3   4   3   4   3   3   4   4    3   3.5    4   78.3   93.2   13.0     0
  301 [64, 64, 64]       17.5  5.0e-05   8000   512   137  1.419e-03   4.494e-03   3   3   3   5   3   3   3   4    3   3.4    5  105.0   92.5   13.1     0
  302 [80, 80, 80]       12.5  5.0e-05   6000  1024   999  1.046e-03   4.499e-03   3   3   3   4   3   3   4   4    3   3.4    4   80.2   91.8   13.3     0
  303 [80, 80, 80]       12.5  5.0e-05   6000   512   137  1.170e-03   4.765e-03   3   4   3   5   3   3   4   4    3   3.6    5   78.1   93.5   13.0     0
  304 [80, 80, 80]       12.5  5.0e-05   6000   512   999  1.311e-03   6.484e-03   3   4   3   4   2   3   3   6    2   3.5    6   78.5   92.9   13.0     0
============================================================================================================================================

  BEST CONFIG (GPU 2):
    hidden_sizes = [80, 80, 80]
    omega_0      = 12.5
    lr           = 0.0002
    n_epochs     = 8000
    n_per_param  = 512
    seed         = 2024
    -> min 4 digits, mean 4.8 digits, max 5 digits, mean rel. err 2.789e-04
    -> 92.4 ep/s, step 13.1ms, gpu 0%, wall 105.2s

============================================================================================================================================
  PER-CONFIG SUMMARY (seed-averaged) — GPU 2
============================================================================================================================================
  hidden=[64, 64, 64] omega0=15.0 lr=0.0002 epochs=8000 npp=2048
      min_dig=3  mean_dig=4.4  max_dig=7  mean_relerr=5.822e-04  n_seeds=5
      ep/s=90.8  step=13.8ms  gpu=0%
  hidden=[64, 64, 64] omega0=17.5 lr=0.0001 epochs=10000 npp=2048
      min_dig=3  mean_dig=4.3  max_dig=6  mean_relerr=6.178e-04  n_seeds=5
      ep/s=92.5  step=13.6ms  gpu=0%
  hidden=[80, 80, 80] omega0=12.5 lr=0.0001 epochs=8000 npp=2048
      min_dig=3  mean_dig=4.4  max_dig=7  mean_relerr=6.230e-04  n_seeds=5
      ep/s=92.4  step=13.6ms  gpu=0%
  hidden=[80, 80, 80] omega0=12.5 lr=0.0002 epochs=8000 npp=2048
      min_dig=3  mean_dig=4.4  max_dig=7  mean_relerr=6.285e-04  n_seeds=5
      ep/s=92.5  step=13.5ms  gpu=0%
  hidden=[64, 64, 64] omega0=15.0 lr=0.0002 epochs=10000 npp=2048
      min_dig=3  mean_dig=4.4  max_dig=6  mean_relerr=6.557e-04  n_seeds=5
      ep/s=92.8  step=13.5ms  gpu=0%
  hidden=[64, 64, 64] omega0=17.5 lr=0.0002 epochs=8000 npp=2048
      min_dig=3  mean_dig=4.2  max_dig=5  mean_relerr=7.370e-04  n_seeds=5
      ep/s=92.9  step=13.5ms  gpu=0%
  hidden=[64, 64, 64] omega0=15.0 lr=0.0001 epochs=10000 npp=2048
      min_dig=3  mean_dig=4.2  max_dig=6  mean_relerr=8.104e-04  n_seeds=5
      ep/s=92.5  step=13.6ms  gpu=0%
  hidden=[80, 80, 80] omega0=12.5 lr=0.0002 epochs=6000 npp=2048
      min_dig=3  mean_dig=4.2  max_dig=6  mean_relerr=8.510e-04  n_seeds=5
      ep/s=92.6  step=13.6ms  gpu=0%
  hidden=[80, 80, 80] omega0=12.5 lr=0.0002 epochs=8000 npp=512
      min_dig=3  mean_dig=4.3  max_dig=6  mean_relerr=8.535e-04  n_seeds=5
      ep/s=92.7  step=13.1ms  gpu=0%
  hidden=[64, 64, 64] omega0=17.5 lr=5e-05 epochs=10000 npp=2048
      min_dig=3  mean_dig=4.2  max_dig=7  mean_relerr=8.694e-04  n_seeds=5
      ep/s=92.6  step=13.5ms  gpu=0%
  hidden=[80, 80, 80] omega0=12.5 lr=0.0002 epochs=6000 npp=1024
      min_dig=3  mean_dig=4.2  max_dig=6  mean_relerr=8.824e-04  n_seeds=5
      ep/s=92.0  step=13.3ms  gpu=0%
  hidden=[80, 80, 80] omega0=12.5 lr=0.0001 epochs=6000 npp=2048
      min_dig=3  mean_dig=4.2  max_dig=5  mean_relerr=8.863e-04  n_seeds=5
      ep/s=92.6  step=13.5ms  gpu=0%
  hidden=[64, 64, 64] omega0=15.0 lr=0.0001 epochs=10000 npp=1024
      min_dig=3  mean_dig=4.2  max_dig=6  mean_relerr=9.787e-04  n_seeds=5
      ep/s=92.7  step=13.2ms  gpu=0%
  hidden=[64, 64, 64] omega0=17.5 lr=0.0002 epochs=6000 npp=2048
      min_dig=3  mean_dig=4.1  max_dig=5  mean_relerr=1.026e-03  n_seeds=5
      ep/s=92.7  step=13.5ms  gpu=0%
  hidden=[64, 64, 64] omega0=17.5 lr=0.0002 epochs=6000 npp=1024
      min_dig=3  mean_dig=4.0  max_dig=5  mean_relerr=1.036e-03  n_seeds=5
      ep/s=92.4  step=13.2ms  gpu=0%
  hidden=[64, 64, 64] omega0=17.5 lr=0.0001 epochs=10000 npp=1024
      min_dig=3  mean_dig=4.2  max_dig=6  mean_relerr=1.057e-03  n_seeds=5
      ep/s=92.6  step=13.2ms  gpu=0%
  hidden=[64, 64, 64] omega0=17.5 lr=0.0002 epochs=10000 npp=2048
      min_dig=3  mean_dig=4.2  max_dig=6  mean_relerr=1.058e-03  n_seeds=5
      ep/s=92.5  step=13.6ms  gpu=0%
  hidden=[80, 80, 80] omega0=12.5 lr=0.0001 epochs=8000 npp=1024
      min_dig=3  mean_dig=4.2  max_dig=6  mean_relerr=1.058e-03  n_seeds=5
      ep/s=92.5  step=13.2ms  gpu=0%
  hidden=[64, 64, 64] omega0=17.5 lr=0.0002 epochs=10000 npp=1024
      min_dig=3  mean_dig=4.2  max_dig=6  mean_relerr=1.069e-03  n_seeds=5
      ep/s=93.0  step=13.2ms  gpu=0%
  hidden=[64, 64, 64] omega0=15.0 lr=0.0002 epochs=8000 npp=1024
      min_dig=3  mean_dig=4.2  max_dig=6  mean_relerr=1.077e-03  n_seeds=5
      ep/s=89.9  step=13.6ms  gpu=0%
  hidden=[80, 80, 80] omega0=12.5 lr=0.0001 epochs=8000 npp=512
      min_dig=3  mean_dig=4.2  max_dig=7  mean_relerr=1.081e-03  n_seeds=5
      ep/s=92.6  step=13.1ms  gpu=0%
  hidden=[64, 64, 64] omega0=15.0 lr=0.0001 epochs=8000 npp=1024
      min_dig=3  mean_dig=4.4  max_dig=6  mean_relerr=1.107e-03  n_seeds=2
      ep/s=90.4  step=13.6ms  gpu=0%
  hidden=[64, 64, 64] omega0=17.5 lr=0.0001 epochs=8000 npp=1024
      min_dig=3  mean_dig=4.1  max_dig=6  mean_relerr=1.133e-03  n_seeds=5
      ep/s=92.4  step=13.2ms  gpu=0%
  hidden=[64, 64, 64] omega0=17.5 lr=0.0002 epochs=8000 npp=1024
      min_dig=3  mean_dig=4.1  max_dig=6  mean_relerr=1.153e-03  n_seeds=5
      ep/s=92.8  step=13.2ms  gpu=0%
  hidden=[80, 80, 80] omega0=12.5 lr=5e-05 epochs=10000 npp=1024
      min_dig=3  mean_dig=4.0  max_dig=5  mean_relerr=1.170e-03  n_seeds=5
      ep/s=93.1  step=13.2ms  gpu=0%
  hidden=[64, 64, 64] omega0=15.0 lr=0.0001 epochs=8000 npp=2048
      min_dig=3  mean_dig=4.0  max_dig=6  mean_relerr=1.177e-03  n_seeds=5
      ep/s=91.4  step=13.7ms  gpu=0%
  hidden=[64, 64, 64] omega0=15.0 lr=5e-05 epochs=10000 npp=2048
      min_dig=3  mean_dig=4.0  max_dig=5  mean_relerr=1.187e-03  n_seeds=5
      ep/s=92.4  step=13.6ms  gpu=0%
  hidden=[80, 80, 80] omega0=12.5 lr=0.0002 epochs=8000 npp=1024
      min_dig=3  mean_dig=4.0  max_dig=5  mean_relerr=1.211e-03  n_seeds=5
      ep/s=93.1  step=13.2ms  gpu=0%
  hidden=[64, 64, 64] omega0=17.5 lr=5e-05 epochs=10000 npp=1024
      min_dig=3  mean_dig=4.1  max_dig=6  mean_relerr=1.228e-03  n_seeds=5
      ep/s=92.2  step=13.3ms  gpu=0%
  hidden=[64, 64, 64] omega0=17.5 lr=0.0001 epochs=6000 npp=2048
      min_dig=3  mean_dig=4.0  max_dig=6  mean_relerr=1.262e-03  n_seeds=5
      ep/s=92.7  step=13.5ms  gpu=0%
  hidden=[64, 64, 64] omega0=17.5 lr=0.0001 epochs=6000 npp=1024
      min_dig=3  mean_dig=4.1  max_dig=6  mean_relerr=1.275e-03  n_seeds=5
      ep/s=92.6  step=13.2ms  gpu=0%
  hidden=[64, 64, 64] omega0=15.0 lr=0.0002 epochs=10000 npp=512
      min_dig=3  mean_dig=4.2  max_dig=6  mean_relerr=1.277e-03  n_seeds=5
      ep/s=94.1  step=12.9ms  gpu=0%
  hidden=[80, 80, 80] omega0=12.5 lr=0.0002 epochs=6000 npp=512
      min_dig=3  mean_dig=4.0  max_dig=6  mean_relerr=1.300e-03  n_seeds=5
      ep/s=93.4  step=13.0ms  gpu=0%
  hidden=[64, 64, 64] omega0=17.5 lr=0.0001 epochs=8000 npp=2048
      min_dig=3  mean_dig=4.0  max_dig=5  mean_relerr=1.344e-03  n_seeds=5
      ep/s=92.7  step=13.5ms  gpu=0%
  hidden=[80, 80, 80] omega0=12.5 lr=5e-05 epochs=8000 npp=2048
      min_dig=3  mean_dig=4.0  max_dig=5  mean_relerr=1.353e-03  n_seeds=5
      ep/s=92.4  step=13.6ms  gpu=0%
  hidden=[64, 64, 64] omega0=15.0 lr=0.0002 epochs=10000 npp=1024
      min_dig=3  mean_dig=4.0  max_dig=5  mean_relerr=1.357e-03  n_seeds=5
      ep/s=93.1  step=13.2ms  gpu=0%
  hidden=[80, 80, 80] omega0=12.5 lr=5e-05 epochs=10000 npp=512
      min_dig=3  mean_dig=4.0  max_dig=6  mean_relerr=1.365e-03  n_seeds=5
      ep/s=92.9  step=13.0ms  gpu=0%
  hidden=[80, 80, 80] omega0=12.5 lr=5e-05 epochs=10000 npp=2048
      min_dig=3  mean_dig=4.1  max_dig=6  mean_relerr=1.404e-03  n_seeds=2
      ep/s=93.0  step=13.5ms  gpu=0%
  hidden=[64, 64, 64] omega0=17.5 lr=0.0001 epochs=10000 npp=512
      min_dig=3  mean_dig=4.0  max_dig=6  mean_relerr=1.419e-03  n_seeds=5
      ep/s=93.4  step=13.0ms  gpu=0%
  hidden=[64, 64, 64] omega0=15.0 lr=0.0002 epochs=8000 npp=512
      min_dig=3  mean_dig=4.0  max_dig=6  mean_relerr=1.421e-03  n_seeds=5
      ep/s=90.6  step=13.4ms  gpu=0%
  hidden=[64, 64, 64] omega0=17.5 lr=5e-05 epochs=8000 npp=1024
      min_dig=3  mean_dig=4.0  max_dig=5  mean_relerr=1.463e-03  n_seeds=5
      ep/s=92.2  step=13.3ms  gpu=0%
  hidden=[64, 64, 64] omega0=15.0 lr=5e-05 epochs=10000 npp=1024
      min_dig=3  mean_dig=4.0  max_dig=5  mean_relerr=1.467e-03  n_seeds=5
      ep/s=92.8  step=13.2ms  gpu=0%
  hidden=[64, 64, 64] omega0=17.5 lr=5e-05 epochs=10000 npp=512
      min_dig=3  mean_dig=4.2  max_dig=9  mean_relerr=1.558e-03  n_seeds=5
      ep/s=93.7  step=12.9ms  gpu=0%
  hidden=[80, 80, 80] omega0=12.5 lr=0.0001 epochs=6000 npp=1024
      min_dig=3  mean_dig=4.0  max_dig=6  mean_relerr=1.596e-03  n_seeds=5
      ep/s=92.3  step=13.3ms  gpu=0%
  hidden=[64, 64, 64] omega0=15.0 lr=0.0001 epochs=10000 npp=512
      min_dig=3  mean_dig=3.9  max_dig=6  mean_relerr=1.702e-03  n_seeds=5
      ep/s=93.4  step=13.0ms  gpu=0%
  hidden=[80, 80, 80] omega0=12.5 lr=5e-05 epochs=8000 npp=1024
      min_dig=3  mean_dig=3.9  max_dig=5  mean_relerr=1.784e-03  n_seeds=5
      ep/s=92.5  step=13.2ms  gpu=0%
  hidden=[80, 80, 80] omega0=12.5 lr=0.0001 epochs=6000 npp=512
      min_dig=3  mean_dig=3.9  max_dig=6  mean_relerr=1.813e-03  n_seeds=5
      ep/s=92.9  step=13.1ms  gpu=0%
  hidden=[64, 64, 64] omega0=17.5 lr=0.0002 epochs=8000 npp=512
      min_dig=3  mean_dig=3.9  max_dig=6  mean_relerr=1.828e-03  n_seeds=5
      ep/s=92.8  step=13.1ms  gpu=0%
  hidden=[64, 64, 64] omega0=17.5 lr=5e-05 epochs=8000 npp=2048
      min_dig=3  mean_dig=3.9  max_dig=5  mean_relerr=1.843e-03  n_seeds=5
      ep/s=92.6  step=13.5ms  gpu=0%
  hidden=[64, 64, 64] omega0=17.5 lr=0.0001 epochs=8000 npp=512
      min_dig=3  mean_dig=3.8  max_dig=6  mean_relerr=1.948e-03  n_seeds=5
      ep/s=93.0  step=13.0ms  gpu=0%
  hidden=[64, 64, 64] omega0=17.5 lr=0.0002 epochs=6000 npp=512
      min_dig=3  mean_dig=3.9  max_dig=5  mean_relerr=2.028e-03  n_seeds=5
      ep/s=92.8  step=13.0ms  gpu=0%
  hidden=[80, 80, 80] omega0=12.5 lr=5e-05 epochs=6000 npp=2048
      min_dig=3  mean_dig=3.8  max_dig=5  mean_relerr=2.283e-03  n_seeds=5
      ep/s=92.5  step=13.6ms  gpu=0%
  hidden=[64, 64, 64] omega0=17.5 lr=5e-05 epochs=6000 npp=1024
      min_dig=3  mean_dig=3.8  max_dig=5  mean_relerr=2.316e-03  n_seeds=5
      ep/s=93.1  step=13.2ms  gpu=0%
  hidden=[64, 64, 64] omega0=15.0 lr=5e-05 epochs=10000 npp=512
      min_dig=3  mean_dig=3.9  max_dig=5  mean_relerr=2.352e-03  n_seeds=5
      ep/s=92.8  step=13.1ms  gpu=0%
  hidden=[64, 64, 64] omega0=17.5 lr=5e-05 epochs=6000 npp=2048
      min_dig=3  mean_dig=3.9  max_dig=5  mean_relerr=2.383e-03  n_seeds=5
      ep/s=92.8  step=13.5ms  gpu=0%
  hidden=[64, 64, 64] omega0=17.5 lr=0.0001 epochs=6000 npp=512
      min_dig=3  mean_dig=3.8  max_dig=5  mean_relerr=2.505e-03  n_seeds=5
      ep/s=93.1  step=13.0ms  gpu=0%
  hidden=[64, 64, 64] omega0=17.5 lr=0.0002 epochs=10000 npp=512
      min_dig=3  mean_dig=3.6  max_dig=6  mean_relerr=2.805e-03  n_seeds=5
      ep/s=93.2  step=13.0ms  gpu=0%
  hidden=[80, 80, 80] omega0=12.5 lr=5e-05 epochs=8000 npp=512
      min_dig=3  mean_dig=3.8  max_dig=6  mean_relerr=2.813e-03  n_seeds=5
      ep/s=92.7  step=13.1ms  gpu=0%
  hidden=[80, 80, 80] omega0=12.5 lr=5e-05 epochs=6000 npp=1024
      min_dig=3  mean_dig=3.6  max_dig=5  mean_relerr=3.326e-03  n_seeds=5
      ep/s=92.4  step=13.3ms  gpu=0%
  hidden=[64, 64, 64] omega0=17.5 lr=5e-05 epochs=6000 npp=512
      min_dig=3  mean_dig=3.7  max_dig=5  mean_relerr=3.399e-03  n_seeds=5
      ep/s=93.3  step=13.0ms  gpu=0%
  hidden=[64, 64, 64] omega0=17.5 lr=5e-05 epochs=8000 npp=512
      min_dig=3  mean_dig=3.5  max_dig=5  mean_relerr=3.565e-03  n_seeds=5
      ep/s=93.2  step=13.0ms  gpu=0%
  hidden=[80, 80, 80] omega0=12.5 lr=5e-05 epochs=6000 npp=512
      min_dig=2  mean_dig=3.6  max_dig=6  mean_relerr=4.380e-03  n_seeds=5
      ep/s=93.6  step=13.0ms  gpu=0%
============================================================================================================================================
  Results saved -> /lustre/projects/g/gshipunv/project-skuld/research/results/grid/18-sechiren-sweep-m3/ampere/results_gpu2.csv

