==================================================================
Job ID:     2668986
Script:     /lustre/projects/g/gshipunv/project-skuld/research/experiments/grid/18-sechiren-sweep-m3/sechiren_sweep_m3.py
Arguments:  --num-gpus 4
Log file:   /lustre/projects/g/gshipunv/project-skuld/research/results/grid/18-sechiren-sweep-m3/slurm-2668986.log
Python:     /zfs/store1.hydra.local/user/g/gshipunv/.conda/envs/jasher-lustre/bin/python
PYTHONPATH: /lustre/projects/g/gshipunv/project-skuld/research:/lustre/projects/g/gshipunv/project-skuld:/lustre/projects/g/gshipunv/project-skuld/research/experiments/grid/18-sechiren-sweep-m3:
==================================================================
SKULD is using device: cuda

========================================================================
  SECHIREN SWEEP m3  —  243 configs × 5 seeds = 1215 total runs
  GPU 0/4  —  processing runs [0:304] = 304 runs, device=cuda
  Run tag: ampere  (results -> results/.../ampere/)
========================================================================

Computing scipy reference integrals (shared across all configs)...
Done.

[1/304] hidden=[48, 48, 48] omega0=12.5 lr=5e-05 epochs=6000 npp=512 seed=42 ...
  Epoch     1/6000  loss=3.5174e-01  lr=5.00e-05  (0.2s)
    -> I1=2 I2=3 I3=3 I4=4 I5=2 I6=4 I7=2 I8=3 min=2 mean=2.9 max=4 (81.3s, 92.3 ep/s, step=13.2ms, gpu=0%)
[2/304] hidden=[48, 48, 48] omega0=12.5 lr=5e-05 epochs=6000 npp=512 seed=137 ...
  Epoch     1/6000  loss=3.4413e-01  lr=5.00e-05  (0.0s)
    -> I1=4 I2=3 I3=3 I4=3 I5=2 I6=3 I7=3 I8=3 min=2 mean=3.0 max=4 (79.2s, 92.6 ep/s, step=13.2ms, gpu=0%)
[3/304] hidden=[48, 48, 48] omega0=12.5 lr=5e-05 epochs=6000 npp=512 seed=2024 ...
  Epoch     1/6000  loss=3.8109e-01  lr=5.00e-05  (0.0s)
    -> I1=5 I2=4 I3=3 I4=5 I5=4 I6=3 I7=3 I8=3 min=3 mean=3.8 max=5 (79.3s, 92.6 ep/s, step=13.2ms, gpu=0%)
[4/304] hidden=[48, 48, 48] omega0=12.5 lr=5e-05 epochs=6000 npp=512 seed=7 ...
  Epoch     1/6000  loss=3.3741e-01  lr=5.00e-05  (0.0s)
    -> I1=2 I2=3 I3=3 I4=3 I5=2 I6=3 I7=3 I8=3 min=2 mean=2.8 max=3 (78.9s, 92.9 ep/s, step=13.1ms, gpu=0%)
[5/304] hidden=[48, 48, 48] omega0=12.5 lr=5e-05 epochs=6000 npp=512 seed=999 ...
  Epoch     1/6000  loss=4.1008e-01  lr=5.00e-05  (0.0s)
    -> I1=2 I2=3 I3=4 I4=4 I5=3 I6=5 I7=3 I8=4 min=2 mean=3.5 max=5 (79.2s, 92.6 ep/s, step=13.2ms, gpu=0%)
[6/304] hidden=[48, 48, 48] omega0=12.5 lr=5e-05 epochs=6000 npp=1024 seed=42 ...
  Epoch     1/6000  loss=3.5381e-01  lr=5.00e-05  (0.0s)
    -> I1=3 I2=4 I3=5 I4=3 I5=2 I6=3 I7=3 I8=3 min=2 mean=3.2 max=5 (79.5s, 93.6 ep/s, step=13.2ms, gpu=0%)
[7/304] hidden=[48, 48, 48] omega0=12.5 lr=5e-05 epochs=6000 npp=1024 seed=137 ...
  Epoch     1/6000  loss=3.7172e-01  lr=5.00e-05  (0.0s)
    -> I1=3 I2=4 I3=4 I4=3 I5=3 I6=3 I7=3 I8=4 min=3 mean=3.4 max=4 (79.0s, 94.3 ep/s, step=13.1ms, gpu=0%)
[8/304] hidden=[48, 48, 48] omega0=12.5 lr=5e-05 epochs=6000 npp=1024 seed=2024 ...
  Epoch     1/6000  loss=3.7526e-01  lr=5.00e-05  (0.0s)
    -> I1=3 I2=3 I3=4 I4=4 I5=3 I6=3 I7=3 I8=3 min=3 mean=3.2 max=4 (79.5s, 93.7 ep/s, step=13.2ms, gpu=0%)
[9/304] hidden=[48, 48, 48] omega0=12.5 lr=5e-05 epochs=6000 npp=1024 seed=7 ...
  Epoch     1/6000  loss=3.6805e-01  lr=5.00e-05  (0.0s)
    -> I1=2 I2=3 I3=3 I4=4 I5=2 I6=3 I7=3 I8=3 min=2 mean=2.9 max=4 (79.4s, 93.9 ep/s, step=13.2ms, gpu=0%)
[10/304] hidden=[48, 48, 48] omega0=12.5 lr=5e-05 epochs=6000 npp=1024 seed=999 ...
  Epoch     1/6000  loss=3.6931e-01  lr=5.00e-05  (0.0s)
    -> I1=4 I2=3 I3=4 I4=4 I5=2 I6=4 I7=3 I8=3 min=2 mean=3.4 max=4 (79.1s, 94.1 ep/s, step=13.1ms, gpu=0%)
[11/304] hidden=[48, 48, 48] omega0=12.5 lr=5e-05 epochs=6000 npp=2048 seed=42 ...
  Epoch     1/6000  loss=3.8211e-01  lr=5.00e-05  (0.0s)
    -> I1=2 I2=3 I3=3 I4=4 I5=2 I6=3 I7=3 I8=3 min=2 mean=2.9 max=4 (82.0s, 93.0 ep/s, step=13.6ms, gpu=0%)
[12/304] hidden=[48, 48, 48] omega0=12.5 lr=5e-05 epochs=6000 npp=2048 seed=137 ...
  Epoch     1/6000  loss=3.5797e-01  lr=5.00e-05  (0.0s)
    -> I1=4 I2=4 I3=4 I4=4 I5=3 I6=3 I7=3 I8=4 min=3 mean=3.6 max=4 (82.1s, 92.9 ep/s, step=13.6ms, gpu=0%)
[13/304] hidden=[48, 48, 48] omega0=12.5 lr=5e-05 epochs=6000 npp=2048 seed=2024 ...
  Epoch     1/6000  loss=3.7630e-01  lr=5.00e-05  (0.0s)
    -> I1=3 I2=4 I3=4 I4=4 I5=4 I6=3 I7=3 I8=4 min=3 mean=3.6 max=4 (81.6s, 93.4 ep/s, step=13.6ms, gpu=0%)
[14/304] hidden=[48, 48, 48] omega0=12.5 lr=5e-05 epochs=6000 npp=2048 seed=7 ...
  Epoch     1/6000  loss=3.8447e-01  lr=5.00e-05  (0.0s)
    -> I1=3 I2=3 I3=3 I4=5 I5=2 I6=3 I7=3 I8=5 min=2 mean=3.4 max=5 (81.8s, 93.2 ep/s, step=13.6ms, gpu=0%)
[15/304] hidden=[48, 48, 48] omega0=12.5 lr=5e-05 epochs=6000 npp=2048 seed=999 ...
  Epoch     1/6000  loss=3.9100e-01  lr=5.00e-05  (0.0s)
    -> I1=3 I2=3 I3=3 I4=4 I5=2 I6=4 I7=4 I8=4 min=2 mean=3.4 max=4 (81.6s, 93.4 ep/s, step=13.6ms, gpu=0%)
[16/304] hidden=[48, 48, 48] omega0=12.5 lr=0.0001 epochs=6000 npp=512 seed=42 ...
  Epoch     1/6000  loss=3.5174e-01  lr=1.00e-04  (0.0s)
    -> I1=3 I2=4 I3=4 I4=4 I5=3 I6=3 I7=3 I8=6 min=3 mean=3.8 max=6 (79.5s, 92.4 ep/s, step=13.2ms, gpu=0%)
[17/304] hidden=[48, 48, 48] omega0=12.5 lr=0.0001 epochs=6000 npp=512 seed=137 ...
  Epoch     1/6000  loss=3.4413e-01  lr=1.00e-04  (0.0s)
    -> I1=3 I2=5 I3=5 I4=4 I5=3 I6=3 I7=3 I8=4 min=3 mean=3.8 max=5 (78.6s, 93.4 ep/s, step=13.1ms, gpu=0%)
[18/304] hidden=[48, 48, 48] omega0=12.5 lr=0.0001 epochs=6000 npp=512 seed=2024 ...
  Epoch     1/6000  loss=3.8109e-01  lr=1.00e-04  (0.0s)
    -> I1=3 I2=3 I3=3 I4=4 I5=3 I6=6 I7=4 I8=4 min=3 mean=3.8 max=6 (78.6s, 93.5 ep/s, step=13.1ms, gpu=0%)
[19/304] hidden=[48, 48, 48] omega0=12.5 lr=0.0001 epochs=6000 npp=512 seed=7 ...
  Epoch     1/6000  loss=3.3741e-01  lr=1.00e-04  (0.0s)
    -> I1=3 I2=4 I3=4 I4=4 I5=3 I6=4 I7=3 I8=6 min=3 mean=3.9 max=6 (78.5s, 93.6 ep/s, step=13.0ms, gpu=0%)
[20/304] hidden=[48, 48, 48] omega0=12.5 lr=0.0001 epochs=6000 npp=512 seed=999 ...
  Epoch     1/6000  loss=4.1008e-01  lr=1.00e-04  (0.0s)
    -> I1=3 I2=3 I3=3 I4=4 I5=2 I6=3 I7=3 I8=3 min=2 mean=3.0 max=4 (78.2s, 94.0 ep/s, step=13.0ms, gpu=0%)
[21/304] hidden=[48, 48, 48] omega0=12.5 lr=0.0001 epochs=6000 npp=1024 seed=42 ...
  Epoch     1/6000  loss=3.5381e-01  lr=1.00e-04  (0.0s)
    -> I1=3 I2=4 I3=3 I4=4 I5=3 I6=4 I7=4 I8=4 min=3 mean=3.6 max=4 (77.8s, 95.8 ep/s, step=12.9ms, gpu=0%)
[22/304] hidden=[48, 48, 48] omega0=12.5 lr=0.0001 epochs=6000 npp=1024 seed=137 ...
  Epoch     1/6000  loss=3.7172e-01  lr=1.00e-04  (0.0s)
    -> I1=4 I2=4 I3=5 I4=4 I5=3 I6=5 I7=4 I8=4 min=3 mean=4.1 max=5 (77.1s, 97.0 ep/s, step=12.8ms, gpu=0%)
[23/304] hidden=[48, 48, 48] omega0=12.5 lr=0.0001 epochs=6000 npp=1024 seed=2024 ...
  Epoch     1/6000  loss=3.7526e-01  lr=1.00e-04  (0.0s)
    -> I1=4 I2=4 I3=4 I4=4 I5=5 I6=3 I7=3 I8=4 min=3 mean=3.9 max=5 (76.6s, 97.3 ep/s, step=12.7ms, gpu=0%)
[24/304] hidden=[48, 48, 48] omega0=12.5 lr=0.0001 epochs=6000 npp=1024 seed=7 ...
  Epoch     1/6000  loss=3.6805e-01  lr=1.00e-04  (0.0s)
    -> I1=3 I2=4 I3=3 I4=5 I5=3 I6=4 I7=5 I8=4 min=3 mean=3.9 max=5 (76.4s, 97.6 ep/s, step=12.7ms, gpu=0%)
[25/304] hidden=[48, 48, 48] omega0=12.5 lr=0.0001 epochs=6000 npp=1024 seed=999 ...
  Epoch     1/6000  loss=3.6931e-01  lr=1.00e-04  (0.0s)
    -> I1=3 I2=4 I3=4 I4=4 I5=3 I6=4 I7=4 I8=4 min=3 mean=3.8 max=4 (76.5s, 97.5 ep/s, step=12.7ms, gpu=0%)
[26/304] hidden=[48, 48, 48] omega0=12.5 lr=0.0001 epochs=6000 npp=2048 seed=42 ...
  Epoch     1/6000  loss=3.8211e-01  lr=1.00e-04  (0.0s)
    -> I1=4 I2=4 I3=3 I4=4 I5=3 I6=3 I7=3 I8=4 min=3 mean=3.5 max=4 (78.8s, 96.7 ep/s, step=13.1ms, gpu=0%)
[27/304] hidden=[48, 48, 48] omega0=12.5 lr=0.0001 epochs=6000 npp=2048 seed=137 ...
  Epoch     1/6000  loss=3.5797e-01  lr=1.00e-04  (0.0s)
    -> I1=4 I2=4 I3=4 I4=4 I5=3 I6=4 I7=4 I8=6 min=3 mean=4.1 max=6 (78.8s, 96.8 ep/s, step=13.1ms, gpu=0%)
[28/304] hidden=[48, 48, 48] omega0=12.5 lr=0.0001 epochs=6000 npp=2048 seed=2024 ...
  Epoch     1/6000  loss=3.7630e-01  lr=1.00e-04  (0.0s)
    -> I1=5 I2=4 I3=3 I4=4 I5=3 I6=3 I7=3 I8=4 min=3 mean=3.6 max=5 (78.8s, 96.8 ep/s, step=13.1ms, gpu=0%)
[29/304] hidden=[48, 48, 48] omega0=12.5 lr=0.0001 epochs=6000 npp=2048 seed=7 ...
  Epoch     1/6000  loss=3.8447e-01  lr=1.00e-04  (0.0s)
    -> I1=3 I2=4 I3=4 I4=4 I5=3 I6=4 I7=4 I8=4 min=3 mean=3.8 max=4 (78.8s, 96.6 ep/s, step=13.1ms, gpu=0%)
[30/304] hidden=[48, 48, 48] omega0=12.5 lr=0.0001 epochs=6000 npp=2048 seed=999 ...
  Epoch     1/6000  loss=3.9100e-01  lr=1.00e-04  (0.0s)
    -> I1=3 I2=3 I3=3 I4=4 I5=2 I6=4 I7=4 I8=4 min=2 mean=3.4 max=4 (78.7s, 96.8 ep/s, step=13.1ms, gpu=0%)
[31/304] hidden=[48, 48, 48] omega0=12.5 lr=0.0002 epochs=6000 npp=512 seed=42 ...
  Epoch     1/6000  loss=3.5174e-01  lr=2.00e-04  (0.0s)
    -> I1=3 I2=4 I3=5 I4=4 I5=3 I6=4 I7=4 I8=4 min=3 mean=3.9 max=5 (76.4s, 96.2 ep/s, step=12.7ms, gpu=0%)
[32/304] hidden=[48, 48, 48] omega0=12.5 lr=0.0002 epochs=6000 npp=512 seed=137 ...
  Epoch     1/6000  loss=3.4413e-01  lr=2.00e-04  (0.0s)
    -> I1=4 I2=4 I3=4 I4=4 I5=4 I6=4 I7=5 I8=4 min=4 mean=4.1 max=5 (76.3s, 96.3 ep/s, step=12.7ms, gpu=0%)
[33/304] hidden=[48, 48, 48] omega0=12.5 lr=0.0002 epochs=6000 npp=512 seed=2024 ...
  Epoch     1/6000  loss=3.8109e-01  lr=2.00e-04  (0.0s)
    -> I1=4 I2=4 I3=4 I4=4 I5=3 I6=4 I7=3 I8=4 min=3 mean=3.8 max=4 (76.4s, 96.2 ep/s, step=12.7ms, gpu=0%)
[34/304] hidden=[48, 48, 48] omega0=12.5 lr=0.0002 epochs=6000 npp=512 seed=7 ...
  Epoch     1/6000  loss=3.3741e-01  lr=2.00e-04  (0.0s)
    -> I1=3 I2=3 I3=3 I4=4 I5=3 I6=4 I7=4 I8=4 min=3 mean=3.5 max=4 (76.3s, 96.4 ep/s, step=12.7ms, gpu=0%)
[35/304] hidden=[48, 48, 48] omega0=12.5 lr=0.0002 epochs=6000 npp=512 seed=999 ...
  Epoch     1/6000  loss=4.1008e-01  lr=2.00e-04  (0.0s)
    -> I1=4 I2=4 I3=3 I4=4 I5=3 I6=5 I7=3 I8=4 min=3 mean=3.8 max=5 (76.5s, 96.1 ep/s, step=12.7ms, gpu=0%)
[36/304] hidden=[48, 48, 48] omega0=12.5 lr=0.0002 epochs=6000 npp=1024 seed=42 ...
  Epoch     1/6000  loss=3.5381e-01  lr=2.00e-04  (0.0s)
    -> I1=3 I2=4 I3=5 I4=4 I5=3 I6=4 I7=3 I8=4 min=3 mean=3.8 max=5 (76.4s, 97.5 ep/s, step=12.7ms, gpu=0%)
[37/304] hidden=[48, 48, 48] omega0=12.5 lr=0.0002 epochs=6000 npp=1024 seed=137 ...
  Epoch     1/6000  loss=3.7172e-01  lr=2.00e-04  (0.0s)
    -> I1=3 I2=4 I3=4 I4=5 I5=3 I6=4 I7=4 I8=4 min=3 mean=3.9 max=5 (76.5s, 97.5 ep/s, step=12.7ms, gpu=0%)
[38/304] hidden=[48, 48, 48] omega0=12.5 lr=0.0002 epochs=6000 npp=1024 seed=2024 ...
  Epoch     1/6000  loss=3.7526e-01  lr=2.00e-04  (0.0s)
    -> I1=3 I2=5 I3=4 I4=4 I5=4 I6=4 I7=4 I8=7 min=3 mean=4.4 max=7 (76.5s, 97.5 ep/s, step=12.7ms, gpu=0%)
[39/304] hidden=[48, 48, 48] omega0=12.5 lr=0.0002 epochs=6000 npp=1024 seed=7 ...
  Epoch     1/6000  loss=3.6805e-01  lr=2.00e-04  (0.0s)
    -> I1=3 I2=4 I3=3 I4=5 I5=3 I6=6 I7=4 I8=4 min=3 mean=4.0 max=6 (76.4s, 97.6 ep/s, step=12.7ms, gpu=0%)
[40/304] hidden=[48, 48, 48] omega0=12.5 lr=0.0002 epochs=6000 npp=1024 seed=999 ...
  Epoch     1/6000  loss=3.6931e-01  lr=2.00e-04  (0.0s)
    -> I1=4 I2=4 I3=4 I4=4 I5=3 I6=4 I7=4 I8=5 min=3 mean=4.0 max=5 (76.5s, 97.5 ep/s, step=12.7ms, gpu=0%)
[41/304] hidden=[48, 48, 48] omega0=12.5 lr=0.0002 epochs=6000 npp=2048 seed=42 ...
  Epoch     1/6000  loss=3.8211e-01  lr=2.00e-04  (0.0s)
    -> I1=3 I2=4 I3=4 I4=5 I5=3 I6=4 I7=3 I8=4 min=3 mean=3.8 max=5 (78.8s, 96.7 ep/s, step=13.1ms, gpu=0%)
[42/304] hidden=[48, 48, 48] omega0=12.5 lr=0.0002 epochs=6000 npp=2048 seed=137 ...
  Epoch     1/6000  loss=3.5797e-01  lr=2.00e-04  (0.0s)
    -> I1=3 I2=4 I3=4 I4=4 I5=3 I6=4 I7=4 I8=4 min=3 mean=3.8 max=4 (78.7s, 96.8 ep/s, step=13.1ms, gpu=0%)
[43/304] hidden=[48, 48, 48] omega0=12.5 lr=0.0002 epochs=6000 npp=2048 seed=2024 ...
  Epoch     1/6000  loss=3.7630e-01  lr=2.00e-04  (0.0s)
    -> I1=4 I2=5 I3=4 I4=5 I5=4 I6=4 I7=4 I8=4 min=4 mean=4.2 max=5 (78.7s, 96.7 ep/s, step=13.1ms, gpu=0%)
[44/304] hidden=[48, 48, 48] omega0=12.5 lr=0.0002 epochs=6000 npp=2048 seed=7 ...
  Epoch     1/6000  loss=3.8447e-01  lr=2.00e-04  (0.0s)
    -> I1=3 I2=4 I3=4 I4=4 I5=3 I6=4 I7=4 I8=5 min=3 mean=3.9 max=5 (78.8s, 96.7 ep/s, step=13.1ms, gpu=0%)
[45/304] hidden=[48, 48, 48] omega0=12.5 lr=0.0002 epochs=6000 npp=2048 seed=999 ...
  Epoch     1/6000  loss=3.9100e-01  lr=2.00e-04  (0.0s)
    -> I1=4 I2=4 I3=4 I4=4 I5=3 I6=4 I7=4 I8=6 min=3 mean=4.1 max=6 (78.9s, 96.5 ep/s, step=13.1ms, gpu=0%)
[46/304] hidden=[48, 48, 48] omega0=12.5 lr=5e-05 epochs=8000 npp=512 seed=42 ...
  Epoch     1/8000  loss=3.5174e-01  lr=5.00e-05  (0.0s)
    -> I1=3 I2=4 I3=3 I4=6 I5=2 I6=3 I7=3 I8=3 min=2 mean=3.4 max=6 (101.9s, 96.2 ep/s, step=12.7ms, gpu=0%)
[47/304] hidden=[48, 48, 48] omega0=12.5 lr=5e-05 epochs=8000 npp=512 seed=137 ...
  Epoch     1/8000  loss=3.4413e-01  lr=5.00e-05  (0.0s)
    -> I1=4 I2=5 I3=4 I4=4 I5=3 I6=3 I7=3 I8=4 min=3 mean=3.8 max=5 (101.8s, 96.2 ep/s, step=12.7ms, gpu=0%)
[48/304] hidden=[48, 48, 48] omega0=12.5 lr=5e-05 epochs=8000 npp=512 seed=2024 ...
  Epoch     1/8000  loss=3.8109e-01  lr=5.00e-05  (0.0s)
    -> I1=4 I2=3 I3=3 I4=4 I5=4 I6=3 I7=3 I8=4 min=3 mean=3.5 max=4 (101.8s, 96.3 ep/s, step=12.7ms, gpu=0%)
[49/304] hidden=[48, 48, 48] omega0=12.5 lr=5e-05 epochs=8000 npp=512 seed=7 ...
  Epoch     1/8000  loss=3.3741e-01  lr=5.00e-05  (0.0s)
    -> I1=2 I2=3 I3=3 I4=4 I5=2 I6=4 I7=3 I8=3 min=2 mean=3.0 max=4 (101.8s, 96.3 ep/s, step=12.7ms, gpu=0%)
[50/304] hidden=[48, 48, 48] omega0=12.5 lr=5e-05 epochs=8000 npp=512 seed=999 ...
  Epoch     1/8000  loss=4.1008e-01  lr=5.00e-05  (0.0s)
    -> I1=2 I2=3 I3=3 I4=4 I5=2 I6=4 I7=3 I8=4 min=2 mean=3.1 max=4 (101.8s, 96.2 ep/s, step=12.7ms, gpu=0%)
[51/304] hidden=[48, 48, 48] omega0=12.5 lr=5e-05 epochs=8000 npp=1024 seed=42 ...
  Epoch     1/8000  loss=3.5381e-01  lr=5.00e-05  (0.0s)
    -> I1=3 I2=4 I3=4 I4=4 I5=2 I6=4 I7=3 I8=4 min=2 mean=3.5 max=4 (102.0s, 97.6 ep/s, step=12.7ms, gpu=0%)
[52/304] hidden=[48, 48, 48] omega0=12.5 lr=5e-05 epochs=8000 npp=1024 seed=137 ...
  Epoch     1/8000  loss=3.7172e-01  lr=5.00e-05  (0.0s)
    -> I1=4 I2=4 I3=4 I4=4 I5=3 I6=3 I7=3 I8=4 min=3 mean=3.6 max=4 (102.0s, 97.5 ep/s, step=12.7ms, gpu=0%)
[53/304] hidden=[48, 48, 48] omega0=12.5 lr=5e-05 epochs=8000 npp=1024 seed=2024 ...
  Epoch     1/8000  loss=3.7526e-01  lr=5.00e-05  (0.0s)
    -> I1=4 I2=3 I3=5 I4=4 I5=3 I6=3 I7=3 I8=4 min=3 mean=3.6 max=5 (101.9s, 97.6 ep/s, step=12.7ms, gpu=0%)
[54/304] hidden=[48, 48, 48] omega0=12.5 lr=5e-05 epochs=8000 npp=1024 seed=7 ...
  Epoch     1/8000  loss=3.6805e-01  lr=5.00e-05  (0.0s)
    -> I1=2 I2=4 I3=3 I4=4 I5=3 I6=4 I7=4 I8=3 min=2 mean=3.4 max=4 (102.0s, 97.5 ep/s, step=12.7ms, gpu=0%)
[55/304] hidden=[48, 48, 48] omega0=12.5 lr=5e-05 epochs=8000 npp=1024 seed=999 ...
  Epoch     1/8000  loss=3.6931e-01  lr=5.00e-05  (0.0s)
    -> I1=3 I2=4 I3=3 I4=4 I5=2 I6=4 I7=3 I8=4 min=2 mean=3.4 max=4 (102.0s, 97.5 ep/s, step=12.7ms, gpu=0%)
[56/304] hidden=[48, 48, 48] omega0=12.5 lr=5e-05 epochs=8000 npp=2048 seed=42 ...
  Epoch     1/8000  loss=3.8211e-01  lr=5.00e-05  (0.0s)
    -> I1=3 I2=4 I3=3 I4=4 I5=2 I6=3 I7=3 I8=3 min=2 mean=3.1 max=4 (105.1s, 96.7 ep/s, step=13.1ms, gpu=0%)
[57/304] hidden=[48, 48, 48] omega0=12.5 lr=5e-05 epochs=8000 npp=2048 seed=137 ...
  Epoch     1/8000  loss=3.5797e-01  lr=5.00e-05  (0.0s)
    -> I1=3 I2=6 I3=4 I4=4 I5=3 I6=3 I7=3 I8=4 min=3 mean=3.8 max=6 (105.0s, 96.7 ep/s, step=13.1ms, gpu=0%)
[58/304] hidden=[48, 48, 48] omega0=12.5 lr=5e-05 epochs=8000 npp=2048 seed=2024 ...
  Epoch     1/8000  loss=3.7630e-01  lr=5.00e-05  (0.0s)
    -> I1=4 I2=4 I3=5 I4=4 I5=4 I6=3 I7=4 I8=4 min=3 mean=4.0 max=5 (105.0s, 96.8 ep/s, step=13.1ms, gpu=0%)
[59/304] hidden=[48, 48, 48] omega0=12.5 lr=5e-05 epochs=8000 npp=2048 seed=7 ...
  Epoch     1/8000  loss=3.8447e-01  lr=5.00e-05  (0.0s)
    -> I1=3 I2=4 I3=3 I4=5 I5=3 I6=4 I7=4 I8=4 min=3 mean=3.8 max=5 (105.0s, 96.8 ep/s, step=13.1ms, gpu=0%)
[60/304] hidden=[48, 48, 48] omega0=12.5 lr=5e-05 epochs=8000 npp=2048 seed=999 ...
  Epoch     1/8000  loss=3.9100e-01  lr=5.00e-05  (0.0s)
    -> I1=3 I2=3 I3=3 I4=5 I5=2 I6=5 I7=3 I8=4 min=2 mean=3.5 max=5 (104.9s, 96.8 ep/s, step=13.1ms, gpu=0%)
[61/304] hidden=[48, 48, 48] omega0=12.5 lr=0.0001 epochs=8000 npp=512 seed=42 ...
  Epoch     1/8000  loss=3.5174e-01  lr=1.00e-04  (0.0s)
    -> I1=4 I2=4 I3=3 I4=5 I5=3 I6=4 I7=4 I8=4 min=3 mean=3.9 max=5 (101.9s, 96.2 ep/s, step=12.7ms, gpu=0%)
[62/304] hidden=[48, 48, 48] omega0=12.5 lr=0.0001 epochs=8000 npp=512 seed=137 ...
  Epoch     1/8000  loss=3.4413e-01  lr=1.00e-04  (0.0s)
    -> I1=4 I2=4 I3=4 I4=4 I5=3 I6=4 I7=4 I8=4 min=3 mean=3.9 max=4 (101.7s, 96.4 ep/s, step=12.7ms, gpu=0%)
[63/304] hidden=[48, 48, 48] omega0=12.5 lr=0.0001 epochs=8000 npp=512 seed=2024 ...
  Epoch     1/8000  loss=3.8109e-01  lr=1.00e-04  (0.0s)
    -> I1=3 I2=4 I3=4 I4=4 I5=4 I6=4 I7=4 I8=4 min=3 mean=3.9 max=4 (101.8s, 96.2 ep/s, step=12.7ms, gpu=0%)
[64/304] hidden=[48, 48, 48] omega0=12.5 lr=0.0001 epochs=8000 npp=512 seed=7 ...
  Epoch     1/8000  loss=3.3741e-01  lr=1.00e-04  (0.0s)
    -> I1=3 I2=4 I3=4 I4=5 I5=3 I6=5 I7=4 I8=4 min=3 mean=4.0 max=5 (101.8s, 96.3 ep/s, step=12.7ms, gpu=0%)
[65/304] hidden=[48, 48, 48] omega0=12.5 lr=0.0001 epochs=8000 npp=512 seed=999 ...
  Epoch     1/8000  loss=4.1008e-01  lr=1.00e-04  (0.0s)
    -> I1=4 I2=3 I3=4 I4=4 I5=3 I6=4 I7=4 I8=4 min=3 mean=3.8 max=4 (101.8s, 96.3 ep/s, step=12.7ms, gpu=0%)
[66/304] hidden=[48, 48, 48] omega0=12.5 lr=0.0001 epochs=8000 npp=1024 seed=42 ...
  Epoch     1/8000  loss=3.5381e-01  lr=1.00e-04  (0.0s)
    -> I1=3 I2=4 I3=4 I4=4 I5=3 I6=5 I7=4 I8=4 min=3 mean=3.9 max=5 (102.1s, 97.4 ep/s, step=12.7ms, gpu=0%)
[67/304] hidden=[48, 48, 48] omega0=12.5 lr=0.0001 epochs=8000 npp=1024 seed=137 ...
  Epoch     1/8000  loss=3.7172e-01  lr=1.00e-04  (0.0s)
    -> I1=4 I2=4 I3=4 I4=4 I5=3 I6=4 I7=4 I8=5 min=3 mean=4.0 max=5 (101.9s, 97.5 ep/s, step=12.7ms, gpu=0%)
[68/304] hidden=[48, 48, 48] omega0=12.5 lr=0.0001 epochs=8000 npp=1024 seed=2024 ...
  Epoch     1/8000  loss=3.7526e-01  lr=1.00e-04  (0.0s)
    -> I1=5 I2=5 I3=4 I4=6 I5=4 I6=4 I7=3 I8=5 min=3 mean=4.5 max=6 (101.9s, 97.6 ep/s, step=12.7ms, gpu=0%)
[69/304] hidden=[48, 48, 48] omega0=12.5 lr=0.0001 epochs=8000 npp=1024 seed=7 ...
  Epoch     1/8000  loss=3.6805e-01  lr=1.00e-04  (0.0s)
    -> I1=3 I2=5 I3=4 I4=4 I5=3 I6=4 I7=4 I8=4 min=3 mean=3.9 max=5 (101.9s, 97.6 ep/s, step=12.7ms, gpu=0%)
[70/304] hidden=[48, 48, 48] omega0=12.5 lr=0.0001 epochs=8000 npp=1024 seed=999 ...
  Epoch     1/8000  loss=3.6931e-01  lr=1.00e-04  (0.0s)
    -> I1=3 I2=4 I3=4 I4=4 I5=3 I6=4 I7=4 I8=4 min=3 mean=3.8 max=4 (101.9s, 97.5 ep/s, step=12.7ms, gpu=0%)
[71/304] hidden=[48, 48, 48] omega0=12.5 lr=0.0001 epochs=8000 npp=2048 seed=42 ...
  Epoch     1/8000  loss=3.8211e-01  lr=1.00e-04  (0.0s)
    -> I1=4 I2=4 I3=4 I4=4 I5=3 I6=4 I7=3 I8=4 min=3 mean=3.8 max=4 (105.1s, 96.7 ep/s, step=13.1ms, gpu=0%)
[72/304] hidden=[48, 48, 48] omega0=12.5 lr=0.0001 epochs=8000 npp=2048 seed=137 ...
  Epoch     1/8000  loss=3.5797e-01  lr=1.00e-04  (0.0s)
    -> I1=4 I2=4 I3=4 I4=4 I5=3 I6=4 I7=5 I8=5 min=3 mean=4.1 max=5 (105.0s, 96.8 ep/s, step=13.1ms, gpu=0%)
[73/304] hidden=[48, 48, 48] omega0=12.5 lr=0.0001 epochs=8000 npp=2048 seed=2024 ...
  Epoch     1/8000  loss=3.7630e-01  lr=1.00e-04  (0.0s)
    -> I1=4 I2=4 I3=4 I4=4 I5=3 I6=4 I7=4 I8=5 min=3 mean=4.0 max=5 (105.1s, 96.7 ep/s, step=13.1ms, gpu=0%)
[74/304] hidden=[48, 48, 48] omega0=12.5 lr=0.0001 epochs=8000 npp=2048 seed=7 ...
  Epoch     1/8000  loss=3.8447e-01  lr=1.00e-04  (0.0s)
    -> I1=3 I2=4 I3=4 I4=4 I5=3 I6=4 I7=4 I8=5 min=3 mean=3.9 max=5 (105.0s, 96.8 ep/s, step=13.1ms, gpu=0%)
[75/304] hidden=[48, 48, 48] omega0=12.5 lr=0.0001 epochs=8000 npp=2048 seed=999 ...
  Epoch     1/8000  loss=3.9100e-01  lr=1.00e-04  (0.0s)
    -> I1=3 I2=4 I3=4 I4=5 I5=3 I6=5 I7=4 I8=4 min=3 mean=4.0 max=5 (105.1s, 96.7 ep/s, step=13.1ms, gpu=0%)
[76/304] hidden=[48, 48, 48] omega0=12.5 lr=0.0002 epochs=8000 npp=512 seed=42 ...
  Epoch     1/8000  loss=3.5174e-01  lr=2.00e-04  (0.0s)
    -> I1=3 I2=3 I3=3 I4=4 I5=3 I6=3 I7=3 I8=3 min=3 mean=3.1 max=4 (101.9s, 96.3 ep/s, step=12.7ms, gpu=0%)
[77/304] hidden=[48, 48, 48] omega0=12.5 lr=0.0002 epochs=8000 npp=512 seed=137 ...
  Epoch     1/8000  loss=3.4413e-01  lr=2.00e-04  (0.0s)
    -> I1=3 I2=4 I3=4 I4=5 I5=4 I6=4 I7=4 I8=5 min=3 mean=4.1 max=5 (102.2s, 95.8 ep/s, step=12.7ms, gpu=0%)
[78/304] hidden=[48, 48, 48] omega0=12.5 lr=0.0002 epochs=8000 npp=512 seed=2024 ...
  Epoch     1/8000  loss=3.8109e-01  lr=2.00e-04  (0.0s)
    -> I1=3 I2=4 I3=4 I4=4 I5=3 I6=4 I7=4 I8=5 min=3 mean=3.9 max=5 (101.8s, 96.3 ep/s, step=12.7ms, gpu=0%)
[79/304] hidden=[48, 48, 48] omega0=12.5 lr=0.0002 epochs=8000 npp=512 seed=7 ...
  Epoch     1/8000  loss=3.3741e-01  lr=2.00e-04  (0.0s)
    -> I1=3 I2=3 I3=4 I4=4 I5=3 I6=4 I7=4 I8=4 min=3 mean=3.6 max=4 (101.7s, 96.3 ep/s, step=12.7ms, gpu=0%)
[80/304] hidden=[48, 48, 48] omega0=12.5 lr=0.0002 epochs=8000 npp=512 seed=999 ...
  Epoch     1/8000  loss=4.1008e-01  lr=2.00e-04  (0.0s)
    -> I1=3 I2=3 I3=3 I4=4 I5=3 I6=4 I7=3 I8=4 min=3 mean=3.4 max=4 (101.8s, 96.2 ep/s, step=12.7ms, gpu=0%)
[81/304] hidden=[48, 48, 48] omega0=12.5 lr=0.0002 epochs=8000 npp=1024 seed=42 ...
  Epoch     1/8000  loss=3.5381e-01  lr=2.00e-04  (0.0s)
    -> I1=4 I2=4 I3=4 I4=4 I5=3 I6=4 I7=4 I8=5 min=3 mean=4.0 max=5 (101.9s, 97.6 ep/s, step=12.7ms, gpu=0%)
[82/304] hidden=[48, 48, 48] omega0=12.5 lr=0.0002 epochs=8000 npp=1024 seed=137 ...
  Epoch     1/8000  loss=3.7172e-01  lr=2.00e-04  (0.0s)
    -> I1=3 I2=3 I3=3 I4=4 I5=3 I6=3 I7=4 I8=4 min=3 mean=3.4 max=4 (102.0s, 97.4 ep/s, step=12.7ms, gpu=0%)
[83/304] hidden=[48, 48, 48] omega0=12.5 lr=0.0002 epochs=8000 npp=1024 seed=2024 ...
  Epoch     1/8000  loss=3.7526e-01  lr=2.00e-04  (0.0s)
    -> I1=4 I2=5 I3=4 I4=4 I5=3 I6=4 I7=3 I8=4 min=3 mean=3.9 max=5 (101.9s, 97.6 ep/s, step=12.7ms, gpu=0%)
[84/304] hidden=[48, 48, 48] omega0=12.5 lr=0.0002 epochs=8000 npp=1024 seed=7 ...
  Epoch     1/8000  loss=3.6805e-01  lr=2.00e-04  (0.0s)
    -> I1=3 I2=4 I3=5 I4=5 I5=3 I6=4 I7=4 I8=4 min=3 mean=4.0 max=5 (101.9s, 97.5 ep/s, step=12.7ms, gpu=0%)
[85/304] hidden=[48, 48, 48] omega0=12.5 lr=0.0002 epochs=8000 npp=1024 seed=999 ...
  Epoch     1/8000  loss=3.6931e-01  lr=2.00e-04  (0.0s)
    -> I1=3 I2=3 I3=3 I4=4 I5=3 I6=3 I7=3 I8=4 min=3 mean=3.2 max=4 (103.9s, 95.2 ep/s, step=12.9ms, gpu=0%)
[86/304] hidden=[48, 48, 48] omega0=12.5 lr=0.0002 epochs=8000 npp=2048 seed=42 ...
  Epoch     1/8000  loss=3.8211e-01  lr=2.00e-04  (0.0s)
    -> I1=3 I2=4 I3=4 I4=5 I5=3 I6=4 I7=4 I8=5 min=3 mean=4.0 max=5 (104.9s, 96.8 ep/s, step=13.1ms, gpu=0%)
[87/304] hidden=[48, 48, 48] omega0=12.5 lr=0.0002 epochs=8000 npp=2048 seed=137 ...
  Epoch     1/8000  loss=3.5797e-01  lr=2.00e-04  (0.0s)
    -> I1=3 I2=4 I3=4 I4=5 I5=3 I6=5 I7=4 I8=5 min=3 mean=4.1 max=5 (105.0s, 96.7 ep/s, step=13.1ms, gpu=0%)
[88/304] hidden=[48, 48, 48] omega0=12.5 lr=0.0002 epochs=8000 npp=2048 seed=2024 ...
  Epoch     1/8000  loss=3.7630e-01  lr=2.00e-04  (0.0s)
    -> I1=4 I2=4 I3=4 I4=7 I5=4 I6=5 I7=6 I8=4 min=4 mean=4.8 max=7 (105.0s, 96.8 ep/s, step=13.1ms, gpu=0%)
[89/304] hidden=[48, 48, 48] omega0=12.5 lr=0.0002 epochs=8000 npp=2048 seed=7 ...
  Epoch     1/8000  loss=3.8447e-01  lr=2.00e-04  (0.0s)
    -> I1=3 I2=4 I3=4 I4=4 I5=4 I6=5 I7=5 I8=4 min=3 mean=4.1 max=5 (106.0s, 95.6 ep/s, step=13.2ms, gpu=0%)
[90/304] hidden=[48, 48, 48] omega0=12.5 lr=0.0002 epochs=8000 npp=2048 seed=999 ...
  Epoch     1/8000  loss=3.9100e-01  lr=2.00e-04  (0.0s)
    -> I1=4 I2=6 I3=4 I4=4 I5=4 I6=4 I7=5 I8=4 min=4 mean=4.4 max=6 (105.2s, 96.7 ep/s, step=13.1ms, gpu=0%)
[91/304] hidden=[48, 48, 48] omega0=12.5 lr=5e-05 epochs=10000 npp=512 seed=42 ...
  Epoch     1/10000  loss=3.5174e-01  lr=5.00e-05  (0.0s)
    -> I1=3 I2=4 I3=4 I4=5 I5=3 I6=3 I7=3 I8=3 min=3 mean=3.5 max=5 (127.3s, 96.2 ep/s, step=12.7ms, gpu=0%)
[92/304] hidden=[48, 48, 48] omega0=12.5 lr=5e-05 epochs=10000 npp=512 seed=137 ...
  Epoch     1/10000  loss=3.4413e-01  lr=5.00e-05  (0.0s)
    -> I1=3 I2=5 I3=4 I4=4 I5=3 I6=3 I7=3 I8=5 min=3 mean=3.8 max=5 (127.2s, 96.3 ep/s, step=12.7ms, gpu=0%)
[93/304] hidden=[48, 48, 48] omega0=12.5 lr=5e-05 epochs=10000 npp=512 seed=2024 ...
  Epoch     1/10000  loss=3.8109e-01  lr=5.00e-05  (0.0s)
    -> I1=3 I2=4 I3=3 I4=4 I5=3 I6=4 I7=4 I8=5 min=3 mean=3.8 max=5 (127.2s, 96.3 ep/s, step=12.7ms, gpu=0%)
[94/304] hidden=[48, 48, 48] omega0=12.5 lr=5e-05 epochs=10000 npp=512 seed=7 ...
  Epoch     1/10000  loss=3.3741e-01  lr=5.00e-05  (0.0s)
    -> I1=3 I2=4 I3=3 I4=4 I5=3 I6=5 I7=4 I8=5 min=3 mean=3.9 max=5 (127.2s, 96.3 ep/s, step=12.7ms, gpu=0%)
[95/304] hidden=[48, 48, 48] omega0=12.5 lr=5e-05 epochs=10000 npp=512 seed=999 ...
  Epoch     1/10000  loss=4.1008e-01  lr=5.00e-05  (0.0s)
    -> I1=3 I2=3 I3=4 I4=4 I5=3 I6=5 I7=4 I8=4 min=3 mean=3.8 max=5 (127.1s, 96.4 ep/s, step=12.7ms, gpu=0%)
[96/304] hidden=[48, 48, 48] omega0=12.5 lr=5e-05 epochs=10000 npp=1024 seed=42 ...
  Epoch     1/10000  loss=3.5381e-01  lr=5.00e-05  (0.0s)
    -> I1=3 I2=4 I3=4 I4=4 I5=2 I6=4 I7=3 I8=4 min=2 mean=3.5 max=4 (127.4s, 97.5 ep/s, step=12.7ms, gpu=0%)
[97/304] hidden=[48, 48, 48] omega0=12.5 lr=5e-05 epochs=10000 npp=1024 seed=137 ...
  Epoch     1/10000  loss=3.7172e-01  lr=5.00e-05  (0.0s)
    -> I1=3 I2=4 I3=4 I4=4 I5=3 I6=4 I7=3 I8=5 min=3 mean=3.8 max=5 (127.3s, 97.6 ep/s, step=12.7ms, gpu=0%)
[98/304] hidden=[48, 48, 48] omega0=12.5 lr=5e-05 epochs=10000 npp=1024 seed=2024 ...
  Epoch     1/10000  loss=3.7526e-01  lr=5.00e-05  (0.0s)
    -> I1=4 I2=3 I3=4 I4=6 I5=3 I6=3 I7=3 I8=5 min=3 mean=3.9 max=6 (127.3s, 97.5 ep/s, step=12.7ms, gpu=0%)
[99/304] hidden=[48, 48, 48] omega0=12.5 lr=5e-05 epochs=10000 npp=1024 seed=7 ...
  Epoch     1/10000  loss=3.6805e-01  lr=5.00e-05  (0.0s)
    -> I1=3 I2=4 I3=3 I4=4 I5=3 I6=4 I7=3 I8=4 min=3 mean=3.5 max=4 (127.4s, 97.5 ep/s, step=12.7ms, gpu=0%)
[100/304] hidden=[48, 48, 48] omega0=12.5 lr=5e-05 epochs=10000 npp=1024 seed=999 ...
  Epoch     1/10000  loss=3.6931e-01  lr=5.00e-05  (0.0s)
    -> I1=3 I2=4 I3=4 I4=4 I5=3 I6=4 I7=4 I8=4 min=3 mean=3.8 max=4 (127.4s, 97.5 ep/s, step=12.7ms, gpu=0%)
[101/304] hidden=[48, 48, 48] omega0=12.5 lr=5e-05 epochs=10000 npp=2048 seed=42 ...
  Epoch     1/10000  loss=3.8211e-01  lr=5.00e-05  (0.0s)
    -> I1=3 I2=4 I3=4 I4=5 I5=2 I6=3 I7=3 I8=4 min=2 mean=3.5 max=5 (131.2s, 96.8 ep/s, step=13.1ms, gpu=0%)
[102/304] hidden=[48, 48, 48] omega0=12.5 lr=5e-05 epochs=10000 npp=2048 seed=137 ...
  Epoch     1/10000  loss=3.5797e-01  lr=5.00e-05  (0.0s)
    -> I1=4 I2=4 I3=4 I4=4 I5=3 I6=3 I7=3 I8=4 min=3 mean=3.6 max=4 (131.3s, 96.7 ep/s, step=13.1ms, gpu=0%)
[103/304] hidden=[48, 48, 48] omega0=12.5 lr=5e-05 epochs=10000 npp=2048 seed=2024 ...
  Epoch     1/10000  loss=3.7630e-01  lr=5.00e-05  (0.0s)
    -> I1=3 I2=4 I3=5 I4=4 I5=4 I6=3 I7=4 I8=5 min=3 mean=4.0 max=5 (131.2s, 96.8 ep/s, step=13.1ms, gpu=0%)
[104/304] hidden=[48, 48, 48] omega0=12.5 lr=5e-05 epochs=10000 npp=2048 seed=7 ...
  Epoch     1/10000  loss=3.8447e-01  lr=5.00e-05  (0.0s)
    -> I1=3 I2=5 I3=3 I4=4 I5=3 I6=4 I7=4 I8=4 min=3 mean=3.8 max=5 (131.3s, 96.7 ep/s, step=13.1ms, gpu=0%)
[105/304] hidden=[48, 48, 48] omega0=12.5 lr=5e-05 epochs=10000 npp=2048 seed=999 ...
  Epoch     1/10000  loss=3.9100e-01  lr=5.00e-05  (0.0s)
    -> I1=4 I2=3 I3=3 I4=4 I5=3 I6=4 I7=3 I8=4 min=3 mean=3.5 max=4 (131.2s, 96.8 ep/s, step=13.1ms, gpu=0%)
[106/304] hidden=[48, 48, 48] omega0=12.5 lr=0.0001 epochs=10000 npp=512 seed=42 ...
  Epoch     1/10000  loss=3.5174e-01  lr=1.00e-04  (0.0s)
    -> I1=3 I2=4 I3=4 I4=4 I5=3 I6=4 I7=3 I8=5 min=3 mean=3.8 max=5 (127.1s, 96.4 ep/s, step=12.7ms, gpu=0%)
[107/304] hidden=[48, 48, 48] omega0=12.5 lr=0.0001 epochs=10000 npp=512 seed=137 ...
  Epoch     1/10000  loss=3.4413e-01  lr=1.00e-04  (0.0s)
    -> I1=3 I2=4 I3=4 I4=4 I5=3 I6=3 I7=3 I8=5 min=3 mean=3.6 max=5 (127.1s, 96.4 ep/s, step=12.7ms, gpu=0%)
[108/304] hidden=[48, 48, 48] omega0=12.5 lr=0.0001 epochs=10000 npp=512 seed=2024 ...
  Epoch     1/10000  loss=3.8109e-01  lr=1.00e-04  (0.0s)
    -> I1=4 I2=4 I3=4 I4=4 I5=3 I6=4 I7=4 I8=4 min=3 mean=3.9 max=4 (127.0s, 96.3 ep/s, step=12.7ms, gpu=0%)
[109/304] hidden=[48, 48, 48] omega0=12.5 lr=0.0001 epochs=10000 npp=512 seed=7 ...
  Epoch     1/10000  loss=3.3741e-01  lr=1.00e-04  (0.0s)
    -> I1=3 I2=3 I3=4 I4=5 I5=3 I6=4 I7=4 I8=4 min=3 mean=3.8 max=5 (127.1s, 96.4 ep/s, step=12.7ms, gpu=0%)
[110/304] hidden=[48, 48, 48] omega0=12.5 lr=0.0001 epochs=10000 npp=512 seed=999 ...
  Epoch     1/10000  loss=4.1008e-01  lr=1.00e-04  (0.0s)
    -> I1=3 I2=4 I3=3 I4=4 I5=3 I6=4 I7=4 I8=4 min=3 mean=3.6 max=4 (127.1s, 96.4 ep/s, step=12.7ms, gpu=0%)
[111/304] hidden=[48, 48, 48] omega0=12.5 lr=0.0001 epochs=10000 npp=1024 seed=42 ...
  Epoch     1/10000  loss=3.5381e-01  lr=1.00e-04  (0.0s)
    -> I1=3 I2=4 I3=4 I4=4 I5=3 I6=3 I7=4 I8=4 min=3 mean=3.6 max=4 (127.3s, 97.7 ep/s, step=12.7ms, gpu=0%)
[112/304] hidden=[48, 48, 48] omega0=12.5 lr=0.0001 epochs=10000 npp=1024 seed=137 ...
  Epoch     1/10000  loss=3.7172e-01  lr=1.00e-04  (0.0s)
    -> I1=3 I2=5 I3=4 I4=4 I5=3 I6=5 I7=4 I8=4 min=3 mean=4.0 max=5 (127.4s, 97.6 ep/s, step=12.7ms, gpu=0%)
[113/304] hidden=[48, 48, 48] omega0=12.5 lr=0.0001 epochs=10000 npp=1024 seed=2024 ...
  Epoch     1/10000  loss=3.7526e-01  lr=1.00e-04  (0.0s)
    -> I1=4 I2=4 I3=4 I4=4 I5=4 I6=4 I7=3 I8=4 min=3 mean=3.9 max=4 (127.4s, 97.6 ep/s, step=12.7ms, gpu=0%)
[114/304] hidden=[48, 48, 48] omega0=12.5 lr=0.0001 epochs=10000 npp=1024 seed=7 ...
  Epoch     1/10000  loss=3.6805e-01  lr=1.00e-04  (0.0s)
    -> I1=3 I2=4 I3=4 I4=4 I5=3 I6=4 I7=4 I8=4 min=3 mean=3.8 max=4 (127.3s, 97.7 ep/s, step=12.7ms, gpu=0%)
[115/304] hidden=[48, 48, 48] omega0=12.5 lr=0.0001 epochs=10000 npp=1024 seed=999 ...
  Epoch     1/10000  loss=3.6931e-01  lr=1.00e-04  (0.0s)
    -> I1=3 I2=4 I3=4 I4=4 I5=3 I6=5 I7=4 I8=5 min=3 mean=4.0 max=5 (127.4s, 97.5 ep/s, step=12.7ms, gpu=0%)
[116/304] hidden=[48, 48, 48] omega0=12.5 lr=0.0001 epochs=10000 npp=2048 seed=42 ...
  Epoch     1/10000  loss=3.8211e-01  lr=1.00e-04  (0.0s)
    -> I1=4 I2=4 I3=4 I4=4 I5=4 I6=4 I7=4 I8=4 min=4 mean=4.0 max=4 (131.2s, 96.8 ep/s, step=13.1ms, gpu=0%)
[117/304] hidden=[48, 48, 48] omega0=12.5 lr=0.0001 epochs=10000 npp=2048 seed=137 ...
  Epoch     1/10000  loss=3.5797e-01  lr=1.00e-04  (0.0s)
    -> I1=4 I2=4 I3=4 I4=4 I5=3 I6=4 I7=5 I8=5 min=3 mean=4.1 max=5 (131.1s, 96.9 ep/s, step=13.1ms, gpu=0%)
[118/304] hidden=[48, 48, 48] omega0=12.5 lr=0.0001 epochs=10000 npp=2048 seed=2024 ...
  Epoch     1/10000  loss=3.7630e-01  lr=1.00e-04  (0.0s)
    -> I1=4 I2=4 I3=4 I4=5 I5=3 I6=4 I7=5 I8=5 min=3 mean=4.2 max=5 (131.2s, 96.9 ep/s, step=13.1ms, gpu=0%)
[119/304] hidden=[48, 48, 48] omega0=12.5 lr=0.0001 epochs=10000 npp=2048 seed=7 ...
  Epoch     1/10000  loss=3.8447e-01  lr=1.00e-04  (0.0s)
    -> I1=3 I2=4 I3=4 I4=4 I5=4 I6=4 I7=4 I8=5 min=3 mean=4.0 max=5 (131.3s, 96.7 ep/s, step=13.1ms, gpu=0%)
[120/304] hidden=[48, 48, 48] omega0=12.5 lr=0.0001 epochs=10000 npp=2048 seed=999 ...
  Epoch     1/10000  loss=3.9100e-01  lr=1.00e-04  (0.0s)
    -> I1=3 I2=4 I3=4 I4=4 I5=3 I6=4 I7=3 I8=4 min=3 mean=3.6 max=4 (131.3s, 96.8 ep/s, step=13.1ms, gpu=0%)
[121/304] hidden=[48, 48, 48] omega0=12.5 lr=0.0002 epochs=10000 npp=512 seed=42 ...
  Epoch     1/10000  loss=3.5174e-01  lr=2.00e-04  (0.0s)
    -> I1=3 I2=4 I3=3 I4=4 I5=3 I6=4 I7=4 I8=4 min=3 mean=3.6 max=4 (127.1s, 96.4 ep/s, step=12.7ms, gpu=0%)
[122/304] hidden=[48, 48, 48] omega0=12.5 lr=0.0002 epochs=10000 npp=512 seed=137 ...
  Epoch     1/10000  loss=3.4413e-01  lr=2.00e-04  (0.0s)
    -> I1=3 I2=5 I3=4 I4=4 I5=3 I6=4 I7=4 I8=4 min=3 mean=3.9 max=5 (127.1s, 96.4 ep/s, step=12.7ms, gpu=0%)
[123/304] hidden=[48, 48, 48] omega0=12.5 lr=0.0002 epochs=10000 npp=512 seed=2024 ...
  Epoch     1/10000  loss=3.8109e-01  lr=2.00e-04  (0.0s)
    -> I1=4 I2=4 I3=4 I4=4 I5=5 I6=4 I7=4 I8=4 min=4 mean=4.1 max=5 (127.0s, 96.4 ep/s, step=12.7ms, gpu=0%)
[124/304] hidden=[48, 48, 48] omega0=12.5 lr=0.0002 epochs=10000 npp=512 seed=7 ...
  Epoch     1/10000  loss=3.3741e-01  lr=2.00e-04  (0.0s)
    -> I1=3 I2=4 I3=4 I4=4 I5=3 I6=4 I7=3 I8=5 min=3 mean=3.8 max=5 (127.1s, 96.3 ep/s, step=12.7ms, gpu=0%)
[125/304] hidden=[48, 48, 48] omega0=12.5 lr=0.0002 epochs=10000 npp=512 seed=999 ...
  Epoch     1/10000  loss=4.1008e-01  lr=2.00e-04  (0.0s)
    -> I1=3 I2=4 I3=4 I4=4 I5=3 I6=4 I7=3 I8=4 min=3 mean=3.6 max=4 (127.2s, 96.3 ep/s, step=12.7ms, gpu=0%)
[126/304] hidden=[48, 48, 48] omega0=12.5 lr=0.0002 epochs=10000 npp=1024 seed=42 ...
  Epoch     1/10000  loss=3.5381e-01  lr=2.00e-04  (0.0s)
    -> I1=4 I2=4 I3=4 I4=5 I5=3 I6=4 I7=4 I8=4 min=3 mean=4.0 max=5 (127.3s, 97.6 ep/s, step=12.7ms, gpu=0%)
[127/304] hidden=[48, 48, 48] omega0=12.5 lr=0.0002 epochs=10000 npp=1024 seed=137 ...
  Epoch     1/10000  loss=3.7172e-01  lr=2.00e-04  (0.0s)
    -> I1=4 I2=4 I3=6 I4=6 I5=3 I6=4 I7=4 I8=5 min=3 mean=4.5 max=6 (127.3s, 97.6 ep/s, step=12.7ms, gpu=0%)
[128/304] hidden=[48, 48, 48] omega0=12.5 lr=0.0002 epochs=10000 npp=1024 seed=2024 ...
  Epoch     1/10000  loss=3.7526e-01  lr=2.00e-04  (0.0s)
    -> I1=3 I2=4 I3=4 I4=5 I5=4 I6=5 I7=4 I8=4 min=3 mean=4.1 max=5 (127.2s, 97.7 ep/s, step=12.7ms, gpu=0%)
[129/304] hidden=[48, 48, 48] omega0=12.5 lr=0.0002 epochs=10000 npp=1024 seed=7 ...
  Epoch     1/10000  loss=3.6805e-01  lr=2.00e-04  (0.0s)
    -> I1=4 I2=5 I3=4 I4=5 I5=3 I6=5 I7=4 I8=4 min=3 mean=4.2 max=5 (127.3s, 97.6 ep/s, step=12.7ms, gpu=0%)
[130/304] hidden=[48, 48, 48] omega0=12.5 lr=0.0002 epochs=10000 npp=1024 seed=999 ...
  Epoch     1/10000  loss=3.6931e-01  lr=2.00e-04  (0.0s)
    -> I1=3 I2=3 I3=4 I4=4 I5=3 I6=4 I7=4 I8=5 min=3 mean=3.8 max=5 (127.3s, 97.6 ep/s, step=12.7ms, gpu=0%)
[131/304] hidden=[48, 48, 48] omega0=12.5 lr=0.0002 epochs=10000 npp=2048 seed=42 ...
  Epoch     1/10000  loss=3.8211e-01  lr=2.00e-04  (0.0s)
    -> I1=4 I2=4 I3=5 I4=5 I5=4 I6=4 I7=4 I8=4 min=4 mean=4.2 max=5 (131.0s, 96.9 ep/s, step=13.1ms, gpu=0%)
[132/304] hidden=[48, 48, 48] omega0=12.5 lr=0.0002 epochs=10000 npp=2048 seed=137 ...
  Epoch     1/10000  loss=3.5797e-01  lr=2.00e-04  (0.0s)
    -> I1=4 I2=5 I3=4 I4=4 I5=4 I6=5 I7=4 I8=5 min=4 mean=4.4 max=5 (131.9s, 96.2 ep/s, step=13.2ms, gpu=0%)
[133/304] hidden=[48, 48, 48] omega0=12.5 lr=0.0002 epochs=10000 npp=2048 seed=2024 ...
  Epoch     1/10000  loss=3.7630e-01  lr=2.00e-04  (0.0s)
    -> I1=4 I2=4 I3=4 I4=5 I5=4 I6=5 I7=4 I8=5 min=4 mean=4.4 max=5 (131.2s, 96.8 ep/s, step=13.1ms, gpu=0%)
[134/304] hidden=[48, 48, 48] omega0=12.5 lr=0.0002 epochs=10000 npp=2048 seed=7 ...
  Epoch     1/10000  loss=3.8447e-01  lr=2.00e-04  (0.0s)
    -> I1=5 I2=5 I3=4 I4=5 I5=4 I6=5 I7=4 I8=5 min=4 mean=4.6 max=5 (131.2s, 96.8 ep/s, step=13.1ms, gpu=0%)
[135/304] hidden=[48, 48, 48] omega0=12.5 lr=0.0002 epochs=10000 npp=2048 seed=999 ...
  Epoch     1/10000  loss=3.9100e-01  lr=2.00e-04  (0.0s)
    -> I1=4 I2=4 I3=4 I4=4 I5=3 I6=4 I7=4 I8=4 min=3 mean=3.9 max=4 (131.2s, 96.8 ep/s, step=13.1ms, gpu=0%)
[136/304] hidden=[48, 48, 48] omega0=15.0 lr=5e-05 epochs=6000 npp=512 seed=42 ...
  Epoch     1/6000  loss=3.5174e-01  lr=5.00e-05  (0.0s)
    -> I1=3 I2=3 I3=3 I4=5 I5=3 I6=4 I7=3 I8=4 min=3 mean=3.5 max=5 (76.2s, 96.4 ep/s, step=12.7ms, gpu=0%)
[137/304] hidden=[48, 48, 48] omega0=15.0 lr=5e-05 epochs=6000 npp=512 seed=137 ...
  Epoch     1/6000  loss=3.4413e-01  lr=5.00e-05  (0.0s)
    -> I1=3 I2=5 I3=3 I4=3 I5=4 I6=3 I7=3 I8=4 min=3 mean=3.5 max=5 (76.2s, 96.4 ep/s, step=12.7ms, gpu=0%)
[138/304] hidden=[48, 48, 48] omega0=15.0 lr=5e-05 epochs=6000 npp=512 seed=2024 ...
  Epoch     1/6000  loss=3.8109e-01  lr=5.00e-05  (0.0s)
    -> I1=3 I2=4 I3=3 I4=4 I5=3 I6=4 I7=3 I8=3 min=3 mean=3.4 max=4 (76.1s, 96.5 ep/s, step=12.7ms, gpu=0%)
[139/304] hidden=[48, 48, 48] omega0=15.0 lr=5e-05 epochs=6000 npp=512 seed=7 ...
  Epoch     1/6000  loss=3.3741e-01  lr=5.00e-05  (0.0s)
    -> I1=3 I2=3 I3=3 I4=4 I5=3 I6=4 I7=3 I8=4 min=3 mean=3.4 max=4 (76.3s, 96.3 ep/s, step=12.7ms, gpu=0%)
[140/304] hidden=[48, 48, 48] omega0=15.0 lr=5e-05 epochs=6000 npp=512 seed=999 ...
  Epoch     1/6000  loss=4.1008e-01  lr=5.00e-05  (0.0s)
    -> I1=2 I2=3 I3=4 I4=4 I5=2 I6=4 I7=3 I8=4 min=2 mean=3.2 max=4 (76.2s, 96.3 ep/s, step=12.7ms, gpu=0%)
[141/304] hidden=[48, 48, 48] omega0=15.0 lr=5e-05 epochs=6000 npp=1024 seed=42 ...
  Epoch     1/6000  loss=3.5381e-01  lr=5.00e-05  (0.0s)
    -> I1=3 I2=3 I3=4 I4=3 I5=4 I6=3 I7=3 I8=4 min=3 mean=3.4 max=4 (76.5s, 97.5 ep/s, step=12.7ms, gpu=0%)
[142/304] hidden=[48, 48, 48] omega0=15.0 lr=5e-05 epochs=6000 npp=1024 seed=137 ...
  Epoch     1/6000  loss=3.7172e-01  lr=5.00e-05  (0.0s)
    -> I1=4 I2=4 I3=5 I4=3 I5=3 I6=3 I7=3 I8=5 min=3 mean=3.8 max=5 (76.3s, 97.7 ep/s, step=12.7ms, gpu=0%)
[143/304] hidden=[48, 48, 48] omega0=15.0 lr=5e-05 epochs=6000 npp=1024 seed=2024 ...
  Epoch     1/6000  loss=3.7526e-01  lr=5.00e-05  (0.0s)
    -> I1=4 I2=5 I3=4 I4=4 I5=3 I6=4 I7=3 I8=3 min=3 mean=3.8 max=5 (76.5s, 97.6 ep/s, step=12.7ms, gpu=0%)
[144/304] hidden=[48, 48, 48] omega0=15.0 lr=5e-05 epochs=6000 npp=1024 seed=7 ...
  Epoch     1/6000  loss=3.6805e-01  lr=5.00e-05  (0.0s)
    -> I1=3 I2=4 I3=3 I4=3 I5=2 I6=3 I7=3 I8=4 min=2 mean=3.1 max=4 (76.4s, 97.6 ep/s, step=12.7ms, gpu=0%)
[145/304] hidden=[48, 48, 48] omega0=15.0 lr=5e-05 epochs=6000 npp=1024 seed=999 ...
  Epoch     1/6000  loss=3.6932e-01  lr=5.00e-05  (0.0s)
    -> I1=4 I2=3 I3=4 I4=4 I5=3 I6=3 I7=3 I8=4 min=3 mean=3.5 max=4 (76.3s, 97.7 ep/s, step=12.7ms, gpu=0%)
[146/304] hidden=[48, 48, 48] omega0=15.0 lr=5e-05 epochs=6000 npp=2048 seed=42 ...
  Epoch     1/6000  loss=3.8211e-01  lr=5.00e-05  (0.0s)
    -> I1=3 I2=3 I3=5 I4=4 I5=3 I6=3 I7=3 I8=5 min=3 mean=3.6 max=5 (78.7s, 96.8 ep/s, step=13.1ms, gpu=0%)
[147/304] hidden=[48, 48, 48] omega0=15.0 lr=5e-05 epochs=6000 npp=2048 seed=137 ...
  Epoch     1/6000  loss=3.5797e-01  lr=5.00e-05  (0.0s)
    -> I1=3 I2=4 I3=5 I4=4 I5=3 I6=4 I7=4 I8=4 min=3 mean=3.9 max=5 (78.8s, 96.6 ep/s, step=13.1ms, gpu=0%)
[148/304] hidden=[48, 48, 48] omega0=15.0 lr=5e-05 epochs=6000 npp=2048 seed=2024 ...
  Epoch     1/6000  loss=3.7630e-01  lr=5.00e-05  (0.0s)
    -> I1=3 I2=3 I3=3 I4=5 I5=4 I6=4 I7=3 I8=3 min=3 mean=3.5 max=5 (78.8s, 96.7 ep/s, step=13.1ms, gpu=0%)
[149/304] hidden=[48, 48, 48] omega0=15.0 lr=5e-05 epochs=6000 npp=2048 seed=7 ...
  Epoch     1/6000  loss=3.8447e-01  lr=5.00e-05  (0.0s)
    -> I1=4 I2=3 I3=4 I4=4 I5=3 I6=3 I7=4 I8=4 min=3 mean=3.6 max=4 (78.8s, 96.8 ep/s, step=13.1ms, gpu=0%)
[150/304] hidden=[48, 48, 48] omega0=15.0 lr=5e-05 epochs=6000 npp=2048 seed=999 ...
  Epoch     1/6000  loss=3.9100e-01  lr=5.00e-05  (0.0s)
    -> I1=3 I2=4 I3=4 I4=4 I5=4 I6=3 I7=3 I8=3 min=3 mean=3.5 max=4 (78.7s, 96.8 ep/s, step=13.1ms, gpu=0%)
[151/304] hidden=[48, 48, 48] omega0=15.0 lr=0.0001 epochs=6000 npp=512 seed=42 ...
  Epoch     1/6000  loss=3.5174e-01  lr=1.00e-04  (0.0s)
    -> I1=4 I2=3 I3=4 I4=4 I5=3 I6=4 I7=3 I8=3 min=3 mean=3.5 max=4 (76.3s, 96.3 ep/s, step=12.7ms, gpu=0%)
[152/304] hidden=[48, 48, 48] omega0=15.0 lr=0.0001 epochs=6000 npp=512 seed=137 ...
  Epoch     1/6000  loss=3.4413e-01  lr=1.00e-04  (0.0s)
    -> I1=3 I2=3 I3=3 I4=4 I5=4 I6=3 I7=4 I8=4 min=3 mean=3.5 max=4 (76.2s, 96.4 ep/s, step=12.7ms, gpu=0%)
[153/304] hidden=[48, 48, 48] omega0=15.0 lr=0.0001 epochs=6000 npp=512 seed=2024 ...
  Epoch     1/6000  loss=3.8109e-01  lr=1.00e-04  (0.0s)
    -> I1=3 I2=4 I3=3 I4=4 I5=4 I6=4 I7=5 I8=4 min=3 mean=3.9 max=5 (76.3s, 96.3 ep/s, step=12.7ms, gpu=0%)
[154/304] hidden=[48, 48, 48] omega0=15.0 lr=0.0001 epochs=6000 npp=512 seed=7 ...
  Epoch     1/6000  loss=3.3741e-01  lr=1.00e-04  (0.0s)
    -> I1=3 I2=5 I3=3 I4=4 I5=3 I6=3 I7=3 I8=4 min=3 mean=3.5 max=5 (76.2s, 96.4 ep/s, step=12.7ms, gpu=0%)
[155/304] hidden=[48, 48, 48] omega0=15.0 lr=0.0001 epochs=6000 npp=512 seed=999 ...
  Epoch     1/6000  loss=4.1008e-01  lr=1.00e-04  (0.0s)
    -> I1=3 I2=3 I3=4 I4=4 I5=3 I6=3 I7=3 I8=5 min=3 mean=3.5 max=5 (76.4s, 96.2 ep/s, step=12.7ms, gpu=0%)
[156/304] hidden=[48, 48, 48] omega0=15.0 lr=0.0001 epochs=6000 npp=1024 seed=42 ...
  Epoch     1/6000  loss=3.5381e-01  lr=1.00e-04  (0.0s)
    -> I1=3 I2=4 I3=3 I4=4 I5=3 I6=4 I7=4 I8=4 min=3 mean=3.6 max=4 (76.3s, 97.7 ep/s, step=12.7ms, gpu=0%)
[157/304] hidden=[48, 48, 48] omega0=15.0 lr=0.0001 epochs=6000 npp=1024 seed=137 ...
  Epoch     1/6000  loss=3.7172e-01  lr=1.00e-04  (0.0s)
    -> I1=3 I2=5 I3=4 I4=4 I5=3 I6=4 I7=3 I8=5 min=3 mean=3.9 max=5 (76.4s, 97.6 ep/s, step=12.7ms, gpu=0%)
[158/304] hidden=[48, 48, 48] omega0=15.0 lr=0.0001 epochs=6000 npp=1024 seed=2024 ...
  Epoch     1/6000  loss=3.7526e-01  lr=1.00e-04  (0.0s)
    -> I1=4 I2=3 I3=4 I4=5 I5=3 I6=3 I7=3 I8=4 min=3 mean=3.6 max=5 (76.6s, 97.3 ep/s, step=12.7ms, gpu=0%)
[159/304] hidden=[48, 48, 48] omega0=15.0 lr=0.0001 epochs=6000 npp=1024 seed=7 ...
  Epoch     1/6000  loss=3.6805e-01  lr=1.00e-04  (0.0s)
    -> I1=3 I2=3 I3=3 I4=5 I5=4 I6=4 I7=3 I8=4 min=3 mean=3.6 max=5 (76.4s, 97.7 ep/s, step=12.7ms, gpu=0%)
[160/304] hidden=[48, 48, 48] omega0=15.0 lr=0.0001 epochs=6000 npp=1024 seed=999 ...
  Epoch     1/6000  loss=3.6932e-01  lr=1.00e-04  (0.0s)
    -> I1=3 I2=3 I3=4 I4=4 I5=3 I6=4 I7=3 I8=5 min=3 mean=3.6 max=5 (76.5s, 97.5 ep/s, step=12.7ms, gpu=0%)
[161/304] hidden=[48, 48, 48] omega0=15.0 lr=0.0001 epochs=6000 npp=2048 seed=42 ...
  Epoch     1/6000  loss=3.8211e-01  lr=1.00e-04  (0.0s)
    -> I1=3 I2=4 I3=3 I4=5 I5=3 I6=3 I7=4 I8=4 min=3 mean=3.6 max=5 (79.9s, 94.9 ep/s, step=13.3ms, gpu=0%)
[162/304] hidden=[48, 48, 48] omega0=15.0 lr=0.0001 epochs=6000 npp=2048 seed=137 ...
  Epoch     1/6000  loss=3.5797e-01  lr=1.00e-04  (0.0s)
    -> I1=4 I2=4 I3=5 I4=4 I5=3 I6=4 I7=4 I8=4 min=3 mean=4.0 max=5 (78.8s, 96.7 ep/s, step=13.1ms, gpu=0%)
[163/304] hidden=[48, 48, 48] omega0=15.0 lr=0.0001 epochs=6000 npp=2048 seed=2024 ...
  Epoch     1/6000  loss=3.7630e-01  lr=1.00e-04  (0.0s)
    -> I1=3 I2=4 I3=4 I4=4 I5=3 I6=4 I7=4 I8=4 min=3 mean=3.8 max=4 (78.8s, 96.7 ep/s, step=13.1ms, gpu=0%)
[164/304] hidden=[48, 48, 48] omega0=15.0 lr=0.0001 epochs=6000 npp=2048 seed=7 ...
  Epoch     1/6000  loss=3.8447e-01  lr=1.00e-04  (0.0s)
    -> I1=3 I2=4 I3=4 I4=4 I5=4 I6=4 I7=4 I8=4 min=3 mean=3.9 max=4 (78.8s, 96.7 ep/s, step=13.1ms, gpu=0%)
[165/304] hidden=[48, 48, 48] omega0=15.0 lr=0.0001 epochs=6000 npp=2048 seed=999 ...
  Epoch     1/6000  loss=3.9100e-01  lr=1.00e-04  (0.0s)
    -> I1=3 I2=3 I3=4 I4=4 I5=3 I6=3 I7=3 I8=4 min=3 mean=3.4 max=4 (78.8s, 96.7 ep/s, step=13.1ms, gpu=0%)
[166/304] hidden=[48, 48, 48] omega0=15.0 lr=0.0002 epochs=6000 npp=512 seed=42 ...
  Epoch     1/6000  loss=3.5174e-01  lr=2.00e-04  (0.0s)
    -> I1=4 I2=4 I3=4 I4=4 I5=3 I6=3 I7=4 I8=4 min=3 mean=3.8 max=4 (76.2s, 96.4 ep/s, step=12.7ms, gpu=0%)
[167/304] hidden=[48, 48, 48] omega0=15.0 lr=0.0002 epochs=6000 npp=512 seed=137 ...
  Epoch     1/6000  loss=3.4413e-01  lr=2.00e-04  (0.0s)
    -> I1=5 I2=5 I3=3 I4=4 I5=4 I6=4 I7=4 I8=4 min=3 mean=4.1 max=5 (76.3s, 96.3 ep/s, step=12.7ms, gpu=0%)
[168/304] hidden=[48, 48, 48] omega0=15.0 lr=0.0002 epochs=6000 npp=512 seed=2024 ...
  Epoch     1/6000  loss=3.8109e-01  lr=2.00e-04  (0.0s)
    -> I1=3 I2=4 I3=3 I4=4 I5=3 I6=4 I7=3 I8=4 min=3 mean=3.5 max=4 (76.3s, 96.3 ep/s, step=12.7ms, gpu=0%)
[169/304] hidden=[48, 48, 48] omega0=15.0 lr=0.0002 epochs=6000 npp=512 seed=7 ...
  Epoch     1/6000  loss=3.3741e-01  lr=2.00e-04  (0.0s)
    -> I1=3 I2=4 I3=3 I4=4 I5=3 I6=3 I7=3 I8=4 min=3 mean=3.4 max=4 (76.3s, 96.3 ep/s, step=12.7ms, gpu=0%)
[170/304] hidden=[48, 48, 48] omega0=15.0 lr=0.0002 epochs=6000 npp=512 seed=999 ...
  Epoch     1/6000  loss=4.1008e-01  lr=2.00e-04  (0.0s)
    -> I1=3 I2=4 I3=4 I4=4 I5=3 I6=5 I7=4 I8=5 min=3 mean=4.0 max=5 (76.4s, 96.2 ep/s, step=12.7ms, gpu=0%)
[171/304] hidden=[48, 48, 48] omega0=15.0 lr=0.0002 epochs=6000 npp=1024 seed=42 ...
  Epoch     1/6000  loss=3.5381e-01  lr=2.00e-04  (0.0s)
    -> I1=4 I2=4 I3=5 I4=4 I5=3 I6=4 I7=4 I8=5 min=3 mean=4.1 max=5 (76.4s, 97.6 ep/s, step=12.7ms, gpu=0%)
[172/304] hidden=[48, 48, 48] omega0=15.0 lr=0.0002 epochs=6000 npp=1024 seed=137 ...
  Epoch     1/6000  loss=3.7172e-01  lr=2.00e-04  (0.0s)
    -> I1=3 I2=4 I3=4 I4=4 I5=4 I6=4 I7=4 I8=4 min=3 mean=3.9 max=4 (76.4s, 97.5 ep/s, step=12.7ms, gpu=0%)
[173/304] hidden=[48, 48, 48] omega0=15.0 lr=0.0002 epochs=6000 npp=1024 seed=2024 ...
  Epoch     1/6000  loss=3.7526e-01  lr=2.00e-04  (0.0s)
    -> I1=3 I2=4 I3=4 I4=5 I5=3 I6=4 I7=4 I8=4 min=3 mean=3.9 max=5 (76.4s, 97.5 ep/s, step=12.7ms, gpu=0%)
[174/304] hidden=[48, 48, 48] omega0=15.0 lr=0.0002 epochs=6000 npp=1024 seed=7 ...
  Epoch     1/6000  loss=3.6805e-01  lr=2.00e-04  (0.0s)
    -> I1=4 I2=4 I3=6 I4=4 I5=3 I6=4 I7=4 I8=5 min=3 mean=4.2 max=6 (76.5s, 97.5 ep/s, step=12.7ms, gpu=0%)
[175/304] hidden=[48, 48, 48] omega0=15.0 lr=0.0002 epochs=6000 npp=1024 seed=999 ...
  Epoch     1/6000  loss=3.6932e-01  lr=2.00e-04  (0.0s)
    -> I1=3 I2=4 I3=4 I4=4 I5=3 I6=4 I7=4 I8=4 min=3 mean=3.8 max=4 (76.4s, 97.5 ep/s, step=12.7ms, gpu=0%)
[176/304] hidden=[48, 48, 48] omega0=15.0 lr=0.0002 epochs=6000 npp=2048 seed=42 ...
  Epoch     1/6000  loss=3.8211e-01  lr=2.00e-04  (0.0s)
    -> I1=3 I2=4 I3=5 I4=5 I5=3 I6=4 I7=5 I8=4 min=3 mean=4.1 max=5 (78.8s, 96.7 ep/s, step=13.1ms, gpu=0%)
[177/304] hidden=[48, 48, 48] omega0=15.0 lr=0.0002 epochs=6000 npp=2048 seed=137 ...
  Epoch     1/6000  loss=3.5797e-01  lr=2.00e-04  (0.0s)
    -> I1=4 I2=4 I3=4 I4=4 I5=4 I6=4 I7=3 I8=4 min=3 mean=3.9 max=4 (78.8s, 96.7 ep/s, step=13.1ms, gpu=0%)
[178/304] hidden=[48, 48, 48] omega0=15.0 lr=0.0002 epochs=6000 npp=2048 seed=2024 ...
  Epoch     1/6000  loss=3.7630e-01  lr=2.00e-04  (0.0s)
    -> I1=4 I2=4 I3=4 I4=5 I5=4 I6=4 I7=4 I8=6 min=4 mean=4.4 max=6 (78.7s, 96.8 ep/s, step=13.1ms, gpu=0%)
[179/304] hidden=[48, 48, 48] omega0=15.0 lr=0.0002 epochs=6000 npp=2048 seed=7 ...
  Epoch     1/6000  loss=3.8447e-01  lr=2.00e-04  (0.0s)
    -> I1=4 I2=4 I3=3 I4=5 I5=3 I6=4 I7=4 I8=4 min=3 mean=3.9 max=5 (78.8s, 96.7 ep/s, step=13.1ms, gpu=0%)
[180/304] hidden=[48, 48, 48] omega0=15.0 lr=0.0002 epochs=6000 npp=2048 seed=999 ...
  Epoch     1/6000  loss=3.9100e-01  lr=2.00e-04  (0.0s)
    -> I1=5 I2=4 I3=4 I4=4 I5=3 I6=4 I7=5 I8=6 min=3 mean=4.4 max=6 (78.8s, 96.7 ep/s, step=13.1ms, gpu=0%)
[181/304] hidden=[48, 48, 48] omega0=15.0 lr=5e-05 epochs=8000 npp=512 seed=42 ...
  Epoch     1/8000  loss=3.5174e-01  lr=5.00e-05  (0.0s)
    -> I1=4 I2=4 I3=3 I4=4 I5=3 I6=4 I7=3 I8=5 min=3 mean=3.8 max=5 (101.6s, 96.4 ep/s, step=12.7ms, gpu=0%)
[182/304] hidden=[48, 48, 48] omega0=15.0 lr=5e-05 epochs=8000 npp=512 seed=137 ...
  Epoch     1/8000  loss=3.4413e-01  lr=5.00e-05  (0.0s)
    -> I1=3 I2=4 I3=4 I4=4 I5=3 I6=3 I7=3 I8=4 min=3 mean=3.5 max=4 (101.7s, 96.3 ep/s, step=12.7ms, gpu=0%)
[183/304] hidden=[48, 48, 48] omega0=15.0 lr=5e-05 epochs=8000 npp=512 seed=2024 ...
  Epoch     1/8000  loss=3.8109e-01  lr=5.00e-05  (0.0s)
    -> I1=3 I2=3 I3=3 I4=5 I5=3 I6=3 I7=3 I8=3 min=3 mean=3.2 max=5 (101.8s, 96.3 ep/s, step=12.7ms, gpu=0%)
[184/304] hidden=[48, 48, 48] omega0=15.0 lr=5e-05 epochs=8000 npp=512 seed=7 ...
  Epoch     1/8000  loss=3.3741e-01  lr=5.00e-05  (0.0s)
    -> I1=3 I2=4 I3=6 I4=4 I5=3 I6=4 I7=3 I8=4 min=3 mean=3.9 max=6 (104.4s, 93.3 ep/s, step=13.0ms, gpu=0%)
[185/304] hidden=[48, 48, 48] omega0=15.0 lr=5e-05 epochs=8000 npp=512 seed=999 ...
  Epoch     1/8000  loss=4.1008e-01  lr=5.00e-05  (0.0s)
    -> I1=3 I2=4 I3=4 I4=4 I5=3 I6=4 I7=3 I8=4 min=3 mean=3.6 max=4 (101.7s, 96.3 ep/s, step=12.7ms, gpu=0%)
[186/304] hidden=[48, 48, 48] omega0=15.0 lr=5e-05 epochs=8000 npp=1024 seed=42 ...
  Epoch     1/8000  loss=3.5381e-01  lr=5.00e-05  (0.0s)
    -> I1=3 I2=3 I3=4 I4=4 I5=3 I6=3 I7=3 I8=4 min=3 mean=3.4 max=4 (101.8s, 97.6 ep/s, step=12.7ms, gpu=0%)
[187/304] hidden=[48, 48, 48] omega0=15.0 lr=5e-05 epochs=8000 npp=1024 seed=137 ...
  Epoch     1/8000  loss=3.7172e-01  lr=5.00e-05  (0.0s)
    -> I1=3 I2=4 I3=4 I4=4 I5=3 I6=3 I7=3 I8=4 min=3 mean=3.5 max=4 (101.9s, 97.5 ep/s, step=12.7ms, gpu=0%)
[188/304] hidden=[48, 48, 48] omega0=15.0 lr=5e-05 epochs=8000 npp=1024 seed=2024 ...
  Epoch     1/8000  loss=3.7526e-01  lr=5.00e-05  (0.0s)
    -> I1=5 I2=5 I3=3 I4=5 I5=3 I6=4 I7=3 I8=4 min=3 mean=4.0 max=5 (101.9s, 97.5 ep/s, step=12.7ms, gpu=0%)
[189/304] hidden=[48, 48, 48] omega0=15.0 lr=5e-05 epochs=8000 npp=1024 seed=7 ...
  Epoch     1/8000  loss=3.6805e-01  lr=5.00e-05  (0.0s)
    -> I1=5 I2=3 I3=4 I4=4 I5=3 I6=4 I7=4 I8=5 min=3 mean=4.0 max=5 (101.8s, 97.6 ep/s, step=12.7ms, gpu=0%)
[190/304] hidden=[48, 48, 48] omega0=15.0 lr=5e-05 epochs=8000 npp=1024 seed=999 ...
  Epoch     1/8000  loss=3.6932e-01  lr=5.00e-05  (0.0s)
    -> I1=4 I2=3 I3=5 I4=4 I5=3 I6=3 I7=4 I8=4 min=3 mean=3.8 max=5 (101.9s, 97.5 ep/s, step=12.7ms, gpu=0%)
[191/304] hidden=[48, 48, 48] omega0=15.0 lr=5e-05 epochs=8000 npp=2048 seed=42 ...
  Epoch     1/8000  loss=3.8211e-01  lr=5.00e-05  (0.0s)
    -> I1=3 I2=3 I3=4 I4=5 I5=3 I6=3 I7=3 I8=5 min=3 mean=3.6 max=5 (105.0s, 96.7 ep/s, step=13.1ms, gpu=0%)
[192/304] hidden=[48, 48, 48] omega0=15.0 lr=5e-05 epochs=8000 npp=2048 seed=137 ...
  Epoch     1/8000  loss=3.5797e-01  lr=5.00e-05  (0.0s)
    -> I1=4 I2=4 I3=4 I4=4 I5=3 I6=4 I7=3 I8=4 min=3 mean=3.8 max=4 (105.0s, 96.7 ep/s, step=13.1ms, gpu=0%)
[193/304] hidden=[48, 48, 48] omega0=15.0 lr=5e-05 epochs=8000 npp=2048 seed=2024 ...
  Epoch     1/8000  loss=3.7630e-01  lr=5.00e-05  (0.0s)
    -> I1=4 I2=4 I3=4 I4=5 I5=4 I6=4 I7=3 I8=4 min=3 mean=4.0 max=5 (104.9s, 96.8 ep/s, step=13.1ms, gpu=0%)
[194/304] hidden=[48, 48, 48] omega0=15.0 lr=5e-05 epochs=8000 npp=2048 seed=7 ...
  Epoch     1/8000  loss=3.8447e-01  lr=5.00e-05  (0.0s)
    -> I1=5 I2=3 I3=4 I4=4 I5=3 I6=4 I7=4 I8=4 min=3 mean=3.9 max=5 (105.0s, 96.7 ep/s, step=13.1ms, gpu=0%)
[195/304] hidden=[48, 48, 48] omega0=15.0 lr=5e-05 epochs=8000 npp=2048 seed=999 ...
  Epoch     1/8000  loss=3.9100e-01  lr=5.00e-05  (0.0s)
    -> I1=3 I2=4 I3=5 I4=5 I5=3 I6=3 I7=4 I8=4 min=3 mean=3.9 max=5 (105.0s, 96.8 ep/s, step=13.1ms, gpu=0%)
[196/304] hidden=[48, 48, 48] omega0=15.0 lr=0.0001 epochs=8000 npp=512 seed=42 ...
  Epoch     1/8000  loss=3.5174e-01  lr=1.00e-04  (0.0s)
    -> I1=4 I2=4 I3=4 I4=4 I5=3 I6=4 I7=4 I8=4 min=3 mean=3.9 max=4 (101.7s, 96.4 ep/s, step=12.7ms, gpu=0%)
[197/304] hidden=[48, 48, 48] omega0=15.0 lr=0.0001 epochs=8000 npp=512 seed=137 ...
  Epoch     1/8000  loss=3.4413e-01  lr=1.00e-04  (0.0s)
    -> I1=3 I2=3 I3=3 I4=5 I5=4 I6=4 I7=4 I8=4 min=3 mean=3.8 max=5 (101.7s, 96.4 ep/s, step=12.7ms, gpu=0%)
[198/304] hidden=[48, 48, 48] omega0=15.0 lr=0.0001 epochs=8000 npp=512 seed=2024 ...
  Epoch     1/8000  loss=3.8109e-01  lr=1.00e-04  (0.0s)
    -> I1=3 I2=4 I3=4 I4=5 I5=3 I6=4 I7=4 I8=4 min=3 mean=3.9 max=5 (101.7s, 96.4 ep/s, step=12.7ms, gpu=0%)
[199/304] hidden=[48, 48, 48] omega0=15.0 lr=0.0001 epochs=8000 npp=512 seed=7 ...
  Epoch     1/8000  loss=3.3741e-01  lr=1.00e-04  (0.0s)
    -> I1=3 I2=4 I3=4 I4=4 I5=3 I6=4 I7=3 I8=4 min=3 mean=3.6 max=4 (101.8s, 96.3 ep/s, step=12.7ms, gpu=0%)
[200/304] hidden=[48, 48, 48] omega0=15.0 lr=0.0001 epochs=8000 npp=512 seed=999 ...
  Epoch     1/8000  loss=4.1008e-01  lr=1.00e-04  (0.0s)
    -> I1=4 I2=4 I3=5 I4=4 I5=5 I6=4 I7=3 I8=5 min=3 mean=4.2 max=5 (101.7s, 96.3 ep/s, step=12.7ms, gpu=0%)
[201/304] hidden=[48, 48, 48] omega0=15.0 lr=0.0001 epochs=8000 npp=1024 seed=42 ...
  Epoch     1/8000  loss=3.5381e-01  lr=1.00e-04  (0.0s)
    -> I1=3 I2=4 I3=3 I4=5 I5=3 I6=4 I7=4 I8=5 min=3 mean=3.9 max=5 (101.8s, 97.6 ep/s, step=12.7ms, gpu=0%)
[202/304] hidden=[48, 48, 48] omega0=15.0 lr=0.0001 epochs=8000 npp=1024 seed=137 ...
  Epoch     1/8000  loss=3.7172e-01  lr=1.00e-04  (0.0s)
    -> I1=4 I2=4 I3=4 I4=5 I5=4 I6=4 I7=4 I8=4 min=4 mean=4.1 max=5 (102.0s, 97.5 ep/s, step=12.7ms, gpu=0%)
[203/304] hidden=[48, 48, 48] omega0=15.0 lr=0.0001 epochs=8000 npp=1024 seed=2024 ...
  Epoch     1/8000  loss=3.7526e-01  lr=1.00e-04  (0.0s)
    -> I1=4 I2=5 I3=5 I4=4 I5=3 I6=4 I7=4 I8=4 min=3 mean=4.1 max=5 (101.8s, 97.6 ep/s, step=12.7ms, gpu=0%)
[204/304] hidden=[48, 48, 48] omega0=15.0 lr=0.0001 epochs=8000 npp=1024 seed=7 ...
  Epoch     1/8000  loss=3.6805e-01  lr=1.00e-04  (0.0s)
    -> I1=3 I2=4 I3=4 I4=5 I5=3 I6=4 I7=3 I8=5 min=3 mean=3.9 max=5 (101.9s, 97.5 ep/s, step=12.7ms, gpu=0%)
[205/304] hidden=[48, 48, 48] omega0=15.0 lr=0.0001 epochs=8000 npp=1024 seed=999 ...
  Epoch     1/8000  loss=3.6932e-01  lr=1.00e-04  (0.0s)
    -> I1=3 I2=4 I3=5 I4=4 I5=3 I6=4 I7=3 I8=4 min=3 mean=3.8 max=5 (101.8s, 97.6 ep/s, step=12.7ms, gpu=0%)
[206/304] hidden=[48, 48, 48] omega0=15.0 lr=0.0001 epochs=8000 npp=2048 seed=42 ...
  Epoch     1/8000  loss=3.8211e-01  lr=1.00e-04  (0.0s)
    -> I1=4 I2=4 I3=5 I4=4 I5=3 I6=4 I7=4 I8=4 min=3 mean=4.0 max=5 (104.9s, 96.8 ep/s, step=13.1ms, gpu=0%)
[207/304] hidden=[48, 48, 48] omega0=15.0 lr=0.0001 epochs=8000 npp=2048 seed=137 ...
  Epoch     1/8000  loss=3.5797e-01  lr=1.00e-04  (0.0s)
    -> I1=5 I2=5 I3=5 I4=4 I5=3 I6=4 I7=4 I8=4 min=3 mean=4.2 max=5 (104.9s, 96.8 ep/s, step=13.1ms, gpu=0%)
[208/304] hidden=[48, 48, 48] omega0=15.0 lr=0.0001 epochs=8000 npp=2048 seed=2024 ...
  Epoch     1/8000  loss=3.7630e-01  lr=1.00e-04  (0.0s)
    -> I1=4 I2=4 I3=4 I4=5 I5=3 I6=4 I7=5 I8=4 min=3 mean=4.1 max=5 (105.0s, 96.7 ep/s, step=13.1ms, gpu=0%)
[209/304] hidden=[48, 48, 48] omega0=15.0 lr=0.0001 epochs=8000 npp=2048 seed=7 ...
  Epoch     1/8000  loss=3.8447e-01  lr=1.00e-04  (0.0s)
    -> I1=4 I2=5 I3=4 I4=4 I5=4 I6=4 I7=4 I8=4 min=4 mean=4.1 max=5 (104.9s, 96.8 ep/s, step=13.1ms, gpu=0%)
[210/304] hidden=[48, 48, 48] omega0=15.0 lr=0.0001 epochs=8000 npp=2048 seed=999 ...
  Epoch     1/8000  loss=3.9100e-01  lr=1.00e-04  (0.0s)
    -> I1=3 I2=3 I3=3 I4=4 I5=3 I6=4 I7=3 I8=4 min=3 mean=3.4 max=4 (105.0s, 96.8 ep/s, step=13.1ms, gpu=0%)
[211/304] hidden=[48, 48, 48] omega0=15.0 lr=0.0002 epochs=8000 npp=512 seed=42 ...
  Epoch     1/8000  loss=3.5174e-01  lr=2.00e-04  (0.0s)
    -> I1=3 I2=3 I3=3 I4=4 I5=3 I6=3 I7=3 I8=4 min=3 mean=3.2 max=4 (101.6s, 96.4 ep/s, step=12.7ms, gpu=0%)
[212/304] hidden=[48, 48, 48] omega0=15.0 lr=0.0002 epochs=8000 npp=512 seed=137 ...
  Epoch     1/8000  loss=3.4413e-01  lr=2.00e-04  (0.0s)
    -> I1=3 I2=4 I3=4 I4=4 I5=3 I6=4 I7=4 I8=6 min=3 mean=4.0 max=6 (101.7s, 96.4 ep/s, step=12.7ms, gpu=0%)
[213/304] hidden=[48, 48, 48] omega0=15.0 lr=0.0002 epochs=8000 npp=512 seed=2024 ...
  Epoch     1/8000  loss=3.8109e-01  lr=2.00e-04  (0.0s)
    -> I1=4 I2=4 I3=4 I4=5 I5=3 I6=4 I7=4 I8=5 min=3 mean=4.1 max=5 (101.9s, 96.3 ep/s, step=12.7ms, gpu=0%)
[214/304] hidden=[48, 48, 48] omega0=15.0 lr=0.0002 epochs=8000 npp=512 seed=7 ...
  Epoch     1/8000  loss=3.3741e-01  lr=2.00e-04  (0.0s)
    -> I1=3 I2=4 I3=5 I4=4 I5=3 I6=4 I7=4 I8=4 min=3 mean=3.9 max=5 (101.7s, 96.3 ep/s, step=12.7ms, gpu=0%)
[215/304] hidden=[48, 48, 48] omega0=15.0 lr=0.0002 epochs=8000 npp=512 seed=999 ...
  Epoch     1/8000  loss=4.1008e-01  lr=2.00e-04  (0.0s)
    -> I1=3 I2=5 I3=4 I4=4 I5=4 I6=5 I7=4 I8=4 min=3 mean=4.1 max=5 (101.8s, 96.2 ep/s, step=12.7ms, gpu=0%)
[216/304] hidden=[48, 48, 48] omega0=15.0 lr=0.0002 epochs=8000 npp=1024 seed=42 ...
  Epoch     1/8000  loss=3.5381e-01  lr=2.00e-04  (0.0s)
    -> I1=4 I2=5 I3=4 I4=4 I5=3 I6=5 I7=4 I8=5 min=3 mean=4.2 max=5 (101.9s, 97.5 ep/s, step=12.7ms, gpu=0%)
[217/304] hidden=[48, 48, 48] omega0=15.0 lr=0.0002 epochs=8000 npp=1024 seed=137 ...
  Epoch     1/8000  loss=3.7172e-01  lr=2.00e-04  (0.0s)
    -> I1=4 I2=4 I3=4 I4=5 I5=4 I6=4 I7=4 I8=5 min=4 mean=4.2 max=5 (102.0s, 97.5 ep/s, step=12.7ms, gpu=0%)
[218/304] hidden=[48, 48, 48] omega0=15.0 lr=0.0002 epochs=8000 npp=1024 seed=2024 ...
  Epoch     1/8000  loss=3.7526e-01  lr=2.00e-04  (0.0s)
    -> I1=3 I2=4 I3=4 I4=4 I5=3 I6=4 I7=3 I8=4 min=3 mean=3.6 max=4 (102.1s, 97.4 ep/s, step=12.7ms, gpu=0%)
[219/304] hidden=[48, 48, 48] omega0=15.0 lr=0.0002 epochs=8000 npp=1024 seed=7 ...
  Epoch     1/8000  loss=3.6805e-01  lr=2.00e-04  (0.0s)
    -> I1=4 I2=4 I3=5 I4=5 I5=3 I6=4 I7=4 I8=5 min=3 mean=4.2 max=5 (101.9s, 97.5 ep/s, step=12.7ms, gpu=0%)
[220/304] hidden=[48, 48, 48] omega0=15.0 lr=0.0002 epochs=8000 npp=1024 seed=999 ...
  Epoch     1/8000  loss=3.6932e-01  lr=2.00e-04  (0.0s)
    -> I1=3 I2=3 I3=3 I4=4 I5=3 I6=3 I7=3 I8=4 min=3 mean=3.2 max=4 (102.3s, 97.1 ep/s, step=12.7ms, gpu=0%)
[221/304] hidden=[48, 48, 48] omega0=15.0 lr=0.0002 epochs=8000 npp=2048 seed=42 ...
  Epoch     1/8000  loss=3.8211e-01  lr=2.00e-04  (0.0s)
    -> I1=3 I2=4 I3=4 I4=5 I5=3 I6=4 I7=4 I8=5 min=3 mean=4.0 max=5 (105.0s, 96.8 ep/s, step=13.1ms, gpu=0%)
[222/304] hidden=[48, 48, 48] omega0=15.0 lr=0.0002 epochs=8000 npp=2048 seed=137 ...
  Epoch     1/8000  loss=3.5797e-01  lr=2.00e-04  (0.0s)
    -> I1=4 I2=4 I3=4 I4=4 I5=3 I6=4 I7=4 I8=4 min=3 mean=3.9 max=4 (105.1s, 96.7 ep/s, step=13.1ms, gpu=0%)
[223/304] hidden=[48, 48, 48] omega0=15.0 lr=0.0002 epochs=8000 npp=2048 seed=2024 ...
  Epoch     1/8000  loss=3.7630e-01  lr=2.00e-04  (0.0s)
    -> I1=5 I2=4 I3=4 I4=5 I5=5 I6=4 I7=4 I8=5 min=4 mean=4.5 max=5 (105.0s, 96.7 ep/s, step=13.1ms, gpu=0%)
[224/304] hidden=[48, 48, 48] omega0=15.0 lr=0.0002 epochs=8000 npp=2048 seed=7 ...
  Epoch     1/8000  loss=3.8447e-01  lr=2.00e-04  (0.0s)
    -> I1=3 I2=4 I3=4 I4=4 I5=3 I6=4 I7=4 I8=4 min=3 mean=3.8 max=4 (105.1s, 96.7 ep/s, step=13.1ms, gpu=0%)
[225/304] hidden=[48, 48, 48] omega0=15.0 lr=0.0002 epochs=8000 npp=2048 seed=999 ...
  Epoch     1/8000  loss=3.9100e-01  lr=2.00e-04  (0.0s)
    -> I1=3 I2=5 I3=5 I4=4 I5=4 I6=4 I7=4 I8=4 min=3 mean=4.1 max=5 (105.0s, 96.8 ep/s, step=13.1ms, gpu=0%)
[226/304] hidden=[48, 48, 48] omega0=15.0 lr=5e-05 epochs=10000 npp=512 seed=42 ...
  Epoch     1/10000  loss=3.5174e-01  lr=5.00e-05  (0.0s)
    -> I1=3 I2=4 I3=3 I4=6 I5=3 I6=3 I7=3 I8=4 min=3 mean=3.6 max=6 (127.2s, 96.4 ep/s, step=12.7ms, gpu=0%)
[227/304] hidden=[48, 48, 48] omega0=15.0 lr=5e-05 epochs=10000 npp=512 seed=137 ...
  Epoch     1/10000  loss=3.4413e-01  lr=5.00e-05  (0.0s)
    -> I1=3 I2=4 I3=4 I4=4 I5=4 I6=3 I7=4 I8=5 min=3 mean=3.9 max=5 (127.3s, 96.2 ep/s, step=12.7ms, gpu=0%)
[228/304] hidden=[48, 48, 48] omega0=15.0 lr=5e-05 epochs=10000 npp=512 seed=2024 ...
  Epoch     1/10000  loss=3.8109e-01  lr=5.00e-05  (0.0s)
    -> I1=3 I2=5 I3=4 I4=4 I5=4 I6=4 I7=3 I8=4 min=3 mean=3.9 max=5 (127.1s, 96.4 ep/s, step=12.7ms, gpu=0%)
[229/304] hidden=[48, 48, 48] omega0=15.0 lr=5e-05 epochs=10000 npp=512 seed=7 ...
  Epoch     1/10000  loss=3.3741e-01  lr=5.00e-05  (0.0s)
    -> I1=3 I2=4 I3=5 I4=4 I5=4 I6=4 I7=3 I8=4 min=3 mean=3.9 max=5 (127.2s, 96.4 ep/s, step=12.7ms, gpu=0%)
[230/304] hidden=[48, 48, 48] omega0=15.0 lr=5e-05 epochs=10000 npp=512 seed=999 ...
  Epoch     1/10000  loss=4.1008e-01  lr=5.00e-05  (0.0s)
    -> I1=3 I2=4 I3=4 I4=4 I5=3 I6=4 I7=3 I8=4 min=3 mean=3.6 max=4 (127.1s, 96.4 ep/s, step=12.7ms, gpu=0%)
[231/304] hidden=[48, 48, 48] omega0=15.0 lr=5e-05 epochs=10000 npp=1024 seed=42 ...
  Epoch     1/10000  loss=3.5381e-01  lr=5.00e-05  (0.0s)
    -> I1=3 I2=4 I3=4 I4=4 I5=4 I6=4 I7=3 I8=4 min=3 mean=3.8 max=4 (127.4s, 97.6 ep/s, step=12.7ms, gpu=0%)
[232/304] hidden=[48, 48, 48] omega0=15.0 lr=5e-05 epochs=10000 npp=1024 seed=137 ...
  Epoch     1/10000  loss=3.7172e-01  lr=5.00e-05  (0.0s)
    -> I1=4 I2=4 I3=4 I4=4 I5=3 I6=4 I7=3 I8=4 min=3 mean=3.8 max=4 (127.4s, 97.6 ep/s, step=12.7ms, gpu=0%)
[233/304] hidden=[48, 48, 48] omega0=15.0 lr=5e-05 epochs=10000 npp=1024 seed=2024 ...
  Epoch     1/10000  loss=3.7526e-01  lr=5.00e-05  (0.0s)
    -> I1=3 I2=4 I3=4 I4=4 I5=3 I6=3 I7=3 I8=4 min=3 mean=3.5 max=4 (127.3s, 97.6 ep/s, step=12.7ms, gpu=0%)
[234/304] hidden=[48, 48, 48] omega0=15.0 lr=5e-05 epochs=10000 npp=1024 seed=7 ...
  Epoch     1/10000  loss=3.6805e-01  lr=5.00e-05  (0.0s)
    -> I1=3 I2=3 I3=4 I4=4 I5=3 I6=4 I7=3 I8=5 min=3 mean=3.6 max=5 (127.3s, 97.6 ep/s, step=12.7ms, gpu=0%)
[235/304] hidden=[48, 48, 48] omega0=15.0 lr=5e-05 epochs=10000 npp=1024 seed=999 ...
  Epoch     1/10000  loss=3.6932e-01  lr=5.00e-05  (0.0s)
    -> I1=3 I2=4 I3=4 I4=4 I5=3 I6=5 I7=4 I8=4 min=3 mean=3.9 max=5 (127.4s, 97.5 ep/s, step=12.7ms, gpu=0%)
[236/304] hidden=[48, 48, 48] omega0=15.0 lr=5e-05 epochs=10000 npp=2048 seed=42 ...
  Epoch     1/10000  loss=3.8211e-01  lr=5.00e-05  (0.0s)
    -> I1=3 I2=4 I3=4 I4=5 I5=4 I6=3 I7=4 I8=5 min=3 mean=4.0 max=5 (131.3s, 96.8 ep/s, step=13.1ms, gpu=0%)
[237/304] hidden=[48, 48, 48] omega0=15.0 lr=5e-05 epochs=10000 npp=2048 seed=137 ...
  Epoch     1/10000  loss=3.5797e-01  lr=5.00e-05  (0.0s)
    -> I1=4 I2=4 I3=4 I4=4 I5=3 I6=4 I7=3 I8=4 min=3 mean=3.8 max=4 (131.2s, 96.8 ep/s, step=13.1ms, gpu=0%)
[238/304] hidden=[48, 48, 48] omega0=15.0 lr=5e-05 epochs=10000 npp=2048 seed=2024 ...
  Epoch     1/10000  loss=3.7630e-01  lr=5.00e-05  (0.0s)
    -> I1=4 I2=4 I3=4 I4=4 I5=3 I6=5 I7=4 I8=4 min=3 mean=4.0 max=5 (131.2s, 96.7 ep/s, step=13.1ms, gpu=0%)
[239/304] hidden=[48, 48, 48] omega0=15.0 lr=5e-05 epochs=10000 npp=2048 seed=7 ...
  Epoch     1/10000  loss=3.8447e-01  lr=5.00e-05  (0.0s)
    -> I1=4 I2=3 I3=4 I4=4 I5=3 I6=4 I7=4 I8=5 min=3 mean=3.9 max=5 (131.1s, 96.8 ep/s, step=13.1ms, gpu=0%)
[240/304] hidden=[48, 48, 48] omega0=15.0 lr=5e-05 epochs=10000 npp=2048 seed=999 ...
  Epoch     1/10000  loss=3.9100e-01  lr=5.00e-05  (0.0s)
    -> I1=3 I2=5 I3=4 I4=4 I5=4 I6=3 I7=3 I8=4 min=3 mean=3.8 max=5 (131.1s, 96.8 ep/s, step=13.1ms, gpu=0%)
[241/304] hidden=[48, 48, 48] omega0=15.0 lr=0.0001 epochs=10000 npp=512 seed=42 ...
  Epoch     1/10000  loss=3.5174e-01  lr=1.00e-04  (0.0s)
    -> I1=3 I2=3 I3=4 I4=4 I5=4 I6=4 I7=4 I8=4 min=3 mean=3.8 max=4 (127.2s, 96.2 ep/s, step=12.7ms, gpu=0%)
[242/304] hidden=[48, 48, 48] omega0=15.0 lr=0.0001 epochs=10000 npp=512 seed=137 ...
  Epoch     1/10000  loss=3.4413e-01  lr=1.00e-04  (0.0s)
    -> I1=3 I2=4 I3=4 I4=4 I5=4 I6=3 I7=3 I8=4 min=3 mean=3.6 max=4 (127.1s, 96.3 ep/s, step=12.7ms, gpu=0%)
[243/304] hidden=[48, 48, 48] omega0=15.0 lr=0.0001 epochs=10000 npp=512 seed=2024 ...
  Epoch     1/10000  loss=3.8109e-01  lr=1.00e-04  (0.0s)
    -> I1=4 I2=4 I3=4 I4=5 I5=3 I6=4 I7=4 I8=4 min=3 mean=4.0 max=5 (127.2s, 96.3 ep/s, step=12.7ms, gpu=0%)
[244/304] hidden=[48, 48, 48] omega0=15.0 lr=0.0001 epochs=10000 npp=512 seed=7 ...
  Epoch     1/10000  loss=3.3741e-01  lr=1.00e-04  (0.0s)
    -> I1=4 I2=4 I3=3 I4=5 I5=3 I6=4 I7=3 I8=4 min=3 mean=3.8 max=5 (127.1s, 96.4 ep/s, step=12.7ms, gpu=0%)
[245/304] hidden=[48, 48, 48] omega0=15.0 lr=0.0001 epochs=10000 npp=512 seed=999 ...
  Epoch     1/10000  loss=4.1008e-01  lr=1.00e-04  (0.0s)
    -> I1=4 I2=4 I3=4 I4=4 I5=3 I6=5 I7=3 I8=4 min=3 mean=3.9 max=5 (127.2s, 96.3 ep/s, step=12.7ms, gpu=0%)
[246/304] hidden=[48, 48, 48] omega0=15.0 lr=0.0001 epochs=10000 npp=1024 seed=42 ...
  Epoch     1/10000  loss=3.5381e-01  lr=1.00e-04  (0.0s)
    -> I1=3 I2=4 I3=3 I4=5 I5=4 I6=4 I7=4 I8=5 min=3 mean=4.0 max=5 (127.3s, 97.6 ep/s, step=12.7ms, gpu=0%)
[247/304] hidden=[48, 48, 48] omega0=15.0 lr=0.0001 epochs=10000 npp=1024 seed=137 ...
  Epoch     1/10000  loss=3.7172e-01  lr=1.00e-04  (0.0s)
    -> I1=3 I2=5 I3=3 I4=4 I5=4 I6=4 I7=4 I8=5 min=3 mean=4.0 max=5 (127.3s, 97.6 ep/s, step=12.7ms, gpu=0%)
[248/304] hidden=[48, 48, 48] omega0=15.0 lr=0.0001 epochs=10000 npp=1024 seed=2024 ...
  Epoch     1/10000  loss=3.7526e-01  lr=1.00e-04  (0.0s)
    -> I1=4 I2=4 I3=5 I4=5 I5=3 I6=4 I7=4 I8=4 min=3 mean=4.1 max=5 (127.3s, 97.6 ep/s, step=12.7ms, gpu=0%)
[249/304] hidden=[48, 48, 48] omega0=15.0 lr=0.0001 epochs=10000 npp=1024 seed=7 ...
  Epoch     1/10000  loss=3.6805e-01  lr=1.00e-04  (0.0s)
    -> I1=3 I2=4 I3=4 I4=4 I5=3 I6=4 I7=4 I8=5 min=3 mean=3.9 max=5 (127.4s, 97.6 ep/s, step=12.7ms, gpu=0%)
[250/304] hidden=[48, 48, 48] omega0=15.0 lr=0.0001 epochs=10000 npp=1024 seed=999 ...
  Epoch     1/10000  loss=3.6932e-01  lr=1.00e-04  (0.0s)
    -> I1=3 I2=4 I3=4 I4=4 I5=3 I6=5 I7=3 I8=4 min=3 mean=3.8 max=5 (127.3s, 97.6 ep/s, step=12.7ms, gpu=0%)
[251/304] hidden=[48, 48, 48] omega0=15.0 lr=0.0001 epochs=10000 npp=2048 seed=42 ...
  Epoch     1/10000  loss=3.8211e-01  lr=1.00e-04  (0.0s)
    -> I1=5 I2=4 I3=4 I4=4 I5=3 I6=4 I7=4 I8=5 min=3 mean=4.1 max=5 (131.2s, 96.8 ep/s, step=13.1ms, gpu=0%)
[252/304] hidden=[48, 48, 48] omega0=15.0 lr=0.0001 epochs=10000 npp=2048 seed=137 ...
  Epoch     1/10000  loss=3.5797e-01  lr=1.00e-04  (0.0s)
    -> I1=5 I2=4 I3=5 I4=5 I5=4 I6=4 I7=4 I8=5 min=4 mean=4.5 max=5 (131.2s, 96.7 ep/s, step=13.1ms, gpu=0%)
[253/304] hidden=[48, 48, 48] omega0=15.0 lr=0.0001 epochs=10000 npp=2048 seed=2024 ...
  Epoch     1/10000  loss=3.7630e-01  lr=1.00e-04  (0.0s)
    -> I1=4 I2=4 I3=5 I4=5 I5=3 I6=4 I7=4 I8=4 min=3 mean=4.1 max=5 (131.1s, 96.8 ep/s, step=13.1ms, gpu=0%)
[254/304] hidden=[48, 48, 48] omega0=15.0 lr=0.0001 epochs=10000 npp=2048 seed=7 ...
  Epoch     1/10000  loss=3.8447e-01  lr=1.00e-04  (0.0s)
    -> I1=3 I2=4 I3=4 I4=4 I5=3 I6=4 I7=4 I8=4 min=3 mean=3.8 max=4 (131.2s, 96.8 ep/s, step=13.1ms, gpu=0%)
[255/304] hidden=[48, 48, 48] omega0=15.0 lr=0.0001 epochs=10000 npp=2048 seed=999 ...
  Epoch     1/10000  loss=3.9100e-01  lr=1.00e-04  (0.0s)
    -> I1=3 I2=4 I3=4 I4=4 I5=3 I6=4 I7=3 I8=4 min=3 mean=3.6 max=4 (131.2s, 96.8 ep/s, step=13.1ms, gpu=0%)
[256/304] hidden=[48, 48, 48] omega0=15.0 lr=0.0002 epochs=10000 npp=512 seed=42 ...
  Epoch     1/10000  loss=3.5174e-01  lr=2.00e-04  (0.0s)
    -> I1=3 I2=4 I3=4 I4=5 I5=4 I6=5 I7=4 I8=5 min=3 mean=4.2 max=5 (127.1s, 96.4 ep/s, step=12.7ms, gpu=0%)
[257/304] hidden=[48, 48, 48] omega0=15.0 lr=0.0002 epochs=10000 npp=512 seed=137 ...
  Epoch     1/10000  loss=3.4413e-01  lr=2.00e-04  (0.0s)
    -> I1=5 I2=5 I3=4 I4=7 I5=4 I6=5 I7=5 I8=5 min=4 mean=5.0 max=7 (127.1s, 96.4 ep/s, step=12.7ms, gpu=0%)
[258/304] hidden=[48, 48, 48] omega0=15.0 lr=0.0002 epochs=10000 npp=512 seed=2024 ...
  Epoch     1/10000  loss=3.8109e-01  lr=2.00e-04  (0.0s)
    -> I1=4 I2=4 I3=4 I4=4 I5=5 I6=4 I7=4 I8=4 min=4 mean=4.1 max=5 (128.2s, 95.4 ep/s, step=12.8ms, gpu=0%)
[259/304] hidden=[48, 48, 48] omega0=15.0 lr=0.0002 epochs=10000 npp=512 seed=7 ...
  Epoch     1/10000  loss=3.3741e-01  lr=2.00e-04  (0.0s)
    -> I1=4 I2=4 I3=4 I4=6 I5=4 I6=5 I7=5 I8=4 min=4 mean=4.5 max=6 (127.1s, 96.3 ep/s, step=12.7ms, gpu=0%)
[260/304] hidden=[48, 48, 48] omega0=15.0 lr=0.0002 epochs=10000 npp=512 seed=999 ...
  Epoch     1/10000  loss=4.1008e-01  lr=2.00e-04  (0.0s)
    -> I1=3 I2=5 I3=3 I4=5 I5=3 I6=5 I7=3 I8=4 min=3 mean=3.9 max=5 (127.2s, 96.3 ep/s, step=12.7ms, gpu=0%)
[261/304] hidden=[48, 48, 48] omega0=15.0 lr=0.0002 epochs=10000 npp=1024 seed=42 ...
  Epoch     1/10000  loss=3.5381e-01  lr=2.00e-04  (0.0s)
    -> I1=4 I2=4 I3=4 I4=5 I5=4 I6=5 I7=4 I8=4 min=4 mean=4.2 max=5 (127.3s, 97.6 ep/s, step=12.7ms, gpu=0%)
[262/304] hidden=[48, 48, 48] omega0=15.0 lr=0.0002 epochs=10000 npp=1024 seed=137 ...
  Epoch     1/10000  loss=3.7172e-01  lr=2.00e-04  (0.0s)
    -> I1=3 I2=4 I3=4 I4=4 I5=3 I6=4 I7=4 I8=4 min=3 mean=3.8 max=4 (127.4s, 97.5 ep/s, step=12.7ms, gpu=0%)
[263/304] hidden=[48, 48, 48] omega0=15.0 lr=0.0002 epochs=10000 npp=1024 seed=2024 ...
  Epoch     1/10000  loss=3.7526e-01  lr=2.00e-04  (0.0s)
    -> I1=4 I2=4 I3=5 I4=5 I5=6 I6=5 I7=4 I8=5 min=4 mean=4.8 max=6 (127.4s, 97.6 ep/s, step=12.7ms, gpu=0%)
[264/304] hidden=[48, 48, 48] omega0=15.0 lr=0.0002 epochs=10000 npp=1024 seed=7 ...
  Epoch     1/10000  loss=3.6805e-01  lr=2.00e-04  (0.0s)
    -> I1=3 I2=4 I3=3 I4=4 I5=3 I6=4 I7=4 I8=4 min=3 mean=3.6 max=4 (127.3s, 97.5 ep/s, step=12.7ms, gpu=0%)
[265/304] hidden=[48, 48, 48] omega0=15.0 lr=0.0002 epochs=10000 npp=1024 seed=999 ...
  Epoch     1/10000  loss=3.6932e-01  lr=2.00e-04  (0.0s)
    -> I1=3 I2=4 I3=3 I4=4 I5=3 I6=4 I7=4 I8=4 min=3 mean=3.6 max=4 (127.4s, 97.5 ep/s, step=12.7ms, gpu=0%)
[266/304] hidden=[48, 48, 48] omega0=15.0 lr=0.0002 epochs=10000 npp=2048 seed=42 ...
  Epoch     1/10000  loss=3.8211e-01  lr=2.00e-04  (0.0s)
    -> I1=4 I2=4 I3=4 I4=4 I5=3 I6=3 I7=3 I8=4 min=3 mean=3.6 max=4 (131.3s, 96.7 ep/s, step=13.1ms, gpu=0%)
[267/304] hidden=[48, 48, 48] omega0=15.0 lr=0.0002 epochs=10000 npp=2048 seed=137 ...
  Epoch     1/10000  loss=3.5797e-01  lr=2.00e-04  (0.0s)
    -> I1=4 I2=5 I3=5 I4=5 I5=4 I6=5 I7=5 I8=5 min=4 mean=4.8 max=5 (131.3s, 96.7 ep/s, step=13.1ms, gpu=0%)
[268/304] hidden=[48, 48, 48] omega0=15.0 lr=0.0002 epochs=10000 npp=2048 seed=2024 ...
  Epoch     1/10000  loss=3.7630e-01  lr=2.00e-04  (0.0s)
    -> I1=3 I2=4 I3=4 I4=7 I5=3 I6=4 I7=4 I8=5 min=3 mean=4.2 max=7 (131.2s, 96.8 ep/s, step=13.1ms, gpu=0%)
[269/304] hidden=[48, 48, 48] omega0=15.0 lr=0.0002 epochs=10000 npp=2048 seed=7 ...
  Epoch     1/10000  loss=3.8447e-01  lr=2.00e-04  (0.0s)
    -> I1=3 I2=4 I3=4 I4=4 I5=3 I6=4 I7=4 I8=5 min=3 mean=3.9 max=5 (131.3s, 96.7 ep/s, step=13.1ms, gpu=0%)
[270/304] hidden=[48, 48, 48] omega0=15.0 lr=0.0002 epochs=10000 npp=2048 seed=999 ...
  Epoch     1/10000  loss=3.9100e-01  lr=2.00e-04  (0.0s)
    -> I1=3 I2=4 I3=5 I4=4 I5=4 I6=4 I7=4 I8=4 min=3 mean=4.0 max=5 (131.3s, 96.7 ep/s, step=13.1ms, gpu=0%)
[271/304] hidden=[48, 48, 48] omega0=17.5 lr=5e-05 epochs=6000 npp=512 seed=42 ...
  Epoch     1/6000  loss=3.5174e-01  lr=5.00e-05  (0.0s)
    -> I1=3 I2=3 I3=4 I4=4 I5=3 I6=3 I7=3 I8=4 min=3 mean=3.4 max=4 (76.3s, 96.3 ep/s, step=12.7ms, gpu=0%)
[272/304] hidden=[48, 48, 48] omega0=17.5 lr=5e-05 epochs=6000 npp=512 seed=137 ...
  Epoch     1/6000  loss=3.4413e-01  lr=5.00e-05  (0.0s)
    -> I1=3 I2=4 I3=3 I4=4 I5=3 I6=3 I7=3 I8=4 min=3 mean=3.4 max=4 (76.3s, 96.4 ep/s, step=12.7ms, gpu=0%)
[273/304] hidden=[48, 48, 48] omega0=17.5 lr=5e-05 epochs=6000 npp=512 seed=2024 ...
  Epoch     1/6000  loss=3.8109e-01  lr=5.00e-05  (0.0s)
    -> I1=3 I2=3 I3=4 I4=4 I5=3 I6=3 I7=5 I8=4 min=3 mean=3.6 max=5 (76.4s, 96.2 ep/s, step=12.7ms, gpu=0%)
[274/304] hidden=[48, 48, 48] omega0=17.5 lr=5e-05 epochs=6000 npp=512 seed=7 ...
  Epoch     1/6000  loss=3.3741e-01  lr=5.00e-05  (0.0s)
    -> I1=3 I2=3 I3=3 I4=4 I5=3 I6=3 I7=3 I8=4 min=3 mean=3.2 max=4 (76.3s, 96.3 ep/s, step=12.7ms, gpu=0%)
[275/304] hidden=[48, 48, 48] omega0=17.5 lr=5e-05 epochs=6000 npp=512 seed=999 ...
  Epoch     1/6000  loss=4.1008e-01  lr=5.00e-05  (0.0s)
    -> I1=3 I2=3 I3=3 I4=4 I5=2 I6=3 I7=3 I8=4 min=2 mean=3.1 max=4 (76.3s, 96.3 ep/s, step=12.7ms, gpu=0%)
[276/304] hidden=[48, 48, 48] omega0=17.5 lr=5e-05 epochs=6000 npp=1024 seed=42 ...
  Epoch     1/6000  loss=3.5381e-01  lr=5.00e-05  (0.0s)
    -> I1=3 I2=3 I3=3 I4=3 I5=3 I6=4 I7=3 I8=3 min=3 mean=3.1 max=4 (76.5s, 97.4 ep/s, step=12.7ms, gpu=0%)
[277/304] hidden=[48, 48, 48] omega0=17.5 lr=5e-05 epochs=6000 npp=1024 seed=137 ...
  Epoch     1/6000  loss=3.7172e-01  lr=5.00e-05  (0.0s)
    -> I1=3 I2=4 I3=3 I4=5 I5=3 I6=3 I7=4 I8=4 min=3 mean=3.6 max=5 (76.4s, 97.5 ep/s, step=12.7ms, gpu=0%)
[278/304] hidden=[48, 48, 48] omega0=17.5 lr=5e-05 epochs=6000 npp=1024 seed=2024 ...
  Epoch     1/6000  loss=3.7526e-01  lr=5.00e-05  (0.0s)
    -> I1=3 I2=4 I3=4 I4=4 I5=3 I6=3 I7=3 I8=4 min=3 mean=3.5 max=4 (76.5s, 97.5 ep/s, step=12.7ms, gpu=0%)
[279/304] hidden=[48, 48, 48] omega0=17.5 lr=5e-05 epochs=6000 npp=1024 seed=7 ...
  Epoch     1/6000  loss=3.6805e-01  lr=5.00e-05  (0.0s)
    -> I1=3 I2=5 I3=3 I4=4 I5=3 I6=3 I7=3 I8=4 min=3 mean=3.5 max=5 (76.4s, 97.5 ep/s, step=12.7ms, gpu=0%)
[280/304] hidden=[48, 48, 48] omega0=17.5 lr=5e-05 epochs=6000 npp=1024 seed=999 ...
  Epoch     1/6000  loss=3.6932e-01  lr=5.00e-05  (0.0s)
    -> I1=3 I2=3 I3=4 I4=4 I5=3 I6=4 I7=3 I8=5 min=3 mean=3.6 max=5 (76.5s, 97.5 ep/s, step=12.7ms, gpu=0%)
[281/304] hidden=[48, 48, 48] omega0=17.5 lr=5e-05 epochs=6000 npp=2048 seed=42 ...
  Epoch     1/6000  loss=3.8211e-01  lr=5.00e-05  (0.0s)
    -> I1=4 I2=4 I3=5 I4=4 I5=4 I6=4 I7=4 I8=4 min=4 mean=4.1 max=5 (78.7s, 96.8 ep/s, step=13.1ms, gpu=0%)
[282/304] hidden=[48, 48, 48] omega0=17.5 lr=5e-05 epochs=6000 npp=2048 seed=137 ...
  Epoch     1/6000  loss=3.5797e-01  lr=5.00e-05  (0.0s)
    -> I1=3 I2=3 I3=4 I4=4 I5=5 I6=3 I7=3 I8=4 min=3 mean=3.6 max=5 (78.8s, 96.7 ep/s, step=13.1ms, gpu=0%)
[283/304] hidden=[48, 48, 48] omega0=17.5 lr=5e-05 epochs=6000 npp=2048 seed=2024 ...
  Epoch     1/6000  loss=3.7630e-01  lr=5.00e-05  (0.0s)
    -> I1=3 I2=3 I3=3 I4=4 I5=3 I6=4 I7=3 I8=5 min=3 mean=3.5 max=5 (78.8s, 96.6 ep/s, step=13.1ms, gpu=0%)
[284/304] hidden=[48, 48, 48] omega0=17.5 lr=5e-05 epochs=6000 npp=2048 seed=7 ...
  Epoch     1/6000  loss=3.8447e-01  lr=5.00e-05  (0.0s)
    -> I1=3 I2=4 I3=4 I4=4 I5=3 I6=3 I7=3 I8=4 min=3 mean=3.5 max=4 (78.7s, 96.8 ep/s, step=13.1ms, gpu=0%)
[285/304] hidden=[48, 48, 48] omega0=17.5 lr=5e-05 epochs=6000 npp=2048 seed=999 ...
  Epoch     1/6000  loss=3.9100e-01  lr=5.00e-05  (0.0s)
    -> I1=3 I2=4 I3=4 I4=4 I5=3 I6=3 I7=3 I8=4 min=3 mean=3.5 max=4 (80.3s, 94.4 ep/s, step=13.3ms, gpu=0%)
[286/304] hidden=[48, 48, 48] omega0=17.5 lr=0.0001 epochs=6000 npp=512 seed=42 ...
  Epoch     1/6000  loss=3.5174e-01  lr=1.00e-04  (0.0s)
    -> I1=3 I2=3 I3=3 I4=4 I5=3 I6=4 I7=4 I8=4 min=3 mean=3.5 max=4 (76.3s, 96.3 ep/s, step=12.7ms, gpu=0%)
[287/304] hidden=[48, 48, 48] omega0=17.5 lr=0.0001 epochs=6000 npp=512 seed=137 ...
  Epoch     1/6000  loss=3.4413e-01  lr=1.00e-04  (0.0s)
    -> I1=3 I2=4 I3=4 I4=4 I5=3 I6=3 I7=3 I8=4 min=3 mean=3.5 max=4 (76.3s, 96.3 ep/s, step=12.7ms, gpu=0%)
[288/304] hidden=[48, 48, 48] omega0=17.5 lr=0.0001 epochs=6000 npp=512 seed=2024 ...
  Epoch     1/6000  loss=3.8109e-01  lr=1.00e-04  (0.0s)
    -> I1=4 I2=3 I3=3 I4=4 I5=4 I6=4 I7=4 I8=5 min=3 mean=3.9 max=5 (76.4s, 96.2 ep/s, step=12.7ms, gpu=0%)
[289/304] hidden=[48, 48, 48] omega0=17.5 lr=0.0001 epochs=6000 npp=512 seed=7 ...
  Epoch     1/6000  loss=3.3741e-01  lr=1.00e-04  (0.0s)
    -> I1=3 I2=4 I3=3 I4=4 I5=3 I6=3 I7=5 I8=5 min=3 mean=3.8 max=5 (76.2s, 96.4 ep/s, step=12.7ms, gpu=0%)
[290/304] hidden=[48, 48, 48] omega0=17.5 lr=0.0001 epochs=6000 npp=512 seed=999 ...
  Epoch     1/6000  loss=4.1008e-01  lr=1.00e-04  (0.0s)
    -> I1=3 I2=3 I3=4 I4=4 I5=2 I6=3 I7=3 I8=4 min=2 mean=3.2 max=4 (76.3s, 96.3 ep/s, step=12.7ms, gpu=0%)
[291/304] hidden=[48, 48, 48] omega0=17.5 lr=0.0001 epochs=6000 npp=1024 seed=42 ...
  Epoch     1/6000  loss=3.5381e-01  lr=1.00e-04  (0.0s)
    -> I1=3 I2=5 I3=3 I4=4 I5=3 I6=3 I7=3 I8=6 min=3 mean=3.8 max=6 (76.4s, 97.6 ep/s, step=12.7ms, gpu=0%)
[292/304] hidden=[48, 48, 48] omega0=17.5 lr=0.0001 epochs=6000 npp=1024 seed=137 ...
  Epoch     1/6000  loss=3.7172e-01  lr=1.00e-04  (0.0s)
    -> I1=3 I2=4 I3=3 I4=4 I5=3 I6=4 I7=4 I8=6 min=3 mean=3.9 max=6 (76.4s, 97.6 ep/s, step=12.7ms, gpu=0%)
[293/304] hidden=[48, 48, 48] omega0=17.5 lr=0.0001 epochs=6000 npp=1024 seed=2024 ...
  Epoch     1/6000  loss=3.7526e-01  lr=1.00e-04  (0.0s)
    -> I1=4 I2=3 I3=4 I4=4 I5=3 I6=5 I7=4 I8=4 min=3 mean=3.9 max=5 (76.4s, 97.6 ep/s, step=12.7ms, gpu=0%)
[294/304] hidden=[48, 48, 48] omega0=17.5 lr=0.0001 epochs=6000 npp=1024 seed=7 ...
  Epoch     1/6000  loss=3.6805e-01  lr=1.00e-04  (0.0s)
    -> I1=3 I2=3 I3=3 I4=5 I5=4 I6=3 I7=3 I8=6 min=3 mean=3.8 max=6 (76.5s, 97.5 ep/s, step=12.7ms, gpu=0%)
[295/304] hidden=[48, 48, 48] omega0=17.5 lr=0.0001 epochs=6000 npp=1024 seed=999 ...
  Epoch     1/6000  loss=3.6932e-01  lr=1.00e-04  (0.0s)
    -> I1=3 I2=4 I3=4 I4=4 I5=3 I6=4 I7=4 I8=4 min=3 mean=3.8 max=4 (76.4s, 97.6 ep/s, step=12.7ms, gpu=0%)
[296/304] hidden=[48, 48, 48] omega0=17.5 lr=0.0001 epochs=6000 npp=2048 seed=42 ...
  Epoch     1/6000  loss=3.8211e-01  lr=1.00e-04  (0.0s)
    -> I1=4 I2=4 I3=4 I4=4 I5=3 I6=4 I7=4 I8=4 min=3 mean=3.9 max=4 (78.8s, 96.7 ep/s, step=13.1ms, gpu=0%)
[297/304] hidden=[48, 48, 48] omega0=17.5 lr=0.0001 epochs=6000 npp=2048 seed=137 ...
  Epoch     1/6000  loss=3.5797e-01  lr=1.00e-04  (0.0s)
    -> I1=4 I2=5 I3=4 I4=5 I5=3 I6=3 I7=4 I8=4 min=3 mean=4.0 max=5 (78.8s, 96.7 ep/s, step=13.1ms, gpu=0%)
[298/304] hidden=[48, 48, 48] omega0=17.5 lr=0.0001 epochs=6000 npp=2048 seed=2024 ...
  Epoch     1/6000  loss=3.7630e-01  lr=1.00e-04  (0.0s)
    -> I1=3 I2=4 I3=4 I4=4 I5=4 I6=4 I7=4 I8=4 min=3 mean=3.9 max=4 (78.7s, 96.8 ep/s, step=13.1ms, gpu=0%)
[299/304] hidden=[48, 48, 48] omega0=17.5 lr=0.0001 epochs=6000 npp=2048 seed=7 ...
  Epoch     1/6000  loss=3.8447e-01  lr=1.00e-04  (0.0s)
    -> I1=4 I2=4 I3=3 I4=4 I5=4 I6=3 I7=4 I8=4 min=3 mean=3.8 max=4 (78.8s, 96.7 ep/s, step=13.1ms, gpu=0%)
[300/304] hidden=[48, 48, 48] omega0=17.5 lr=0.0001 epochs=6000 npp=2048 seed=999 ...
  Epoch     1/6000  loss=3.9100e-01  lr=1.00e-04  (0.0s)
    -> I1=3 I2=3 I3=3 I4=4 I5=3 I6=3 I7=3 I8=4 min=3 mean=3.2 max=4 (78.8s, 96.7 ep/s, step=13.1ms, gpu=0%)
[301/304] hidden=[48, 48, 48] omega0=17.5 lr=0.0002 epochs=6000 npp=512 seed=42 ...
  Epoch     1/6000  loss=3.5174e-01  lr=2.00e-04  (0.0s)
    -> I1=3 I2=5 I3=3 I4=5 I5=4 I6=5 I7=5 I8=5 min=3 mean=4.4 max=5 (76.3s, 96.3 ep/s, step=12.7ms, gpu=0%)
[302/304] hidden=[48, 48, 48] omega0=17.5 lr=0.0002 epochs=6000 npp=512 seed=137 ...
  Epoch     1/6000  loss=3.4413e-01  lr=2.00e-04  (0.0s)
    -> I1=3 I2=4 I3=5 I4=4 I5=4 I6=4 I7=4 I8=4 min=3 mean=4.0 max=5 (76.4s, 96.3 ep/s, step=12.7ms, gpu=0%)
[303/304] hidden=[48, 48, 48] omega0=17.5 lr=0.0002 epochs=6000 npp=512 seed=2024 ...
  Epoch     1/6000  loss=3.8109e-01  lr=2.00e-04  (0.0s)
    -> I1=3 I2=4 I3=4 I4=4 I5=4 I6=5 I7=4 I8=4 min=3 mean=4.0 max=5 (76.3s, 96.4 ep/s, step=12.7ms, gpu=0%)
[304/304] hidden=[48, 48, 48] omega0=17.5 lr=0.0002 epochs=6000 npp=512 seed=7 ...
  Epoch     1/6000  loss=3.3741e-01  lr=2.00e-04  (0.0s)
    -> I1=3 I2=4 I3=3 I4=4 I5=3 I6=4 I7=5 I8=4 min=3 mean=3.8 max=5 (76.4s, 96.2 ep/s, step=12.7ms, gpu=0%)

============================================================================================================================================
  RANKED RESULTS (best first) — GPU 0
============================================================================================================================================
    # hidden           omega0       lr epochs   npp  seed   min_loss mean_relerr  I1  I2  I3  I4  I5  I6  I7  I8  min  mean  max   wall   ep/s   step  gpu%
--------------------------------------------------------------------------------------------------------------------------------------------
    1 [48, 48, 48]       15.0  2.0e-04  10000   512   137  2.554e-04   3.183e-04   5   5   4   7   4   5   5   5    4   5.0    7  127.1   96.4   12.7     0
    2 [48, 48, 48]       15.0  2.0e-04  10000  1024  2024  1.971e-04   3.840e-04   4   4   5   5   6   5   4   5    4   4.8    6  127.4   97.6   12.7     0
    3 [48, 48, 48]       15.0  2.0e-04  10000  2048   137  1.355e-04   4.060e-04   4   5   5   5   4   5   5   5    4   4.8    5  131.3   96.7   13.1     0
    4 [48, 48, 48]       12.5  2.0e-04  10000  2048  2024  1.223e-04   4.447e-04   4   4   4   5   4   5   4   5    4   4.4    5  131.2   96.8   13.1     0
    5 [48, 48, 48]       15.0  1.0e-04  10000  2048   137  2.129e-04   4.701e-04   5   4   5   5   4   4   4   5    4   4.5    5  131.2   96.7   13.1     0
    6 [48, 48, 48]       12.5  2.0e-04  10000  2048     7  2.853e-04   4.741e-04   5   5   4   5   4   5   4   5    4   4.6    5  131.2   96.8   13.1     0
    7 [48, 48, 48]       12.5  2.0e-04   8000  2048  2024  1.695e-04   4.940e-04   4   4   4   7   4   5   6   4    4   4.8    7  105.0   96.8   13.1     0
    8 [48, 48, 48]       15.0  2.0e-04  10000   512     7  2.845e-04   5.589e-04   4   4   4   6   4   5   5   4    4   4.5    6  127.1   96.3   12.7     0
    9 [48, 48, 48]       12.5  2.0e-04  10000  2048   137  1.302e-04   5.798e-04   4   5   4   4   4   5   4   5    4   4.4    5  131.9   96.2   13.2     0
   10 [48, 48, 48]       15.0  2.0e-04   8000  1024   137  2.354e-04   6.399e-04   4   4   4   5   4   4   4   5    4   4.2    5  102.0   97.5   12.7     0
   11 [48, 48, 48]       15.0  2.0e-04   8000  2048  2024  1.966e-04   6.463e-04   5   4   4   5   5   4   4   5    4   4.5    5  105.0   96.7   13.1     0
   12 [48, 48, 48]       12.5  2.0e-04  10000  2048    42  1.823e-04   7.775e-04   4   4   5   5   4   4   4   4    4   4.2    5  131.0   96.9   13.1     0
   13 [48, 48, 48]       15.0  2.0e-04  10000  1024    42  2.419e-04   8.464e-04   4   4   4   5   4   5   4   4    4   4.2    5  127.3   97.6   12.7     0
   14 [48, 48, 48]       12.5  2.0e-04   6000   512   137  4.656e-04   8.568e-04   4   4   4   4   4   4   5   4    4   4.1    5   76.3   96.3   12.7     0
   15 [48, 48, 48]       15.0  2.0e-04   6000  2048  2024  2.986e-04   8.914e-04   4   4   4   5   4   4   4   6    4   4.4    6   78.7   96.8   13.1     0
   16 [48, 48, 48]       12.5  2.0e-04   6000  2048  2024  2.688e-04   9.233e-04   4   5   4   5   4   4   4   4    4   4.2    5   78.7   96.7   13.1     0
   17 [48, 48, 48]       12.5  2.0e-04   8000  2048   999  3.470e-04   9.781e-04   4   6   4   4   4   4   5   4    4   4.4    6  105.2   96.7   13.1     0
   18 [48, 48, 48]       15.0  1.0e-04   8000  2048     7  5.614e-04   1.081e-03   4   5   4   4   4   4   4   4    4   4.1    5  104.9   96.8   13.1     0
   19 [48, 48, 48]       12.5  2.0e-04  10000   512  2024  1.992e-04   1.174e-03   4   4   4   4   5   4   4   4    4   4.1    5  127.0   96.4   12.7     0
   20 [48, 48, 48]       15.0  1.0e-04   8000  1024   137  4.371e-04   1.409e-03   4   4   4   5   4   4   4   4    4   4.1    5  102.0   97.5   12.7     0
   21 [48, 48, 48]       15.0  2.0e-04  10000   512  2024  2.288e-04   1.692e-03   4   4   4   4   5   4   4   4    4   4.1    5  128.2   95.4   12.8     0
   22 [48, 48, 48]       12.5  1.0e-04  10000  2048    42  3.911e-04   1.786e-03   4   4   4   4   4   4   4   4    4   4.0    4  131.2   96.8   13.1     0
   23 [48, 48, 48]       17.5  5.0e-05   6000  2048    42  1.675e-03   2.132e-03   4   4   5   4   4   4   4   4    4   4.1    5   78.7   96.8   13.1     0
   24 [48, 48, 48]       15.0  2.0e-04   8000  1024     7  3.014e-04   6.824e-04   4   4   5   5   3   4   4   5    3   4.2    5  101.9   97.5   12.7     0
   25 [48, 48, 48]       15.0  2.0e-04   8000  1024    42  3.316e-04   7.008e-04   4   5   4   4   3   5   4   5    3   4.2    5  101.9   97.5   12.7     0
   26 [48, 48, 48]       15.0  2.0e-04   8000   512   999  5.295e-04   8.252e-04   3   5   4   4   4   5   4   4    3   4.1    5  101.8   96.2   12.7     0
   27 [48, 48, 48]       12.5  2.0e-04   8000  2048     7  4.008e-04   8.421e-04   3   4   4   4   4   5   5   4    3   4.1    5  106.0   95.6   13.2     0
   28 [48, 48, 48]       15.0  1.0e-04  10000  1024  2024  3.264e-04   8.519e-04   4   4   5   5   3   4   4   4    3   4.1    5  127.3   97.6   12.7     0
   29 [48, 48, 48]       15.0  2.0e-04   6000  2048    42  4.405e-04   8.937e-04   3   4   5   5   3   4   5   4    3   4.1    5   78.8   96.7   13.1     0
   30 [48, 48, 48]       12.5  2.0e-04  10000  1024   137  1.715e-04   9.070e-04   4   4   6   6   3   4   4   5    3   4.5    6  127.3   97.6   12.7     0
   31 [48, 48, 48]       12.5  2.0e-04  10000  1024    42  2.002e-04   9.136e-04   4   4   4   5   3   4   4   4    3   4.0    5  127.3   97.6   12.7     0
   32 [48, 48, 48]       12.5  2.0e-04   8000  2048   137  1.789e-04   9.218e-04   3   4   4   5   3   5   4   5    3   4.1    5  105.0   96.7   13.1     0
   33 [48, 48, 48]       12.5  2.0e-04   8000   512   137  3.023e-04   9.359e-04   3   4   4   5   4   4   4   5    3   4.1    5  102.2   95.8   12.7     0
   34 [48, 48, 48]       15.0  2.0e-04   8000   512  2024  3.298e-04   9.417e-04   4   4   4   5   3   4   4   5    3   4.1    5  101.9   96.3   12.7     0
   35 [48, 48, 48]       15.0  1.0e-04  10000   512  2024  4.298e-04   9.470e-04   4   4   4   5   3   4   4   4    3   4.0    5  127.2   96.3   12.7     0
   36 [48, 48, 48]       12.5  1.0e-04  10000  2048  2024  2.382e-04   9.988e-04   4   4   4   5   3   4   5   5    3   4.2    5  131.2   96.9   13.1     0
   37 [48, 48, 48]       17.5  2.0e-04   6000   512    42  6.024e-04   1.000e-03   3   5   3   5   4   5   5   5    3   4.4    5   76.3   96.3   12.7     0
   38 [48, 48, 48]       12.5  2.0e-04  10000  2048   999  2.442e-04   1.014e-03   4   4   4   4   3   4   4   4    3   3.9    4  131.2   96.8   13.1     0
   39 [48, 48, 48]       12.5  2.0e-04  10000  1024  2024  1.693e-04   1.014e-03   3   4   4   5   4   5   4   4    3   4.1    5  127.2   97.7   12.7     0
   40 [48, 48, 48]       15.0  2.0e-04   8000   512   137  3.268e-04   1.016e-03   3   4   4   4   3   4   4   6    3   4.0    6  101.7   96.4   12.7     0
   41 [48, 48, 48]       12.5  2.0e-04  10000   512   137  2.337e-04   1.082e-03   3   5   4   4   3   4   4   4    3   3.9    5  127.1   96.4   12.7     0
   42 [48, 48, 48]       12.5  1.0e-04  10000  2048   137  2.175e-04   1.084e-03   4   4   4   4   3   4   5   5    3   4.1    5  131.1   96.9   13.1     0
   43 [48, 48, 48]       15.0  2.0e-04   6000  1024     7  5.119e-04   1.134e-03   4   4   6   4   3   4   4   5    3   4.2    6   76.5   97.5   12.7     0
   44 [48, 48, 48]       15.0  1.0e-04   8000  2048   137  3.045e-04   1.160e-03   5   5   5   4   3   4   4   4    3   4.2    5  104.9   96.8   13.1     0
   45 [48, 48, 48]       12.5  1.0e-04  10000  2048     7  5.287e-04   1.165e-03   3   4   4   4   4   4   4   5    3   4.0    5  131.3   96.7   13.1     0
   46 [48, 48, 48]       12.5  2.0e-04   6000  1024  2024  3.602e-04   1.167e-03   3   5   4   4   4   4   4   7    3   4.4    7   76.5   97.5   12.7     0
   47 [48, 48, 48]       15.0  2.0e-04  10000  2048  2024  1.442e-04   1.178e-03   3   4   4   7   3   4   4   5    3   4.2    7  131.2   96.8   13.1     0
   48 [48, 48, 48]       15.0  2.0e-04   6000   512   137  4.929e-04   1.181e-03   5   5   3   4   4   4   4   4    3   4.1    5   76.3   96.3   12.7     0
   49 [48, 48, 48]       15.0  2.0e-04  10000  2048   999  1.931e-04   1.190e-03   3   4   5   4   4   4   4   4    3   4.0    5  131.3   96.7   13.1     0
   50 [48, 48, 48]       15.0  1.0e-04   8000  2048  2024  3.601e-04   1.197e-03   4   4   4   5   3   4   5   4    3   4.1    5  105.0   96.7   13.1     0
   51 [48, 48, 48]       12.5  1.0e-04   8000  1024  2024  4.237e-04   1.202e-03   5   5   4   6   4   4   3   5    3   4.5    6  101.9   97.6   12.7     0
   52 [48, 48, 48]       12.5  2.0e-04   6000  1024   999  6.784e-04   1.210e-03   4   4   4   4   3   4   4   5    3   4.0    5   76.5   97.5   12.7     0
   53 [48, 48, 48]       12.5  1.0e-04   8000  2048   137  3.075e-04   1.222e-03   4   4   4   4   3   4   5   5    3   4.1    5  105.0   96.8   13.1     0
   54 [48, 48, 48]       15.0  1.0e-04  10000  1024   137  3.113e-04   1.225e-03   3   5   3   4   4   4   4   5    3   4.0    5  127.3   97.6   12.7     0
   55 [48, 48, 48]       15.0  1.0e-04  10000  2048    42  4.266e-04   1.240e-03   5   4   4   4   3   4   4   5    3   4.1    5  131.2   96.8   13.1     0
   56 [48, 48, 48]       12.5  2.0e-04  10000  1024     7  3.411e-04   1.242e-03   4   5   4   5   3   5   4   4    3   4.2    5  127.3   97.6   12.7     0
   57 [48, 48, 48]       12.5  1.0e-04   6000  2048   137  4.960e-04   1.257e-03   4   4   4   4   3   4   4   6    3   4.1    6   78.8   96.8   13.1     0
   58 [48, 48, 48]       15.0  2.0e-04   8000  2048   999  2.554e-04   1.260e-03   3   5   5   4   4   4   4   4    3   4.1    5  105.0   96.8   13.1     0
   59 [48, 48, 48]       15.0  2.0e-04   8000  2048    42  2.949e-04   1.260e-03   3   4   4   5   3   4   4   5    3   4.0    5  105.0   96.8   13.1     0
   60 [48, 48, 48]       12.5  2.0e-04   6000  2048   999  5.430e-04   1.284e-03   4   4   4   4   3   4   4   6    3   4.1    6   78.9   96.5   13.1     0
   61 [48, 48, 48]       15.0  1.0e-04  10000  2048  2024  2.455e-04   1.286e-03   4   4   5   5   3   4   4   4    3   4.1    5  131.1   96.8   13.1     0
   62 [48, 48, 48]       15.0  2.0e-04   6000  2048   999  4.163e-04   1.288e-03   5   4   4   4   3   4   5   6    3   4.4    6   78.8   96.7   13.1     0
   63 [48, 48, 48]       15.0  2.0e-04   6000  1024    42  4.737e-04   1.299e-03   4   4   5   4   3   4   4   5    3   4.1    5   76.4   97.6   12.7     0
   64 [48, 48, 48]       17.5  2.0e-04   6000   512  2024  4.687e-04   1.315e-03   3   4   4   4   4   5   4   4    3   4.0    5   76.3   96.4   12.7     0
   65 [48, 48, 48]       17.5  1.0e-04   6000  2048  2024  1.021e-03   1.346e-03   3   4   4   4   4   4   4   4    3   3.9    4   78.7   96.8   13.1     0
   66 [48, 48, 48]       12.5  1.0e-04   8000  2048  2024  3.437e-04   1.359e-03   4   4   4   4   3   4   4   5    3   4.0    5  105.1   96.7   13.1     0
   67 [48, 48, 48]       12.5  5.0e-05  10000  2048  2024  5.029e-04   1.361e-03   3   4   5   4   4   3   4   5    3   4.0    5  131.2   96.8   13.1     0
   68 [48, 48, 48]       15.0  5.0e-05  10000  2048  2024  5.120e-04   1.361e-03   4   4   4   4   3   5   4   4    3   4.0    5  131.2   96.7   13.1     0
   69 [48, 48, 48]       15.0  1.0e-04  10000   512   999  8.366e-04   1.367e-03   4   4   4   4   3   5   3   4    3   3.9    5  127.2   96.3   12.7     0
   70 [48, 48, 48]       15.0  2.0e-04  10000  2048     7  1.822e-04   1.371e-03   3   4   4   4   3   4   4   5    3   3.9    5  131.3   96.7   13.1     0
   71 [48, 48, 48]       15.0  1.0e-04  10000  1024    42  4.631e-04   1.376e-03   3   4   3   5   4   4   4   5    3   4.0    5  127.3   97.6   12.7     0
   72 [48, 48, 48]       12.5  1.0e-04  10000  1024   137  3.053e-04   1.377e-03   3   5   4   4   3   5   4   4    3   4.0    5  127.4   97.6   12.7     0
   73 [48, 48, 48]       15.0  2.0e-04  10000   512    42  3.320e-04   1.384e-03   3   4   4   5   4   5   4   5    3   4.2    5  127.1   96.4   12.7     0
   74 [48, 48, 48]       12.5  1.0e-04  10000  1024  2024  2.872e-04   1.392e-03   4   4   4   4   4   4   3   4    3   3.9    4  127.4   97.6   12.7     0
   75 [48, 48, 48]       12.5  2.0e-04   8000  2048    42  2.572e-04   1.417e-03   3   4   4   5   3   4   4   5    3   4.0    5  104.9   96.8   13.1     0
   76 [48, 48, 48]       15.0  2.0e-04   8000  2048     7  2.660e-04   1.434e-03   3   4   4   4   3   4   4   4    3   3.8    4  105.1   96.7   13.1     0
   77 [48, 48, 48]       15.0  2.0e-04   8000   512     7  4.223e-04   1.445e-03   3   4   5   4   3   4   4   4    3   3.9    5  101.7   96.3   12.7     0
   78 [48, 48, 48]       15.0  5.0e-05  10000  2048    42  8.196e-04   1.445e-03   3   4   4   5   4   3   4   5    3   4.0    5  131.3   96.8   13.1     0
   79 [48, 48, 48]       12.5  1.0e-04  10000   512  2024  4.013e-04   1.448e-03   4   4   4   4   3   4   4   4    3   3.9    4  127.0   96.3   12.7     0
   80 [48, 48, 48]       12.5  1.0e-04   8000   512  2024  5.734e-04   1.458e-03   3   4   4   4   4   4   4   4    3   3.9    4  101.8   96.2   12.7     0
   81 [48, 48, 48]       15.0  5.0e-05  10000  2048   137  5.390e-04   1.495e-03   4   4   4   4   3   4   3   4    3   3.8    4  131.2   96.8   13.1     0
   82 [48, 48, 48]       12.5  2.0e-04   8000  1024    42  2.774e-04   1.516e-03   4   4   4   4   3   4   4   5    3   4.0    5  101.9   97.6   12.7     0
   83 [48, 48, 48]       15.0  2.0e-04  10000  1024   137  1.743e-04   1.522e-03   3   4   4   4   3   4   4   4    3   3.8    4  127.4   97.5   12.7     0
   84 [48, 48, 48]       17.5  1.0e-04   6000  2048    42  6.860e-04   1.552e-03   4   4   4   4   3   4   4   4    3   3.9    4   78.8   96.7   13.1     0
   85 [48, 48, 48]       17.5  1.0e-04   6000   512  2024  1.316e-03   1.552e-03   4   3   3   4   4   4   4   5    3   3.9    5   76.4   96.2   12.7     0
   86 [48, 48, 48]       15.0  2.0e-04   6000  2048   137  2.649e-04   1.562e-03   4   4   4   4   4   4   3   4    3   3.9    4   78.8   96.7   13.1     0
   87 [48, 48, 48]       15.0  1.0e-04   6000  2048   137  4.913e-04   1.564e-03   4   4   5   4   3   4   4   4    3   4.0    5   78.8   96.7   13.1     0
   88 [48, 48, 48]       12.5  1.0e-04  10000  1024   999  6.531e-04   1.565e-03   3   4   4   4   3   5   4   5    3   4.0    5  127.4   97.5   12.7     0
   89 [48, 48, 48]       15.0  2.0e-04   6000  1024  2024  4.175e-04   1.572e-03   3   4   4   5   3   4   4   4    3   3.9    5   76.4   97.5   12.7     0
   90 [48, 48, 48]       15.0  1.0e-04   6000  2048  2024  5.926e-04   1.574e-03   3   4   4   4   3   4   4   4    3   3.8    4   78.8   96.7   13.1     0
   91 [48, 48, 48]       15.0  2.0e-04   6000  2048     7  4.185e-04   1.588e-03   4   4   3   5   3   4   4   4    3   3.9    5   78.8   96.7   13.1     0
   92 [48, 48, 48]       15.0  1.0e-04   8000  1024  2024  4.629e-04   1.593e-03   4   5   5   4   3   4   4   4    3   4.1    5  101.8   97.6   12.7     0
   93 [48, 48, 48]       12.5  2.0e-04   6000   512    42  6.694e-04   1.650e-03   3   4   5   4   3   4   4   4    3   3.9    5   76.4   96.2   12.7     0
   94 [48, 48, 48]       12.5  1.0e-04   8000  1024   137  4.251e-04   1.654e-03   4   4   4   4   3   4   4   5    3   4.0    5  101.9   97.5   12.7     0
   95 [48, 48, 48]       12.5  2.0e-04   6000  1024   137  3.421e-04   1.674e-03   3   4   4   5   3   4   4   4    3   3.9    5   76.5   97.5   12.7     0
   96 [48, 48, 48]       15.0  1.0e-04   8000   512   999  1.171e-03   1.681e-03   4   4   5   4   5   4   3   5    3   4.2    5  101.7   96.3   12.7     0
   97 [48, 48, 48]       15.0  1.0e-04   8000  1024    42  6.842e-04   1.684e-03   3   4   3   5   3   4   4   5    3   3.9    5  101.8   97.6   12.7     0
   98 [48, 48, 48]       15.0  2.0e-04   6000  1024   137  3.556e-04   1.688e-03   3   4   4   4   4   4   4   4    3   3.9    4   76.4   97.5   12.7     0
   99 [48, 48, 48]       17.5  2.0e-04   6000   512   137  6.138e-04   1.704e-03   3   4   5   4   4   4   4   4    3   4.0    5   76.4   96.3   12.7     0
  100 [48, 48, 48]       15.0  1.0e-04  10000  2048     7  3.859e-04   1.709e-03   3   4   4   4   3   4   4   4    3   3.8    4  131.2   96.8   13.1     0
  101 [48, 48, 48]       12.5  2.0e-04   6000  2048    42  3.965e-04   1.717e-03   3   4   4   5   3   4   3   4    3   3.8    5   78.8   96.7   13.1     0
  102 [48, 48, 48]       15.0  1.0e-04   8000  1024     7  7.457e-04   1.728e-03   3   4   4   5   3   4   3   5    3   3.9    5  101.9   97.5   12.7     0
  103 [48, 48, 48]       12.5  2.0e-04   6000  2048     7  6.281e-04   1.751e-03   3   4   4   4   3   4   4   5    3   3.9    5   78.8   96.7   13.1     0
  104 [48, 48, 48]       15.0  2.0e-04   8000  2048   137  1.780e-04   1.757e-03   4   4   4   4   3   4   4   4    3   3.9    4  105.1   96.7   13.1     0
  105 [48, 48, 48]       12.5  2.0e-04   8000  1024     7  4.670e-04   1.777e-03   3   4   5   5   3   4   4   4    3   4.0    5  101.9   97.5   12.7     0
  106 [48, 48, 48]       15.0  1.0e-04  10000  1024     7  4.740e-04   1.801e-03   3   4   4   4   3   4   4   5    3   3.9    5  127.4   97.6   12.7     0
  107 [48, 48, 48]       15.0  1.0e-04   8000  2048    42  6.270e-04   1.837e-03   4   4   5   4   3   4   4   4    3   4.0    5  104.9   96.8   13.1     0
  108 [48, 48, 48]       12.5  1.0e-04   8000  1024   999  9.194e-04   1.838e-03   3   4   4   4   3   4   4   4    3   3.8    4  101.9   97.5   12.7     0
  109 [48, 48, 48]       17.5  1.0e-04   6000  1024   999  1.375e-03   1.858e-03   3   4   4   4   3   4   4   4    3   3.8    4   76.4   97.6   12.7     0
  110 [48, 48, 48]       12.5  2.0e-04   8000  1024  2024  2.287e-04   1.861e-03   4   5   4   4   3   4   3   4    3   3.9    5  101.9   97.6   12.7     0
  111 [48, 48, 48]       17.5  1.0e-04   6000  2048   137  7.142e-04   1.861e-03   4   5   4   5   3   3   4   4    3   4.0    5   78.8   96.7   13.1     0
  112 [48, 48, 48]       15.0  1.0e-04   6000  2048     7  9.119e-04   1.869e-03   3   4   4   4   4   4   4   4    3   3.9    4   78.8   96.7   13.1     0
  113 [48, 48, 48]       15.0  5.0e-05  10000  1024   137  7.304e-04   1.910e-03   4   4   4   4   3   4   3   4    3   3.8    4  127.4   97.6   12.7     0
  114 [48, 48, 48]       12.5  2.0e-04  10000  1024   999  3.064e-04   1.918e-03   3   3   4   4   3   4   4   5    3   3.8    5  127.3   97.6   12.7     0
  115 [48, 48, 48]       15.0  5.0e-05  10000   512   137  9.657e-04   1.925e-03   3   4   4   4   4   3   4   5    3   3.9    5  127.3   96.2   12.7     0
  116 [48, 48, 48]       15.0  1.0e-04   8000   512   137  6.201e-04   1.955e-03   3   3   3   5   4   4   4   4    3   3.8    5  101.7   96.4   12.7     0
  117 [48, 48, 48]       17.5  1.0e-04   6000  2048     7  9.045e-04   1.965e-03   4   4   3   4   4   3   4   4    3   3.8    4   78.8   96.7   13.1     0
  118 [48, 48, 48]       15.0  5.0e-05  10000  1024   999  1.311e-03   1.967e-03   3   4   4   4   3   5   4   4    3   3.9    5  127.4   97.5   12.7     0
  119 [48, 48, 48]       15.0  5.0e-05   8000  2048   137  7.842e-04   1.970e-03   4   4   4   4   3   4   3   4    3   3.8    4  105.0   96.7   13.1     0
  120 [48, 48, 48]       12.5  2.0e-04  10000   512    42  3.005e-04   1.993e-03   3   4   3   4   3   4   4   4    3   3.6    4  127.1   96.4   12.7     0
  121 [48, 48, 48]       12.5  2.0e-04   8000   512  2024  2.659e-04   1.995e-03   3   4   4   4   3   4   4   5    3   3.9    5  101.8   96.3   12.7     0
  122 [48, 48, 48]       17.5  1.0e-04   6000  1024  2024  1.310e-03   2.002e-03   4   3   4   4   3   5   4   4    3   3.9    5   76.4   97.6   12.7     0
  123 [48, 48, 48]       17.5  1.0e-04   6000  1024   137  8.262e-04   2.007e-03   3   4   3   4   3   4   4   6    3   3.9    6   76.4   97.6   12.7     0
  124 [48, 48, 48]       12.5  1.0e-04   6000  1024  2024  6.884e-04   2.007e-03   4   4   4   4   5   3   3   4    3   3.9    5   76.6   97.3   12.7     0
  125 [48, 48, 48]       15.0  1.0e-04   6000  1024   137  7.064e-04   2.042e-03   3   5   4   4   3   4   3   5    3   3.9    5   76.4   97.6   12.7     0
  126 [48, 48, 48]       15.0  1.0e-04   8000   512    42  7.900e-04   2.051e-03   4   4   4   4   3   4   4   4    3   3.9    4  101.7   96.4   12.7     0
  127 [48, 48, 48]       12.5  5.0e-05   8000  2048  2024  7.650e-04   2.060e-03   4   4   5   4   4   3   4   4    3   4.0    5  105.0   96.8   13.1     0
  128 [48, 48, 48]       15.0  2.0e-04   6000   512   999  8.058e-04   2.065e-03   3   4   4   4   3   5   4   5    3   4.0    5   76.4   96.2   12.7     0
  129 [48, 48, 48]       12.5  5.0e-05  10000  1024  2024  7.141e-04   2.079e-03   4   3   4   6   3   3   3   5    3   3.9    6  127.3   97.5   12.7     0
  130 [48, 48, 48]       15.0  5.0e-05  10000  2048     7  9.594e-04   2.113e-03   4   3   4   4   3   4   4   5    3   3.9    5  131.1   96.8   13.1     0
  131 [48, 48, 48]       15.0  2.0e-04   6000  1024   999  6.403e-04   2.118e-03   3   4   4   4   3   4   4   4    3   3.8    4   76.4   97.5   12.7     0
  132 [48, 48, 48]       15.0  5.0e-05  10000   512  2024  8.621e-04   2.121e-03   3   5   4   4   4   4   3   4    3   3.9    5  127.1   96.4   12.7     0
  133 [48, 48, 48]       15.0  1.0e-04  10000   512     7  7.432e-04   2.122e-03   4   4   3   5   3   4   3   4    3   3.8    5  127.1   96.4   12.7     0
  134 [48, 48, 48]       12.5  1.0e-04   8000   512   137  5.626e-04   2.142e-03   4   4   4   4   3   4   4   4    3   3.9    4  101.7   96.4   12.7     0
  135 [48, 48, 48]       15.0  1.0e-04   6000  2048    42  9.716e-04   2.143e-03   3   4   3   5   3   3   4   4    3   3.6    5   79.9   94.9   13.3     0
  136 [48, 48, 48]       15.0  5.0e-05  10000  1024    42  1.027e-03   2.143e-03   3   4   4   4   4   4   3   4    3   3.8    4  127.4   97.6   12.7     0
  137 [48, 48, 48]       15.0  2.0e-04   6000   512    42  6.669e-04   2.174e-03   4   4   4   4   3   3   4   4    3   3.8    4   76.2   96.4   12.7     0
  138 [48, 48, 48]       12.5  1.0e-04   8000  1024     7  8.839e-04   2.179e-03   3   5   4   4   3   4   4   4    3   3.9    5  101.9   97.6   12.7     0
  139 [48, 48, 48]       12.5  2.0e-04   6000  1024     7  7.151e-04   2.187e-03   3   4   3   5   3   6   4   4    3   4.0    6   76.4   97.6   12.7     0
  140 [48, 48, 48]       12.5  1.0e-04   8000  2048   999  7.601e-04   2.187e-03   3   4   4   5   3   5   4   4    3   4.0    5  105.1   96.7   13.1     0
  141 [48, 48, 48]       12.5  1.0e-04   8000  2048     7  7.389e-04   2.189e-03   3   4   4   4   3   4   4   5    3   3.9    5  105.0   96.8   13.1     0
  142 [48, 48, 48]       12.5  1.0e-04   8000   512    42  9.291e-04   2.193e-03   4   4   3   5   3   4   4   4    3   3.9    5  101.9   96.2   12.7     0
  143 [48, 48, 48]       15.0  1.0e-04   8000   512  2024  6.085e-04   2.204e-03   3   4   4   5   3   4   4   4    3   3.9    5  101.7   96.4   12.7     0
  144 [48, 48, 48]       15.0  5.0e-05  10000  2048   999  1.124e-03   2.221e-03   3   5   4   4   4   3   3   4    3   3.8    5  131.1   96.8   13.1     0
  145 [48, 48, 48]       15.0  1.0e-04   6000  1024    42  1.074e-03   2.248e-03   3   4   3   4   3   4   4   4    3   3.6    4   76.3   97.7   12.7     0
  146 [48, 48, 48]       12.5  1.0e-04  10000  2048   999  5.412e-04   2.249e-03   3   4   4   4   3   4   3   4    3   3.6    4  131.3   96.8   13.1     0
  147 [48, 48, 48]       12.5  1.0e-04   6000  2048     7  1.171e-03   2.283e-03   3   4   4   4   3   4   4   4    3   3.8    4   78.8   96.6   13.1     0
  148 [48, 48, 48]       15.0  1.0e-04  10000  1024   999  6.233e-04   2.313e-03   3   4   4   4   3   5   3   4    3   3.8    5  127.3   97.6   12.7     0
  149 [48, 48, 48]       12.5  2.0e-04   8000   512     7  5.828e-04   2.324e-03   3   3   4   4   3   4   4   4    3   3.6    4  101.7   96.3   12.7     0
  150 [48, 48, 48]       15.0  5.0e-05   8000  2048   999  1.577e-03   2.328e-03   3   4   5   5   3   3   4   4    3   3.9    5  105.0   96.8   13.1     0
  151 [48, 48, 48]       15.0  2.0e-04  10000  1024   999  3.085e-04   2.357e-03   3   4   3   4   3   4   4   4    3   3.6    4  127.4   97.5   12.7     0
  152 [48, 48, 48]       12.5  2.0e-04   6000  1024    42  4.194e-04   2.363e-03   3   4   5   4   3   4   3   4    3   3.8    5   76.4   97.5   12.7     0
  153 [48, 48, 48]       15.0  2.0e-04  10000   512   999  4.054e-04   2.364e-03   3   5   3   5   3   5   3   4    3   3.9    5  127.2   96.3   12.7     0
  154 [48, 48, 48]       12.5  2.0e-04  10000   512     7  4.232e-04   2.372e-03   3   4   4   4   3   4   3   5    3   3.8    5  127.1   96.3   12.7     0
  155 [48, 48, 48]       12.5  1.0e-04   6000  1024     7  1.377e-03   2.372e-03   3   4   3   5   3   4   5   4    3   3.9    5   76.4   97.6   12.7     0
  156 [48, 48, 48]       15.0  2.0e-04  10000  1024     7  2.057e-04   2.375e-03   3   4   3   4   3   4   4   4    3   3.6    4  127.3   97.5   12.7     0
  157 [48, 48, 48]       15.0  2.0e-04   8000  1024  2024  2.673e-04   2.384e-03   3   4   4   4   3   4   3   4    3   3.6    4  102.1   97.4   12.7     0
  158 [48, 48, 48]       12.5  5.0e-05   8000  1024  2024  1.048e-03   2.386e-03   4   3   5   4   3   3   3   4    3   3.6    5  101.9   97.6   12.7     0
  159 [48, 48, 48]       12.5  1.0e-04   8000  1024    42  7.069e-04   2.404e-03   3   4   4   4   3   5   4   4    3   3.9    5  102.1   97.4   12.7     0
  160 [48, 48, 48]       12.5  1.0e-04  10000   512    42  6.288e-04   2.406e-03   3   4   4   4   3   4   3   5    3   3.8    5  127.1   96.4   12.7     0
  161 [48, 48, 48]       15.0  5.0e-05   6000  2048   137  1.278e-03   2.432e-03   3   4   5   4   3   4   4   4    3   3.9    5   78.8   96.6   13.1     0
  162 [48, 48, 48]       15.0  1.0e-04  10000   512    42  5.793e-04   2.461e-03   3   3   4   4   4   4   4   4    3   3.8    4  127.2   96.2   12.7     0
  163 [48, 48, 48]       17.5  5.0e-05   6000  2048   137  1.516e-03   2.468e-03   3   3   4   4   5   3   3   4    3   3.6    5   78.8   96.7   13.1     0
  164 [48, 48, 48]       17.5  1.0e-04   6000   512     7  1.453e-03   2.471e-03   3   4   3   4   3   3   5   5    3   3.8    5   76.2   96.4   12.7     0
  165 [48, 48, 48]       12.5  1.0e-04   8000  2048    42  5.858e-04   2.475e-03   4   4   4   4   3   4   3   4    3   3.8    4  105.1   96.7   13.1     0
  166 [48, 48, 48]       12.5  1.0e-04   6000  1024   137  6.597e-04   2.489e-03   4   4   5   4   3   5   4   4    3   4.1    5   77.1   97.0   12.8     0
  167 [48, 48, 48]       15.0  5.0e-05   8000  2048  2024  7.459e-04   2.517e-03   4   4   4   5   4   4   3   4    3   4.0    5  104.9   96.8   13.1     0
  168 [48, 48, 48]       12.5  1.0e-04  10000   512     7  8.366e-04   2.521e-03   3   3   4   5   3   4   4   4    3   3.8    5  127.1   96.4   12.7     0
  169 [48, 48, 48]       15.0  1.0e-04   8000  1024   999  8.717e-04   2.538e-03   3   4   5   4   3   4   3   4    3   3.8    5  101.8   97.6   12.7     0
  170 [48, 48, 48]       12.5  5.0e-05  10000  2048   137  4.768e-04   2.548e-03   4   4   4   4   3   3   3   4    3   3.6    4  131.3   96.7   13.1     0
  171 [48, 48, 48]       12.5  5.0e-05  10000  2048     7  9.624e-04   2.601e-03   3   5   3   4   3   4   4   4    3   3.8    5  131.3   96.7   13.1     0
  172 [48, 48, 48]       15.0  5.0e-05  10000  1024     7  1.227e-03   2.614e-03   3   3   4   4   3   4   3   5    3   3.6    5  127.3   97.6   12.7     0
  173 [48, 48, 48]       15.0  2.0e-04  10000  2048    42  2.044e-04   2.628e-03   4   4   4   4   3   3   3   4    3   3.6    4  131.3   96.7   13.1     0
  174 [48, 48, 48]       12.5  2.0e-04  10000   512   999  4.200e-04   2.638e-03   3   4   4   4   3   4   3   4    3   3.6    4  127.2   96.3   12.7     0
  175 [48, 48, 48]       12.5  1.0e-04   8000   512     7  1.190e-03   2.653e-03   3   4   4   5   3   5   4   4    3   4.0    5  101.8   96.3   12.7     0
  176 [48, 48, 48]       15.0  5.0e-05   8000  1024  2024  1.088e-03   2.670e-03   5   5   3   5   3   4   3   4    3   4.0    5  101.9   97.5   12.7     0
  177 [48, 48, 48]       15.0  1.0e-04  10000   512   137  4.320e-04   2.675e-03   3   4   4   4   4   3   3   4    3   3.6    4  127.1   96.3   12.7     0
  178 [48, 48, 48]       15.0  5.0e-05  10000   512     7  1.744e-03   2.697e-03   3   4   5   4   4   4   3   4    3   3.9    5  127.2   96.4   12.7     0
  179 [48, 48, 48]       15.0  2.0e-04   6000   512  2024  4.869e-04   2.701e-03   3   4   3   4   3   4   3   4    3   3.5    4   76.3   96.3   12.7     0
  180 [48, 48, 48]       15.0  1.0e-04   6000   512  2024  9.124e-04   2.711e-03   3   4   3   4   4   4   5   4    3   3.9    5   76.3   96.3   12.7     0
  181 [48, 48, 48]       17.5  2.0e-04   6000   512     7  7.608e-04   2.712e-03   3   4   3   4   3   4   5   4    3   3.8    5   76.4   96.2   12.7     0
  182 [48, 48, 48]       12.5  1.0e-04   6000  1024   999  1.378e-03   2.717e-03   3   4   4   4   3   4   4   4    3   3.8    4   76.5   97.5   12.7     0
  183 [48, 48, 48]       12.5  5.0e-05  10000  1024   137  6.285e-04   2.758e-03   3   4   4   4   3   4   3   5    3   3.8    5  127.3   97.6   12.7     0
  184 [48, 48, 48]       15.0  5.0e-05   8000  2048     7  1.409e-03   2.759e-03   5   3   4   4   3   4   4   4    3   3.9    5  105.0   96.7   13.1     0
  185 [48, 48, 48]       12.5  1.0e-04  10000   512   999  8.162e-04   2.783e-03   3   4   3   4   3   4   4   4    3   3.6    4  127.1   96.4   12.7     0
  186 [48, 48, 48]       17.5  1.0e-04   6000  1024     7  9.944e-04   2.795e-03   3   3   3   5   4   3   3   6    3   3.8    6   76.5   97.5   12.7     0
  187 [48, 48, 48]       12.5  1.0e-04   6000  2048  2024  5.573e-04   2.803e-03   5   4   3   4   3   3   3   4    3   3.6    5   78.8   96.8   13.1     0
  188 [48, 48, 48]       12.5  5.0e-05   8000  2048   137  6.892e-04   2.809e-03   3   6   4   4   3   3   3   4    3   3.8    6  105.0   96.7   13.1     0
  189 [48, 48, 48]       12.5  5.0e-05  10000   512  2024  8.388e-04   2.825e-03   3   4   3   4   3   4   4   5    3   3.8    5  127.2   96.3   12.7     0
  190 [48, 48, 48]       15.0  5.0e-05   8000  1024     7  1.802e-03   2.831e-03   5   3   4   4   3   4   4   5    3   4.0    5  101.8   97.6   12.7     0
  191 [48, 48, 48]       12.5  1.0e-04  10000   512   137  4.040e-04   2.864e-03   3   4   4   4   3   3   3   5    3   3.6    5  127.1   96.4   12.7     0
  192 [48, 48, 48]       15.0  1.0e-04   8000  2048   999  7.003e-04   2.866e-03   3   3   3   4   3   4   3   4    3   3.4    4  105.0   96.8   13.1     0
  193 [48, 48, 48]       12.5  5.0e-05  10000  1024   999  1.399e-03   2.931e-03   3   4   4   4   3   4   4   4    3   3.8    4  127.4   97.5   12.7     0
  194 [48, 48, 48]       15.0  1.0e-04   6000  1024  2024  7.371e-04   2.956e-03   4   3   4   5   3   3   3   4    3   3.6    5   76.6   97.3   12.7     0
  195 [48, 48, 48]       15.0  1.0e-04  10000  2048   999  4.998e-04   2.976e-03   3   4   4   4   3   4   3   4    3   3.6    4  131.2   96.8   13.1     0
  196 [48, 48, 48]       12.5  2.0e-04   6000  2048   137  2.678e-04   2.991e-03   3   4   4   4   3   4   4   4    3   3.8    4   78.7   96.8   13.1     0
  197 [48, 48, 48]       17.5  1.0e-04   6000   512    42  1.130e-03   2.999e-03   3   3   3   4   3   4   4   4    3   3.5    4   76.3   96.3   12.7     0
  198 [48, 48, 48]       12.5  5.0e-05  10000   512   137  8.539e-04   3.015e-03   3   5   4   4   3   3   3   5    3   3.8    5  127.2   96.3   12.7     0
  199 [48, 48, 48]       12.5  1.0e-04   6000   512   137  9.254e-04   3.043e-03   3   5   5   4   3   3   3   4    3   3.8    5   78.6   93.4   13.1     0
  200 [48, 48, 48]       15.0  5.0e-05   8000  1024   137  1.061e-03   3.043e-03   3   4   4   4   3   3   3   4    3   3.5    4  101.9   97.5   12.7     0
  201 [48, 48, 48]       12.5  2.0e-04   6000   512  2024  4.018e-04   3.079e-03   4   4   4   4   3   4   3   4    3   3.8    4   76.4   96.2   12.7     0
  202 [48, 48, 48]       12.5  1.0e-04   6000   512  2024  8.950e-04   3.081e-03   3   3   3   4   3   6   4   4    3   3.8    6   78.6   93.5   13.1     0
  203 [48, 48, 48]       17.5  1.0e-04   6000  1024    42  8.981e-04   3.129e-03   3   5   3   4   3   3   3   6    3   3.8    6   76.4   97.6   12.7     0
  204 [48, 48, 48]       15.0  2.0e-04   6000   512     7  6.886e-04   3.140e-03   3   4   3   4   3   3   3   4    3   3.4    4   76.3   96.3   12.7     0
  205 [48, 48, 48]       12.5  2.0e-04   8000  1024   137  2.277e-04   3.145e-03   3   3   3   4   3   3   4   4    3   3.4    4  102.0   97.4   12.7     0
  206 [48, 48, 48]       15.0  1.0e-04   6000  1024   999  1.310e-03   3.159e-03   3   3   4   4   3   4   3   5    3   3.6    5   76.5   97.5   12.7     0
  207 [48, 48, 48]       12.5  2.0e-04   6000   512   999  9.493e-04   3.166e-03   4   4   3   4   3   5   3   4    3   3.8    5   76.5   96.1   12.7     0
  208 [48, 48, 48]       15.0  5.0e-05   8000  1024   999  1.867e-03   3.175e-03   4   3   5   4   3   3   4   4    3   3.8    5  101.9   97.5   12.7     0
  209 [48, 48, 48]       12.5  1.0e-04   6000  1024    42  1.077e-03   3.226e-03   3   4   3   4   3   4   4   4    3   3.6    4   77.8   95.8   12.9     0
  210 [48, 48, 48]       15.0  1.0e-04   6000   512   137  9.930e-04   3.242e-03   3   3   3   4   4   3   4   4    3   3.5    4   76.2   96.4   12.7     0
  211 [48, 48, 48]       12.5  1.0e-04  10000  1024    42  4.965e-04   3.246e-03   3   4   4   4   3   3   4   4    3   3.6    4  127.3   97.7   12.7     0
  212 [48, 48, 48]       17.5  5.0e-05   6000  2048     7  1.824e-03   3.261e-03   3   4   4   4   3   3   3   4    3   3.5    4   78.7   96.8   13.1     0
  213 [48, 48, 48]       17.5  5.0e-05   6000  2048  2024  1.986e-03   3.312e-03   3   3   3   4   3   4   3   5    3   3.5    5   78.8   96.6   13.1     0
  214 [48, 48, 48]       12.5  1.0e-04   8000   512   999  1.179e-03   3.323e-03   4   3   4   4   3   4   4   4    3   3.8    4  101.8   96.3   12.7     0
  215 [48, 48, 48]       15.0  5.0e-05   6000  1024   137  1.727e-03   3.328e-03   4   4   5   3   3   3   3   5    3   3.8    5   76.3   97.7   12.7     0
  216 [48, 48, 48]       15.0  5.0e-05  10000  1024  2024  6.939e-04   3.339e-03   3   4   4   4   3   3   3   4    3   3.5    4  127.3   97.6   12.7     0
  217 [48, 48, 48]       12.5  5.0e-05  10000   512   999  1.876e-03   3.356e-03   3   3   4   4   3   5   4   4    3   3.8    5  127.1   96.4   12.7     0
  218 [48, 48, 48]       15.0  5.0e-05   8000  2048    42  1.198e-03   3.434e-03   3   3   4   5   3   3   3   5    3   3.6    5  105.0   96.7   13.1     0
  219 [48, 48, 48]       15.0  5.0e-05   8000   512   137  1.401e-03   3.447e-03   3   4   4   4   3   3   3   4    3   3.5    4  101.7   96.3   12.7     0
  220 [48, 48, 48]       15.0  1.0e-04   6000  1024     7  1.256e-03   3.556e-03   3   3   3   5   4   4   3   4    3   3.6    5   76.4   97.7   12.7     0
  221 [48, 48, 48]       15.0  1.0e-04   8000   512     7  1.052e-03   3.611e-03   3   4   4   4   3   4   3   4    3   3.6    4  101.8   96.3   12.7     0
  222 [48, 48, 48]       12.5  5.0e-05   8000   512   137  1.335e-03   3.645e-03   4   5   4   4   3   3   3   4    3   3.8    5  101.8   96.2   12.7     0
  223 [48, 48, 48]       15.0  5.0e-05   8000  1024    42  1.448e-03   3.696e-03   3   3   4   4   3   3   3   4    3   3.4    4  101.8   97.6   12.7     0
  224 [48, 48, 48]       12.5  1.0e-04   6000  2048    42  9.504e-04   3.758e-03   4   4   3   4   3   3   3   4    3   3.5    4   78.8   96.7   13.1     0
  225 [48, 48, 48]       15.0  5.0e-05   6000  2048   999  2.358e-03   3.776e-03   3   4   4   4   4   3   3   3    3   3.5    4   78.7   96.8   13.1     0
  226 [48, 48, 48]       12.5  2.0e-04   8000   512   999  6.215e-04   3.793e-03   3   3   3   4   3   4   3   4    3   3.4    4  101.8   96.2   12.7     0
  227 [48, 48, 48]       17.5  5.0e-05   6000  2048   999  2.288e-03   3.800e-03   3   4   4   4   3   3   3   4    3   3.5    4   80.3   94.4   13.3     0
  228 [48, 48, 48]       12.5  5.0e-05  10000  1024     7  1.173e-03   3.805e-03   3   4   3   4   3   4   3   4    3   3.5    4  127.4   97.5   12.7     0
  229 [48, 48, 48]       12.5  5.0e-05   8000   512  2024  1.276e-03   3.806e-03   4   3   3   4   4   3   3   4    3   3.5    4  101.8   96.3   12.7     0
  230 [48, 48, 48]       12.5  5.0e-05  10000   512     7  1.730e-03   3.840e-03   3   4   3   4   3   5   4   5    3   3.9    5  127.2   96.3   12.7     0
  231 [48, 48, 48]       15.0  5.0e-05   6000  2048  2024  1.288e-03   3.887e-03   3   3   3   5   4   4   3   3    3   3.5    5   78.8   96.7   13.1     0
  232 [48, 48, 48]       12.5  1.0e-04  10000  1024     7  6.291e-04   3.912e-03   3   4   4   4   3   4   4   4    3   3.8    4  127.3   97.7   12.7     0
  233 [48, 48, 48]       12.5  5.0e-05   6000  2048  2024  1.232e-03   3.962e-03   3   4   4   4   4   3   3   4    3   3.6    4   81.6   93.4   13.6     0
  234 [48, 48, 48]       15.0  1.0e-04   6000   512    42  1.211e-03   3.962e-03   4   3   4   4   3   4   3   3    3   3.5    4   76.3   96.3   12.7     0
  235 [48, 48, 48]       12.5  5.0e-05   6000  2048   137  1.174e-03   3.988e-03   4   4   4   4   3   3   3   4    3   3.6    4   82.1   92.9   13.6     0
  236 [48, 48, 48]       17.5  5.0e-05   6000   512    42  2.614e-03   4.022e-03   3   3   4   4   3   3   3   4    3   3.4    4   76.3   96.3   12.7     0
  237 [48, 48, 48]       15.0  1.0e-04   6000   512     7  1.613e-03   4.026e-03   3   5   3   4   3   3   3   4    3   3.5    5   76.2   96.4   12.7     0
  238 [48, 48, 48]       15.0  5.0e-05   8000   512  2024  1.355e-03   4.097e-03   3   3   3   5   3   3   3   3    3   3.2    5  101.8   96.3   12.7     0
  239 [48, 48, 48]       15.0  5.0e-05   8000   512     7  2.398e-03   4.099e-03   3   4   6   4   3   4   3   4    3   3.9    6  104.4   93.3   13.0     0
  240 [48, 48, 48]       15.0  1.0e-04   6000  2048   999  1.066e-03   4.129e-03   3   3   4   4   3   3   3   4    3   3.4    4   78.8   96.7   13.1     0
  241 [48, 48, 48]       15.0  5.0e-05   6000  2048     7  2.222e-03   4.132e-03   4   3   4   4   3   3   4   4    3   3.6    4   78.8   96.8   13.1     0
  242 [48, 48, 48]       12.5  5.0e-05   8000  2048     7  1.322e-03   4.138e-03   3   4   3   5   3   4   4   4    3   3.8    5  105.0   96.8   13.1     0
  243 [48, 48, 48]       12.5  1.0e-04   6000   512     7  1.740e-03   4.144e-03   3   4   4   4   3   4   3   6    3   3.9    6   78.5   93.6   13.0     0
  244 [48, 48, 48]       17.5  1.0e-04   6000   512   137  1.149e-03   4.199e-03   3   4   4   4   3   3   3   4    3   3.5    4   76.3   96.3   12.7     0
  245 [48, 48, 48]       12.5  5.0e-05   8000  1024   137  9.657e-04   4.266e-03   4   4   4   4   3   3   3   4    3   3.6    4  102.0   97.5   12.7     0
  246 [48, 48, 48]       17.5  5.0e-05   6000   512  2024  3.603e-03   4.284e-03   3   3   4   4   3   3   5   4    3   3.6    5   76.4   96.2   12.7     0
  247 [48, 48, 48]       12.5  2.0e-04   8000  1024   999  4.271e-04   4.298e-03   3   3   3   4   3   3   3   4    3   3.2    4  103.9   95.2   12.9     0
  248 [48, 48, 48]       12.5  2.0e-04   6000   512     7  8.885e-04   4.313e-03   3   3   3   4   3   4   4   4    3   3.5    4   76.3   96.4   12.7     0
  249 [48, 48, 48]       15.0  5.0e-05   8000   512    42  1.877e-03   4.393e-03   4   4   3   4   3   4   3   5    3   3.8    5  101.6   96.4   12.7     0
  250 [48, 48, 48]       12.5  5.0e-05   6000  1024  2024  1.714e-03   4.412e-03   3   3   4   4   3   3   3   3    3   3.2    4   79.5   93.7   13.2     0
  251 [48, 48, 48]       12.5  5.0e-05  10000  2048   999  1.015e-03   4.455e-03   4   3   3   4   3   4   3   4    3   3.5    4  131.2   96.8   13.1     0
  252 [48, 48, 48]       17.5  5.0e-05   6000  1024     7  2.463e-03   4.468e-03   3   5   3   4   3   3   3   4    3   3.5    5   76.4   97.5   12.7     0
  253 [48, 48, 48]       15.0  5.0e-05   6000  1024  2024  1.775e-03   4.492e-03   4   5   4   4   3   4   3   3    3   3.8    5   76.5   97.6   12.7     0
  254 [48, 48, 48]       17.5  1.0e-04   6000  2048   999  1.060e-03   4.498e-03   3   3   3   4   3   3   3   4    3   3.2    4   78.8   96.7   13.1     0
  255 [48, 48, 48]       15.0  5.0e-05  10000   512    42  1.393e-03   4.521e-03   3   4   3   6   3   3   3   4    3   3.6    6  127.2   96.4   12.7     0
  256 [48, 48, 48]       15.0  5.0e-05  10000   512   999  1.753e-03   4.535e-03   3   4   4   4   3   4   3   4    3   3.6    4  127.1   96.4   12.7     0
  257 [48, 48, 48]       17.5  5.0e-05   6000  1024   137  2.010e-03   4.634e-03   3   4   3   5   3   3   4   4    3   3.6    5   76.4   97.5   12.7     0
  258 [48, 48, 48]       15.0  5.0e-05   6000  2048    42  1.921e-03   4.635e-03   3   3   5   4   3   3   3   5    3   3.6    5   78.7   96.8   13.1     0
  259 [48, 48, 48]       17.5  5.0e-05   6000  1024  2024  2.824e-03   4.755e-03   3   4   4   4   3   3   3   4    3   3.5    4   76.5   97.5   12.7     0
  260 [48, 48, 48]       15.0  5.0e-05   6000  1024   999  2.762e-03   4.784e-03   4   3   4   4   3   3   3   4    3   3.5    4   76.3   97.7   12.7     0
  261 [48, 48, 48]       15.0  2.0e-04   8000  1024   999  4.268e-04   4.958e-03   3   3   3   4   3   3   3   4    3   3.2    4  102.3   97.1   12.7     0
  262 [48, 48, 48]       15.0  1.0e-04   6000   512   999  1.711e-03   5.072e-03   3   3   4   4   3   3   3   5    3   3.5    5   76.4   96.2   12.7     0
  263 [48, 48, 48]       17.5  5.0e-05   6000   512     7  3.513e-03   5.344e-03   3   3   3   4   3   3   3   4    3   3.2    4   76.3   96.3   12.7     0
  264 [48, 48, 48]       15.0  5.0e-05   8000   512   999  2.383e-03   5.386e-03   3   4   4   4   3   4   3   4    3   3.6    4  101.7   96.3   12.7     0
  265 [48, 48, 48]       15.0  2.0e-04   8000   512    42  4.498e-04   5.417e-03   3   3   3   4   3   3   3   4    3   3.2    4  101.6   96.4   12.7     0
  266 [48, 48, 48]       12.5  1.0e-04   6000   512    42  1.470e-03   5.509e-03   3   4   4   4   3   3   3   6    3   3.8    6   79.5   92.4   13.2     0
  267 [48, 48, 48]       15.0  5.0e-05   6000  1024    42  2.310e-03   5.676e-03   3   3   4   3   4   3   3   4    3   3.4    4   76.5   97.5   12.7     0
  268 [48, 48, 48]       17.5  5.0e-05   6000  1024   999  2.815e-03   5.682e-03   3   3   4   4   3   4   3   5    3   3.6    5   76.5   97.5   12.7     0
  269 [48, 48, 48]       15.0  5.0e-05   6000   512     7  3.611e-03   5.684e-03   3   3   3   4   3   4   3   4    3   3.4    4   76.3   96.3   12.7     0
  270 [48, 48, 48]       17.5  5.0e-05   6000  1024    42  2.162e-03   5.848e-03   3   3   3   3   3   4   3   3    3   3.1    4   76.5   97.4   12.7     0
  271 [48, 48, 48]       15.0  5.0e-05   6000   512    42  2.858e-03   5.878e-03   3   3   3   5   3   4   3   4    3   3.5    5   76.2   96.4   12.7     0
  272 [48, 48, 48]       12.5  5.0e-05   6000   512  2024  2.066e-03   6.062e-03   5   4   3   5   4   3   3   3    3   3.8    5   79.3   92.6   13.2     0
  273 [48, 48, 48]       12.5  5.0e-05  10000   512    42  1.362e-03   6.068e-03   3   4   4   5   3   3   3   3    3   3.5    5  127.3   96.2   12.7     0
  274 [48, 48, 48]       17.5  5.0e-05   6000   512   137  2.676e-03   6.228e-03   3   4   3   4   3   3   3   4    3   3.4    4   76.3   96.4   12.7     0
  275 [48, 48, 48]       12.5  2.0e-04   8000   512    42  4.172e-04   6.292e-03   3   3   3   4   3   3   3   3    3   3.1    4  101.9   96.3   12.7     0
  276 [48, 48, 48]       15.0  5.0e-05   6000   512   137  2.266e-03   6.452e-03   3   5   3   3   4   3   3   4    3   3.5    5   76.2   96.4   12.7     0
  277 [48, 48, 48]       15.0  5.0e-05   6000   512  2024  2.186e-03   6.682e-03   3   4   3   4   3   4   3   3    3   3.4    4   76.1   96.5   12.7     0
  278 [48, 48, 48]       12.5  5.0e-05   6000  1024   137  1.600e-03   6.809e-03   3   4   4   3   3   3   3   4    3   3.4    4   79.0   94.3   13.1     0
  279 [48, 48, 48]       12.5  1.0e-04   6000  2048   999  1.203e-03   4.365e-03   3   3   3   4   2   4   4   4    2   3.4    4   78.7   96.8   13.1     0
  280 [48, 48, 48]       12.5  5.0e-05   8000  2048   999  1.555e-03   4.746e-03   3   3   3   5   2   5   3   4    2   3.5    5  104.9   96.8   13.1     0
  281 [48, 48, 48]       12.5  5.0e-05  10000  2048    42  9.235e-04   4.904e-03   3   4   4   5   2   3   3   4    2   3.5    5  131.2   96.8   13.1     0
  282 [48, 48, 48]       12.5  5.0e-05   8000  1024   999  2.016e-03   5.340e-03   3   4   3   4   2   4   3   4    2   3.4    4  102.0   97.5   12.7     0
  283 [48, 48, 48]       15.0  5.0e-05   6000  1024     7  2.728e-03   5.458e-03   3   4   3   3   2   3   3   4    2   3.1    4   76.4   97.6   12.7     0
  284 [48, 48, 48]       12.5  5.0e-05  10000  1024    42  1.145e-03   5.542e-03   3   4   4   4   2   4   3   4    2   3.5    4  127.4   97.5   12.7     0
  285 [48, 48, 48]       12.5  5.0e-05   6000  2048   999  2.555e-03   6.096e-03   3   3   3   4   2   4   4   4    2   3.4    4   81.6   93.4   13.6     0
  286 [48, 48, 48]       12.5  5.0e-05   8000  1024     7  1.759e-03   6.102e-03   2   4   3   4   3   4   4   3    2   3.4    4  102.0   97.5   12.7     0
  287 [48, 48, 48]       15.0  5.0e-05   6000   512   999  3.678e-03   6.814e-03   2   3   4   4   2   4   3   4    2   3.2    4   76.2   96.3   12.7     0
  288 [48, 48, 48]       12.5  5.0e-05   8000  1024    42  1.625e-03   6.866e-03   3   4   4   4   2   4   3   4    2   3.5    4  102.0   97.6   12.7     0
  289 [48, 48, 48]       12.5  5.0e-05   6000   512   999  3.945e-03   7.032e-03   2   3   4   4   3   5   3   4    2   3.5    5   79.2   92.6   13.2     0
  290 [48, 48, 48]       12.5  1.0e-04   6000   512   999  1.745e-03   7.082e-03   3   3   3   4   2   3   3   3    2   3.0    4   78.2   94.0   13.0     0
  291 [48, 48, 48]       12.5  5.0e-05   8000   512   999  2.485e-03   7.210e-03   2   3   3   4   2   4   3   4    2   3.1    4  101.8   96.2   12.7     0
  292 [48, 48, 48]       12.5  5.0e-05   6000  1024   999  3.173e-03   7.302e-03   4   3   4   4   2   4   3   3    2   3.4    4   79.1   94.1   13.1     0
  293 [48, 48, 48]       12.5  5.0e-05   8000  2048    42  1.368e-03   7.636e-03   3   4   3   4   2   3   3   3    2   3.1    4  105.1   96.7   13.1     0
  294 [48, 48, 48]       12.5  5.0e-05   6000  2048     7  2.166e-03   7.959e-03   3   3   3   5   2   3   3   5    2   3.4    5   81.8   93.2   13.6     0
  295 [48, 48, 48]       17.5  1.0e-04   6000   512   999  1.687e-03   8.349e-03   3   3   4   4   2   3   3   4    2   3.2    4   76.3   96.3   12.7     0
  296 [48, 48, 48]       12.5  5.0e-05   8000   512    42  1.910e-03   8.404e-03   3   4   3   6   2   3   3   3    2   3.4    6  101.9   96.2   12.7     0
  297 [48, 48, 48]       12.5  5.0e-05   6000   512   137  2.213e-03   8.916e-03   4   3   3   3   2   3   3   3    2   3.0    4   79.2   92.6   13.2     0
  298 [48, 48, 48]       12.5  5.0e-05   8000   512     7  2.568e-03   9.106e-03   2   3   3   4   2   4   3   3    2   3.0    4  101.8   96.3   12.7     0
  299 [48, 48, 48]       17.5  5.0e-05   6000   512   999  3.371e-03   1.055e-02   3   3   3   4   2   3   3   4    2   3.1    4   76.3   96.3   12.7     0
  300 [48, 48, 48]       12.5  5.0e-05   6000  1024    42  2.457e-03   1.175e-02   3   4   5   3   2   3   3   3    2   3.2    5   79.5   93.6   13.2     0
  301 [48, 48, 48]       12.5  5.0e-05   6000  2048    42  2.078e-03   1.218e-02   2   3   3   4   2   3   3   3    2   2.9    4   82.0   93.0   13.6     0
  302 [48, 48, 48]       12.5  5.0e-05   6000  1024     7  2.865e-03   1.371e-02   2   3   3   4   2   3   3   3    2   2.9    4   79.4   93.9   13.2     0
  303 [48, 48, 48]       12.5  5.0e-05   6000   512    42  3.160e-03   1.512e-02   2   3   3   4   2   4   2   3    2   2.9    4   81.3   92.3   13.2     0
  304 [48, 48, 48]       12.5  5.0e-05   6000   512     7  3.765e-03   1.988e-02   2   3   3   3   2   3   3   3    2   2.8    3   78.9   92.9   13.1     0
============================================================================================================================================

  BEST CONFIG (GPU 0):
    hidden_sizes = [48, 48, 48]
    omega_0      = 15.0
    lr           = 0.0002
    n_epochs     = 10000
    n_per_param  = 512
    seed         = 137
    -> min 4 digits, mean 5.0 digits, max 7 digits, mean rel. err 3.183e-04
    -> 96.4 ep/s, step 12.7ms, gpu 0%, wall 127.1s

============================================================================================================================================
  PER-CONFIG SUMMARY (seed-averaged) — GPU 0
============================================================================================================================================
  hidden=[48, 48, 48] omega0=12.5 lr=0.0002 epochs=10000 npp=2048
      min_dig=3  mean_dig=4.3  max_dig=5  mean_relerr=6.580e-04  n_seeds=5
      ep/s=96.7  step=13.1ms  gpu=0%
  hidden=[48, 48, 48] omega0=12.5 lr=0.0002 epochs=8000 npp=2048
      min_dig=3  mean_dig=4.3  max_dig=7  mean_relerr=9.306e-04  n_seeds=5
      ep/s=96.5  step=13.1ms  gpu=0%
  hidden=[48, 48, 48] omega0=12.5 lr=0.0002 epochs=10000 npp=1024
      min_dig=3  mean_dig=4.1  max_dig=6  mean_relerr=1.199e-03  n_seeds=5
      ep/s=97.6  step=12.7ms  gpu=0%
  hidden=[48, 48, 48] omega0=15.0 lr=0.0002 epochs=6000 npp=2048
      min_dig=3  mean_dig=4.1  max_dig=6  mean_relerr=1.245e-03  n_seeds=5
      ep/s=96.7  step=13.1ms  gpu=0%
  hidden=[48, 48, 48] omega0=15.0 lr=0.0002 epochs=10000 npp=512
      min_dig=3  mean_dig=4.3  max_dig=7  mean_relerr=1.264e-03  n_seeds=5
      ep/s=96.2  step=12.7ms  gpu=0%
  hidden=[48, 48, 48] omega0=15.0 lr=0.0002 epochs=8000 npp=2048
      min_dig=3  mean_dig=4.0  max_dig=5  mean_relerr=1.272e-03  n_seeds=5
      ep/s=96.7  step=13.1ms  gpu=0%
  hidden=[48, 48, 48] omega0=15.0 lr=0.0002 epochs=10000 npp=2048
      min_dig=3  mean_dig=4.1  max_dig=7  mean_relerr=1.355e-03  n_seeds=5
      ep/s=96.7  step=13.1ms  gpu=0%
  hidden=[48, 48, 48] omega0=12.5 lr=0.0001 epochs=10000 npp=2048
      min_dig=3  mean_dig=4.0  max_dig=5  mean_relerr=1.457e-03  n_seeds=5
      ep/s=96.8  step=13.1ms  gpu=0%
  hidden=[48, 48, 48] omega0=15.0 lr=0.0002 epochs=10000 npp=1024
      min_dig=3  mean_dig=4.0  max_dig=6  mean_relerr=1.497e-03  n_seeds=5
      ep/s=97.5  step=12.7ms  gpu=0%
  hidden=[48, 48, 48] omega0=15.0 lr=0.0001 epochs=10000 npp=1024
      min_dig=3  mean_dig=4.0  max_dig=5  mean_relerr=1.513e-03  n_seeds=5
      ep/s=97.6  step=12.7ms  gpu=0%
  hidden=[48, 48, 48] omega0=15.0 lr=0.0001 epochs=10000 npp=2048
      min_dig=3  mean_dig=4.0  max_dig=5  mean_relerr=1.536e-03  n_seeds=5
      ep/s=96.8  step=13.1ms  gpu=0%
  hidden=[48, 48, 48] omega0=15.0 lr=0.0002 epochs=6000 npp=1024
      min_dig=3  mean_dig=4.0  max_dig=6  mean_relerr=1.562e-03  n_seeds=5
      ep/s=97.5  step=12.7ms  gpu=0%
  hidden=[48, 48, 48] omega0=15.0 lr=0.0001 epochs=8000 npp=2048
      min_dig=3  mean_dig=4.0  max_dig=5  mean_relerr=1.628e-03  n_seeds=5
      ep/s=96.8  step=13.1ms  gpu=0%
  hidden=[48, 48, 48] omega0=17.5 lr=0.0002 epochs=6000 npp=512
      min_dig=3  mean_dig=4.0  max_dig=5  mean_relerr=1.683e-03  n_seeds=4
      ep/s=96.3  step=12.7ms  gpu=0%
  hidden=[48, 48, 48] omega0=12.5 lr=0.0002 epochs=6000 npp=1024
      min_dig=3  mean_dig=4.0  max_dig=7  mean_relerr=1.720e-03  n_seeds=5
      ep/s=97.5  step=12.7ms  gpu=0%
  hidden=[48, 48, 48] omega0=15.0 lr=5e-05 epochs=10000 npp=2048
      min_dig=3  mean_dig=3.9  max_dig=5  mean_relerr=1.727e-03  n_seeds=5
      ep/s=96.8  step=13.1ms  gpu=0%
  hidden=[48, 48, 48] omega0=12.5 lr=0.0002 epochs=6000 npp=2048
      min_dig=3  mean_dig=4.0  max_dig=6  mean_relerr=1.733e-03  n_seeds=5
      ep/s=96.7  step=13.1ms  gpu=0%
  hidden=[48, 48, 48] omega0=15.0 lr=0.0001 epochs=8000 npp=1024
      min_dig=3  mean_dig=4.0  max_dig=5  mean_relerr=1.790e-03  n_seeds=5
      ep/s=97.6  step=12.7ms  gpu=0%
  hidden=[48, 48, 48] omega0=12.5 lr=0.0002 epochs=10000 npp=512
      min_dig=3  mean_dig=3.8  max_dig=5  mean_relerr=1.852e-03  n_seeds=5
      ep/s=96.4  step=12.7ms  gpu=0%
  hidden=[48, 48, 48] omega0=12.5 lr=0.0001 epochs=8000 npp=1024
      min_dig=3  mean_dig=4.0  max_dig=6  mean_relerr=1.856e-03  n_seeds=5
      ep/s=97.5  step=12.7ms  gpu=0%
  hidden=[48, 48, 48] omega0=15.0 lr=0.0002 epochs=8000 npp=1024
      min_dig=3  mean_dig=3.9  max_dig=5  mean_relerr=1.873e-03  n_seeds=5
      ep/s=97.4  step=12.7ms  gpu=0%
  hidden=[48, 48, 48] omega0=12.5 lr=0.0001 epochs=8000 npp=2048
      min_dig=3  mean_dig=4.0  max_dig=5  mean_relerr=1.886e-03  n_seeds=5
      ep/s=96.7  step=13.1ms  gpu=0%
  hidden=[48, 48, 48] omega0=15.0 lr=0.0001 epochs=10000 npp=512
      min_dig=3  mean_dig=3.8  max_dig=5  mean_relerr=1.914e-03  n_seeds=5
      ep/s=96.3  step=12.7ms  gpu=0%
  hidden=[48, 48, 48] omega0=15.0 lr=0.0002 epochs=8000 npp=512
      min_dig=3  mean_dig=3.9  max_dig=6  mean_relerr=1.929e-03  n_seeds=5
      ep/s=96.3  step=12.7ms  gpu=0%
  hidden=[48, 48, 48] omega0=17.5 lr=0.0001 epochs=6000 npp=2048
      min_dig=3  mean_dig=3.8  max_dig=5  mean_relerr=2.244e-03  n_seeds=5
      ep/s=96.7  step=13.1ms  gpu=0%
  hidden=[48, 48, 48] omega0=15.0 lr=0.0002 epochs=6000 npp=512
      min_dig=3  mean_dig=3.8  max_dig=5  mean_relerr=2.252e-03  n_seeds=5
      ep/s=96.3  step=12.7ms  gpu=0%
  hidden=[48, 48, 48] omega0=15.0 lr=0.0001 epochs=6000 npp=2048
      min_dig=3  mean_dig=3.7  max_dig=5  mean_relerr=2.256e-03  n_seeds=5
      ep/s=96.3  step=13.1ms  gpu=0%
  hidden=[48, 48, 48] omega0=12.5 lr=0.0001 epochs=10000 npp=1024
      min_dig=3  mean_dig=3.9  max_dig=5  mean_relerr=2.298e-03  n_seeds=5
      ep/s=97.6  step=12.7ms  gpu=0%
  hidden=[48, 48, 48] omega0=15.0 lr=0.0001 epochs=8000 npp=512
      min_dig=3  mean_dig=3.9  max_dig=5  mean_relerr=2.301e-03  n_seeds=5
      ep/s=96.4  step=12.7ms  gpu=0%
  hidden=[48, 48, 48] omega0=12.5 lr=0.0001 epochs=8000 npp=512
      min_dig=3  mean_dig=3.9  max_dig=5  mean_relerr=2.354e-03  n_seeds=5
      ep/s=96.3  step=12.7ms  gpu=0%
  hidden=[48, 48, 48] omega0=17.5 lr=0.0001 epochs=6000 npp=1024
      min_dig=3  mean_dig=3.8  max_dig=6  mean_relerr=2.358e-03  n_seeds=5
      ep/s=97.6  step=12.7ms  gpu=0%
  hidden=[48, 48, 48] omega0=15.0 lr=5e-05 epochs=10000 npp=1024
      min_dig=3  mean_dig=3.7  max_dig=5  mean_relerr=2.394e-03  n_seeds=5
      ep/s=97.6  step=12.7ms  gpu=0%
  hidden=[48, 48, 48] omega0=12.5 lr=0.0001 epochs=10000 npp=512
      min_dig=3  mean_dig=3.7  max_dig=5  mean_relerr=2.404e-03  n_seeds=5
      ep/s=96.4  step=12.7ms  gpu=0%
  hidden=[48, 48, 48] omega0=12.5 lr=0.0002 epochs=8000 npp=1024
      min_dig=3  mean_dig=3.7  max_dig=5  mean_relerr=2.519e-03  n_seeds=5
      ep/s=97.1  step=12.7ms  gpu=0%
  hidden=[48, 48, 48] omega0=12.5 lr=0.0001 epochs=6000 npp=1024
      min_dig=3  mean_dig=3.9  max_dig=5  mean_relerr=2.562e-03  n_seeds=5
      ep/s=97.0  step=12.8ms  gpu=0%
  hidden=[48, 48, 48] omega0=15.0 lr=5e-05 epochs=8000 npp=2048
      min_dig=3  mean_dig=3.8  max_dig=5  mean_relerr=2.602e-03  n_seeds=5
      ep/s=96.7  step=13.1ms  gpu=0%
  hidden=[48, 48, 48] omega0=12.5 lr=0.0002 epochs=6000 npp=512
      min_dig=3  mean_dig=3.8  max_dig=5  mean_relerr=2.613e-03  n_seeds=5
      ep/s=96.2  step=12.7ms  gpu=0%
  hidden=[48, 48, 48] omega0=15.0 lr=0.0001 epochs=6000 npp=1024
      min_dig=3  mean_dig=3.7  max_dig=5  mean_relerr=2.792e-03  n_seeds=5
      ep/s=97.6  step=12.7ms  gpu=0%
  hidden=[48, 48, 48] omega0=17.5 lr=5e-05 epochs=6000 npp=2048
      min_dig=3  mean_dig=3.6  max_dig=5  mean_relerr=2.995e-03  n_seeds=5
      ep/s=96.3  step=13.1ms  gpu=0%
  hidden=[48, 48, 48] omega0=12.5 lr=0.0002 epochs=8000 npp=512
      min_dig=3  mean_dig=3.6  max_dig=5  mean_relerr=3.068e-03  n_seeds=5
      ep/s=96.2  step=12.7ms  gpu=0%
  hidden=[48, 48, 48] omega0=15.0 lr=5e-05 epochs=8000 npp=1024
      min_dig=3  mean_dig=3.7  max_dig=5  mean_relerr=3.083e-03  n_seeds=5
      ep/s=97.6  step=12.7ms  gpu=0%
  hidden=[48, 48, 48] omega0=15.0 lr=5e-05 epochs=10000 npp=512
      min_dig=3  mean_dig=3.8  max_dig=6  mean_relerr=3.160e-03  n_seeds=5
      ep/s=96.3  step=12.7ms  gpu=0%
  hidden=[48, 48, 48] omega0=15.0 lr=5e-05 epochs=6000 npp=2048
      min_dig=3  mean_dig=3.6  max_dig=5  mean_relerr=3.773e-03  n_seeds=5
      ep/s=96.7  step=13.1ms  gpu=0%
  hidden=[48, 48, 48] omega0=15.0 lr=0.0001 epochs=6000 npp=512
      min_dig=3  mean_dig=3.6  max_dig=5  mean_relerr=3.803e-03  n_seeds=5
      ep/s=96.3  step=12.7ms  gpu=0%
  hidden=[48, 48, 48] omega0=12.5 lr=5e-05 epochs=10000 npp=512
      min_dig=3  mean_dig=3.7  max_dig=5  mean_relerr=3.821e-03  n_seeds=5
      ep/s=96.3  step=12.7ms  gpu=0%
  hidden=[48, 48, 48] omega0=15.0 lr=5e-05 epochs=8000 npp=512
      min_dig=3  mean_dig=3.6  max_dig=6  mean_relerr=4.284e-03  n_seeds=5
      ep/s=95.7  step=12.7ms  gpu=0%
  hidden=[48, 48, 48] omega0=17.5 lr=5e-05 epochs=6000 npp=1024
      min_dig=3  mean_dig=3.5  max_dig=5  mean_relerr=5.077e-03  n_seeds=5
      ep/s=97.5  step=12.7ms  gpu=0%
  hidden=[48, 48, 48] omega0=12.5 lr=0.0001 epochs=6000 npp=2048
      min_dig=2  mean_dig=3.7  max_dig=6  mean_relerr=2.893e-03  n_seeds=5
      ep/s=96.7  step=13.1ms  gpu=0%
  hidden=[48, 48, 48] omega0=12.5 lr=5e-05 epochs=10000 npp=2048
      min_dig=2  mean_dig=3.7  max_dig=5  mean_relerr=3.174e-03  n_seeds=5
      ep/s=96.8  step=13.1ms  gpu=0%
  hidden=[48, 48, 48] omega0=12.5 lr=5e-05 epochs=10000 npp=1024
      min_dig=2  mean_dig=3.7  max_dig=6  mean_relerr=3.423e-03  n_seeds=5
      ep/s=97.5  step=12.7ms  gpu=0%
  hidden=[48, 48, 48] omega0=17.5 lr=0.0001 epochs=6000 npp=512
      min_dig=2  mean_dig=3.6  max_dig=5  mean_relerr=3.914e-03  n_seeds=5
      ep/s=96.3  step=12.7ms  gpu=0%
  hidden=[48, 48, 48] omega0=12.5 lr=5e-05 epochs=8000 npp=2048
      min_dig=2  mean_dig=3.6  max_dig=6  mean_relerr=4.278e-03  n_seeds=5
      ep/s=96.8  step=13.1ms  gpu=0%
  hidden=[48, 48, 48] omega0=12.5 lr=0.0001 epochs=6000 npp=512
      min_dig=2  mean_dig=3.6  max_dig=6  mean_relerr=4.572e-03  n_seeds=5
      ep/s=93.4  step=13.1ms  gpu=0%
  hidden=[48, 48, 48] omega0=15.0 lr=5e-05 epochs=6000 npp=1024
      min_dig=2  mean_dig=3.5  max_dig=5  mean_relerr=4.748e-03  n_seeds=5
      ep/s=97.6  step=12.7ms  gpu=0%
  hidden=[48, 48, 48] omega0=12.5 lr=5e-05 epochs=8000 npp=1024
      min_dig=2  mean_dig=3.5  max_dig=5  mean_relerr=4.992e-03  n_seeds=5
      ep/s=97.5  step=12.7ms  gpu=0%
  hidden=[48, 48, 48] omega0=17.5 lr=5e-05 epochs=6000 npp=512
      min_dig=2  mean_dig=3.4  max_dig=5  mean_relerr=6.085e-03  n_seeds=5
      ep/s=96.3  step=12.7ms  gpu=0%
  hidden=[48, 48, 48] omega0=15.0 lr=5e-05 epochs=6000 npp=512
      min_dig=2  mean_dig=3.4  max_dig=5  mean_relerr=6.302e-03  n_seeds=5
      ep/s=96.4  step=12.7ms  gpu=0%
  hidden=[48, 48, 48] omega0=12.5 lr=5e-05 epochs=8000 npp=512
      min_dig=2  mean_dig=3.4  max_dig=6  mean_relerr=6.434e-03  n_seeds=5
      ep/s=96.2  step=12.7ms  gpu=0%
  hidden=[48, 48, 48] omega0=12.5 lr=5e-05 epochs=6000 npp=2048
      min_dig=2  mean_dig=3.4  max_dig=5  mean_relerr=6.838e-03  n_seeds=5
      ep/s=93.2  step=13.6ms  gpu=0%
  hidden=[48, 48, 48] omega0=12.5 lr=5e-05 epochs=6000 npp=1024
      min_dig=2  mean_dig=3.2  max_dig=5  mean_relerr=8.797e-03  n_seeds=5
      ep/s=93.9  step=13.2ms  gpu=0%
  hidden=[48, 48, 48] omega0=12.5 lr=5e-05 epochs=6000 npp=512
      min_dig=2  mean_dig=3.2  max_dig=5  mean_relerr=1.140e-02  n_seeds=5
      ep/s=92.6  step=13.2ms  gpu=0%
============================================================================================================================================
  Results saved -> /lustre/projects/g/gshipunv/project-skuld/research/results/grid/18-sechiren-sweep-m3/ampere/results_gpu0.csv

