==================================================================
Job ID:     2668985
Script:     /lustre/projects/g/gshipunv/project-skuld/research/experiments/grid/18-sechiren-sweep-m3/sechiren_sweep_m3.py
Arguments:  --num-gpus 4
Log file:   /lustre/projects/g/gshipunv/project-skuld/research/results/grid/18-sechiren-sweep-m3/slurm-2668985.log
Python:     /zfs/store1.hydra.local/user/g/gshipunv/.conda/envs/jasher-lustre/bin/python
PYTHONPATH: /lustre/projects/g/gshipunv/project-skuld/research:/lustre/projects/g/gshipunv/project-skuld:/lustre/projects/g/gshipunv/project-skuld/research/experiments/grid/18-sechiren-sweep-m3:
==================================================================
SKULD is using device: cuda

========================================================================
  SECHIREN SWEEP m3  —  243 configs × 5 seeds = 1215 total runs
  GPU 3/4  —  processing runs [912:1215] = 303 runs, device=cuda
  Run tag: ampere  (results -> results/.../ampere/)
========================================================================

Computing scipy reference integrals (shared across all configs)...
Done.

[1/303] hidden=[80, 80, 80] omega0=12.5 lr=5e-05 epochs=10000 npp=2048 seed=2024 ...
  Epoch     1/10000  loss=3.5373e-01  lr=5.00e-05  (0.6s)
    -> I1=3 I2=4 I3=5 I4=4 I5=4 I6=4 I7=4 I8=4 min=3 mean=4.0 max=5 (137.6s, 92.8 ep/s, step=13.5ms, gpu=0%)
[2/303] hidden=[80, 80, 80] omega0=12.5 lr=5e-05 epochs=10000 npp=2048 seed=7 ...
  Epoch     1/10000  loss=3.9413e-01  lr=5.00e-05  (0.0s)
    -> I1=4 I2=4 I3=4 I4=5 I5=4 I6=5 I7=4 I8=5 min=4 mean=4.4 max=5 (135.6s, 93.1 ep/s, step=13.5ms, gpu=0%)
[3/303] hidden=[80, 80, 80] omega0=12.5 lr=5e-05 epochs=10000 npp=2048 seed=999 ...
  Epoch     1/10000  loss=3.6798e-01  lr=5.00e-05  (0.0s)
    -> I1=3 I2=4 I3=5 I4=5 I5=3 I6=4 I7=4 I8=5 min=3 mean=4.1 max=5 (135.7s, 93.1 ep/s, step=13.5ms, gpu=0%)
[4/303] hidden=[80, 80, 80] omega0=12.5 lr=0.0001 epochs=10000 npp=512 seed=42 ...
  Epoch     1/10000  loss=3.5374e-01  lr=1.00e-04  (0.0s)
    -> I1=3 I2=4 I3=4 I4=5 I5=3 I6=4 I7=5 I8=5 min=3 mean=4.1 max=5 (128.1s, 95.6 ep/s, step=12.8ms, gpu=0%)
[5/303] hidden=[80, 80, 80] omega0=12.5 lr=0.0001 epochs=10000 npp=512 seed=137 ...
  Epoch     1/10000  loss=4.4958e-01  lr=1.00e-04  (0.0s)
    -> I1=3 I2=4 I3=5 I4=5 I5=4 I6=5 I7=4 I8=5 min=3 mean=4.4 max=5 (127.4s, 96.3 ep/s, step=12.7ms, gpu=0%)
[6/303] hidden=[80, 80, 80] omega0=12.5 lr=0.0001 epochs=10000 npp=512 seed=2024 ...
  Epoch     1/10000  loss=3.4843e-01  lr=1.00e-04  (0.0s)
    -> I1=3 I2=4 I3=3 I4=4 I5=4 I6=4 I7=4 I8=5 min=3 mean=3.9 max=5 (127.4s, 96.3 ep/s, step=12.7ms, gpu=0%)
[7/303] hidden=[80, 80, 80] omega0=12.5 lr=0.0001 epochs=10000 npp=512 seed=7 ...
  Epoch     1/10000  loss=3.4561e-01  lr=1.00e-04  (0.0s)
    -> I1=5 I2=4 I3=4 I4=4 I5=4 I6=4 I7=4 I8=4 min=4 mean=4.1 max=5 (129.5s, 94.4 ep/s, step=12.9ms, gpu=0%)
[8/303] hidden=[80, 80, 80] omega0=12.5 lr=0.0001 epochs=10000 npp=512 seed=999 ...
  Epoch     1/10000  loss=3.9492e-01  lr=1.00e-04  (0.0s)
    -> I1=3 I2=4 I3=3 I4=4 I5=3 I6=4 I7=4 I8=4 min=3 mean=3.6 max=4 (127.3s, 96.4 ep/s, step=12.7ms, gpu=0%)
[9/303] hidden=[80, 80, 80] omega0=12.5 lr=0.0001 epochs=10000 npp=1024 seed=42 ...
  Epoch     1/10000  loss=3.5178e-01  lr=1.00e-04  (0.0s)
    -> I1=4 I2=4 I3=4 I4=5 I5=4 I6=4 I7=4 I8=4 min=4 mean=4.1 max=5 (129.3s, 95.9 ep/s, step=12.9ms, gpu=0%)
[10/303] hidden=[80, 80, 80] omega0=12.5 lr=0.0001 epochs=10000 npp=1024 seed=137 ...
  Epoch     1/10000  loss=3.7729e-01  lr=1.00e-04  (0.0s)
    -> I1=4 I2=4 I3=4 I4=5 I5=5 I6=4 I7=5 I8=5 min=4 mean=4.5 max=5 (129.3s, 96.0 ep/s, step=12.9ms, gpu=0%)
[11/303] hidden=[80, 80, 80] omega0=12.5 lr=0.0001 epochs=10000 npp=1024 seed=2024 ...
  Epoch     1/10000  loss=3.8533e-01  lr=1.00e-04  (0.0s)
    -> I1=3 I2=4 I3=4 I4=5 I5=4 I6=4 I7=5 I8=5 min=3 mean=4.2 max=5 (129.5s, 95.7 ep/s, step=12.9ms, gpu=0%)
[12/303] hidden=[80, 80, 80] omega0=12.5 lr=0.0001 epochs=10000 npp=1024 seed=7 ...
  Epoch     1/10000  loss=3.8251e-01  lr=1.00e-04  (0.0s)
    -> I1=4 I2=4 I3=5 I4=5 I5=4 I6=4 I7=4 I8=5 min=4 mean=4.4 max=5 (130.1s, 95.2 ep/s, step=13.0ms, gpu=0%)
[13/303] hidden=[80, 80, 80] omega0=12.5 lr=0.0001 epochs=10000 npp=1024 seed=999 ...
  Epoch     1/10000  loss=3.6572e-01  lr=1.00e-04  (0.0s)
    -> I1=4 I2=4 I3=4 I4=5 I5=4 I6=4 I7=4 I8=5 min=4 mean=4.2 max=5 (129.3s, 96.0 ep/s, step=12.9ms, gpu=0%)
[14/303] hidden=[80, 80, 80] omega0=12.5 lr=0.0001 epochs=10000 npp=2048 seed=42 ...
  Epoch     1/10000  loss=3.5266e-01  lr=1.00e-04  (0.0s)
    -> I1=4 I2=4 I3=6 I4=5 I5=4 I6=4 I7=4 I8=5 min=4 mean=4.5 max=6 (135.1s, 93.5 ep/s, step=13.5ms, gpu=0%)
[15/303] hidden=[80, 80, 80] omega0=12.5 lr=0.0001 epochs=10000 npp=2048 seed=137 ...
  Epoch     1/10000  loss=3.7975e-01  lr=1.00e-04  (0.0s)
    -> I1=4 I2=4 I3=5 I4=5 I5=4 I6=4 I7=7 I8=5 min=4 mean=4.8 max=7 (135.0s, 93.6 ep/s, step=13.5ms, gpu=0%)
[16/303] hidden=[80, 80, 80] omega0=12.5 lr=0.0001 epochs=10000 npp=2048 seed=2024 ...
  Epoch     1/10000  loss=3.5373e-01  lr=1.00e-04  (0.0s)
    -> I1=4 I2=4 I3=4 I4=5 I5=4 I6=4 I7=4 I8=6 min=4 mean=4.4 max=6 (134.5s, 94.0 ep/s, step=13.4ms, gpu=0%)
[17/303] hidden=[80, 80, 80] omega0=12.5 lr=0.0001 epochs=10000 npp=2048 seed=7 ...
  Epoch     1/10000  loss=3.9413e-01  lr=1.00e-04  (0.0s)
    -> I1=4 I2=4 I3=4 I4=5 I5=4 I6=4 I7=4 I8=5 min=4 mean=4.2 max=5 (134.1s, 94.2 ep/s, step=13.4ms, gpu=0%)
[18/303] hidden=[80, 80, 80] omega0=12.5 lr=0.0001 epochs=10000 npp=2048 seed=999 ...
  Epoch     1/10000  loss=3.6798e-01  lr=1.00e-04  (0.0s)
    -> I1=4 I2=4 I3=5 I4=5 I5=4 I6=4 I7=4 I8=5 min=4 mean=4.4 max=5 (134.1s, 94.1 ep/s, step=13.4ms, gpu=0%)
[19/303] hidden=[80, 80, 80] omega0=12.5 lr=0.0002 epochs=10000 npp=512 seed=42 ...
  Epoch     1/10000  loss=3.5374e-01  lr=2.00e-04  (0.0s)
    -> I1=4 I2=4 I3=4 I4=4 I5=4 I6=5 I7=4 I8=4 min=4 mean=4.1 max=5 (125.1s, 98.2 ep/s, step=12.5ms, gpu=0%)
[20/303] hidden=[80, 80, 80] omega0=12.5 lr=0.0002 epochs=10000 npp=512 seed=137 ...
  Epoch     1/10000  loss=4.4958e-01  lr=2.00e-04  (0.0s)
    -> I1=3 I2=4 I3=4 I4=4 I5=3 I6=4 I7=4 I8=4 min=3 mean=3.8 max=4 (125.2s, 98.1 ep/s, step=12.5ms, gpu=0%)
[21/303] hidden=[80, 80, 80] omega0=12.5 lr=0.0002 epochs=10000 npp=512 seed=2024 ...
  Epoch     1/10000  loss=3.4843e-01  lr=2.00e-04  (0.0s)
    -> I1=4 I2=5 I3=4 I4=5 I5=4 I6=4 I7=4 I8=6 min=4 mean=4.5 max=6 (124.9s, 98.4 ep/s, step=12.4ms, gpu=0%)
[22/303] hidden=[80, 80, 80] omega0=12.5 lr=0.0002 epochs=10000 npp=512 seed=7 ...
  Epoch     1/10000  loss=3.4561e-01  lr=2.00e-04  (0.0s)
    -> I1=5 I2=4 I3=6 I4=4 I5=4 I6=4 I7=4 I8=4 min=4 mean=4.4 max=6 (124.9s, 98.3 ep/s, step=12.5ms, gpu=0%)
[23/303] hidden=[80, 80, 80] omega0=12.5 lr=0.0002 epochs=10000 npp=512 seed=999 ...
  Epoch     1/10000  loss=3.9492e-01  lr=2.00e-04  (0.0s)
    -> I1=4 I2=4 I3=4 I4=5 I5=4 I6=5 I7=5 I8=5 min=4 mean=4.5 max=5 (124.9s, 98.3 ep/s, step=12.5ms, gpu=0%)
[24/303] hidden=[80, 80, 80] omega0=12.5 lr=0.0002 epochs=10000 npp=1024 seed=42 ...
  Epoch     1/10000  loss=3.5178e-01  lr=2.00e-04  (0.0s)
    -> I1=3 I2=4 I3=3 I4=4 I5=3 I6=4 I7=4 I8=4 min=3 mean=3.6 max=4 (126.7s, 98.1 ep/s, step=12.6ms, gpu=0%)
[25/303] hidden=[80, 80, 80] omega0=12.5 lr=0.0002 epochs=10000 npp=1024 seed=137 ...
  Epoch     1/10000  loss=3.7729e-01  lr=2.00e-04  (0.0s)
    -> I1=3 I2=4 I3=4 I4=4 I5=4 I6=5 I7=4 I8=4 min=3 mean=4.0 max=5 (126.7s, 98.2 ep/s, step=12.6ms, gpu=0%)
[26/303] hidden=[80, 80, 80] omega0=12.5 lr=0.0002 epochs=10000 npp=1024 seed=2024 ...
  Epoch     1/10000  loss=3.8533e-01  lr=2.00e-04  (0.0s)
    -> I1=4 I2=5 I3=4 I4=5 I5=4 I6=5 I7=4 I8=4 min=4 mean=4.4 max=5 (126.7s, 98.1 ep/s, step=12.6ms, gpu=0%)
[27/303] hidden=[80, 80, 80] omega0=12.5 lr=0.0002 epochs=10000 npp=1024 seed=7 ...
  Epoch     1/10000  loss=3.8251e-01  lr=2.00e-04  (0.0s)
    -> I1=3 I2=4 I3=4 I4=4 I5=4 I6=4 I7=5 I8=5 min=3 mean=4.1 max=5 (126.9s, 98.0 ep/s, step=12.6ms, gpu=0%)
[28/303] hidden=[80, 80, 80] omega0=12.5 lr=0.0002 epochs=10000 npp=1024 seed=999 ...
  Epoch     1/10000  loss=3.6572e-01  lr=2.00e-04  (0.0s)
    -> I1=3 I2=4 I3=4 I4=4 I5=3 I6=4 I7=4 I8=4 min=3 mean=3.8 max=4 (126.9s, 97.9 ep/s, step=12.6ms, gpu=0%)
[29/303] hidden=[80, 80, 80] omega0=12.5 lr=0.0002 epochs=10000 npp=2048 seed=42 ...
  Epoch     1/10000  loss=3.5266e-01  lr=2.00e-04  (0.0s)
    -> I1=4 I2=4 I3=4 I4=4 I5=4 I6=4 I7=4 I8=5 min=4 mean=4.1 max=5 (134.1s, 94.1 ep/s, step=13.4ms, gpu=0%)
[30/303] hidden=[80, 80, 80] omega0=12.5 lr=0.0002 epochs=10000 npp=2048 seed=137 ...
  Epoch     1/10000  loss=3.7975e-01  lr=2.00e-04  (0.0s)
    -> I1=3 I2=4 I3=4 I4=5 I5=4 I6=4 I7=5 I8=5 min=3 mean=4.2 max=5 (134.2s, 94.1 ep/s, step=13.4ms, gpu=0%)
[31/303] hidden=[80, 80, 80] omega0=12.5 lr=0.0002 epochs=10000 npp=2048 seed=2024 ...
  Epoch     1/10000  loss=3.5373e-01  lr=2.00e-04  (0.0s)
    -> I1=3 I2=4 I3=4 I4=5 I5=4 I6=4 I7=5 I8=5 min=3 mean=4.2 max=5 (134.1s, 94.2 ep/s, step=13.4ms, gpu=0%)
[32/303] hidden=[80, 80, 80] omega0=12.5 lr=0.0002 epochs=10000 npp=2048 seed=7 ...
  Epoch     1/10000  loss=3.9413e-01  lr=2.00e-04  (0.0s)
    -> I1=3 I2=4 I3=4 I4=5 I5=3 I6=4 I7=4 I8=5 min=3 mean=4.0 max=5 (134.1s, 94.2 ep/s, step=13.4ms, gpu=0%)
[33/303] hidden=[80, 80, 80] omega0=12.5 lr=0.0002 epochs=10000 npp=2048 seed=999 ...
  Epoch     1/10000  loss=3.6798e-01  lr=2.00e-04  (0.0s)
    -> I1=4 I2=5 I3=5 I4=5 I5=4 I6=4 I7=4 I8=4 min=4 mean=4.4 max=5 (134.0s, 94.2 ep/s, step=13.4ms, gpu=0%)
[34/303] hidden=[80, 80, 80] omega0=15.0 lr=5e-05 epochs=6000 npp=512 seed=42 ...
  Epoch     1/6000  loss=3.5375e-01  lr=5.00e-05  (0.0s)
    -> I1=3 I2=3 I3=4 I4=4 I5=3 I6=3 I7=3 I8=4 min=3 mean=3.4 max=4 (75.1s, 98.2 ep/s, step=12.5ms, gpu=0%)
[35/303] hidden=[80, 80, 80] omega0=15.0 lr=5e-05 epochs=6000 npp=512 seed=137 ...
  Epoch     1/6000  loss=4.4958e-01  lr=5.00e-05  (0.0s)
    -> I1=3 I2=4 I3=4 I4=5 I5=3 I6=3 I7=3 I8=4 min=3 mean=3.6 max=5 (74.9s, 98.4 ep/s, step=12.4ms, gpu=0%)
[36/303] hidden=[80, 80, 80] omega0=15.0 lr=5e-05 epochs=6000 npp=512 seed=2024 ...
  Epoch     1/6000  loss=3.4843e-01  lr=5.00e-05  (0.0s)
    -> I1=3 I2=4 I3=4 I4=5 I5=3 I6=3 I7=3 I8=4 min=3 mean=3.6 max=5 (74.9s, 98.4 ep/s, step=12.4ms, gpu=0%)
[37/303] hidden=[80, 80, 80] omega0=15.0 lr=5e-05 epochs=6000 npp=512 seed=7 ...
  Epoch     1/6000  loss=3.4562e-01  lr=5.00e-05  (0.0s)
    -> I1=3 I2=3 I3=4 I4=4 I5=3 I6=3 I7=3 I8=5 min=3 mean=3.5 max=5 (74.9s, 98.4 ep/s, step=12.4ms, gpu=0%)
[38/303] hidden=[80, 80, 80] omega0=15.0 lr=5e-05 epochs=6000 npp=512 seed=999 ...
  Epoch     1/6000  loss=3.9492e-01  lr=5.00e-05  (0.0s)
    -> I1=3 I2=4 I3=3 I4=4 I5=3 I6=3 I7=5 I8=5 min=3 mean=3.8 max=5 (75.0s, 98.3 ep/s, step=12.5ms, gpu=0%)
[39/303] hidden=[80, 80, 80] omega0=15.0 lr=5e-05 epochs=6000 npp=1024 seed=42 ...
  Epoch     1/6000  loss=3.5178e-01  lr=5.00e-05  (0.0s)
    -> I1=3 I2=4 I3=3 I4=4 I5=3 I6=3 I7=4 I8=5 min=3 mean=3.6 max=5 (76.0s, 98.2 ep/s, step=12.6ms, gpu=0%)
[40/303] hidden=[80, 80, 80] omega0=15.0 lr=5e-05 epochs=6000 npp=1024 seed=137 ...
  Epoch     1/6000  loss=3.7729e-01  lr=5.00e-05  (0.0s)
    -> I1=3 I2=4 I3=4 I4=5 I5=3 I6=3 I7=3 I8=4 min=3 mean=3.6 max=5 (76.1s, 98.1 ep/s, step=12.6ms, gpu=0%)
[41/303] hidden=[80, 80, 80] omega0=15.0 lr=5e-05 epochs=6000 npp=1024 seed=2024 ...
  Epoch     1/6000  loss=3.8533e-01  lr=5.00e-05  (0.0s)
    -> I1=4 I2=4 I3=4 I4=4 I5=3 I6=3 I7=4 I8=4 min=3 mean=3.8 max=4 (76.0s, 98.2 ep/s, step=12.6ms, gpu=0%)
[42/303] hidden=[80, 80, 80] omega0=15.0 lr=5e-05 epochs=6000 npp=1024 seed=7 ...
  Epoch     1/6000  loss=3.8251e-01  lr=5.00e-05  (0.0s)
    -> I1=4 I2=3 I3=4 I4=4 I5=3 I6=4 I7=3 I8=5 min=3 mean=3.8 max=5 (76.1s, 98.1 ep/s, step=12.6ms, gpu=0%)
[43/303] hidden=[80, 80, 80] omega0=15.0 lr=5e-05 epochs=6000 npp=1024 seed=999 ...
  Epoch     1/6000  loss=3.6572e-01  lr=5.00e-05  (0.0s)
    -> I1=3 I2=4 I3=3 I4=4 I5=3 I6=3 I7=3 I8=4 min=3 mean=3.4 max=4 (76.0s, 98.1 ep/s, step=12.6ms, gpu=0%)
[44/303] hidden=[80, 80, 80] omega0=15.0 lr=5e-05 epochs=6000 npp=2048 seed=42 ...
  Epoch     1/6000  loss=3.5266e-01  lr=5.00e-05  (0.0s)
    -> I1=4 I2=4 I3=4 I4=5 I5=3 I6=4 I7=4 I8=5 min=3 mean=4.1 max=5 (80.5s, 94.1 ep/s, step=13.4ms, gpu=0%)
[45/303] hidden=[80, 80, 80] omega0=15.0 lr=5e-05 epochs=6000 npp=2048 seed=137 ...
  Epoch     1/6000  loss=3.7975e-01  lr=5.00e-05  (0.0s)
    -> I1=4 I2=4 I3=4 I4=4 I5=4 I6=3 I7=4 I8=4 min=3 mean=3.9 max=4 (80.5s, 94.1 ep/s, step=13.4ms, gpu=0%)
[46/303] hidden=[80, 80, 80] omega0=15.0 lr=5e-05 epochs=6000 npp=2048 seed=2024 ...
  Epoch     1/6000  loss=3.5373e-01  lr=5.00e-05  (0.0s)
    -> I1=4 I2=4 I3=4 I4=6 I5=3 I6=3 I7=4 I8=4 min=3 mean=4.0 max=6 (80.5s, 94.1 ep/s, step=13.4ms, gpu=0%)
[47/303] hidden=[80, 80, 80] omega0=15.0 lr=5e-05 epochs=6000 npp=2048 seed=7 ...
  Epoch     1/6000  loss=3.9413e-01  lr=5.00e-05  (0.0s)
    -> I1=3 I2=4 I3=4 I4=5 I5=3 I6=4 I7=4 I8=6 min=3 mean=4.1 max=6 (80.4s, 94.2 ep/s, step=13.4ms, gpu=0%)
[48/303] hidden=[80, 80, 80] omega0=15.0 lr=5e-05 epochs=6000 npp=2048 seed=999 ...
  Epoch     1/6000  loss=3.6798e-01  lr=5.00e-05  (0.0s)
    -> I1=3 I2=4 I3=3 I4=4 I5=3 I6=3 I7=4 I8=4 min=3 mean=3.5 max=4 (80.5s, 94.2 ep/s, step=13.4ms, gpu=0%)
[49/303] hidden=[80, 80, 80] omega0=15.0 lr=0.0001 epochs=6000 npp=512 seed=42 ...
  Epoch     1/6000  loss=3.5375e-01  lr=1.00e-04  (0.0s)
    -> I1=4 I2=4 I3=4 I4=4 I5=3 I6=4 I7=4 I8=4 min=3 mean=3.9 max=4 (75.1s, 98.1 ep/s, step=12.5ms, gpu=0%)
[50/303] hidden=[80, 80, 80] omega0=15.0 lr=0.0001 epochs=6000 npp=512 seed=137 ...
  Epoch     1/6000  loss=4.4958e-01  lr=1.00e-04  (0.0s)
    -> I1=3 I2=4 I3=4 I4=5 I5=4 I6=4 I7=4 I8=4 min=3 mean=4.0 max=5 (75.0s, 98.2 ep/s, step=12.5ms, gpu=0%)
[51/303] hidden=[80, 80, 80] omega0=15.0 lr=0.0001 epochs=6000 npp=512 seed=2024 ...
  Epoch     1/6000  loss=3.4843e-01  lr=1.00e-04  (0.0s)
    -> I1=4 I2=5 I3=4 I4=4 I5=3 I6=3 I7=4 I8=5 min=3 mean=4.0 max=5 (74.9s, 98.4 ep/s, step=12.4ms, gpu=0%)
[52/303] hidden=[80, 80, 80] omega0=15.0 lr=0.0001 epochs=6000 npp=512 seed=7 ...
  Epoch     1/6000  loss=3.4562e-01  lr=1.00e-04  (0.0s)
    -> I1=3 I2=4 I3=3 I4=4 I5=3 I6=4 I7=3 I8=4 min=3 mean=3.5 max=4 (75.0s, 98.2 ep/s, step=12.5ms, gpu=0%)
[53/303] hidden=[80, 80, 80] omega0=15.0 lr=0.0001 epochs=6000 npp=512 seed=999 ...
  Epoch     1/6000  loss=3.9492e-01  lr=1.00e-04  (0.0s)
    -> I1=4 I2=4 I3=4 I4=4 I5=3 I6=4 I7=4 I8=4 min=3 mean=3.9 max=4 (75.0s, 98.3 ep/s, step=12.5ms, gpu=0%)
[54/303] hidden=[80, 80, 80] omega0=15.0 lr=0.0001 epochs=6000 npp=1024 seed=42 ...
  Epoch     1/6000  loss=3.5178e-01  lr=1.00e-04  (0.0s)
    -> I1=3 I2=4 I3=4 I4=4 I5=4 I6=5 I7=5 I8=6 min=3 mean=4.4 max=6 (76.2s, 98.0 ep/s, step=12.7ms, gpu=0%)
[55/303] hidden=[80, 80, 80] omega0=15.0 lr=0.0001 epochs=6000 npp=1024 seed=137 ...
  Epoch     1/6000  loss=3.7729e-01  lr=1.00e-04  (0.0s)
    -> I1=3 I2=4 I3=5 I4=5 I5=5 I6=4 I7=5 I8=5 min=3 mean=4.5 max=5 (76.2s, 98.0 ep/s, step=12.7ms, gpu=0%)
[56/303] hidden=[80, 80, 80] omega0=15.0 lr=0.0001 epochs=6000 npp=1024 seed=2024 ...
  Epoch     1/6000  loss=3.8533e-01  lr=1.00e-04  (0.0s)
    -> I1=4 I2=4 I3=4 I4=4 I5=3 I6=4 I7=5 I8=4 min=3 mean=4.0 max=5 (76.1s, 98.1 ep/s, step=12.6ms, gpu=0%)
[57/303] hidden=[80, 80, 80] omega0=15.0 lr=0.0001 epochs=6000 npp=1024 seed=7 ...
  Epoch     1/6000  loss=3.8251e-01  lr=1.00e-04  (0.0s)
    -> I1=4 I2=4 I3=4 I4=7 I5=3 I6=4 I7=4 I8=4 min=3 mean=4.2 max=7 (76.1s, 98.1 ep/s, step=12.6ms, gpu=0%)
[58/303] hidden=[80, 80, 80] omega0=15.0 lr=0.0001 epochs=6000 npp=1024 seed=999 ...
  Epoch     1/6000  loss=3.6572e-01  lr=1.00e-04  (0.0s)
    -> I1=3 I2=4 I3=4 I4=5 I5=3 I6=4 I7=4 I8=5 min=3 mean=4.0 max=5 (76.1s, 98.0 ep/s, step=12.6ms, gpu=0%)
[59/303] hidden=[80, 80, 80] omega0=15.0 lr=0.0001 epochs=6000 npp=2048 seed=42 ...
  Epoch     1/6000  loss=3.5266e-01  lr=1.00e-04  (0.0s)
    -> I1=4 I2=4 I3=4 I4=6 I5=4 I6=4 I7=5 I8=4 min=4 mean=4.4 max=6 (80.4s, 94.2 ep/s, step=13.4ms, gpu=0%)
[60/303] hidden=[80, 80, 80] omega0=15.0 lr=0.0001 epochs=6000 npp=2048 seed=137 ...
  Epoch     1/6000  loss=3.7975e-01  lr=1.00e-04  (0.0s)
    -> I1=3 I2=4 I3=4 I4=4 I5=4 I6=4 I7=4 I8=6 min=3 mean=4.1 max=6 (80.5s, 94.2 ep/s, step=13.4ms, gpu=0%)
[61/303] hidden=[80, 80, 80] omega0=15.0 lr=0.0001 epochs=6000 npp=2048 seed=2024 ...
  Epoch     1/6000  loss=3.5373e-01  lr=1.00e-04  (0.0s)
    -> I1=4 I2=4 I3=4 I4=4 I5=4 I6=4 I7=5 I8=4 min=4 mean=4.1 max=5 (80.3s, 94.3 ep/s, step=13.4ms, gpu=0%)
[62/303] hidden=[80, 80, 80] omega0=15.0 lr=0.0001 epochs=6000 npp=2048 seed=7 ...
  Epoch     1/6000  loss=3.9413e-01  lr=1.00e-04  (0.0s)
    -> I1=3 I2=4 I3=4 I4=5 I5=3 I6=4 I7=4 I8=4 min=3 mean=3.9 max=5 (80.4s, 94.2 ep/s, step=13.4ms, gpu=0%)
[63/303] hidden=[80, 80, 80] omega0=15.0 lr=0.0001 epochs=6000 npp=2048 seed=999 ...
  Epoch     1/6000  loss=3.6798e-01  lr=1.00e-04  (0.0s)
    -> I1=3 I2=4 I3=4 I4=4 I5=3 I6=4 I7=4 I8=4 min=3 mean=3.8 max=4 (80.4s, 94.2 ep/s, step=13.4ms, gpu=0%)
[64/303] hidden=[80, 80, 80] omega0=15.0 lr=0.0002 epochs=6000 npp=512 seed=42 ...
  Epoch     1/6000  loss=3.5375e-01  lr=2.00e-04  (0.0s)
    -> I1=3 I2=4 I3=4 I4=4 I5=3 I6=4 I7=4 I8=4 min=3 mean=3.8 max=4 (74.9s, 98.4 ep/s, step=12.4ms, gpu=0%)
[65/303] hidden=[80, 80, 80] omega0=15.0 lr=0.0002 epochs=6000 npp=512 seed=137 ...
  Epoch     1/6000  loss=4.4958e-01  lr=2.00e-04  (0.0s)
    -> I1=3 I2=4 I3=4 I4=4 I5=3 I6=4 I7=5 I8=4 min=3 mean=3.9 max=5 (75.0s, 98.3 ep/s, step=12.5ms, gpu=0%)
[66/303] hidden=[80, 80, 80] omega0=15.0 lr=0.0002 epochs=6000 npp=512 seed=2024 ...
  Epoch     1/6000  loss=3.4843e-01  lr=2.00e-04  (0.0s)
    -> I1=3 I2=4 I3=3 I4=4 I5=3 I6=3 I7=4 I8=5 min=3 mean=3.6 max=5 (75.0s, 98.3 ep/s, step=12.5ms, gpu=0%)
[67/303] hidden=[80, 80, 80] omega0=15.0 lr=0.0002 epochs=6000 npp=512 seed=7 ...
  Epoch     1/6000  loss=3.4562e-01  lr=2.00e-04  (0.0s)
    -> I1=4 I2=4 I3=5 I4=5 I5=4 I6=4 I7=6 I8=5 min=4 mean=4.6 max=6 (75.0s, 98.2 ep/s, step=12.5ms, gpu=0%)
[68/303] hidden=[80, 80, 80] omega0=15.0 lr=0.0002 epochs=6000 npp=512 seed=999 ...
  Epoch     1/6000  loss=3.9492e-01  lr=2.00e-04  (0.0s)
    -> I1=4 I2=4 I3=4 I4=6 I5=4 I6=4 I7=6 I8=5 min=4 mean=4.6 max=6 (75.0s, 98.3 ep/s, step=12.5ms, gpu=0%)
[69/303] hidden=[80, 80, 80] omega0=15.0 lr=0.0002 epochs=6000 npp=1024 seed=42 ...
  Epoch     1/6000  loss=3.5178e-01  lr=2.00e-04  (0.0s)
    -> I1=3 I2=4 I3=4 I4=4 I5=4 I6=4 I7=4 I8=5 min=3 mean=4.0 max=5 (76.2s, 98.0 ep/s, step=12.7ms, gpu=0%)
[70/303] hidden=[80, 80, 80] omega0=15.0 lr=0.0002 epochs=6000 npp=1024 seed=137 ...
  Epoch     1/6000  loss=3.7729e-01  lr=2.00e-04  (0.0s)
    -> I1=3 I2=4 I3=4 I4=4 I5=4 I6=4 I7=4 I8=4 min=3 mean=3.9 max=4 (76.1s, 98.0 ep/s, step=12.6ms, gpu=0%)
[71/303] hidden=[80, 80, 80] omega0=15.0 lr=0.0002 epochs=6000 npp=1024 seed=2024 ...
  Epoch     1/6000  loss=3.8533e-01  lr=2.00e-04  (0.0s)
    -> I1=4 I2=4 I3=4 I4=4 I5=4 I6=6 I7=4 I8=4 min=4 mean=4.2 max=6 (76.2s, 97.9 ep/s, step=12.7ms, gpu=0%)
[72/303] hidden=[80, 80, 80] omega0=15.0 lr=0.0002 epochs=6000 npp=1024 seed=7 ...
  Epoch     1/6000  loss=3.8251e-01  lr=2.00e-04  (0.0s)
    -> I1=4 I2=4 I3=4 I4=4 I5=4 I6=5 I7=4 I8=5 min=4 mean=4.2 max=5 (76.1s, 98.0 ep/s, step=12.6ms, gpu=0%)
[73/303] hidden=[80, 80, 80] omega0=15.0 lr=0.0002 epochs=6000 npp=1024 seed=999 ...
  Epoch     1/6000  loss=3.6572e-01  lr=2.00e-04  (0.0s)
    -> I1=4 I2=5 I3=4 I4=4 I5=3 I6=4 I7=4 I8=4 min=3 mean=4.0 max=5 (76.2s, 97.9 ep/s, step=12.7ms, gpu=0%)
[74/303] hidden=[80, 80, 80] omega0=15.0 lr=0.0002 epochs=6000 npp=2048 seed=42 ...
  Epoch     1/6000  loss=3.5266e-01  lr=2.00e-04  (0.0s)
    -> I1=3 I2=4 I3=4 I4=4 I5=3 I6=4 I7=4 I8=5 min=3 mean=3.9 max=5 (80.4s, 94.2 ep/s, step=13.4ms, gpu=0%)
[75/303] hidden=[80, 80, 80] omega0=15.0 lr=0.0002 epochs=6000 npp=2048 seed=137 ...
  Epoch     1/6000  loss=3.7975e-01  lr=2.00e-04  (0.0s)
    -> I1=3 I2=4 I3=4 I4=5 I5=4 I6=4 I7=4 I8=4 min=3 mean=4.0 max=5 (80.5s, 94.1 ep/s, step=13.4ms, gpu=0%)
[76/303] hidden=[80, 80, 80] omega0=15.0 lr=0.0002 epochs=6000 npp=2048 seed=2024 ...
  Epoch     1/6000  loss=3.5373e-01  lr=2.00e-04  (0.0s)
    -> I1=5 I2=4 I3=4 I4=5 I5=4 I6=5 I7=4 I8=4 min=4 mean=4.4 max=5 (80.5s, 94.1 ep/s, step=13.4ms, gpu=0%)
[77/303] hidden=[80, 80, 80] omega0=15.0 lr=0.0002 epochs=6000 npp=2048 seed=7 ...
  Epoch     1/6000  loss=3.9413e-01  lr=2.00e-04  (0.0s)
    -> I1=4 I2=4 I3=4 I4=4 I5=4 I6=4 I7=5 I8=5 min=4 mean=4.2 max=5 (80.4s, 94.2 ep/s, step=13.4ms, gpu=0%)
[78/303] hidden=[80, 80, 80] omega0=15.0 lr=0.0002 epochs=6000 npp=2048 seed=999 ...
  Epoch     1/6000  loss=3.6798e-01  lr=2.00e-04  (0.0s)
    -> I1=3 I2=4 I3=4 I4=5 I5=3 I6=4 I7=4 I8=5 min=3 mean=4.0 max=5 (80.4s, 94.3 ep/s, step=13.4ms, gpu=0%)
[79/303] hidden=[80, 80, 80] omega0=15.0 lr=5e-05 epochs=8000 npp=512 seed=42 ...
  Epoch     1/8000  loss=3.5375e-01  lr=5.00e-05  (0.0s)
    -> I1=3 I2=4 I3=3 I4=4 I5=3 I6=4 I7=3 I8=4 min=3 mean=3.5 max=4 (100.0s, 98.2 ep/s, step=12.5ms, gpu=0%)
[80/303] hidden=[80, 80, 80] omega0=15.0 lr=5e-05 epochs=8000 npp=512 seed=137 ...
  Epoch     1/8000  loss=4.4958e-01  lr=5.00e-05  (0.0s)
    -> I1=3 I2=4 I3=5 I4=4 I5=3 I6=3 I7=3 I8=4 min=3 mean=3.6 max=5 (99.9s, 98.3 ep/s, step=12.4ms, gpu=0%)
[81/303] hidden=[80, 80, 80] omega0=15.0 lr=5e-05 epochs=8000 npp=512 seed=2024 ...
  Epoch     1/8000  loss=3.4843e-01  lr=5.00e-05  (0.0s)
    -> I1=3 I2=4 I3=4 I4=4 I5=3 I6=3 I7=3 I8=4 min=3 mean=3.5 max=4 (100.0s, 98.3 ep/s, step=12.5ms, gpu=0%)
[82/303] hidden=[80, 80, 80] omega0=15.0 lr=5e-05 epochs=8000 npp=512 seed=7 ...
  Epoch     1/8000  loss=3.4562e-01  lr=5.00e-05  (0.0s)
    -> I1=3 I2=3 I3=3 I4=4 I5=3 I6=3 I7=3 I8=4 min=3 mean=3.2 max=4 (100.0s, 98.2 ep/s, step=12.5ms, gpu=0%)
[83/303] hidden=[80, 80, 80] omega0=15.0 lr=5e-05 epochs=8000 npp=512 seed=999 ...
  Epoch     1/8000  loss=3.9492e-01  lr=5.00e-05  (0.0s)
    -> I1=3 I2=4 I3=3 I4=4 I5=3 I6=3 I7=4 I8=4 min=3 mean=3.5 max=4 (100.0s, 98.3 ep/s, step=12.5ms, gpu=0%)
[84/303] hidden=[80, 80, 80] omega0=15.0 lr=5e-05 epochs=8000 npp=1024 seed=42 ...
  Epoch     1/8000  loss=3.5178e-01  lr=5.00e-05  (0.0s)
    -> I1=3 I2=4 I3=4 I4=5 I5=3 I6=4 I7=4 I8=5 min=3 mean=4.0 max=5 (101.5s, 97.9 ep/s, step=12.6ms, gpu=0%)
[85/303] hidden=[80, 80, 80] omega0=15.0 lr=5e-05 epochs=8000 npp=1024 seed=137 ...
  Epoch     1/8000  loss=3.7729e-01  lr=5.00e-05  (0.0s)
    -> I1=3 I2=4 I3=4 I4=5 I5=3 I6=4 I7=4 I8=4 min=3 mean=3.9 max=5 (101.5s, 98.0 ep/s, step=12.6ms, gpu=0%)
[86/303] hidden=[80, 80, 80] omega0=15.0 lr=5e-05 epochs=8000 npp=1024 seed=2024 ...
  Epoch     1/8000  loss=3.8533e-01  lr=5.00e-05  (0.0s)
    -> I1=4 I2=4 I3=5 I4=5 I5=4 I6=4 I7=4 I8=5 min=4 mean=4.4 max=5 (101.4s, 98.1 ep/s, step=12.6ms, gpu=0%)
[87/303] hidden=[80, 80, 80] omega0=15.0 lr=5e-05 epochs=8000 npp=1024 seed=7 ...
  Epoch     1/8000  loss=3.8251e-01  lr=5.00e-05  (0.0s)
    -> I1=4 I2=3 I3=4 I4=4 I5=3 I6=4 I7=3 I8=5 min=3 mean=3.8 max=5 (101.3s, 98.1 ep/s, step=12.6ms, gpu=0%)
[88/303] hidden=[80, 80, 80] omega0=15.0 lr=5e-05 epochs=8000 npp=1024 seed=999 ...
  Epoch     1/8000  loss=3.6572e-01  lr=5.00e-05  (0.0s)
    -> I1=3 I2=4 I3=4 I4=4 I5=3 I6=3 I7=6 I8=4 min=3 mean=3.9 max=6 (101.4s, 98.1 ep/s, step=12.6ms, gpu=0%)
[89/303] hidden=[80, 80, 80] omega0=15.0 lr=5e-05 epochs=8000 npp=2048 seed=42 ...
  Epoch     1/8000  loss=3.5266e-01  lr=5.00e-05  (0.0s)
    -> I1=5 I2=4 I3=5 I4=5 I5=4 I6=4 I7=4 I8=6 min=4 mean=4.6 max=6 (107.1s, 94.3 ep/s, step=13.4ms, gpu=0%)
[90/303] hidden=[80, 80, 80] omega0=15.0 lr=5e-05 epochs=8000 npp=2048 seed=137 ...
  Epoch     1/8000  loss=3.7975e-01  lr=5.00e-05  (0.0s)
    -> I1=4 I2=5 I3=4 I4=5 I5=4 I6=4 I7=4 I8=4 min=4 mean=4.2 max=5 (107.3s, 94.2 ep/s, step=13.4ms, gpu=0%)
[91/303] hidden=[80, 80, 80] omega0=15.0 lr=5e-05 epochs=8000 npp=2048 seed=2024 ...
  Epoch     1/8000  loss=3.5373e-01  lr=5.00e-05  (0.0s)
    -> I1=4 I2=5 I3=4 I4=6 I5=4 I6=3 I7=4 I8=4 min=3 mean=4.2 max=6 (107.3s, 94.1 ep/s, step=13.4ms, gpu=0%)
[92/303] hidden=[80, 80, 80] omega0=15.0 lr=5e-05 epochs=8000 npp=2048 seed=7 ...
  Epoch     1/8000  loss=3.9413e-01  lr=5.00e-05  (0.0s)
    -> I1=3 I2=4 I3=4 I4=4 I5=3 I6=4 I7=4 I8=4 min=3 mean=3.8 max=4 (107.3s, 94.2 ep/s, step=13.4ms, gpu=0%)
[93/303] hidden=[80, 80, 80] omega0=15.0 lr=5e-05 epochs=8000 npp=2048 seed=999 ...
  Epoch     1/8000  loss=3.6798e-01  lr=5.00e-05  (0.0s)
    -> I1=4 I2=4 I3=4 I4=4 I5=3 I6=4 I7=4 I8=4 min=3 mean=3.9 max=4 (107.4s, 94.1 ep/s, step=13.4ms, gpu=0%)
[94/303] hidden=[80, 80, 80] omega0=15.0 lr=0.0001 epochs=8000 npp=512 seed=42 ...
  Epoch     1/8000  loss=3.5375e-01  lr=1.00e-04  (0.0s)
    -> I1=3 I2=4 I3=3 I4=4 I5=3 I6=4 I7=4 I8=4 min=3 mean=3.6 max=4 (100.3s, 98.1 ep/s, step=12.5ms, gpu=0%)
[95/303] hidden=[80, 80, 80] omega0=15.0 lr=0.0001 epochs=8000 npp=512 seed=137 ...
  Epoch     1/8000  loss=4.4958e-01  lr=1.00e-04  (0.0s)
    -> I1=3 I2=4 I3=4 I4=4 I5=4 I6=4 I7=4 I8=4 min=3 mean=3.9 max=4 (100.2s, 98.1 ep/s, step=12.5ms, gpu=0%)
[96/303] hidden=[80, 80, 80] omega0=15.0 lr=0.0001 epochs=8000 npp=512 seed=2024 ...
  Epoch     1/8000  loss=3.4843e-01  lr=1.00e-04  (0.0s)
    -> I1=4 I2=4 I3=3 I4=4 I5=4 I6=4 I7=4 I8=5 min=3 mean=4.0 max=5 (100.2s, 98.1 ep/s, step=12.5ms, gpu=0%)
[97/303] hidden=[80, 80, 80] omega0=15.0 lr=0.0001 epochs=8000 npp=512 seed=7 ...
  Epoch     1/8000  loss=3.4562e-01  lr=1.00e-04  (0.0s)
    -> I1=3 I2=4 I3=4 I4=5 I5=3 I6=4 I7=4 I8=5 min=3 mean=4.0 max=5 (99.8s, 98.4 ep/s, step=12.4ms, gpu=0%)
[98/303] hidden=[80, 80, 80] omega0=15.0 lr=0.0001 epochs=8000 npp=512 seed=999 ...
  Epoch     1/8000  loss=3.9492e-01  lr=1.00e-04  (0.0s)
    -> I1=3 I2=4 I3=4 I4=5 I5=5 I6=4 I7=4 I8=5 min=3 mean=4.2 max=5 (99.8s, 98.4 ep/s, step=12.4ms, gpu=0%)
[99/303] hidden=[80, 80, 80] omega0=15.0 lr=0.0001 epochs=8000 npp=1024 seed=42 ...
  Epoch     1/8000  loss=3.5178e-01  lr=1.00e-04  (0.0s)
    -> I1=4 I2=4 I3=4 I4=5 I5=4 I6=4 I7=3 I8=4 min=3 mean=4.0 max=5 (101.3s, 98.1 ep/s, step=12.6ms, gpu=0%)
[100/303] hidden=[80, 80, 80] omega0=15.0 lr=0.0001 epochs=8000 npp=1024 seed=137 ...
  Epoch     1/8000  loss=3.7729e-01  lr=1.00e-04  (0.0s)
    -> I1=4 I2=4 I3=4 I4=5 I5=4 I6=4 I7=4 I8=4 min=4 mean=4.1 max=5 (101.4s, 98.1 ep/s, step=12.6ms, gpu=0%)
[101/303] hidden=[80, 80, 80] omega0=15.0 lr=0.0001 epochs=8000 npp=1024 seed=2024 ...
  Epoch     1/8000  loss=3.8533e-01  lr=1.00e-04  (0.0s)
    -> I1=3 I2=4 I3=4 I4=4 I5=3 I6=4 I7=4 I8=5 min=3 mean=3.9 max=5 (101.5s, 98.0 ep/s, step=12.6ms, gpu=0%)
[102/303] hidden=[80, 80, 80] omega0=15.0 lr=0.0001 epochs=8000 npp=1024 seed=7 ...
  Epoch     1/8000  loss=3.8251e-01  lr=1.00e-04  (0.0s)
    -> I1=4 I2=4 I3=5 I4=4 I5=3 I6=4 I7=4 I8=5 min=3 mean=4.1 max=5 (101.4s, 98.1 ep/s, step=12.6ms, gpu=0%)
[103/303] hidden=[80, 80, 80] omega0=15.0 lr=0.0001 epochs=8000 npp=1024 seed=999 ...
  Epoch     1/8000  loss=3.6572e-01  lr=1.00e-04  (0.0s)
    -> I1=3 I2=4 I3=4 I4=4 I5=3 I6=4 I7=4 I8=4 min=3 mean=3.8 max=4 (101.4s, 98.1 ep/s, step=12.6ms, gpu=0%)
[104/303] hidden=[80, 80, 80] omega0=15.0 lr=0.0001 epochs=8000 npp=2048 seed=42 ...
  Epoch     1/8000  loss=3.5266e-01  lr=1.00e-04  (0.0s)
    -> I1=4 I2=5 I3=5 I4=5 I5=4 I6=5 I7=5 I8=4 min=4 mean=4.6 max=5 (107.1s, 94.2 ep/s, step=13.4ms, gpu=0%)
[105/303] hidden=[80, 80, 80] omega0=15.0 lr=0.0001 epochs=8000 npp=2048 seed=137 ...
  Epoch     1/8000  loss=3.7975e-01  lr=1.00e-04  (0.0s)
    -> I1=3 I2=5 I3=4 I4=5 I5=4 I6=5 I7=5 I8=5 min=3 mean=4.5 max=5 (107.3s, 94.1 ep/s, step=13.4ms, gpu=0%)
[106/303] hidden=[80, 80, 80] omega0=15.0 lr=0.0001 epochs=8000 npp=2048 seed=2024 ...
  Epoch     1/8000  loss=3.5373e-01  lr=1.00e-04  (0.0s)
    -> I1=4 I2=4 I3=4 I4=7 I5=5 I6=4 I7=5 I8=5 min=4 mean=4.8 max=7 (107.2s, 94.2 ep/s, step=13.4ms, gpu=0%)
[107/303] hidden=[80, 80, 80] omega0=15.0 lr=0.0001 epochs=8000 npp=2048 seed=7 ...
  Epoch     1/8000  loss=3.9413e-01  lr=1.00e-04  (0.0s)
    -> I1=3 I2=4 I3=4 I4=4 I5=4 I6=5 I7=4 I8=4 min=3 mean=4.0 max=5 (107.3s, 94.2 ep/s, step=13.4ms, gpu=0%)
[108/303] hidden=[80, 80, 80] omega0=15.0 lr=0.0001 epochs=8000 npp=2048 seed=999 ...
  Epoch     1/8000  loss=3.6798e-01  lr=1.00e-04  (0.0s)
    -> I1=4 I2=4 I3=4 I4=5 I5=4 I6=6 I7=4 I8=5 min=4 mean=4.5 max=6 (107.1s, 94.2 ep/s, step=13.3ms, gpu=0%)
[109/303] hidden=[80, 80, 80] omega0=15.0 lr=0.0002 epochs=8000 npp=512 seed=42 ...
  Epoch     1/8000  loss=3.5375e-01  lr=2.00e-04  (0.0s)
    -> I1=4 I2=4 I3=4 I4=4 I5=3 I6=4 I7=4 I8=5 min=3 mean=4.0 max=5 (99.9s, 98.3 ep/s, step=12.5ms, gpu=0%)
[110/303] hidden=[80, 80, 80] omega0=15.0 lr=0.0002 epochs=8000 npp=512 seed=137 ...
  Epoch     1/8000  loss=4.4958e-01  lr=2.00e-04  (0.0s)
    -> I1=4 I2=5 I3=4 I4=5 I5=4 I6=4 I7=4 I8=4 min=4 mean=4.2 max=5 (100.0s, 98.2 ep/s, step=12.5ms, gpu=0%)
[111/303] hidden=[80, 80, 80] omega0=15.0 lr=0.0002 epochs=8000 npp=512 seed=2024 ...
  Epoch     1/8000  loss=3.4843e-01  lr=2.00e-04  (0.0s)
    -> I1=4 I2=4 I3=4 I4=5 I5=4 I6=4 I7=4 I8=4 min=4 mean=4.1 max=5 (99.9s, 98.3 ep/s, step=12.5ms, gpu=0%)
[112/303] hidden=[80, 80, 80] omega0=15.0 lr=0.0002 epochs=8000 npp=512 seed=7 ...
  Epoch     1/8000  loss=3.4562e-01  lr=2.00e-04  (0.0s)
    -> I1=3 I2=5 I3=4 I4=5 I5=5 I6=4 I7=4 I8=4 min=3 mean=4.2 max=5 (100.0s, 98.1 ep/s, step=12.5ms, gpu=0%)
[113/303] hidden=[80, 80, 80] omega0=15.0 lr=0.0002 epochs=8000 npp=512 seed=999 ...
  Epoch     1/8000  loss=3.9492e-01  lr=2.00e-04  (0.0s)
    -> I1=3 I2=4 I3=4 I4=5 I5=4 I6=4 I7=4 I8=5 min=3 mean=4.1 max=5 (100.1s, 98.2 ep/s, step=12.5ms, gpu=0%)
[114/303] hidden=[80, 80, 80] omega0=15.0 lr=0.0002 epochs=8000 npp=1024 seed=42 ...
  Epoch     1/8000  loss=3.5178e-01  lr=2.00e-04  (0.0s)
    -> I1=3 I2=4 I3=3 I4=4 I5=3 I6=4 I7=3 I8=4 min=3 mean=3.5 max=4 (101.5s, 97.9 ep/s, step=12.6ms, gpu=0%)
[115/303] hidden=[80, 80, 80] omega0=15.0 lr=0.0002 epochs=8000 npp=1024 seed=137 ...
  Epoch     1/8000  loss=3.7729e-01  lr=2.00e-04  (0.0s)
    -> I1=4 I2=4 I3=4 I4=5 I5=4 I6=5 I7=4 I8=4 min=4 mean=4.2 max=5 (101.5s, 97.9 ep/s, step=12.7ms, gpu=0%)
[116/303] hidden=[80, 80, 80] omega0=15.0 lr=0.0002 epochs=8000 npp=1024 seed=2024 ...
  Epoch     1/8000  loss=3.8533e-01  lr=2.00e-04  (0.0s)
    -> I1=4 I2=4 I3=4 I4=5 I5=4 I6=5 I7=5 I8=5 min=4 mean=4.5 max=5 (101.5s, 97.9 ep/s, step=12.6ms, gpu=0%)
[117/303] hidden=[80, 80, 80] omega0=15.0 lr=0.0002 epochs=8000 npp=1024 seed=7 ...
  Epoch     1/8000  loss=3.8251e-01  lr=2.00e-04  (0.0s)
    -> I1=3 I2=4 I3=4 I4=5 I5=4 I6=4 I7=4 I8=5 min=3 mean=4.1 max=5 (101.3s, 98.0 ep/s, step=12.6ms, gpu=0%)
[118/303] hidden=[80, 80, 80] omega0=15.0 lr=0.0002 epochs=8000 npp=1024 seed=999 ...
  Epoch     1/8000  loss=3.6572e-01  lr=2.00e-04  (0.0s)
    -> I1=4 I2=4 I3=4 I4=5 I5=4 I6=4 I7=4 I8=4 min=4 mean=4.1 max=5 (101.4s, 97.9 ep/s, step=12.6ms, gpu=0%)
[119/303] hidden=[80, 80, 80] omega0=15.0 lr=0.0002 epochs=8000 npp=2048 seed=42 ...
  Epoch     1/8000  loss=3.5266e-01  lr=2.00e-04  (0.0s)
    -> I1=4 I2=5 I3=5 I4=5 I5=4 I6=5 I7=4 I8=5 min=4 mean=4.6 max=5 (107.1s, 94.2 ep/s, step=13.4ms, gpu=0%)
[120/303] hidden=[80, 80, 80] omega0=15.0 lr=0.0002 epochs=8000 npp=2048 seed=137 ...
  Epoch     1/8000  loss=3.7975e-01  lr=2.00e-04  (0.0s)
    -> I1=4 I2=4 I3=4 I4=7 I5=4 I6=5 I7=4 I8=4 min=4 mean=4.5 max=7 (107.2s, 94.2 ep/s, step=13.4ms, gpu=0%)
[121/303] hidden=[80, 80, 80] omega0=15.0 lr=0.0002 epochs=8000 npp=2048 seed=2024 ...
  Epoch     1/8000  loss=3.5373e-01  lr=2.00e-04  (0.0s)
    -> I1=4 I2=4 I3=4 I4=5 I5=4 I6=5 I7=7 I8=5 min=4 mean=4.8 max=7 (107.2s, 94.2 ep/s, step=13.4ms, gpu=0%)
[122/303] hidden=[80, 80, 80] omega0=15.0 lr=0.0002 epochs=8000 npp=2048 seed=7 ...
  Epoch     1/8000  loss=3.9413e-01  lr=2.00e-04  (0.0s)
    -> I1=4 I2=4 I3=4 I4=5 I5=4 I6=5 I7=4 I8=5 min=4 mean=4.4 max=5 (107.1s, 94.3 ep/s, step=13.3ms, gpu=0%)
[123/303] hidden=[80, 80, 80] omega0=15.0 lr=0.0002 epochs=8000 npp=2048 seed=999 ...
  Epoch     1/8000  loss=3.6798e-01  lr=2.00e-04  (0.0s)
    -> I1=4 I2=4 I3=5 I4=5 I5=4 I6=4 I7=5 I8=4 min=4 mean=4.4 max=5 (107.2s, 94.2 ep/s, step=13.4ms, gpu=0%)
[124/303] hidden=[80, 80, 80] omega0=15.0 lr=5e-05 epochs=10000 npp=512 seed=42 ...
  Epoch     1/10000  loss=3.5375e-01  lr=5.00e-05  (0.0s)
    -> I1=4 I2=4 I3=4 I4=5 I5=3 I6=3 I7=4 I8=5 min=3 mean=4.0 max=5 (124.9s, 98.2 ep/s, step=12.5ms, gpu=0%)
[125/303] hidden=[80, 80, 80] omega0=15.0 lr=5e-05 epochs=10000 npp=512 seed=137 ...
  Epoch     1/10000  loss=4.4958e-01  lr=5.00e-05  (0.0s)
    -> I1=3 I2=4 I3=3 I4=4 I5=3 I6=4 I7=4 I8=4 min=3 mean=3.6 max=4 (124.9s, 98.3 ep/s, step=12.5ms, gpu=0%)
[126/303] hidden=[80, 80, 80] omega0=15.0 lr=5e-05 epochs=10000 npp=512 seed=2024 ...
  Epoch     1/10000  loss=3.4843e-01  lr=5.00e-05  (0.0s)
    -> I1=3 I2=4 I3=4 I4=4 I5=3 I6=3 I7=3 I8=5 min=3 mean=3.6 max=5 (125.0s, 98.3 ep/s, step=12.5ms, gpu=0%)
[127/303] hidden=[80, 80, 80] omega0=15.0 lr=5e-05 epochs=10000 npp=512 seed=7 ...
  Epoch     1/10000  loss=3.4562e-01  lr=5.00e-05  (0.0s)
    -> I1=3 I2=4 I3=4 I4=5 I5=3 I6=4 I7=4 I8=5 min=3 mean=4.0 max=5 (124.8s, 98.3 ep/s, step=12.4ms, gpu=0%)
[128/303] hidden=[80, 80, 80] omega0=15.0 lr=5e-05 epochs=10000 npp=512 seed=999 ...
  Epoch     1/10000  loss=3.9492e-01  lr=5.00e-05  (0.0s)
    -> I1=3 I2=4 I3=4 I4=4 I5=3 I6=4 I7=4 I8=4 min=3 mean=3.8 max=4 (124.9s, 98.3 ep/s, step=12.4ms, gpu=0%)
[129/303] hidden=[80, 80, 80] omega0=15.0 lr=5e-05 epochs=10000 npp=1024 seed=42 ...
  Epoch     1/10000  loss=3.5178e-01  lr=5.00e-05  (0.0s)
    -> I1=4 I2=5 I3=4 I4=4 I5=4 I6=5 I7=4 I8=5 min=4 mean=4.4 max=5 (126.7s, 98.0 ep/s, step=12.6ms, gpu=0%)
[130/303] hidden=[80, 80, 80] omega0=15.0 lr=5e-05 epochs=10000 npp=1024 seed=137 ...
  Epoch     1/10000  loss=3.7729e-01  lr=5.00e-05  (0.0s)
    -> I1=4 I2=5 I3=4 I4=5 I5=5 I6=4 I7=4 I8=4 min=4 mean=4.4 max=5 (126.8s, 97.9 ep/s, step=12.6ms, gpu=0%)
[131/303] hidden=[80, 80, 80] omega0=15.0 lr=5e-05 epochs=10000 npp=1024 seed=2024 ...
  Epoch     1/10000  loss=3.8533e-01  lr=5.00e-05  (0.0s)
    -> I1=4 I2=4 I3=4 I4=5 I5=4 I6=4 I7=4 I8=5 min=4 mean=4.2 max=5 (126.7s, 98.1 ep/s, step=12.6ms, gpu=0%)
[132/303] hidden=[80, 80, 80] omega0=15.0 lr=5e-05 epochs=10000 npp=1024 seed=7 ...
  Epoch     1/10000  loss=3.8251e-01  lr=5.00e-05  (0.0s)
    -> I1=4 I2=4 I3=4 I4=4 I5=5 I6=4 I7=4 I8=6 min=4 mean=4.4 max=6 (126.9s, 97.9 ep/s, step=12.6ms, gpu=0%)
[133/303] hidden=[80, 80, 80] omega0=15.0 lr=5e-05 epochs=10000 npp=1024 seed=999 ...
  Epoch     1/10000  loss=3.6572e-01  lr=5.00e-05  (0.0s)
    -> I1=4 I2=4 I3=4 I4=4 I5=3 I6=4 I7=4 I8=4 min=3 mean=3.9 max=4 (126.6s, 98.1 ep/s, step=12.6ms, gpu=0%)
[134/303] hidden=[80, 80, 80] omega0=15.0 lr=5e-05 epochs=10000 npp=2048 seed=42 ...
  Epoch     1/10000  loss=3.5266e-01  lr=5.00e-05  (0.0s)
    -> I1=3 I2=4 I3=4 I4=4 I5=3 I6=4 I7=4 I8=5 min=3 mean=3.9 max=5 (133.9s, 94.2 ep/s, step=13.3ms, gpu=0%)
[135/303] hidden=[80, 80, 80] omega0=15.0 lr=5e-05 epochs=10000 npp=2048 seed=137 ...
  Epoch     1/10000  loss=3.7975e-01  lr=5.00e-05  (0.0s)
    -> I1=3 I2=5 I3=5 I4=5 I5=4 I6=4 I7=4 I8=5 min=3 mean=4.4 max=5 (134.0s, 94.2 ep/s, step=13.4ms, gpu=0%)
[136/303] hidden=[80, 80, 80] omega0=15.0 lr=5e-05 epochs=10000 npp=2048 seed=2024 ...
  Epoch     1/10000  loss=3.5373e-01  lr=5.00e-05  (0.0s)
    -> I1=4 I2=4 I3=5 I4=5 I5=4 I6=4 I7=5 I8=5 min=4 mean=4.5 max=5 (133.9s, 94.2 ep/s, step=13.3ms, gpu=0%)
[137/303] hidden=[80, 80, 80] omega0=15.0 lr=5e-05 epochs=10000 npp=2048 seed=7 ...
  Epoch     1/10000  loss=3.9413e-01  lr=5.00e-05  (0.0s)
    -> I1=4 I2=4 I3=5 I4=6 I5=4 I6=4 I7=4 I8=5 min=4 mean=4.5 max=6 (133.9s, 94.2 ep/s, step=13.3ms, gpu=0%)
[138/303] hidden=[80, 80, 80] omega0=15.0 lr=5e-05 epochs=10000 npp=2048 seed=999 ...
  Epoch     1/10000  loss=3.6798e-01  lr=5.00e-05  (0.0s)
    -> I1=4 I2=5 I3=5 I4=5 I5=4 I6=4 I7=4 I8=5 min=4 mean=4.5 max=5 (133.8s, 94.2 ep/s, step=13.3ms, gpu=0%)
[139/303] hidden=[80, 80, 80] omega0=15.0 lr=0.0001 epochs=10000 npp=512 seed=42 ...
  Epoch     1/10000  loss=3.5375e-01  lr=1.00e-04  (0.0s)
    -> I1=3 I2=4 I3=4 I4=5 I5=3 I6=4 I7=4 I8=5 min=3 mean=4.0 max=5 (125.0s, 98.2 ep/s, step=12.5ms, gpu=0%)
[140/303] hidden=[80, 80, 80] omega0=15.0 lr=0.0001 epochs=10000 npp=512 seed=137 ...
  Epoch     1/10000  loss=4.4958e-01  lr=1.00e-04  (0.0s)
    -> I1=4 I2=5 I3=4 I4=4 I5=4 I6=4 I7=5 I8=4 min=4 mean=4.2 max=5 (124.9s, 98.3 ep/s, step=12.4ms, gpu=0%)
[141/303] hidden=[80, 80, 80] omega0=15.0 lr=0.0001 epochs=10000 npp=512 seed=2024 ...
  Epoch     1/10000  loss=3.4843e-01  lr=1.00e-04  (0.0s)
    -> I1=4 I2=4 I3=4 I4=4 I5=4 I6=4 I7=4 I8=4 min=4 mean=4.0 max=4 (125.0s, 98.2 ep/s, step=12.5ms, gpu=0%)
[142/303] hidden=[80, 80, 80] omega0=15.0 lr=0.0001 epochs=10000 npp=512 seed=7 ...
  Epoch     1/10000  loss=3.4562e-01  lr=1.00e-04  (0.0s)
    -> I1=4 I2=4 I3=4 I4=5 I5=3 I6=4 I7=4 I8=5 min=3 mean=4.1 max=5 (125.2s, 98.0 ep/s, step=12.5ms, gpu=0%)
[143/303] hidden=[80, 80, 80] omega0=15.0 lr=0.0001 epochs=10000 npp=512 seed=999 ...
  Epoch     1/10000  loss=3.9492e-01  lr=1.00e-04  (0.0s)
    -> I1=3 I2=4 I3=4 I4=4 I5=3 I6=4 I7=4 I8=4 min=3 mean=3.8 max=4 (125.3s, 98.0 ep/s, step=12.5ms, gpu=0%)
[144/303] hidden=[80, 80, 80] omega0=15.0 lr=0.0001 epochs=10000 npp=1024 seed=42 ...
  Epoch     1/10000  loss=3.5178e-01  lr=1.00e-04  (0.0s)
    -> I1=3 I2=4 I3=4 I4=4 I5=3 I6=4 I7=4 I8=4 min=3 mean=3.8 max=4 (127.0s, 97.7 ep/s, step=12.7ms, gpu=0%)
[145/303] hidden=[80, 80, 80] omega0=15.0 lr=0.0001 epochs=10000 npp=1024 seed=137 ...
  Epoch     1/10000  loss=3.7729e-01  lr=1.00e-04  (0.0s)
    -> I1=4 I2=5 I3=6 I4=6 I5=4 I6=4 I7=4 I8=5 min=4 mean=4.8 max=6 (127.0s, 97.8 ep/s, step=12.7ms, gpu=0%)
[146/303] hidden=[80, 80, 80] omega0=15.0 lr=0.0001 epochs=10000 npp=1024 seed=2024 ...
  Epoch     1/10000  loss=3.8533e-01  lr=1.00e-04  (0.0s)
    -> I1=3 I2=4 I3=4 I4=4 I5=4 I6=4 I7=4 I8=4 min=3 mean=3.9 max=4 (126.6s, 98.1 ep/s, step=12.6ms, gpu=0%)
[147/303] hidden=[80, 80, 80] omega0=15.0 lr=0.0001 epochs=10000 npp=1024 seed=7 ...
  Epoch     1/10000  loss=3.8251e-01  lr=1.00e-04  (0.0s)
    -> I1=4 I2=4 I3=4 I4=5 I5=4 I6=4 I7=5 I8=5 min=4 mean=4.4 max=5 (126.6s, 98.1 ep/s, step=12.6ms, gpu=0%)
[148/303] hidden=[80, 80, 80] omega0=15.0 lr=0.0001 epochs=10000 npp=1024 seed=999 ...
  Epoch     1/10000  loss=3.6572e-01  lr=1.00e-04  (0.0s)
    -> I1=4 I2=4 I3=4 I4=5 I5=3 I6=4 I7=5 I8=5 min=3 mean=4.2 max=5 (126.6s, 98.1 ep/s, step=12.6ms, gpu=0%)
[149/303] hidden=[80, 80, 80] omega0=15.0 lr=0.0001 epochs=10000 npp=2048 seed=42 ...
  Epoch     1/10000  loss=3.5266e-01  lr=1.00e-04  (0.0s)
    -> I1=4 I2=5 I3=4 I4=4 I5=4 I6=4 I7=5 I8=5 min=4 mean=4.4 max=5 (133.9s, 94.2 ep/s, step=13.4ms, gpu=0%)
[150/303] hidden=[80, 80, 80] omega0=15.0 lr=0.0001 epochs=10000 npp=2048 seed=137 ...
  Epoch     1/10000  loss=3.7975e-01  lr=1.00e-04  (0.0s)
    -> I1=4 I2=5 I3=4 I4=4 I5=4 I6=5 I7=4 I8=4 min=4 mean=4.2 max=5 (134.0s, 94.2 ep/s, step=13.4ms, gpu=0%)
[151/303] hidden=[80, 80, 80] omega0=15.0 lr=0.0001 epochs=10000 npp=2048 seed=2024 ...
  Epoch     1/10000  loss=3.5373e-01  lr=1.00e-04  (0.0s)
    -> I1=4 I2=6 I3=4 I4=5 I5=5 I6=4 I7=4 I8=7 min=4 mean=4.9 max=7 (134.0s, 94.1 ep/s, step=13.4ms, gpu=0%)
[152/303] hidden=[80, 80, 80] omega0=15.0 lr=0.0001 epochs=10000 npp=2048 seed=7 ...
  Epoch     1/10000  loss=3.9413e-01  lr=1.00e-04  (0.0s)
    -> I1=4 I2=4 I3=4 I4=5 I5=4 I6=4 I7=4 I8=5 min=4 mean=4.2 max=5 (133.9s, 94.2 ep/s, step=13.4ms, gpu=0%)
[153/303] hidden=[80, 80, 80] omega0=15.0 lr=0.0001 epochs=10000 npp=2048 seed=999 ...
  Epoch     1/10000  loss=3.6798e-01  lr=1.00e-04  (0.0s)
    -> I1=3 I2=4 I3=4 I4=6 I5=4 I6=4 I7=4 I8=4 min=3 mean=4.1 max=6 (134.0s, 94.2 ep/s, step=13.4ms, gpu=0%)
[154/303] hidden=[80, 80, 80] omega0=15.0 lr=0.0002 epochs=10000 npp=512 seed=42 ...
  Epoch     1/10000  loss=3.5375e-01  lr=2.00e-04  (0.0s)
    -> I1=4 I2=4 I3=4 I4=4 I5=4 I6=4 I7=4 I8=5 min=4 mean=4.1 max=5 (125.3s, 98.0 ep/s, step=12.5ms, gpu=0%)
[155/303] hidden=[80, 80, 80] omega0=15.0 lr=0.0002 epochs=10000 npp=512 seed=137 ...
  Epoch     1/10000  loss=4.4958e-01  lr=2.00e-04  (0.0s)
    -> I1=4 I2=4 I3=4 I4=5 I5=4 I6=4 I7=4 I8=4 min=4 mean=4.1 max=5 (125.2s, 98.1 ep/s, step=12.5ms, gpu=0%)
[156/303] hidden=[80, 80, 80] omega0=15.0 lr=0.0002 epochs=10000 npp=512 seed=2024 ...
  Epoch     1/10000  loss=3.4843e-01  lr=2.00e-04  (0.0s)
    -> I1=4 I2=4 I3=4 I4=4 I5=3 I6=4 I7=4 I8=4 min=3 mean=3.9 max=4 (125.2s, 98.0 ep/s, step=12.5ms, gpu=0%)
[157/303] hidden=[80, 80, 80] omega0=15.0 lr=0.0002 epochs=10000 npp=512 seed=7 ...
  Epoch     1/10000  loss=3.4562e-01  lr=2.00e-04  (0.0s)
    -> I1=4 I2=5 I3=4 I4=5 I5=5 I6=4 I7=5 I8=5 min=4 mean=4.6 max=5 (125.3s, 98.0 ep/s, step=12.5ms, gpu=0%)
[158/303] hidden=[80, 80, 80] omega0=15.0 lr=0.0002 epochs=10000 npp=512 seed=999 ...
  Epoch     1/10000  loss=3.9492e-01  lr=2.00e-04  (0.0s)
    -> I1=3 I2=4 I3=4 I4=4 I5=3 I6=4 I7=4 I8=4 min=3 mean=3.8 max=4 (124.9s, 98.3 ep/s, step=12.4ms, gpu=0%)
[159/303] hidden=[80, 80, 80] omega0=15.0 lr=0.0002 epochs=10000 npp=1024 seed=42 ...
  Epoch     1/10000  loss=3.5178e-01  lr=2.00e-04  (0.0s)
    -> I1=3 I2=4 I3=3 I4=4 I5=3 I6=4 I7=4 I8=4 min=3 mean=3.6 max=4 (126.7s, 98.1 ep/s, step=12.6ms, gpu=0%)
[160/303] hidden=[80, 80, 80] omega0=15.0 lr=0.0002 epochs=10000 npp=1024 seed=137 ...
  Epoch     1/10000  loss=3.7729e-01  lr=2.00e-04  (0.0s)
    -> I1=4 I2=4 I3=4 I4=4 I5=3 I6=4 I7=4 I8=5 min=3 mean=4.0 max=5 (126.5s, 98.1 ep/s, step=12.6ms, gpu=0%)
[161/303] hidden=[80, 80, 80] omega0=15.0 lr=0.0002 epochs=10000 npp=1024 seed=2024 ...
  Epoch     1/10000  loss=3.8533e-01  lr=2.00e-04  (0.0s)
    -> I1=4 I2=4 I3=5 I4=5 I5=3 I6=4 I7=4 I8=4 min=3 mean=4.1 max=5 (126.4s, 98.1 ep/s, step=12.6ms, gpu=0%)
[162/303] hidden=[80, 80, 80] omega0=15.0 lr=0.0002 epochs=10000 npp=1024 seed=7 ...
  Epoch     1/10000  loss=3.8251e-01  lr=2.00e-04  (0.0s)
    -> I1=3 I2=4 I3=4 I4=4 I5=3 I6=4 I7=4 I8=5 min=3 mean=3.9 max=5 (126.6s, 98.0 ep/s, step=12.6ms, gpu=0%)
[163/303] hidden=[80, 80, 80] omega0=15.0 lr=0.0002 epochs=10000 npp=1024 seed=999 ...
  Epoch     1/10000  loss=3.6572e-01  lr=2.00e-04  (0.0s)
    -> I1=3 I2=4 I3=3 I4=4 I5=3 I6=4 I7=4 I8=4 min=3 mean=3.6 max=4 (126.6s, 98.0 ep/s, step=12.6ms, gpu=0%)
[164/303] hidden=[80, 80, 80] omega0=15.0 lr=0.0002 epochs=10000 npp=2048 seed=42 ...
  Epoch     1/10000  loss=3.5266e-01  lr=2.00e-04  (0.0s)
    -> I1=4 I2=4 I3=4 I4=4 I5=4 I6=4 I7=4 I8=4 min=4 mean=4.0 max=4 (134.1s, 94.1 ep/s, step=13.4ms, gpu=0%)
[165/303] hidden=[80, 80, 80] omega0=15.0 lr=0.0002 epochs=10000 npp=2048 seed=137 ...
  Epoch     1/10000  loss=3.7975e-01  lr=2.00e-04  (0.0s)
    -> I1=4 I2=5 I3=5 I4=5 I5=4 I6=5 I7=4 I8=5 min=4 mean=4.6 max=5 (133.9s, 94.2 ep/s, step=13.4ms, gpu=0%)
[166/303] hidden=[80, 80, 80] omega0=15.0 lr=0.0002 epochs=10000 npp=2048 seed=2024 ...
  Epoch     1/10000  loss=3.5373e-01  lr=2.00e-04  (0.0s)
    -> I1=4 I2=4 I3=4 I4=4 I5=4 I6=5 I7=4 I8=5 min=4 mean=4.2 max=5 (134.1s, 94.1 ep/s, step=13.4ms, gpu=0%)
[167/303] hidden=[80, 80, 80] omega0=15.0 lr=0.0002 epochs=10000 npp=2048 seed=7 ...
  Epoch     1/10000  loss=3.9413e-01  lr=2.00e-04  (0.0s)
    -> I1=4 I2=4 I3=4 I4=4 I5=5 I6=4 I7=4 I8=5 min=4 mean=4.2 max=5 (134.1s, 94.2 ep/s, step=13.4ms, gpu=0%)
[168/303] hidden=[80, 80, 80] omega0=15.0 lr=0.0002 epochs=10000 npp=2048 seed=999 ...
  Epoch     1/10000  loss=3.6798e-01  lr=2.00e-04  (0.0s)
    -> I1=3 I2=4 I3=5 I4=5 I5=4 I6=4 I7=4 I8=4 min=3 mean=4.1 max=5 (134.1s, 94.1 ep/s, step=13.4ms, gpu=0%)
[169/303] hidden=[80, 80, 80] omega0=17.5 lr=5e-05 epochs=6000 npp=512 seed=42 ...
  Epoch     1/6000  loss=3.5375e-01  lr=5.00e-05  (0.0s)
    -> I1=3 I2=3 I3=4 I4=5 I5=3 I6=3 I7=3 I8=5 min=3 mean=3.6 max=5 (75.0s, 98.1 ep/s, step=12.5ms, gpu=0%)
[170/303] hidden=[80, 80, 80] omega0=17.5 lr=5e-05 epochs=6000 npp=512 seed=137 ...
  Epoch     1/6000  loss=4.4957e-01  lr=5.00e-05  (0.0s)
    -> I1=3 I2=4 I3=4 I4=5 I5=3 I6=3 I7=4 I8=4 min=3 mean=3.8 max=5 (75.1s, 98.0 ep/s, step=12.5ms, gpu=0%)
[171/303] hidden=[80, 80, 80] omega0=17.5 lr=5e-05 epochs=6000 npp=512 seed=2024 ...
  Epoch     1/6000  loss=3.4843e-01  lr=5.00e-05  (0.0s)
    -> I1=3 I2=4 I3=4 I4=4 I5=3 I6=4 I7=3 I8=4 min=3 mean=3.6 max=4 (74.9s, 98.3 ep/s, step=12.4ms, gpu=0%)
[172/303] hidden=[80, 80, 80] omega0=17.5 lr=5e-05 epochs=6000 npp=512 seed=7 ...
  Epoch     1/6000  loss=3.4562e-01  lr=5.00e-05  (0.0s)
    -> I1=4 I2=4 I3=4 I4=5 I5=3 I6=4 I7=4 I8=4 min=3 mean=4.0 max=5 (75.1s, 98.1 ep/s, step=12.5ms, gpu=0%)
[173/303] hidden=[80, 80, 80] omega0=17.5 lr=5e-05 epochs=6000 npp=512 seed=999 ...
  Epoch     1/6000  loss=3.9492e-01  lr=5.00e-05  (0.0s)
    -> I1=3 I2=5 I3=3 I4=5 I5=3 I6=3 I7=3 I8=4 min=3 mean=3.6 max=5 (75.0s, 98.2 ep/s, step=12.5ms, gpu=0%)
[174/303] hidden=[80, 80, 80] omega0=17.5 lr=5e-05 epochs=6000 npp=1024 seed=42 ...
  Epoch     1/6000  loss=3.5178e-01  lr=5.00e-05  (0.0s)
    -> I1=4 I2=4 I3=4 I4=5 I5=3 I6=3 I7=3 I8=5 min=3 mean=3.9 max=5 (76.1s, 97.9 ep/s, step=12.6ms, gpu=0%)
[175/303] hidden=[80, 80, 80] omega0=17.5 lr=5e-05 epochs=6000 npp=1024 seed=137 ...
  Epoch     1/6000  loss=3.7729e-01  lr=5.00e-05  (0.0s)
    -> I1=5 I2=4 I3=5 I4=4 I5=3 I6=3 I7=4 I8=4 min=3 mean=4.0 max=5 (75.9s, 98.1 ep/s, step=12.6ms, gpu=0%)
[176/303] hidden=[80, 80, 80] omega0=17.5 lr=5e-05 epochs=6000 npp=1024 seed=2024 ...
  Epoch     1/6000  loss=3.8533e-01  lr=5.00e-05  (0.0s)
    -> I1=4 I2=4 I3=3 I4=4 I5=3 I6=3 I7=3 I8=4 min=3 mean=3.5 max=4 (76.0s, 98.0 ep/s, step=12.6ms, gpu=0%)
[177/303] hidden=[80, 80, 80] omega0=17.5 lr=5e-05 epochs=6000 npp=1024 seed=7 ...
  Epoch     1/6000  loss=3.8252e-01  lr=5.00e-05  (0.0s)
    -> I1=5 I2=4 I3=4 I4=5 I5=3 I6=4 I7=3 I8=4 min=3 mean=4.0 max=5 (75.9s, 98.1 ep/s, step=12.6ms, gpu=0%)
[178/303] hidden=[80, 80, 80] omega0=17.5 lr=5e-05 epochs=6000 npp=1024 seed=999 ...
  Epoch     1/6000  loss=3.6572e-01  lr=5.00e-05  (0.0s)
    -> I1=3 I2=4 I3=4 I4=4 I5=3 I6=3 I7=4 I8=4 min=3 mean=3.6 max=4 (75.9s, 98.1 ep/s, step=12.6ms, gpu=0%)
[179/303] hidden=[80, 80, 80] omega0=17.5 lr=5e-05 epochs=6000 npp=2048 seed=42 ...
  Epoch     1/6000  loss=3.5266e-01  lr=5.00e-05  (0.0s)
    -> I1=5 I2=5 I3=4 I4=5 I5=3 I6=4 I7=3 I8=4 min=3 mean=4.1 max=5 (80.4s, 94.2 ep/s, step=13.4ms, gpu=0%)
[180/303] hidden=[80, 80, 80] omega0=17.5 lr=5e-05 epochs=6000 npp=2048 seed=137 ...
  Epoch     1/6000  loss=3.7975e-01  lr=5.00e-05  (0.0s)
    -> I1=4 I2=4 I3=3 I4=5 I5=4 I6=4 I7=5 I8=4 min=3 mean=4.1 max=5 (80.3s, 94.2 ep/s, step=13.3ms, gpu=0%)
[181/303] hidden=[80, 80, 80] omega0=17.5 lr=5e-05 epochs=6000 npp=2048 seed=2024 ...
  Epoch     1/6000  loss=3.5373e-01  lr=5.00e-05  (0.0s)
    -> I1=3 I2=4 I3=5 I4=4 I5=4 I6=4 I7=4 I8=5 min=3 mean=4.1 max=5 (80.4s, 94.2 ep/s, step=13.4ms, gpu=0%)
[182/303] hidden=[80, 80, 80] omega0=17.5 lr=5e-05 epochs=6000 npp=2048 seed=7 ...
  Epoch     1/6000  loss=3.9413e-01  lr=5.00e-05  (0.0s)
    -> I1=4 I2=4 I3=5 I4=5 I5=3 I6=4 I7=3 I8=4 min=3 mean=4.0 max=5 (80.4s, 94.2 ep/s, step=13.4ms, gpu=0%)
[183/303] hidden=[80, 80, 80] omega0=17.5 lr=5e-05 epochs=6000 npp=2048 seed=999 ...
  Epoch     1/6000  loss=3.6798e-01  lr=5.00e-05  (0.0s)
    -> I1=4 I2=4 I3=4 I4=4 I5=4 I6=4 I7=4 I8=4 min=4 mean=4.0 max=4 (80.3s, 94.2 ep/s, step=13.3ms, gpu=0%)
[184/303] hidden=[80, 80, 80] omega0=17.5 lr=0.0001 epochs=6000 npp=512 seed=42 ...
  Epoch     1/6000  loss=3.5375e-01  lr=1.00e-04  (0.0s)
    -> I1=4 I2=4 I3=4 I4=4 I5=3 I6=4 I7=4 I8=4 min=3 mean=3.9 max=4 (75.0s, 98.2 ep/s, step=12.5ms, gpu=0%)
[185/303] hidden=[80, 80, 80] omega0=17.5 lr=0.0001 epochs=6000 npp=512 seed=137 ...
  Epoch     1/6000  loss=4.4957e-01  lr=1.00e-04  (0.0s)
    -> I1=3 I2=4 I3=4 I4=5 I5=3 I6=3 I7=4 I8=4 min=3 mean=3.8 max=5 (74.9s, 98.3 ep/s, step=12.4ms, gpu=0%)
[186/303] hidden=[80, 80, 80] omega0=17.5 lr=0.0001 epochs=6000 npp=512 seed=2024 ...
  Epoch     1/6000  loss=3.4843e-01  lr=1.00e-04  (0.0s)
    -> I1=3 I2=4 I3=4 I4=5 I5=3 I6=4 I7=4 I8=4 min=3 mean=3.9 max=5 (75.1s, 98.1 ep/s, step=12.5ms, gpu=0%)
[187/303] hidden=[80, 80, 80] omega0=17.5 lr=0.0001 epochs=6000 npp=512 seed=7 ...
  Epoch     1/6000  loss=3.4562e-01  lr=1.00e-04  (0.0s)
    -> I1=3 I2=4 I3=4 I4=4 I5=3 I6=4 I7=4 I8=5 min=3 mean=3.9 max=5 (75.0s, 98.2 ep/s, step=12.5ms, gpu=0%)
[188/303] hidden=[80, 80, 80] omega0=17.5 lr=0.0001 epochs=6000 npp=512 seed=999 ...
  Epoch     1/6000  loss=3.9492e-01  lr=1.00e-04  (0.0s)
    -> I1=3 I2=4 I3=4 I4=4 I5=3 I6=4 I7=4 I8=4 min=3 mean=3.8 max=4 (75.0s, 98.2 ep/s, step=12.5ms, gpu=0%)
[189/303] hidden=[80, 80, 80] omega0=17.5 lr=0.0001 epochs=6000 npp=1024 seed=42 ...
  Epoch     1/6000  loss=3.5178e-01  lr=1.00e-04  (0.0s)
    -> I1=3 I2=4 I3=3 I4=4 I5=4 I6=4 I7=4 I8=4 min=3 mean=3.8 max=4 (76.1s, 97.9 ep/s, step=12.6ms, gpu=0%)
[190/303] hidden=[80, 80, 80] omega0=17.5 lr=0.0001 epochs=6000 npp=1024 seed=137 ...
  Epoch     1/6000  loss=3.7729e-01  lr=1.00e-04  (0.0s)
    -> I1=4 I2=4 I3=5 I4=7 I5=4 I6=4 I7=4 I8=4 min=4 mean=4.5 max=7 (76.0s, 98.0 ep/s, step=12.6ms, gpu=0%)
[191/303] hidden=[80, 80, 80] omega0=17.5 lr=0.0001 epochs=6000 npp=1024 seed=2024 ...
  Epoch     1/6000  loss=3.8533e-01  lr=1.00e-04  (0.0s)
    -> I1=4 I2=4 I3=4 I4=4 I5=3 I6=4 I7=4 I8=5 min=3 mean=4.0 max=5 (76.0s, 98.0 ep/s, step=12.6ms, gpu=0%)
[192/303] hidden=[80, 80, 80] omega0=17.5 lr=0.0001 epochs=6000 npp=1024 seed=7 ...
  Epoch     1/6000  loss=3.8252e-01  lr=1.00e-04  (0.0s)
    -> I1=4 I2=5 I3=4 I4=5 I5=3 I6=4 I7=4 I8=4 min=3 mean=4.1 max=5 (75.9s, 98.1 ep/s, step=12.6ms, gpu=0%)
[193/303] hidden=[80, 80, 80] omega0=17.5 lr=0.0001 epochs=6000 npp=1024 seed=999 ...
  Epoch     1/6000  loss=3.6572e-01  lr=1.00e-04  (0.0s)
    -> I1=4 I2=5 I3=6 I4=4 I5=4 I6=4 I7=4 I8=5 min=4 mean=4.5 max=6 (76.0s, 98.0 ep/s, step=12.6ms, gpu=0%)
[194/303] hidden=[80, 80, 80] omega0=17.5 lr=0.0001 epochs=6000 npp=2048 seed=42 ...
  Epoch     1/6000  loss=3.5266e-01  lr=1.00e-04  (0.0s)
    -> I1=3 I2=4 I3=4 I4=4 I5=4 I6=4 I7=4 I8=5 min=3 mean=4.0 max=5 (80.3s, 94.2 ep/s, step=13.3ms, gpu=0%)
[195/303] hidden=[80, 80, 80] omega0=17.5 lr=0.0001 epochs=6000 npp=2048 seed=137 ...
  Epoch     1/6000  loss=3.7975e-01  lr=1.00e-04  (0.0s)
    -> I1=3 I2=4 I3=5 I4=5 I5=4 I6=4 I7=5 I8=4 min=3 mean=4.2 max=5 (80.5s, 94.1 ep/s, step=13.4ms, gpu=0%)
[196/303] hidden=[80, 80, 80] omega0=17.5 lr=0.0001 epochs=6000 npp=2048 seed=2024 ...
  Epoch     1/6000  loss=3.5373e-01  lr=1.00e-04  (0.0s)
    -> I1=5 I2=4 I3=4 I4=4 I5=4 I6=4 I7=5 I8=4 min=4 mean=4.2 max=5 (80.4s, 94.1 ep/s, step=13.4ms, gpu=0%)
[197/303] hidden=[80, 80, 80] omega0=17.5 lr=0.0001 epochs=6000 npp=2048 seed=7 ...
  Epoch     1/6000  loss=3.9413e-01  lr=1.00e-04  (0.0s)
    -> I1=4 I2=5 I3=4 I4=5 I5=3 I6=5 I7=5 I8=4 min=3 mean=4.4 max=5 (80.4s, 94.2 ep/s, step=13.4ms, gpu=0%)
[198/303] hidden=[80, 80, 80] omega0=17.5 lr=0.0001 epochs=6000 npp=2048 seed=999 ...
  Epoch     1/6000  loss=3.6798e-01  lr=1.00e-04  (0.0s)
    -> I1=4 I2=4 I3=4 I4=5 I5=4 I6=4 I7=5 I8=5 min=4 mean=4.4 max=5 (80.4s, 94.1 ep/s, step=13.4ms, gpu=0%)
[199/303] hidden=[80, 80, 80] omega0=17.5 lr=0.0002 epochs=6000 npp=512 seed=42 ...
  Epoch     1/6000  loss=3.5375e-01  lr=2.00e-04  (0.0s)
    -> I1=3 I2=4 I3=6 I4=4 I5=3 I6=4 I7=4 I8=5 min=3 mean=4.1 max=6 (75.0s, 98.1 ep/s, step=12.5ms, gpu=0%)
[200/303] hidden=[80, 80, 80] omega0=17.5 lr=0.0002 epochs=6000 npp=512 seed=137 ...
  Epoch     1/6000  loss=4.4957e-01  lr=2.00e-04  (0.0s)
    -> I1=4 I2=4 I3=4 I4=4 I5=4 I6=4 I7=5 I8=4 min=4 mean=4.1 max=5 (75.0s, 98.2 ep/s, step=12.5ms, gpu=0%)
[201/303] hidden=[80, 80, 80] omega0=17.5 lr=0.0002 epochs=6000 npp=512 seed=2024 ...
  Epoch     1/6000  loss=3.4843e-01  lr=2.00e-04  (0.0s)
    -> I1=3 I2=3 I3=3 I4=4 I5=3 I6=3 I7=4 I8=4 min=3 mean=3.4 max=4 (75.0s, 98.2 ep/s, step=12.5ms, gpu=0%)
[202/303] hidden=[80, 80, 80] omega0=17.5 lr=0.0002 epochs=6000 npp=512 seed=7 ...
  Epoch     1/6000  loss=3.4562e-01  lr=2.00e-04  (0.0s)
    -> I1=5 I2=4 I3=4 I4=4 I5=3 I6=4 I7=4 I8=4 min=3 mean=4.0 max=5 (75.0s, 98.3 ep/s, step=12.5ms, gpu=0%)
[203/303] hidden=[80, 80, 80] omega0=17.5 lr=0.0002 epochs=6000 npp=512 seed=999 ...
  Epoch     1/6000  loss=3.9492e-01  lr=2.00e-04  (0.0s)
    -> I1=3 I2=4 I3=4 I4=5 I5=4 I6=4 I7=4 I8=4 min=3 mean=4.0 max=5 (75.0s, 98.3 ep/s, step=12.5ms, gpu=0%)
[204/303] hidden=[80, 80, 80] omega0=17.5 lr=0.0002 epochs=6000 npp=1024 seed=42 ...
  Epoch     1/6000  loss=3.5178e-01  lr=2.00e-04  (0.0s)
    -> I1=3 I2=4 I3=4 I4=4 I5=3 I6=4 I7=4 I8=4 min=3 mean=3.8 max=4 (75.9s, 98.1 ep/s, step=12.6ms, gpu=0%)
[205/303] hidden=[80, 80, 80] omega0=17.5 lr=0.0002 epochs=6000 npp=1024 seed=137 ...
  Epoch     1/6000  loss=3.7729e-01  lr=2.00e-04  (0.0s)
    -> I1=3 I2=4 I3=4 I4=5 I5=3 I6=4 I7=4 I8=4 min=3 mean=3.9 max=5 (75.9s, 98.1 ep/s, step=12.6ms, gpu=0%)
[206/303] hidden=[80, 80, 80] omega0=17.5 lr=0.0002 epochs=6000 npp=1024 seed=2024 ...
  Epoch     1/6000  loss=3.8533e-01  lr=2.00e-04  (0.0s)
    -> I1=3 I2=4 I3=4 I4=5 I5=3 I6=4 I7=4 I8=5 min=3 mean=4.0 max=5 (75.9s, 98.1 ep/s, step=12.6ms, gpu=0%)
[207/303] hidden=[80, 80, 80] omega0=17.5 lr=0.0002 epochs=6000 npp=1024 seed=7 ...
  Epoch     1/6000  loss=3.8252e-01  lr=2.00e-04  (0.0s)
    -> I1=3 I2=4 I3=4 I4=4 I5=5 I6=4 I7=4 I8=5 min=3 mean=4.1 max=5 (75.9s, 98.1 ep/s, step=12.6ms, gpu=0%)
[208/303] hidden=[80, 80, 80] omega0=17.5 lr=0.0002 epochs=6000 npp=1024 seed=999 ...
  Epoch     1/6000  loss=3.6572e-01  lr=2.00e-04  (0.0s)
    -> I1=4 I2=4 I3=5 I4=4 I5=4 I6=4 I7=4 I8=4 min=4 mean=4.1 max=5 (75.9s, 98.1 ep/s, step=12.6ms, gpu=0%)
[209/303] hidden=[80, 80, 80] omega0=17.5 lr=0.0002 epochs=6000 npp=2048 seed=42 ...
  Epoch     1/6000  loss=3.5266e-01  lr=2.00e-04  (0.0s)
    -> I1=4 I2=5 I3=4 I4=5 I5=3 I6=4 I7=4 I8=5 min=3 mean=4.2 max=5 (80.3s, 94.2 ep/s, step=13.3ms, gpu=0%)
[210/303] hidden=[80, 80, 80] omega0=17.5 lr=0.0002 epochs=6000 npp=2048 seed=137 ...
  Epoch     1/6000  loss=3.7975e-01  lr=2.00e-04  (0.0s)
    -> I1=4 I2=5 I3=5 I4=4 I5=4 I6=5 I7=5 I8=5 min=4 mean=4.6 max=5 (80.4s, 94.2 ep/s, step=13.4ms, gpu=0%)
[211/303] hidden=[80, 80, 80] omega0=17.5 lr=0.0002 epochs=6000 npp=2048 seed=2024 ...
  Epoch     1/6000  loss=3.5373e-01  lr=2.00e-04  (0.0s)
    -> I1=4 I2=4 I3=4 I4=5 I5=4 I6=5 I7=4 I8=5 min=4 mean=4.4 max=5 (80.3s, 94.2 ep/s, step=13.3ms, gpu=0%)
[212/303] hidden=[80, 80, 80] omega0=17.5 lr=0.0002 epochs=6000 npp=2048 seed=7 ...
  Epoch     1/6000  loss=3.9413e-01  lr=2.00e-04  (0.0s)
    -> I1=4 I2=4 I3=4 I4=4 I5=5 I6=5 I7=5 I8=5 min=4 mean=4.5 max=5 (80.4s, 94.2 ep/s, step=13.4ms, gpu=0%)
[213/303] hidden=[80, 80, 80] omega0=17.5 lr=0.0002 epochs=6000 npp=2048 seed=999 ...
  Epoch     1/6000  loss=3.6798e-01  lr=2.00e-04  (0.0s)
    -> I1=4 I2=4 I3=4 I4=4 I5=4 I6=4 I7=4 I8=4 min=4 mean=4.0 max=4 (80.3s, 94.2 ep/s, step=13.3ms, gpu=0%)
[214/303] hidden=[80, 80, 80] omega0=17.5 lr=5e-05 epochs=8000 npp=512 seed=42 ...
  Epoch     1/8000  loss=3.5375e-01  lr=5.00e-05  (0.0s)
    -> I1=3 I2=4 I3=3 I4=4 I5=3 I6=3 I7=4 I8=5 min=3 mean=3.6 max=5 (100.0s, 98.2 ep/s, step=12.5ms, gpu=0%)
[215/303] hidden=[80, 80, 80] omega0=17.5 lr=5e-05 epochs=8000 npp=512 seed=137 ...
  Epoch     1/8000  loss=4.4957e-01  lr=5.00e-05  (0.0s)
    -> I1=4 I2=4 I3=3 I4=4 I5=4 I6=3 I7=4 I8=4 min=3 mean=3.8 max=4 (100.0s, 98.2 ep/s, step=12.5ms, gpu=0%)
[216/303] hidden=[80, 80, 80] omega0=17.5 lr=5e-05 epochs=8000 npp=512 seed=2024 ...
  Epoch     1/8000  loss=3.4843e-01  lr=5.00e-05  (0.0s)
    -> I1=4 I2=4 I3=4 I4=4 I5=3 I6=3 I7=3 I8=5 min=3 mean=3.8 max=5 (100.0s, 98.2 ep/s, step=12.5ms, gpu=0%)
[217/303] hidden=[80, 80, 80] omega0=17.5 lr=5e-05 epochs=8000 npp=512 seed=7 ...
  Epoch     1/8000  loss=3.4562e-01  lr=5.00e-05  (0.0s)
    -> I1=4 I2=4 I3=4 I4=4 I5=3 I6=4 I7=4 I8=4 min=3 mean=3.9 max=4 (99.9s, 98.3 ep/s, step=12.4ms, gpu=0%)
[218/303] hidden=[80, 80, 80] omega0=17.5 lr=5e-05 epochs=8000 npp=512 seed=999 ...
  Epoch     1/8000  loss=3.9492e-01  lr=5.00e-05  (0.0s)
    -> I1=3 I2=4 I3=4 I4=4 I5=3 I6=4 I7=4 I8=4 min=3 mean=3.8 max=4 (100.0s, 98.3 ep/s, step=12.5ms, gpu=0%)
[219/303] hidden=[80, 80, 80] omega0=17.5 lr=5e-05 epochs=8000 npp=1024 seed=42 ...
  Epoch     1/8000  loss=3.5178e-01  lr=5.00e-05  (0.0s)
    -> I1=3 I2=4 I3=4 I4=4 I5=3 I6=4 I7=4 I8=5 min=3 mean=3.9 max=5 (101.3s, 98.0 ep/s, step=12.6ms, gpu=0%)
[220/303] hidden=[80, 80, 80] omega0=17.5 lr=5e-05 epochs=8000 npp=1024 seed=137 ...
  Epoch     1/8000  loss=3.7729e-01  lr=5.00e-05  (0.0s)
    -> I1=4 I2=4 I3=4 I4=5 I5=3 I6=3 I7=4 I8=4 min=3 mean=3.9 max=5 (101.3s, 98.0 ep/s, step=12.6ms, gpu=0%)
[221/303] hidden=[80, 80, 80] omega0=17.5 lr=5e-05 epochs=8000 npp=1024 seed=2024 ...
  Epoch     1/8000  loss=3.8533e-01  lr=5.00e-05  (0.0s)
    -> I1=5 I2=5 I3=4 I4=5 I5=3 I6=4 I7=4 I8=5 min=3 mean=4.4 max=5 (101.3s, 98.0 ep/s, step=12.6ms, gpu=0%)
[222/303] hidden=[80, 80, 80] omega0=17.5 lr=5e-05 epochs=8000 npp=1024 seed=7 ...
  Epoch     1/8000  loss=3.8252e-01  lr=5.00e-05  (0.0s)
    -> I1=4 I2=4 I3=4 I4=6 I5=3 I6=4 I7=4 I8=5 min=3 mean=4.2 max=6 (101.5s, 97.8 ep/s, step=12.6ms, gpu=0%)
[223/303] hidden=[80, 80, 80] omega0=17.5 lr=5e-05 epochs=8000 npp=1024 seed=999 ...
  Epoch     1/8000  loss=3.6572e-01  lr=5.00e-05  (0.0s)
    -> I1=3 I2=4 I3=4 I4=4 I5=3 I6=4 I7=4 I8=4 min=3 mean=3.8 max=4 (101.3s, 98.0 ep/s, step=12.6ms, gpu=0%)
[224/303] hidden=[80, 80, 80] omega0=17.5 lr=5e-05 epochs=8000 npp=2048 seed=42 ...
  Epoch     1/8000  loss=3.5266e-01  lr=5.00e-05  (0.0s)
    -> I1=5 I2=4 I3=4 I4=5 I5=3 I6=4 I7=4 I8=5 min=3 mean=4.2 max=5 (107.2s, 94.1 ep/s, step=13.4ms, gpu=0%)
[225/303] hidden=[80, 80, 80] omega0=17.5 lr=5e-05 epochs=8000 npp=2048 seed=137 ...
  Epoch     1/8000  loss=3.7975e-01  lr=5.00e-05  (0.0s)
    -> I1=4 I2=4 I3=6 I4=5 I5=4 I6=4 I7=4 I8=4 min=4 mean=4.4 max=6 (107.0s, 94.2 ep/s, step=13.3ms, gpu=0%)
[226/303] hidden=[80, 80, 80] omega0=17.5 lr=5e-05 epochs=8000 npp=2048 seed=2024 ...
  Epoch     1/8000  loss=3.5373e-01  lr=5.00e-05  (0.0s)
    -> I1=4 I2=4 I3=4 I4=5 I5=4 I6=4 I7=4 I8=5 min=4 mean=4.2 max=5 (107.0s, 94.2 ep/s, step=13.3ms, gpu=0%)
[227/303] hidden=[80, 80, 80] omega0=17.5 lr=5e-05 epochs=8000 npp=2048 seed=7 ...
  Epoch     1/8000  loss=3.9413e-01  lr=5.00e-05  (0.0s)
    -> I1=4 I2=4 I3=4 I4=4 I5=3 I6=4 I7=4 I8=4 min=3 mean=3.9 max=4 (107.1s, 94.2 ep/s, step=13.3ms, gpu=0%)
[228/303] hidden=[80, 80, 80] omega0=17.5 lr=5e-05 epochs=8000 npp=2048 seed=999 ...
  Epoch     1/8000  loss=3.6798e-01  lr=5.00e-05  (0.0s)
    -> I1=4 I2=4 I3=4 I4=4 I5=4 I6=4 I7=4 I8=4 min=4 mean=4.0 max=4 (107.1s, 94.2 ep/s, step=13.3ms, gpu=0%)
[229/303] hidden=[80, 80, 80] omega0=17.5 lr=0.0001 epochs=8000 npp=512 seed=42 ...
  Epoch     1/8000  loss=3.5375e-01  lr=1.00e-04  (0.0s)
    -> I1=3 I2=4 I3=3 I4=4 I5=4 I6=4 I7=4 I8=4 min=3 mean=3.8 max=4 (100.1s, 98.1 ep/s, step=12.5ms, gpu=0%)
[230/303] hidden=[80, 80, 80] omega0=17.5 lr=0.0001 epochs=8000 npp=512 seed=137 ...
  Epoch     1/8000  loss=4.4957e-01  lr=1.00e-04  (0.0s)
    -> I1=3 I2=4 I3=4 I4=6 I5=4 I6=4 I7=4 I8=4 min=3 mean=4.1 max=6 (100.1s, 98.0 ep/s, step=12.5ms, gpu=0%)
[231/303] hidden=[80, 80, 80] omega0=17.5 lr=0.0001 epochs=8000 npp=512 seed=2024 ...
  Epoch     1/8000  loss=3.4843e-01  lr=1.00e-04  (0.0s)
    -> I1=4 I2=4 I3=3 I4=4 I5=4 I6=4 I7=4 I8=4 min=3 mean=3.9 max=4 (100.0s, 98.2 ep/s, step=12.5ms, gpu=0%)
[232/303] hidden=[80, 80, 80] omega0=17.5 lr=0.0001 epochs=8000 npp=512 seed=7 ...
  Epoch     1/8000  loss=3.4562e-01  lr=1.00e-04  (0.0s)
    -> I1=4 I2=4 I3=6 I4=4 I5=4 I6=4 I7=5 I8=4 min=4 mean=4.4 max=6 (100.0s, 98.1 ep/s, step=12.5ms, gpu=0%)
[233/303] hidden=[80, 80, 80] omega0=17.5 lr=0.0001 epochs=8000 npp=512 seed=999 ...
  Epoch     1/8000  loss=3.9492e-01  lr=1.00e-04  (0.0s)
    -> I1=4 I2=3 I3=3 I4=4 I5=4 I6=4 I7=4 I8=5 min=3 mean=3.9 max=5 (100.2s, 97.9 ep/s, step=12.5ms, gpu=0%)
[234/303] hidden=[80, 80, 80] omega0=17.5 lr=0.0001 epochs=8000 npp=1024 seed=42 ...
  Epoch     1/8000  loss=3.5178e-01  lr=1.00e-04  (0.0s)
    -> I1=4 I2=5 I3=4 I4=5 I5=3 I6=4 I7=4 I8=4 min=3 mean=4.1 max=5 (101.5s, 97.9 ep/s, step=12.6ms, gpu=0%)
[235/303] hidden=[80, 80, 80] omega0=17.5 lr=0.0001 epochs=8000 npp=1024 seed=137 ...
  Epoch     1/8000  loss=3.7729e-01  lr=1.00e-04  (0.0s)
    -> I1=3 I2=4 I3=4 I4=4 I5=3 I6=4 I7=4 I8=4 min=3 mean=3.8 max=4 (101.4s, 97.9 ep/s, step=12.6ms, gpu=0%)
[236/303] hidden=[80, 80, 80] omega0=17.5 lr=0.0001 epochs=8000 npp=1024 seed=2024 ...
  Epoch     1/8000  loss=3.8533e-01  lr=1.00e-04  (0.0s)
    -> I1=4 I2=4 I3=5 I4=5 I5=3 I6=4 I7=4 I8=6 min=3 mean=4.4 max=6 (101.3s, 98.0 ep/s, step=12.6ms, gpu=0%)
[237/303] hidden=[80, 80, 80] omega0=17.5 lr=0.0001 epochs=8000 npp=1024 seed=7 ...
  Epoch     1/8000  loss=3.8252e-01  lr=1.00e-04  (0.0s)
    -> I1=4 I2=4 I3=5 I4=5 I5=4 I6=4 I7=5 I8=4 min=4 mean=4.4 max=5 (101.2s, 98.1 ep/s, step=12.6ms, gpu=0%)
[238/303] hidden=[80, 80, 80] omega0=17.5 lr=0.0001 epochs=8000 npp=1024 seed=999 ...
  Epoch     1/8000  loss=3.6572e-01  lr=1.00e-04  (0.0s)
    -> I1=3 I2=4 I3=4 I4=4 I5=3 I6=4 I7=4 I8=4 min=3 mean=3.8 max=4 (101.2s, 98.1 ep/s, step=12.6ms, gpu=0%)
[239/303] hidden=[80, 80, 80] omega0=17.5 lr=0.0001 epochs=8000 npp=2048 seed=42 ...
  Epoch     1/8000  loss=3.5266e-01  lr=1.00e-04  (0.0s)
    -> I1=3 I2=4 I3=4 I4=4 I5=3 I6=4 I7=4 I8=4 min=3 mean=3.8 max=4 (107.0s, 94.3 ep/s, step=13.3ms, gpu=0%)
[240/303] hidden=[80, 80, 80] omega0=17.5 lr=0.0001 epochs=8000 npp=2048 seed=137 ...
  Epoch     1/8000  loss=3.7975e-01  lr=1.00e-04  (0.0s)
    -> I1=4 I2=4 I3=4 I4=4 I5=5 I6=4 I7=5 I8=4 min=4 mean=4.2 max=5 (107.0s, 94.2 ep/s, step=13.3ms, gpu=0%)
[241/303] hidden=[80, 80, 80] omega0=17.5 lr=0.0001 epochs=8000 npp=2048 seed=2024 ...
  Epoch     1/8000  loss=3.5373e-01  lr=1.00e-04  (0.0s)
    -> I1=4 I2=6 I3=4 I4=5 I5=4 I6=4 I7=5 I8=5 min=4 mean=4.6 max=6 (107.0s, 94.3 ep/s, step=13.3ms, gpu=0%)
[242/303] hidden=[80, 80, 80] omega0=17.5 lr=0.0001 epochs=8000 npp=2048 seed=7 ...
  Epoch     1/8000  loss=3.9413e-01  lr=1.00e-04  (0.0s)
    -> I1=4 I2=4 I3=4 I4=5 I5=4 I6=5 I7=6 I8=5 min=4 mean=4.6 max=6 (107.1s, 94.2 ep/s, step=13.3ms, gpu=0%)
[243/303] hidden=[80, 80, 80] omega0=17.5 lr=0.0001 epochs=8000 npp=2048 seed=999 ...
  Epoch     1/8000  loss=3.6798e-01  lr=1.00e-04  (0.0s)
    -> I1=4 I2=4 I3=4 I4=4 I5=4 I6=4 I7=4 I8=5 min=4 mean=4.1 max=5 (107.2s, 94.2 ep/s, step=13.4ms, gpu=0%)
[244/303] hidden=[80, 80, 80] omega0=17.5 lr=0.0002 epochs=8000 npp=512 seed=42 ...
  Epoch     1/8000  loss=3.5375e-01  lr=2.00e-04  (0.0s)
    -> I1=3 I2=4 I3=4 I4=4 I5=4 I6=4 I7=4 I8=7 min=3 mean=4.2 max=7 (100.1s, 98.1 ep/s, step=12.5ms, gpu=0%)
[245/303] hidden=[80, 80, 80] omega0=17.5 lr=0.0002 epochs=8000 npp=512 seed=137 ...
  Epoch     1/8000  loss=4.4957e-01  lr=2.00e-04  (0.0s)
    -> I1=4 I2=6 I3=4 I4=4 I5=4 I6=4 I7=4 I8=4 min=4 mean=4.2 max=6 (100.1s, 98.2 ep/s, step=12.5ms, gpu=0%)
[246/303] hidden=[80, 80, 80] omega0=17.5 lr=0.0002 epochs=8000 npp=512 seed=2024 ...
  Epoch     1/8000  loss=3.4843e-01  lr=2.00e-04  (0.0s)
    -> I1=4 I2=4 I3=5 I4=4 I5=4 I6=4 I7=5 I8=5 min=4 mean=4.4 max=5 (100.2s, 98.0 ep/s, step=12.5ms, gpu=0%)
[247/303] hidden=[80, 80, 80] omega0=17.5 lr=0.0002 epochs=8000 npp=512 seed=7 ...
  Epoch     1/8000  loss=3.4562e-01  lr=2.00e-04  (0.0s)
    -> I1=4 I2=4 I3=6 I4=5 I5=3 I6=6 I7=4 I8=4 min=3 mean=4.5 max=6 (100.2s, 98.0 ep/s, step=12.5ms, gpu=0%)
[248/303] hidden=[80, 80, 80] omega0=17.5 lr=0.0002 epochs=8000 npp=512 seed=999 ...
  Epoch     1/8000  loss=3.9492e-01  lr=2.00e-04  (0.0s)
    -> I1=3 I2=4 I3=4 I4=4 I5=3 I6=3 I7=4 I8=4 min=3 mean=3.6 max=4 (100.1s, 98.1 ep/s, step=12.5ms, gpu=0%)
[249/303] hidden=[80, 80, 80] omega0=17.5 lr=0.0002 epochs=8000 npp=1024 seed=42 ...
  Epoch     1/8000  loss=3.5178e-01  lr=2.00e-04  (0.0s)
    -> I1=3 I2=4 I3=4 I4=4 I5=3 I6=4 I7=4 I8=4 min=3 mean=3.8 max=4 (101.5s, 97.9 ep/s, step=12.6ms, gpu=0%)
[250/303] hidden=[80, 80, 80] omega0=17.5 lr=0.0002 epochs=8000 npp=1024 seed=137 ...
  Epoch     1/8000  loss=3.7729e-01  lr=2.00e-04  (0.0s)
    -> I1=4 I2=4 I3=4 I4=6 I5=4 I6=5 I7=5 I8=4 min=4 mean=4.5 max=6 (101.3s, 98.0 ep/s, step=12.6ms, gpu=0%)
[251/303] hidden=[80, 80, 80] omega0=17.5 lr=0.0002 epochs=8000 npp=1024 seed=2024 ...
  Epoch     1/8000  loss=3.8533e-01  lr=2.00e-04  (0.0s)
    -> I1=4 I2=4 I3=4 I4=4 I5=3 I6=4 I7=4 I8=4 min=3 mean=3.9 max=4 (101.3s, 98.1 ep/s, step=12.6ms, gpu=0%)
[252/303] hidden=[80, 80, 80] omega0=17.5 lr=0.0002 epochs=8000 npp=1024 seed=7 ...
  Epoch     1/8000  loss=3.8252e-01  lr=2.00e-04  (0.0s)
    -> I1=3 I2=4 I3=4 I4=4 I5=3 I6=4 I7=4 I8=4 min=3 mean=3.8 max=4 (101.3s, 97.9 ep/s, step=12.6ms, gpu=0%)
[253/303] hidden=[80, 80, 80] omega0=17.5 lr=0.0002 epochs=8000 npp=1024 seed=999 ...
  Epoch     1/8000  loss=3.6572e-01  lr=2.00e-04  (0.0s)
    -> I1=4 I2=4 I3=4 I4=4 I5=4 I6=4 I7=4 I8=4 min=4 mean=4.0 max=4 (101.3s, 98.1 ep/s, step=12.6ms, gpu=0%)
[254/303] hidden=[80, 80, 80] omega0=17.5 lr=0.0002 epochs=8000 npp=2048 seed=42 ...
  Epoch     1/8000  loss=3.5266e-01  lr=2.00e-04  (0.0s)
    -> I1=3 I2=4 I3=4 I4=6 I5=4 I6=4 I7=4 I8=6 min=3 mean=4.4 max=6 (107.1s, 94.2 ep/s, step=13.3ms, gpu=0%)
[255/303] hidden=[80, 80, 80] omega0=17.5 lr=0.0002 epochs=8000 npp=2048 seed=137 ...
  Epoch     1/8000  loss=3.7975e-01  lr=2.00e-04  (0.0s)
    -> I1=3 I2=5 I3=4 I4=4 I5=4 I6=5 I7=4 I8=4 min=3 mean=4.1 max=5 (107.1s, 94.2 ep/s, step=13.3ms, gpu=0%)
[256/303] hidden=[80, 80, 80] omega0=17.5 lr=0.0002 epochs=8000 npp=2048 seed=2024 ...
  Epoch     1/8000  loss=3.5373e-01  lr=2.00e-04  (0.0s)
    -> I1=4 I2=5 I3=5 I4=5 I5=4 I6=5 I7=6 I8=5 min=4 mean=4.9 max=6 (107.2s, 94.1 ep/s, step=13.4ms, gpu=0%)
[257/303] hidden=[80, 80, 80] omega0=17.5 lr=0.0002 epochs=8000 npp=2048 seed=7 ...
  Epoch     1/8000  loss=3.9413e-01  lr=2.00e-04  (0.0s)
    -> I1=3 I2=4 I3=4 I4=6 I5=4 I6=4 I7=4 I8=5 min=3 mean=4.2 max=6 (107.1s, 94.2 ep/s, step=13.4ms, gpu=0%)
[258/303] hidden=[80, 80, 80] omega0=17.5 lr=0.0002 epochs=8000 npp=2048 seed=999 ...
  Epoch     1/8000  loss=3.6798e-01  lr=2.00e-04  (0.0s)
    -> I1=3 I2=5 I3=4 I4=5 I5=5 I6=5 I7=4 I8=5 min=3 mean=4.5 max=5 (107.1s, 94.2 ep/s, step=13.3ms, gpu=0%)
[259/303] hidden=[80, 80, 80] omega0=17.5 lr=5e-05 epochs=10000 npp=512 seed=42 ...
  Epoch     1/10000  loss=3.5375e-01  lr=5.00e-05  (0.0s)
    -> I1=4 I2=5 I3=4 I4=4 I5=3 I6=4 I7=4 I8=6 min=3 mean=4.2 max=6 (124.9s, 98.2 ep/s, step=12.5ms, gpu=0%)
[260/303] hidden=[80, 80, 80] omega0=17.5 lr=5e-05 epochs=10000 npp=512 seed=137 ...
  Epoch     1/10000  loss=4.4957e-01  lr=5.00e-05  (0.0s)
    -> I1=3 I2=4 I3=4 I4=4 I5=3 I6=4 I7=4 I8=4 min=3 mean=3.8 max=4 (125.0s, 98.3 ep/s, step=12.5ms, gpu=0%)
[261/303] hidden=[80, 80, 80] omega0=17.5 lr=5e-05 epochs=10000 npp=512 seed=2024 ...
  Epoch     1/10000  loss=3.4843e-01  lr=5.00e-05  (0.0s)
    -> I1=4 I2=4 I3=4 I4=4 I5=3 I6=3 I7=4 I8=5 min=3 mean=3.9 max=5 (125.0s, 98.2 ep/s, step=12.5ms, gpu=0%)
[262/303] hidden=[80, 80, 80] omega0=17.5 lr=5e-05 epochs=10000 npp=512 seed=7 ...
  Epoch     1/10000  loss=3.4562e-01  lr=5.00e-05  (0.0s)
    -> I1=5 I2=4 I3=4 I4=4 I5=3 I6=4 I7=4 I8=4 min=3 mean=4.0 max=5 (125.1s, 98.2 ep/s, step=12.5ms, gpu=0%)
[263/303] hidden=[80, 80, 80] omega0=17.5 lr=5e-05 epochs=10000 npp=512 seed=999 ...
  Epoch     1/10000  loss=3.9492e-01  lr=5.00e-05  (0.0s)
    -> I1=3 I2=4 I3=4 I4=4 I5=3 I6=4 I7=3 I8=4 min=3 mean=3.6 max=4 (125.1s, 98.1 ep/s, step=12.5ms, gpu=0%)
[264/303] hidden=[80, 80, 80] omega0=17.5 lr=5e-05 epochs=10000 npp=1024 seed=42 ...
  Epoch     1/10000  loss=3.5178e-01  lr=5.00e-05  (0.0s)
    -> I1=4 I2=4 I3=4 I4=4 I5=3 I6=4 I7=4 I8=5 min=3 mean=4.0 max=5 (126.6s, 98.1 ep/s, step=12.6ms, gpu=0%)
[265/303] hidden=[80, 80, 80] omega0=17.5 lr=5e-05 epochs=10000 npp=1024 seed=137 ...
  Epoch     1/10000  loss=3.7729e-01  lr=5.00e-05  (0.0s)
    -> I1=4 I2=4 I3=4 I4=5 I5=4 I6=4 I7=5 I8=4 min=4 mean=4.2 max=5 (126.5s, 98.1 ep/s, step=12.6ms, gpu=0%)
[266/303] hidden=[80, 80, 80] omega0=17.5 lr=5e-05 epochs=10000 npp=1024 seed=2024 ...
  Epoch     1/10000  loss=3.8533e-01  lr=5.00e-05  (0.0s)
    -> I1=4 I2=4 I3=4 I4=5 I5=4 I6=5 I7=5 I8=5 min=4 mean=4.5 max=5 (126.6s, 98.1 ep/s, step=12.6ms, gpu=0%)
[267/303] hidden=[80, 80, 80] omega0=17.5 lr=5e-05 epochs=10000 npp=1024 seed=7 ...
  Epoch     1/10000  loss=3.8252e-01  lr=5.00e-05  (0.0s)
    -> I1=3 I2=4 I3=4 I4=5 I5=4 I6=4 I7=4 I8=5 min=3 mean=4.1 max=5 (126.6s, 98.1 ep/s, step=12.6ms, gpu=0%)
[268/303] hidden=[80, 80, 80] omega0=17.5 lr=5e-05 epochs=10000 npp=1024 seed=999 ...
  Epoch     1/10000  loss=3.6572e-01  lr=5.00e-05  (0.0s)
    -> I1=4 I2=4 I3=5 I4=4 I5=4 I6=4 I7=5 I8=4 min=4 mean=4.2 max=5 (126.7s, 98.0 ep/s, step=12.6ms, gpu=0%)
[269/303] hidden=[80, 80, 80] omega0=17.5 lr=5e-05 epochs=10000 npp=2048 seed=42 ...
  Epoch     1/10000  loss=3.5266e-01  lr=5.00e-05  (0.0s)
    -> I1=3 I2=4 I3=4 I4=4 I5=3 I6=4 I7=4 I8=4 min=3 mean=3.8 max=4 (134.0s, 94.1 ep/s, step=13.4ms, gpu=0%)
[270/303] hidden=[80, 80, 80] omega0=17.5 lr=5e-05 epochs=10000 npp=2048 seed=137 ...
  Epoch     1/10000  loss=3.7975e-01  lr=5.00e-05  (0.0s)
    -> I1=3 I2=4 I3=4 I4=5 I5=3 I6=4 I7=4 I8=4 min=3 mean=3.9 max=5 (134.0s, 94.1 ep/s, step=13.4ms, gpu=0%)
[271/303] hidden=[80, 80, 80] omega0=17.5 lr=5e-05 epochs=10000 npp=2048 seed=2024 ...
  Epoch     1/10000  loss=3.5373e-01  lr=5.00e-05  (0.0s)
    -> I1=4 I2=4 I3=4 I4=4 I5=4 I6=5 I7=4 I8=5 min=4 mean=4.2 max=5 (134.1s, 94.1 ep/s, step=13.4ms, gpu=0%)
[272/303] hidden=[80, 80, 80] omega0=17.5 lr=5e-05 epochs=10000 npp=2048 seed=7 ...
  Epoch     1/10000  loss=3.9413e-01  lr=5.00e-05  (0.0s)
    -> I1=4 I2=5 I3=4 I4=5 I5=4 I6=5 I7=4 I8=5 min=4 mean=4.5 max=5 (133.9s, 94.2 ep/s, step=13.3ms, gpu=0%)
[273/303] hidden=[80, 80, 80] omega0=17.5 lr=5e-05 epochs=10000 npp=2048 seed=999 ...
  Epoch     1/10000  loss=3.6798e-01  lr=5.00e-05  (0.0s)
    -> I1=4 I2=4 I3=4 I4=6 I5=4 I6=6 I7=4 I8=4 min=4 mean=4.5 max=6 (133.9s, 94.2 ep/s, step=13.3ms, gpu=0%)
[274/303] hidden=[80, 80, 80] omega0=17.5 lr=0.0001 epochs=10000 npp=512 seed=42 ...
  Epoch     1/10000  loss=3.5375e-01  lr=1.00e-04  (0.0s)
    -> I1=4 I2=4 I3=4 I4=5 I5=4 I6=4 I7=4 I8=4 min=4 mean=4.1 max=5 (124.9s, 98.3 ep/s, step=12.4ms, gpu=0%)
[275/303] hidden=[80, 80, 80] omega0=17.5 lr=0.0001 epochs=10000 npp=512 seed=137 ...
  Epoch     1/10000  loss=4.4957e-01  lr=1.00e-04  (0.0s)
    -> I1=4 I2=4 I3=5 I4=4 I5=4 I6=4 I7=4 I8=4 min=4 mean=4.1 max=5 (124.9s, 98.4 ep/s, step=12.4ms, gpu=0%)
[276/303] hidden=[80, 80, 80] omega0=17.5 lr=0.0001 epochs=10000 npp=512 seed=2024 ...
  Epoch     1/10000  loss=3.4843e-01  lr=1.00e-04  (0.0s)
    -> I1=4 I2=4 I3=4 I4=6 I5=3 I6=4 I7=4 I8=5 min=3 mean=4.2 max=6 (124.9s, 98.3 ep/s, step=12.4ms, gpu=0%)
[277/303] hidden=[80, 80, 80] omega0=17.5 lr=0.0001 epochs=10000 npp=512 seed=7 ...
  Epoch     1/10000  loss=3.4562e-01  lr=1.00e-04  (0.0s)
    -> I1=4 I2=4 I3=5 I4=5 I5=4 I6=4 I7=4 I8=5 min=4 mean=4.4 max=5 (124.9s, 98.3 ep/s, step=12.4ms, gpu=0%)
[278/303] hidden=[80, 80, 80] omega0=17.5 lr=0.0001 epochs=10000 npp=512 seed=999 ...
  Epoch     1/10000  loss=3.9492e-01  lr=1.00e-04  (0.0s)
    -> I1=3 I2=4 I3=4 I4=4 I5=3 I6=4 I7=4 I8=4 min=3 mean=3.8 max=4 (124.9s, 98.3 ep/s, step=12.4ms, gpu=0%)
[279/303] hidden=[80, 80, 80] omega0=17.5 lr=0.0001 epochs=10000 npp=1024 seed=42 ...
  Epoch     1/10000  loss=3.5178e-01  lr=1.00e-04  (0.0s)
    -> I1=3 I2=4 I3=4 I4=4 I5=5 I6=4 I7=5 I8=4 min=3 mean=4.1 max=5 (126.8s, 98.1 ep/s, step=12.6ms, gpu=0%)
[280/303] hidden=[80, 80, 80] omega0=17.5 lr=0.0001 epochs=10000 npp=1024 seed=137 ...
  Epoch     1/10000  loss=3.7729e-01  lr=1.00e-04  (0.0s)
    -> I1=4 I2=5 I3=4 I4=4 I5=4 I6=4 I7=4 I8=4 min=4 mean=4.1 max=5 (126.8s, 97.9 ep/s, step=12.6ms, gpu=0%)
[281/303] hidden=[80, 80, 80] omega0=17.5 lr=0.0001 epochs=10000 npp=1024 seed=2024 ...
  Epoch     1/10000  loss=3.8533e-01  lr=1.00e-04  (0.0s)
    -> I1=3 I2=4 I3=4 I4=4 I5=4 I6=4 I7=4 I8=4 min=3 mean=3.9 max=4 (126.9s, 97.9 ep/s, step=12.6ms, gpu=0%)
[282/303] hidden=[80, 80, 80] omega0=17.5 lr=0.0001 epochs=10000 npp=1024 seed=7 ...
  Epoch     1/10000  loss=3.8252e-01  lr=1.00e-04  (0.0s)
    -> I1=3 I2=4 I3=4 I4=5 I5=4 I6=4 I7=4 I8=5 min=3 mean=4.1 max=5 (126.9s, 97.8 ep/s, step=12.6ms, gpu=0%)
[283/303] hidden=[80, 80, 80] omega0=17.5 lr=0.0001 epochs=10000 npp=1024 seed=999 ...
  Epoch     1/10000  loss=3.6572e-01  lr=1.00e-04  (0.0s)
    -> I1=3 I2=5 I3=5 I4=5 I5=4 I6=4 I7=4 I8=7 min=3 mean=4.6 max=7 (126.6s, 98.0 ep/s, step=12.6ms, gpu=0%)
[284/303] hidden=[80, 80, 80] omega0=17.5 lr=0.0001 epochs=10000 npp=2048 seed=42 ...
  Epoch     1/10000  loss=3.5266e-01  lr=1.00e-04  (0.0s)
    -> I1=3 I2=5 I3=4 I4=5 I5=4 I6=4 I7=5 I8=5 min=3 mean=4.4 max=5 (133.9s, 94.2 ep/s, step=13.3ms, gpu=0%)
[285/303] hidden=[80, 80, 80] omega0=17.5 lr=0.0001 epochs=10000 npp=2048 seed=137 ...
  Epoch     1/10000  loss=3.7975e-01  lr=1.00e-04  (0.0s)
    -> I1=3 I2=4 I3=4 I4=5 I5=4 I6=4 I7=4 I8=4 min=3 mean=4.0 max=5 (133.8s, 94.2 ep/s, step=13.3ms, gpu=0%)
[286/303] hidden=[80, 80, 80] omega0=17.5 lr=0.0001 epochs=10000 npp=2048 seed=2024 ...
  Epoch     1/10000  loss=3.5373e-01  lr=1.00e-04  (0.0s)
    -> I1=4 I2=4 I3=4 I4=5 I5=4 I6=4 I7=4 I8=5 min=4 mean=4.2 max=5 (133.9s, 94.2 ep/s, step=13.3ms, gpu=0%)
[287/303] hidden=[80, 80, 80] omega0=17.5 lr=0.0001 epochs=10000 npp=2048 seed=7 ...
  Epoch     1/10000  loss=3.9413e-01  lr=1.00e-04  (0.0s)
    -> I1=4 I2=5 I3=4 I4=5 I5=4 I6=5 I7=4 I8=5 min=4 mean=4.5 max=5 (133.9s, 94.2 ep/s, step=13.3ms, gpu=0%)
[288/303] hidden=[80, 80, 80] omega0=17.5 lr=0.0001 epochs=10000 npp=2048 seed=999 ...
  Epoch     1/10000  loss=3.6798e-01  lr=1.00e-04  (0.0s)
    -> I1=4 I2=4 I3=4 I4=4 I5=4 I6=5 I7=5 I8=4 min=4 mean=4.2 max=5 (133.9s, 94.2 ep/s, step=13.4ms, gpu=0%)
[289/303] hidden=[80, 80, 80] omega0=17.5 lr=0.0002 epochs=10000 npp=512 seed=42 ...
  Epoch     1/10000  loss=3.5375e-01  lr=2.00e-04  (0.0s)
    -> I1=4 I2=4 I3=4 I4=4 I5=4 I6=5 I7=4 I8=5 min=4 mean=4.2 max=5 (124.9s, 98.3 ep/s, step=12.4ms, gpu=0%)
[290/303] hidden=[80, 80, 80] omega0=17.5 lr=0.0002 epochs=10000 npp=512 seed=137 ...
  Epoch     1/10000  loss=4.4957e-01  lr=2.00e-04  (0.0s)
    -> I1=4 I2=4 I3=4 I4=4 I5=4 I6=4 I7=4 I8=5 min=4 mean=4.1 max=5 (125.0s, 98.2 ep/s, step=12.5ms, gpu=0%)
[291/303] hidden=[80, 80, 80] omega0=17.5 lr=0.0002 epochs=10000 npp=512 seed=2024 ...
  Epoch     1/10000  loss=3.4843e-01  lr=2.00e-04  (0.0s)
    -> I1=4 I2=4 I3=4 I4=5 I5=4 I6=4 I7=4 I8=5 min=4 mean=4.2 max=5 (125.0s, 98.2 ep/s, step=12.5ms, gpu=0%)
[292/303] hidden=[80, 80, 80] omega0=17.5 lr=0.0002 epochs=10000 npp=512 seed=7 ...
  Epoch     1/10000  loss=3.4562e-01  lr=2.00e-04  (0.0s)
    -> I1=4 I2=4 I3=4 I4=4 I5=4 I6=4 I7=4 I8=4 min=4 mean=4.0 max=4 (125.0s, 98.3 ep/s, step=12.5ms, gpu=0%)
[293/303] hidden=[80, 80, 80] omega0=17.5 lr=0.0002 epochs=10000 npp=512 seed=999 ...
  Epoch     1/10000  loss=3.9492e-01  lr=2.00e-04  (0.0s)
    -> I1=5 I2=4 I3=4 I4=5 I5=3 I6=4 I7=5 I8=5 min=3 mean=4.4 max=5 (125.1s, 98.1 ep/s, step=12.5ms, gpu=0%)
[294/303] hidden=[80, 80, 80] omega0=17.5 lr=0.0002 epochs=10000 npp=1024 seed=42 ...
  Epoch     1/10000  loss=3.5178e-01  lr=2.00e-04  (0.0s)
    -> I1=3 I2=4 I3=3 I4=4 I5=3 I6=3 I7=4 I8=4 min=3 mean=3.5 max=4 (126.7s, 98.0 ep/s, step=12.6ms, gpu=0%)
[295/303] hidden=[80, 80, 80] omega0=17.5 lr=0.0002 epochs=10000 npp=1024 seed=137 ...
  Epoch     1/10000  loss=3.7729e-01  lr=2.00e-04  (0.0s)
    -> I1=4 I2=4 I3=4 I4=4 I5=4 I6=4 I7=5 I8=4 min=4 mean=4.1 max=5 (126.4s, 98.1 ep/s, step=12.6ms, gpu=0%)
[296/303] hidden=[80, 80, 80] omega0=17.5 lr=0.0002 epochs=10000 npp=1024 seed=2024 ...
  Epoch     1/10000  loss=3.8533e-01  lr=2.00e-04  (0.0s)
    -> I1=3 I2=4 I3=4 I4=5 I5=4 I6=5 I7=5 I8=5 min=3 mean=4.4 max=5 (126.5s, 98.1 ep/s, step=12.6ms, gpu=0%)
[297/303] hidden=[80, 80, 80] omega0=17.5 lr=0.0002 epochs=10000 npp=1024 seed=7 ...
  Epoch     1/10000  loss=3.8252e-01  lr=2.00e-04  (0.0s)
    -> I1=4 I2=4 I3=5 I4=5 I5=4 I6=4 I7=4 I8=5 min=4 mean=4.4 max=5 (126.4s, 98.2 ep/s, step=12.6ms, gpu=0%)
[298/303] hidden=[80, 80, 80] omega0=17.5 lr=0.0002 epochs=10000 npp=1024 seed=999 ...
  Epoch     1/10000  loss=3.6572e-01  lr=2.00e-04  (0.0s)
    -> I1=4 I2=4 I3=4 I4=4 I5=4 I6=4 I7=4 I8=4 min=4 mean=4.0 max=4 (126.5s, 98.2 ep/s, step=12.6ms, gpu=0%)
[299/303] hidden=[80, 80, 80] omega0=17.5 lr=0.0002 epochs=10000 npp=2048 seed=42 ...
  Epoch     1/10000  loss=3.5266e-01  lr=2.00e-04  (0.0s)
    -> I1=3 I2=4 I3=4 I4=4 I5=4 I6=4 I7=4 I8=4 min=3 mean=3.9 max=4 (133.8s, 94.3 ep/s, step=13.3ms, gpu=0%)
[300/303] hidden=[80, 80, 80] omega0=17.5 lr=0.0002 epochs=10000 npp=2048 seed=137 ...
  Epoch     1/10000  loss=3.7975e-01  lr=2.00e-04  (0.0s)
    -> I1=4 I2=4 I3=4 I4=5 I5=4 I6=4 I7=4 I8=5 min=4 mean=4.2 max=5 (133.8s, 94.3 ep/s, step=13.3ms, gpu=0%)
[301/303] hidden=[80, 80, 80] omega0=17.5 lr=0.0002 epochs=10000 npp=2048 seed=2024 ...
  Epoch     1/10000  loss=3.5373e-01  lr=2.00e-04  (0.0s)
    -> I1=3 I2=4 I3=4 I4=4 I5=3 I6=4 I7=4 I8=4 min=3 mean=3.8 max=4 (133.7s, 94.3 ep/s, step=13.3ms, gpu=0%)
[302/303] hidden=[80, 80, 80] omega0=17.5 lr=0.0002 epochs=10000 npp=2048 seed=7 ...
  Epoch     1/10000  loss=3.9413e-01  lr=2.00e-04  (0.0s)
    -> I1=4 I2=4 I3=5 I4=5 I5=4 I6=4 I7=4 I8=5 min=4 mean=4.4 max=5 (133.7s, 94.3 ep/s, step=13.3ms, gpu=0%)
[303/303] hidden=[80, 80, 80] omega0=17.5 lr=0.0002 epochs=10000 npp=2048 seed=999 ...
  Epoch     1/10000  loss=3.6798e-01  lr=2.00e-04  (0.0s)
    -> I1=5 I2=4 I3=4 I4=4 I5=4 I6=4 I7=4 I8=4 min=4 mean=4.1 max=5 (133.6s, 94.4 ep/s, step=13.3ms, gpu=0%)

============================================================================================================================================
  RANKED RESULTS (best first) — GPU 3
============================================================================================================================================
    # hidden           omega0       lr epochs   npp  seed   min_loss mean_relerr  I1  I2  I3  I4  I5  I6  I7  I8  min  mean  max   wall   ep/s   step  gpu%
--------------------------------------------------------------------------------------------------------------------------------------------
    1 [80, 80, 80]       17.5  2.0e-04   8000  2048  2024  7.103e-05   2.148e-04   4   5   5   5   4   5   6   5    4   4.9    6  107.2   94.1   13.4     0
    2 [80, 80, 80]       15.0  2.0e-04   8000  2048    42  8.729e-05   2.617e-04   4   5   5   5   4   5   4   5    4   4.6    5  107.1   94.2   13.4     0
    3 [80, 80, 80]       15.0  1.0e-04  10000  2048  2024  9.899e-05   2.896e-04   4   6   4   5   5   4   4   7    4   4.9    7  134.0   94.1   13.4     0
    4 [80, 80, 80]       15.0  5.0e-05  10000  2048     7  2.084e-04   3.288e-04   4   4   5   6   4   4   4   5    4   4.5    6  133.9   94.2   13.3     0
    5 [80, 80, 80]       15.0  1.0e-04   8000  2048  2024  1.455e-04   3.429e-04   4   4   4   7   5   4   5   5    4   4.8    7  107.2   94.2   13.4     0
    6 [80, 80, 80]       15.0  1.0e-04   8000  2048    42  1.586e-04   3.505e-04   4   5   5   5   4   5   5   4    4   4.6    5  107.1   94.2   13.4     0
    7 [80, 80, 80]       15.0  2.0e-04   8000  1024  2024  9.150e-05   3.750e-04   4   4   4   5   4   5   5   5    4   4.5    5  101.5   97.9   12.6     0
    8 [80, 80, 80]       17.5  1.0e-04  10000  2048     7  9.838e-05   3.823e-04   4   5   4   5   4   5   4   5    4   4.5    5  133.9   94.2   13.3     0
    9 [80, 80, 80]       12.5  1.0e-04  10000  2048    42  1.204e-04   3.925e-04   4   4   6   5   4   4   4   5    4   4.5    6  135.1   93.5   13.5     0
   10 [80, 80, 80]       15.0  2.0e-04  10000   512     7  9.676e-05   3.928e-04   4   5   4   5   5   4   5   5    4   4.6    5  125.3   98.0   12.5     0
   11 [80, 80, 80]       17.5  1.0e-04  10000  2048  2024  9.650e-05   4.101e-04   4   4   4   5   4   4   4   5    4   4.2    5  133.9   94.2   13.3     0
   12 [80, 80, 80]       12.5  2.0e-04  10000   512   999  9.059e-05   4.115e-04   4   4   4   5   4   5   5   5    4   4.5    5  124.9   98.3   12.5     0
   13 [80, 80, 80]       12.5  1.0e-04  10000  2048   137  1.111e-04   4.199e-04   4   4   5   5   4   4   7   5    4   4.8    7  135.0   93.6   13.5     0
   14 [80, 80, 80]       17.5  2.0e-04   6000  2048   137  1.162e-04   4.308e-04   4   5   5   4   4   5   5   5    4   4.6    5   80.4   94.2   13.4     0
   15 [80, 80, 80]       17.5  2.0e-04   6000  2048  2024  1.097e-04   4.356e-04   4   4   4   5   4   5   4   5    4   4.4    5   80.3   94.2   13.3     0
   16 [80, 80, 80]       15.0  2.0e-04   8000  2048  2024  7.727e-05   4.372e-04   4   4   4   5   4   5   7   5    4   4.8    7  107.2   94.2   13.4     0
   17 [80, 80, 80]       17.5  1.0e-04   8000  2048  2024  1.409e-04   4.494e-04   4   6   4   5   4   4   5   5    4   4.6    6  107.0   94.3   13.3     0
   18 [80, 80, 80]       17.5  1.0e-04   8000  2048     7  1.506e-04   4.516e-04   4   4   4   5   4   5   6   5    4   4.6    6  107.1   94.2   13.3     0
   19 [80, 80, 80]       12.5  1.0e-04  10000  1024     7  1.457e-04   4.610e-04   4   4   5   5   4   4   4   5    4   4.4    5  130.1   95.2   13.0     0
   20 [80, 80, 80]       17.5  5.0e-05  10000  2048     7  2.188e-04   4.671e-04   4   5   4   5   4   5   4   5    4   4.5    5  133.9   94.2   13.3     0
   21 [80, 80, 80]       17.5  2.0e-04   8000  1024   137  9.440e-05   4.822e-04   4   4   4   6   4   5   5   4    4   4.5    6  101.3   98.0   12.6     0
   22 [80, 80, 80]       15.0  1.0e-04  10000  1024     7  1.349e-04   4.841e-04   4   4   4   5   4   4   5   5    4   4.4    5  126.6   98.1   12.6     0
   23 [80, 80, 80]       17.5  2.0e-04   8000   512  2024  1.143e-04   4.866e-04   4   4   5   4   4   4   5   5    4   4.4    5  100.2   98.0   12.5     0
   24 [80, 80, 80]       12.5  1.0e-04  10000  1024   137  1.472e-04   5.091e-04   4   4   4   5   5   4   5   5    4   4.5    5  129.3   96.0   12.9     0
   25 [80, 80, 80]       17.5  2.0e-04  10000  2048   137  5.242e-05   5.109e-04   4   4   4   5   4   4   4   5    4   4.2    5  133.8   94.3   13.3     0
   26 [80, 80, 80]       15.0  1.0e-04  10000  2048    42  1.070e-04   5.152e-04   4   5   4   4   4   4   5   5    4   4.4    5  133.9   94.2   13.4     0
   27 [80, 80, 80]       12.5  2.0e-04  10000   512  2024  9.353e-05   5.153e-04   4   5   4   5   4   4   4   6    4   4.5    6  124.9   98.4   12.4     0
   28 [80, 80, 80]       17.5  1.0e-04  10000   512     7  1.659e-04   5.183e-04   4   4   5   5   4   4   4   5    4   4.4    5  124.9   98.3   12.4     0
   29 [80, 80, 80]       17.5  5.0e-05  10000  1024  2024  2.627e-04   5.190e-04   4   4   4   5   4   5   5   5    4   4.5    5  126.6   98.1   12.6     0
   30 [80, 80, 80]       15.0  2.0e-04   6000   512     7  2.129e-04   5.193e-04   4   4   5   5   4   4   6   5    4   4.6    6   75.0   98.2   12.5     0
   31 [80, 80, 80]       17.5  1.0e-04   6000  2048   999  2.634e-04   5.276e-04   4   4   4   5   4   4   5   5    4   4.4    5   80.4   94.1   13.4     0
   32 [80, 80, 80]       15.0  2.0e-04  10000  2048  2024  5.588e-05   5.331e-04   4   4   4   4   4   5   4   5    4   4.2    5  134.1   94.1   13.4     0
   33 [80, 80, 80]       15.0  2.0e-04   8000  2048     7  7.450e-05   5.399e-04   4   4   4   5   4   5   4   5    4   4.4    5  107.1   94.3   13.3     0
   34 [80, 80, 80]       15.0  1.0e-04  10000  1024   137  1.317e-04   5.399e-04   4   5   6   6   4   4   4   5    4   4.8    6  127.0   97.8   12.7     0
   35 [80, 80, 80]       15.0  2.0e-04   6000  2048  2024  1.237e-04   5.410e-04   5   4   4   5   4   5   4   4    4   4.4    5   80.5   94.1   13.4     0
   36 [80, 80, 80]       15.0  5.0e-05  10000  2048   999  2.410e-04   5.413e-04   4   5   5   5   4   4   4   5    4   4.5    5  133.8   94.2   13.3     0
   37 [80, 80, 80]       12.5  1.0e-04  10000  2048  2024  1.114e-04   5.522e-04   4   4   4   5   4   4   4   6    4   4.4    6  134.5   94.0   13.4     0
   38 [80, 80, 80]       12.5  2.0e-04  10000  1024  2024  7.340e-05   5.568e-04   4   5   4   5   4   5   4   4    4   4.4    5  126.7   98.1   12.6     0
   39 [80, 80, 80]       12.5  1.0e-04  10000  2048     7  1.210e-04   5.606e-04   4   4   4   5   4   4   4   5    4   4.2    5  134.1   94.2   13.4     0
   40 [80, 80, 80]       17.5  1.0e-04  10000  1024   137  1.289e-04   5.668e-04   4   5   4   4   4   4   4   4    4   4.1    5  126.8   97.9   12.6     0
   41 [80, 80, 80]       15.0  2.0e-04   6000  1024     7  1.719e-04   5.703e-04   4   4   4   4   4   5   4   5    4   4.2    5   76.1   98.0   12.6     0
   42 [80, 80, 80]       17.5  5.0e-05   8000  2048  2024  3.089e-04   5.711e-04   4   4   4   5   4   4   4   5    4   4.2    5  107.0   94.2   13.3     0
   43 [80, 80, 80]       12.5  2.0e-04  10000  2048   999  5.490e-05   5.722e-04   4   5   5   5   4   4   4   4    4   4.4    5  134.0   94.2   13.4     0
   44 [80, 80, 80]       17.5  2.0e-04  10000   512    42  9.465e-05   5.796e-04   4   4   4   4   4   5   4   5    4   4.2    5  124.9   98.3   12.4     0
   45 [80, 80, 80]       17.5  2.0e-04  10000  1024     7  6.400e-05   5.827e-04   4   4   5   5   4   4   4   5    4   4.4    5  126.4   98.2   12.6     0
   46 [80, 80, 80]       15.0  2.0e-04  10000  2048   137  6.035e-05   5.839e-04   4   5   5   5   4   5   4   5    4   4.6    5  133.9   94.2   13.4     0
   47 [80, 80, 80]       15.0  2.0e-04   6000   512   999  2.118e-04   5.878e-04   4   4   4   6   4   4   6   5    4   4.6    6   75.0   98.3   12.5     0
   48 [80, 80, 80]       15.0  2.0e-04   8000   512  2024  1.214e-04   5.972e-04   4   4   4   5   4   4   4   4    4   4.1    5   99.9   98.3   12.5     0
   49 [80, 80, 80]       15.0  1.0e-04  10000  2048     7  1.083e-04   6.066e-04   4   4   4   5   4   4   4   5    4   4.2    5  133.9   94.2   13.4     0
   50 [80, 80, 80]       12.5  5.0e-05  10000  2048     7  2.617e-04   6.070e-04   4   4   4   5   4   5   4   5    4   4.4    5  135.6   93.1   13.5     0
   51 [80, 80, 80]       17.5  1.0e-04   8000  1024     7  1.623e-04   6.122e-04   4   4   5   5   4   4   5   4    4   4.4    5  101.2   98.1   12.6     0
   52 [80, 80, 80]       15.0  5.0e-05  10000  1024    42  3.219e-04   6.144e-04   4   5   4   4   4   5   4   5    4   4.4    5  126.7   98.0   12.6     0
   53 [80, 80, 80]       17.5  2.0e-04   6000  2048     7  1.226e-04   6.187e-04   4   4   4   4   5   5   5   5    4   4.5    5   80.4   94.2   13.4     0
   54 [80, 80, 80]       15.0  1.0e-04  10000  2048   137  1.051e-04   6.359e-04   4   5   4   4   4   5   4   4    4   4.2    5  134.0   94.2   13.4     0
   55 [80, 80, 80]       15.0  5.0e-05   8000  2048    42  3.670e-04   6.374e-04   5   4   5   5   4   4   4   6    4   4.6    6  107.1   94.3   13.4     0
   56 [80, 80, 80]       15.0  2.0e-04  10000  2048     7  5.283e-05   6.477e-04   4   4   4   4   5   4   4   5    4   4.2    5  134.1   94.2   13.4     0
   57 [80, 80, 80]       17.5  1.0e-04   6000  1024   999  3.051e-04   6.597e-04   4   5   6   4   4   4   4   5    4   4.5    6   76.0   98.0   12.6     0
   58 [80, 80, 80]       15.0  1.0e-04   8000  2048   999  1.715e-04   6.620e-04   4   4   4   5   4   6   4   5    4   4.5    6  107.1   94.2   13.3     0
   59 [80, 80, 80]       17.5  1.0e-04   6000  1024   137  3.226e-04   6.726e-04   4   4   5   7   4   4   4   4    4   4.5    7   76.0   98.0   12.6     0
   60 [80, 80, 80]       15.0  2.0e-04   8000  2048   137  8.492e-05   6.727e-04   4   4   4   7   4   5   4   4    4   4.5    7  107.2   94.2   13.4     0
   61 [80, 80, 80]       15.0  5.0e-05  10000  2048  2024  2.157e-04   6.773e-04   4   4   5   5   4   4   5   5    4   4.5    5  133.9   94.2   13.3     0
   62 [80, 80, 80]       17.5  5.0e-05  10000  2048  2024  1.990e-04   6.923e-04   4   4   4   4   4   5   4   5    4   4.2    5  134.1   94.1   13.4     0
   63 [80, 80, 80]       12.5  1.0e-04  10000  2048   999  1.211e-04   6.978e-04   4   4   5   5   4   4   4   5    4   4.4    5  134.1   94.1   13.4     0
   64 [80, 80, 80]       17.5  1.0e-04  10000   512   137  1.796e-04   7.020e-04   4   4   5   4   4   4   4   4    4   4.1    5  124.9   98.4   12.4     0
   65 [80, 80, 80]       17.5  1.0e-04   8000  2048   137  1.455e-04   7.045e-04   4   4   4   4   5   4   5   4    4   4.2    5  107.0   94.2   13.3     0
   66 [80, 80, 80]       17.5  2.0e-04  10000  2048     7  5.468e-05   7.055e-04   4   4   5   5   4   4   4   5    4   4.4    5  133.7   94.3   13.3     0
   67 [80, 80, 80]       17.5  1.0e-04  10000  2048   999  1.111e-04   7.093e-04   4   4   4   4   4   5   5   4    4   4.2    5  133.9   94.2   13.4     0
   68 [80, 80, 80]       17.5  2.0e-04  10000   512  2024  8.256e-05   7.128e-04   4   4   4   5   4   4   4   5    4   4.2    5  125.0   98.2   12.5     0
   69 [80, 80, 80]       15.0  1.0e-04  10000   512   137  2.045e-04   7.317e-04   4   5   4   4   4   4   5   4    4   4.2    5  124.9   98.3   12.4     0
   70 [80, 80, 80]       17.5  1.0e-04   8000   512     7  2.480e-04   7.500e-04   4   4   6   4   4   4   5   4    4   4.4    6  100.0   98.1   12.5     0
   71 [80, 80, 80]       17.5  2.0e-04  10000  1024   137  7.013e-05   7.551e-04   4   4   4   4   4   4   5   4    4   4.1    5  126.4   98.1   12.6     0
   72 [80, 80, 80]       15.0  5.0e-05   8000  1024  2024  4.492e-04   7.630e-04   4   4   5   5   4   4   4   5    4   4.4    5  101.4   98.1   12.6     0
   73 [80, 80, 80]       15.0  2.0e-04   6000  2048     7  1.171e-04   7.792e-04   4   4   4   4   4   4   5   5    4   4.2    5   80.4   94.2   13.4     0
   74 [80, 80, 80]       17.5  1.0e-04   8000  2048   999  1.615e-04   7.813e-04   4   4   4   4   4   4   4   5    4   4.1    5  107.2   94.2   13.4     0
   75 [80, 80, 80]       15.0  1.0e-04   6000  2048    42  2.635e-04   7.910e-04   4   4   4   6   4   4   5   4    4   4.4    6   80.4   94.2   13.4     0
   76 [80, 80, 80]       17.5  2.0e-04  10000   512   137  8.638e-05   7.939e-04   4   4   4   4   4   4   4   5    4   4.1    5  125.0   98.2   12.5     0
   77 [80, 80, 80]       12.5  2.0e-04  10000   512    42  1.145e-04   7.970e-04   4   4   4   4   4   5   4   4    4   4.1    5  125.1   98.2   12.5     0
   78 [80, 80, 80]       17.5  5.0e-05  10000  1024   137  2.931e-04   8.009e-04   4   4   4   5   4   4   5   4    4   4.2    5  126.5   98.1   12.6     0
   79 [80, 80, 80]       15.0  2.0e-04  10000   512    42  1.005e-04   8.146e-04   4   4   4   4   4   4   4   5    4   4.1    5  125.3   98.0   12.5     0
   80 [80, 80, 80]       15.0  2.0e-04   8000  2048   999  8.771e-05   8.253e-04   4   4   5   5   4   4   5   4    4   4.4    5  107.2   94.2   13.4     0
   81 [80, 80, 80]       15.0  5.0e-05  10000  1024  2024  3.032e-04   8.308e-04   4   4   4   5   4   4   4   5    4   4.2    5  126.7   98.1   12.6     0
   82 [80, 80, 80]       17.5  1.0e-04   6000  2048  2024  2.354e-04   8.313e-04   5   4   4   4   4   4   5   4    4   4.2    5   80.4   94.1   13.4     0
   83 [80, 80, 80]       17.5  5.0e-05  10000  2048   999  2.371e-04   8.451e-04   4   4   4   6   4   6   4   4    4   4.5    6  133.9   94.2   13.3     0
   84 [80, 80, 80]       17.5  2.0e-04   8000  1024   999  9.940e-05   8.471e-04   4   4   4   4   4   4   4   4    4   4.0    4  101.3   98.1   12.6     0
   85 [80, 80, 80]       12.5  1.0e-04  10000  1024    42  1.733e-04   8.563e-04   4   4   4   5   4   4   4   4    4   4.1    5  129.3   95.9   12.9     0
   86 [80, 80, 80]       15.0  2.0e-04  10000   512   137  9.025e-05   8.724e-04   4   4   4   5   4   4   4   4    4   4.1    5  125.2   98.1   12.5     0
   87 [80, 80, 80]       15.0  5.0e-05   8000  2048   137  3.538e-04   8.792e-04   4   5   4   5   4   4   4   4    4   4.2    5  107.3   94.2   13.4     0
   88 [80, 80, 80]       15.0  1.0e-04   8000  1024   137  2.041e-04   8.853e-04   4   4   4   5   4   4   4   4    4   4.1    5  101.4   98.1   12.6     0
   89 [80, 80, 80]       17.5  2.0e-04   6000  1024   999  1.568e-04   8.925e-04   4   4   5   4   4   4   4   4    4   4.1    5   75.9   98.1   12.6     0
   90 [80, 80, 80]       12.5  2.0e-04  10000   512     7  9.824e-05   8.955e-04   5   4   6   4   4   4   4   4    4   4.4    6  124.9   98.3   12.5     0
   91 [80, 80, 80]       12.5  2.0e-04  10000  2048    42  6.746e-05   8.991e-04   4   4   4   4   4   4   4   5    4   4.1    5  134.1   94.1   13.4     0
   92 [80, 80, 80]       17.5  5.0e-05   8000  2048   999  3.627e-04   9.006e-04   4   4   4   4   4   4   4   4    4   4.0    4  107.1   94.2   13.3     0
   93 [80, 80, 80]       15.0  2.0e-04  10000  2048    42  6.353e-05   9.127e-04   4   4   4   4   4   4   4   4    4   4.0    4  134.1   94.1   13.4     0
   94 [80, 80, 80]       15.0  5.0e-05  10000  1024   137  3.349e-04   9.264e-04   4   5   4   5   5   4   4   4    4   4.4    5  126.8   97.9   12.6     0
   95 [80, 80, 80]       17.5  2.0e-04   8000   512   137  1.213e-04   9.265e-04   4   6   4   4   4   4   4   4    4   4.2    6  100.1   98.2   12.5     0
   96 [80, 80, 80]       17.5  5.0e-05  10000  1024   999  3.076e-04   9.305e-04   4   4   5   4   4   4   5   4    4   4.2    5  126.7   98.0   12.6     0
   97 [80, 80, 80]       15.0  2.0e-04   8000  1024   137  1.094e-04   9.605e-04   4   4   4   5   4   5   4   4    4   4.2    5  101.5   97.9   12.7     0
   98 [80, 80, 80]       12.5  1.0e-04  10000  1024   999  1.506e-04   9.675e-04   4   4   4   5   4   4   4   5    4   4.2    5  129.3   96.0   12.9     0
   99 [80, 80, 80]       17.5  2.0e-04   6000  2048   999  1.205e-04   9.707e-04   4   4   4   4   4   4   4   4    4   4.0    4   80.3   94.2   13.3     0
  100 [80, 80, 80]       17.5  1.0e-04  10000   512    42  1.883e-04   9.761e-04   4   4   4   5   4   4   4   4    4   4.1    5  124.9   98.3   12.4     0
  101 [80, 80, 80]       17.5  2.0e-04  10000  2048   999  5.786e-05   9.817e-04   5   4   4   4   4   4   4   4    4   4.1    5  133.6   94.4   13.3     0
  102 [80, 80, 80]       17.5  2.0e-04   6000   512   137  1.940e-04   9.827e-04   4   4   4   4   4   4   5   4    4   4.1    5   75.0   98.2   12.5     0
  103 [80, 80, 80]       15.0  5.0e-05  10000  1024     7  2.927e-04   1.017e-03   4   4   4   4   5   4   4   6    4   4.4    6  126.9   97.9   12.6     0
  104 [80, 80, 80]       15.0  2.0e-04   8000  1024   999  1.097e-04   1.048e-03   4   4   4   5   4   4   4   4    4   4.1    5  101.4   97.9   12.6     0
  105 [80, 80, 80]       17.5  5.0e-05   8000  2048   137  3.372e-04   1.115e-03   4   4   6   5   4   4   4   4    4   4.4    6  107.0   94.2   13.3     0
  106 [80, 80, 80]       12.5  1.0e-04  10000   512     7  2.236e-04   1.129e-03   5   4   4   4   4   4   4   4    4   4.1    5  129.5   94.4   12.9     0
  107 [80, 80, 80]       15.0  1.0e-04   6000  2048  2024  2.449e-04   1.140e-03   4   4   4   4   4   4   5   4    4   4.1    5   80.3   94.3   13.4     0
  108 [80, 80, 80]       15.0  2.0e-04   6000  1024  2024  1.426e-04   1.166e-03   4   4   4   4   4   6   4   4    4   4.2    6   76.2   97.9   12.7     0
  109 [80, 80, 80]       15.0  1.0e-04  10000   512  2024  1.671e-04   1.317e-03   4   4   4   4   4   4   4   4    4   4.0    4  125.0   98.2   12.5     0
  110 [80, 80, 80]       15.0  2.0e-04   8000   512   137  1.291e-04   1.326e-03   4   5   4   5   4   4   4   4    4   4.2    5  100.0   98.2   12.5     0
  111 [80, 80, 80]       17.5  2.0e-04  10000   512     7  9.449e-05   1.438e-03   4   4   4   4   4   4   4   4    4   4.0    4  125.0   98.3   12.5     0
  112 [80, 80, 80]       17.5  5.0e-05   6000  2048   999  6.289e-04   1.495e-03   4   4   4   4   4   4   4   4    4   4.0    4   80.3   94.2   13.3     0
  113 [80, 80, 80]       17.5  2.0e-04  10000  1024   999  7.260e-05   1.678e-03   4   4   4   4   4   4   4   4    4   4.0    4  126.5   98.2   12.6     0
  114 [80, 80, 80]       17.5  1.0e-04  10000  1024   999  1.209e-04   4.063e-04   3   5   5   5   4   4   4   7    3   4.6    7  126.6   98.0   12.6     0
  115 [80, 80, 80]       12.5  1.0e-04  10000   512   137  1.989e-04   4.173e-04   3   4   5   5   4   5   4   5    3   4.4    5  127.4   96.3   12.7     0
  116 [80, 80, 80]       15.0  1.0e-04   8000  2048   137  1.543e-04   4.566e-04   3   5   4   5   4   5   5   5    3   4.5    5  107.3   94.1   13.4     0
  117 [80, 80, 80]       17.5  2.0e-04   8000  2048   999  7.913e-05   4.725e-04   3   5   4   5   5   5   4   5    3   4.5    5  107.1   94.2   13.3     0
  118 [80, 80, 80]       17.5  2.0e-04  10000  1024  2024  6.541e-05   5.152e-04   3   4   4   5   4   5   5   5    3   4.4    5  126.5   98.1   12.6     0
  119 [80, 80, 80]       15.0  2.0e-04   8000   512     7  1.341e-04   5.319e-04   3   5   4   5   5   4   4   4    3   4.2    5  100.0   98.1   12.5     0
  120 [80, 80, 80]       17.5  2.0e-04   8000  2048     7  7.910e-05   5.483e-04   3   4   4   6   4   4   4   5    3   4.2    6  107.1   94.2   13.4     0
  121 [80, 80, 80]       17.5  2.0e-04   8000  2048    42  7.810e-05   5.702e-04   3   4   4   6   4   4   4   6    3   4.4    6  107.1   94.2   13.3     0
  122 [80, 80, 80]       15.0  5.0e-05  10000  2048   137  2.304e-04   5.958e-04   3   5   5   5   4   4   4   5    3   4.4    5  134.0   94.2   13.4     0
  123 [80, 80, 80]       15.0  1.0e-04   6000  1024   137  3.518e-04   5.994e-04   3   4   5   5   5   4   5   5    3   4.5    5   76.2   98.0   12.7     0
  124 [80, 80, 80]       17.5  1.0e-04   6000  2048     7  2.564e-04   6.199e-04   4   5   4   5   3   5   5   4    3   4.4    5   80.4   94.2   13.4     0
  125 [80, 80, 80]       17.5  5.0e-05   8000  1024  2024  3.870e-04   6.228e-04   5   5   4   5   3   4   4   5    3   4.4    5  101.3   98.0   12.6     0
  126 [80, 80, 80]       17.5  5.0e-05  10000  1024     7  2.736e-04   6.269e-04   3   4   4   5   4   4   4   5    3   4.1    5  126.6   98.1   12.6     0
  127 [80, 80, 80]       17.5  5.0e-05   6000  2048  2024  5.405e-04   6.360e-04   3   4   5   4   4   4   4   5    3   4.1    5   80.4   94.2   13.4     0
  128 [80, 80, 80]       17.5  1.0e-04   8000  1024  2024  1.594e-04   6.597e-04   4   4   5   5   3   4   4   6    3   4.4    6  101.3   98.0   12.6     0
  129 [80, 80, 80]       15.0  1.0e-04  10000  2048   999  1.156e-04   6.904e-04   3   4   4   6   4   4   4   4    3   4.1    6  134.0   94.2   13.4     0
  130 [80, 80, 80]       15.0  2.0e-04  10000  1024   137  7.574e-05   7.102e-04   4   4   4   4   3   4   4   5    3   4.0    5  126.5   98.1   12.6     0
  131 [80, 80, 80]       12.5  1.0e-04  10000  1024  2024  1.681e-04   7.274e-04   3   4   4   5   4   4   5   5    3   4.2    5  129.5   95.7   12.9     0
  132 [80, 80, 80]       12.5  2.0e-04  10000  2048  2024  5.901e-05   7.437e-04   3   4   4   5   4   4   5   5    3   4.2    5  134.1   94.2   13.4     0
  133 [80, 80, 80]       12.5  2.0e-04  10000  2048   137  5.889e-05   7.603e-04   3   4   4   5   4   4   5   5    3   4.2    5  134.2   94.1   13.4     0
  134 [80, 80, 80]       17.5  2.0e-04  10000   512   999  9.092e-05   7.641e-04   5   4   4   5   3   4   5   5    3   4.4    5  125.1   98.1   12.5     0
  135 [80, 80, 80]       15.0  1.0e-04   6000  2048   137  2.527e-04   7.854e-04   3   4   4   4   4   4   4   6    3   4.1    6   80.5   94.2   13.4     0
  136 [80, 80, 80]       17.5  1.0e-04  10000  2048    42  1.040e-04   7.934e-04   3   5   4   5   4   4   5   5    3   4.4    5  133.9   94.2   13.3     0
  137 [80, 80, 80]       17.5  2.0e-04   6000  1024     7  1.372e-04   8.086e-04   3   4   4   4   5   4   4   5    3   4.1    5   75.9   98.1   12.6     0
  138 [80, 80, 80]       17.5  2.0e-04   6000  2048    42  1.215e-04   8.122e-04   4   5   4   5   3   4   4   5    3   4.2    5   80.3   94.2   13.3     0
  139 [80, 80, 80]       15.0  2.0e-04   8000   512    42  1.428e-04   8.137e-04   4   4   4   4   3   4   4   5    3   4.0    5   99.9   98.3   12.5     0
  140 [80, 80, 80]       17.5  2.0e-04   8000   512     7  1.324e-04   8.327e-04   4   4   6   5   3   6   4   4    3   4.5    6  100.2   98.0   12.5     0
  141 [80, 80, 80]       17.5  1.0e-04  10000  2048   137  9.849e-05   8.424e-04   3   4   4   5   4   4   4   4    3   4.0    5  133.8   94.2   13.3     0
  142 [80, 80, 80]       12.5  2.0e-04  10000  1024     7  7.098e-05   8.430e-04   3   4   4   4   4   4   5   5    3   4.1    5  126.9   98.0   12.6     0
  143 [80, 80, 80]       15.0  2.0e-04  10000  1024  2024  6.480e-05   8.626e-04   4   4   5   5   3   4   4   4    3   4.1    5  126.4   98.1   12.6     0
  144 [80, 80, 80]       12.5  5.0e-05  10000  2048  2024  2.522e-04   8.762e-04   3   4   5   4   4   4   4   4    3   4.0    5  137.6   92.8   13.5     0
  145 [80, 80, 80]       15.0  2.0e-04   6000  1024    42  1.721e-04   8.791e-04   3   4   4   4   4   4   4   5    3   4.0    5   76.2   98.0   12.7     0
  146 [80, 80, 80]       17.5  1.0e-04   6000  1024     7  2.734e-04   8.792e-04   4   5   4   5   3   4   4   4    3   4.1    5   75.9   98.1   12.6     0
  147 [80, 80, 80]       17.5  5.0e-05   8000  2048    42  3.622e-04   8.858e-04   5   4   4   5   3   4   4   5    3   4.2    5  107.2   94.1   13.4     0
  148 [80, 80, 80]       17.5  1.0e-04  10000  1024     7  1.107e-04   8.997e-04   3   4   4   5   4   4   4   5    3   4.1    5  126.9   97.8   12.6     0
  149 [80, 80, 80]       15.0  2.0e-04   6000  2048   137  1.283e-04   9.049e-04   3   4   4   5   4   4   4   4    3   4.0    5   80.5   94.1   13.4     0
  150 [80, 80, 80]       17.5  5.0e-05   6000  2048   137  6.109e-04   9.078e-04   4   4   3   5   4   4   5   4    3   4.1    5   80.3   94.2   13.3     0
  151 [80, 80, 80]       12.5  2.0e-04  10000  2048     7  6.233e-05   9.200e-04   3   4   4   5   3   4   4   5    3   4.0    5  134.1   94.2   13.4     0
  152 [80, 80, 80]       15.0  5.0e-05   8000  1024    42  5.222e-04   9.226e-04   3   4   4   5   3   4   4   5    3   4.0    5  101.5   97.9   12.6     0
  153 [80, 80, 80]       15.0  2.0e-04   8000  1024     7  1.055e-04   9.352e-04   3   4   4   5   4   4   4   5    3   4.1    5  101.3   98.0   12.6     0
  154 [80, 80, 80]       15.0  5.0e-05   8000  2048  2024  3.365e-04   9.496e-04   4   5   4   6   4   3   4   4    3   4.2    6  107.3   94.1   13.4     0
  155 [80, 80, 80]       15.0  1.0e-04   8000   512   999  2.781e-04   9.583e-04   3   4   4   5   5   4   4   5    3   4.2    5   99.8   98.4   12.4     0
  156 [80, 80, 80]       15.0  1.0e-04  10000   512    42  1.917e-04   9.717e-04   3   4   4   5   3   4   4   5    3   4.0    5  125.0   98.2   12.5     0
  157 [80, 80, 80]       17.5  1.0e-04   6000  2048   137  2.333e-04   9.725e-04   3   4   5   5   4   4   5   4    3   4.2    5   80.5   94.1   13.4     0
  158 [80, 80, 80]       15.0  1.0e-04  10000   512     7  2.055e-04   9.787e-04   4   4   4   5   3   4   4   5    3   4.1    5  125.2   98.0   12.5     0
  159 [80, 80, 80]       15.0  1.0e-04   8000  1024     7  2.031e-04   9.789e-04   4   4   5   4   3   4   4   5    3   4.1    5  101.4   98.1   12.6     0
  160 [80, 80, 80]       15.0  1.0e-04   8000  2048     7  1.633e-04   9.897e-04   3   4   4   4   4   5   4   4    3   4.0    5  107.3   94.2   13.4     0
  161 [80, 80, 80]       17.5  1.0e-04  10000   512  2024  1.510e-04   9.950e-04   4   4   4   6   3   4   4   5    3   4.2    6  124.9   98.3   12.4     0
  162 [80, 80, 80]       17.5  5.0e-05  10000   512    42  4.398e-04   9.975e-04   4   5   4   4   3   4   4   6    3   4.2    6  124.9   98.2   12.5     0
  163 [80, 80, 80]       17.5  2.0e-04   6000   512   999  1.934e-04   1.020e-03   3   4   4   5   4   4   4   4    3   4.0    5   75.0   98.3   12.5     0
  164 [80, 80, 80]       17.5  1.0e-04  10000  1024    42  1.439e-04   1.033e-03   3   4   4   4   5   4   5   4    3   4.1    5  126.8   98.1   12.6     0
  165 [80, 80, 80]       17.5  5.0e-05  10000  2048   137  2.290e-04   1.041e-03   3   4   4   5   3   4   4   4    3   3.9    5  134.0   94.1   13.4     0
  166 [80, 80, 80]       15.0  1.0e-04   8000   512     7  2.905e-04   1.053e-03   3   4   4   5   3   4   4   5    3   4.0    5   99.8   98.4   12.4     0
  167 [80, 80, 80]       15.0  2.0e-04   8000   512   999  1.321e-04   1.057e-03   3   4   4   5   4   4   4   5    3   4.1    5  100.1   98.2   12.5     0
  168 [80, 80, 80]       15.0  1.0e-04  10000  1024   999  1.575e-04   1.075e-03   4   4   4   5   3   4   5   5    3   4.2    5  126.6   98.1   12.6     0
  169 [80, 80, 80]       15.0  2.0e-04   6000  1024   999  1.652e-04   1.077e-03   4   5   4   4   3   4   4   4    3   4.0    5   76.2   97.9   12.7     0
  170 [80, 80, 80]       15.0  1.0e-04   6000  2048     7  2.808e-04   1.092e-03   3   4   4   5   3   4   4   4    3   3.9    5   80.4   94.2   13.4     0
  171 [80, 80, 80]       15.0  2.0e-04  10000  2048   999  6.439e-05   1.093e-03   3   4   5   5   4   4   4   4    3   4.1    5  134.1   94.1   13.4     0
  172 [80, 80, 80]       15.0  1.0e-04   6000  1024    42  3.672e-04   1.105e-03   3   4   4   4   4   5   5   6    3   4.4    6   76.2   98.0   12.7     0
  173 [80, 80, 80]       17.5  5.0e-05  10000   512     7  3.603e-04   1.133e-03   5   4   4   4   3   4   4   4    3   4.0    5  125.1   98.2   12.5     0
  174 [80, 80, 80]       17.5  1.0e-04   8000  1024    42  2.105e-04   1.137e-03   4   5   4   5   3   4   4   4    3   4.1    5  101.5   97.9   12.6     0
  175 [80, 80, 80]       15.0  2.0e-04  10000   512   999  9.664e-05   1.144e-03   3   4   4   4   3   4   4   4    3   3.8    4  124.9   98.3   12.4     0
  176 [80, 80, 80]       15.0  5.0e-05   6000  2048     7  5.792e-04   1.168e-03   3   4   4   5   3   4   4   6    3   4.1    6   80.4   94.2   13.4     0
  177 [80, 80, 80]       17.5  2.0e-04   8000  2048   137  7.536e-05   1.172e-03   3   5   4   4   4   5   4   4    3   4.1    5  107.1   94.2   13.3     0
  178 [80, 80, 80]       17.5  1.0e-04   6000  2048    42  2.678e-04   1.175e-03   3   4   4   4   4   4   4   5    3   4.0    5   80.3   94.2   13.3     0
  179 [80, 80, 80]       15.0  1.0e-04   6000  1024     7  3.282e-04   1.178e-03   4   4   4   7   3   4   4   4    3   4.2    7   76.1   98.1   12.6     0
  180 [80, 80, 80]       12.5  5.0e-05  10000  2048   999  2.680e-04   1.193e-03   3   4   5   5   3   4   4   5    3   4.1    5  135.7   93.1   13.5     0
  181 [80, 80, 80]       15.0  1.0e-04   6000  1024   999  3.823e-04   1.199e-03   3   4   4   5   3   4   4   5    3   4.0    5   76.1   98.0   12.6     0
  182 [80, 80, 80]       15.0  5.0e-05   6000  2048   137  6.234e-04   1.204e-03   4   4   4   4   4   3   4   4    3   3.9    4   80.5   94.1   13.4     0
  183 [80, 80, 80]       15.0  1.0e-04  10000  1024  2024  1.293e-04   1.205e-03   3   4   4   4   4   4   4   4    3   3.9    4  126.6   98.1   12.6     0
  184 [80, 80, 80]       17.5  1.0e-04   8000  1024   999  1.825e-04   1.221e-03   3   4   4   4   3   4   4   4    3   3.8    4  101.2   98.1   12.6     0
  185 [80, 80, 80]       15.0  2.0e-04   6000  2048   999  1.307e-04   1.222e-03   3   4   4   5   3   4   4   5    3   4.0    5   80.4   94.3   13.4     0
  186 [80, 80, 80]       12.5  2.0e-04  10000   512   137  1.010e-04   1.226e-03   3   4   4   4   3   4   4   4    3   3.8    4  125.2   98.1   12.5     0
  187 [80, 80, 80]       17.5  1.0e-04  10000  1024  2024  1.069e-04   1.228e-03   3   4   4   4   4   4   4   4    3   3.9    4  126.9   97.9   12.6     0
  188 [80, 80, 80]       12.5  1.0e-04  10000   512  2024  1.900e-04   1.247e-03   3   4   3   4   4   4   4   5    3   3.9    5  127.4   96.3   12.7     0
  189 [80, 80, 80]       17.5  2.0e-04   8000   512    42  1.308e-04   1.253e-03   3   4   4   4   4   4   4   7    3   4.2    7  100.1   98.1   12.5     0
  190 [80, 80, 80]       17.5  5.0e-05   8000  1024     7  4.257e-04   1.288e-03   4   4   4   6   3   4   4   5    3   4.2    6  101.5   97.8   12.6     0
  191 [80, 80, 80]       15.0  1.0e-04   8000  1024    42  2.026e-04   1.297e-03   4   4   4   5   4   4   3   4    3   4.0    5  101.3   98.1   12.6     0
  192 [80, 80, 80]       15.0  5.0e-05  10000   512   999  4.860e-04   1.299e-03   3   4   4   4   3   4   4   4    3   3.8    4  124.9   98.3   12.4     0
  193 [80, 80, 80]       12.5  2.0e-04  10000  1024   999  7.425e-05   1.303e-03   3   4   4   4   3   4   4   4    3   3.8    4  126.9   97.9   12.6     0
  194 [80, 80, 80]       15.0  5.0e-05   8000  2048   999  3.749e-04   1.303e-03   4   4   4   4   3   4   4   4    3   3.9    4  107.4   94.1   13.4     0
  195 [80, 80, 80]       17.5  1.0e-04   6000  1024  2024  2.790e-04   1.312e-03   4   4   4   4   3   4   4   5    3   4.0    5   76.0   98.0   12.6     0
  196 [80, 80, 80]       17.5  5.0e-05  10000  1024    42  3.190e-04   1.314e-03   4   4   4   4   3   4   4   5    3   4.0    5  126.6   98.1   12.6     0
  197 [80, 80, 80]       17.5  2.0e-04   6000  1024   137  1.553e-04   1.331e-03   3   4   4   5   3   4   4   4    3   3.9    5   75.9   98.1   12.6     0
  198 [80, 80, 80]       17.5  1.0e-04   8000   512   137  2.697e-04   1.365e-03   3   4   4   6   4   4   4   4    3   4.1    6  100.1   98.0   12.5     0
  199 [80, 80, 80]       15.0  5.0e-05  10000  2048    42  2.263e-04   1.367e-03   3   4   4   4   3   4   4   5    3   3.9    5  133.9   94.2   13.3     0
  200 [80, 80, 80]       15.0  1.0e-04   8000   512   137  2.937e-04   1.383e-03   3   4   4   4   4   4   4   4    3   3.9    4  100.2   98.1   12.5     0
  201 [80, 80, 80]       17.5  1.0e-04   6000   512   999  4.059e-04   1.402e-03   3   4   4   4   3   4   4   4    3   3.8    4   75.0   98.2   12.5     0
  202 [80, 80, 80]       15.0  1.0e-04   8000  1024  2024  1.895e-04   1.413e-03   3   4   4   4   3   4   4   5    3   3.9    5  101.5   98.0   12.6     0
  203 [80, 80, 80]       17.5  5.0e-05   6000  2048    42  6.630e-04   1.425e-03   5   5   4   5   3   4   3   4    3   4.1    5   80.4   94.2   13.4     0
  204 [80, 80, 80]       15.0  5.0e-05  10000   512     7  4.779e-04   1.426e-03   3   4   4   5   3   4   4   5    3   4.0    5  124.8   98.3   12.4     0
  205 [80, 80, 80]       17.5  2.0e-04   6000   512     7  1.832e-04   1.436e-03   5   4   4   4   3   4   4   4    3   4.0    5   75.0   98.3   12.5     0
  206 [80, 80, 80]       17.5  1.0e-04  10000   512   999  1.641e-04   1.442e-03   3   4   4   4   3   4   4   4    3   3.8    4  124.9   98.3   12.4     0
  207 [80, 80, 80]       12.5  2.0e-04  10000  1024   137  6.545e-05   1.452e-03   3   4   4   4   4   5   4   4    3   4.0    5  126.7   98.2   12.6     0
  208 [80, 80, 80]       15.0  5.0e-05  10000  1024   999  3.279e-04   1.463e-03   4   4   4   4   3   4   4   4    3   3.9    4  126.6   98.1   12.6     0
  209 [80, 80, 80]       12.5  1.0e-04  10000   512    42  2.106e-04   1.470e-03   3   4   4   5   3   4   5   5    3   4.1    5  128.1   95.6   12.8     0
  210 [80, 80, 80]       17.5  2.0e-04   8000  1024  2024  9.219e-05   1.476e-03   4   4   4   4   3   4   4   4    3   3.9    4  101.3   98.1   12.6     0
  211 [80, 80, 80]       17.5  2.0e-04  10000  2048    42  5.536e-05   1.477e-03   3   4   4   4   4   4   4   4    3   3.9    4  133.8   94.3   13.3     0
  212 [80, 80, 80]       17.5  1.0e-04   8000   512  2024  2.324e-04   1.483e-03   4   4   3   4   4   4   4   4    3   3.9    4  100.0   98.2   12.5     0
  213 [80, 80, 80]       17.5  1.0e-04   6000   512     7  4.076e-04   1.485e-03   3   4   4   4   3   4   4   5    3   3.9    5   75.0   98.2   12.5     0
  214 [80, 80, 80]       15.0  5.0e-05  10000   512    42  4.419e-04   1.503e-03   4   4   4   5   3   3   4   5    3   4.0    5  124.9   98.2   12.5     0
  215 [80, 80, 80]       15.0  1.0e-04  10000  1024    42  1.395e-04   1.512e-03   3   4   4   4   3   4   4   4    3   3.8    4  127.0   97.7   12.7     0
  216 [80, 80, 80]       15.0  2.0e-04   6000  1024   137  1.674e-04   1.514e-03   3   4   4   4   4   4   4   4    3   3.9    4   76.1   98.0   12.6     0
  217 [80, 80, 80]       15.0  2.0e-04   6000  2048    42  1.300e-04   1.541e-03   3   4   4   4   3   4   4   5    3   3.9    5   80.4   94.2   13.4     0
  218 [80, 80, 80]       17.5  1.0e-04   8000  1024   137  1.918e-04   1.548e-03   3   4   4   4   3   4   4   4    3   3.8    4  101.4   97.9   12.6     0
  219 [80, 80, 80]       17.5  1.0e-04   6000  1024    42  3.683e-04   1.549e-03   3   4   3   4   4   4   4   4    3   3.8    4   76.1   97.9   12.6     0
  220 [80, 80, 80]       15.0  2.0e-04   6000   512   137  2.121e-04   1.550e-03   3   4   4   4   3   4   5   4    3   3.9    5   75.0   98.3   12.5     0
  221 [80, 80, 80]       15.0  5.0e-05   6000  2048    42  6.352e-04   1.555e-03   4   4   4   5   3   4   4   5    3   4.1    5   80.5   94.1   13.4     0
  222 [80, 80, 80]       15.0  1.0e-04   8000   512  2024  2.569e-04   1.573e-03   4   4   3   4   4   4   4   5    3   4.0    5  100.2   98.1   12.5     0
  223 [80, 80, 80]       15.0  1.0e-04   6000   512  2024  4.349e-04   1.573e-03   4   5   4   4   3   3   4   5    3   4.0    5   74.9   98.4   12.4     0
  224 [80, 80, 80]       15.0  2.0e-04  10000  1024     7  7.519e-05   1.577e-03   3   4   4   4   3   4   4   5    3   3.9    5  126.6   98.0   12.6     0
  225 [80, 80, 80]       17.5  2.0e-04   6000  1024  2024  1.449e-04   1.589e-03   3   4   4   5   3   4   4   5    3   4.0    5   75.9   98.1   12.6     0
  226 [80, 80, 80]       15.0  1.0e-04   8000  1024   999  2.278e-04   1.594e-03   3   4   4   4   3   4   4   4    3   3.8    4  101.4   98.1   12.6     0
  227 [80, 80, 80]       17.5  2.0e-04  10000  2048  2024  5.175e-05   1.610e-03   3   4   4   4   3   4   4   4    3   3.8    4  133.7   94.3   13.3     0
  228 [80, 80, 80]       17.5  1.0e-04   6000   512  2024  3.843e-04   1.626e-03   3   4   4   5   3   4   4   4    3   3.9    5   75.1   98.1   12.5     0
  229 [80, 80, 80]       15.0  1.0e-04   6000  2048   999  2.760e-04   1.634e-03   3   4   4   4   3   4   4   4    3   3.8    4   80.4   94.2   13.4     0
  230 [80, 80, 80]       17.5  5.0e-05   6000  2048     7  5.977e-04   1.641e-03   4   4   5   5   3   4   3   4    3   4.0    5   80.4   94.2   13.4     0
  231 [80, 80, 80]       17.5  2.0e-04   8000  1024     7  8.707e-05   1.643e-03   3   4   4   4   3   4   4   4    3   3.8    4  101.3   97.9   12.6     0
  232 [80, 80, 80]       15.0  5.0e-05   8000  2048     7  3.298e-04   1.649e-03   3   4   4   4   3   4   4   4    3   3.8    4  107.3   94.2   13.4     0
  233 [80, 80, 80]       17.5  5.0e-05  10000  2048    42  2.332e-04   1.682e-03   3   4   4   4   3   4   4   4    3   3.8    4  134.0   94.1   13.4     0
  234 [80, 80, 80]       17.5  5.0e-05   8000  1024    42  5.118e-04   1.689e-03   3   4   4   4   3   4   4   5    3   3.9    5  101.3   98.0   12.6     0
  235 [80, 80, 80]       15.0  1.0e-04   6000  1024  2024  3.360e-04   1.703e-03   4   4   4   4   3   4   5   4    3   4.0    5   76.1   98.1   12.6     0
  236 [80, 80, 80]       17.5  1.0e-04   8000   512    42  2.621e-04   1.708e-03   3   4   3   4   4   4   4   4    3   3.8    4  100.1   98.1   12.5     0
  237 [80, 80, 80]       15.0  1.0e-04   6000   512   137  5.045e-04   1.711e-03   3   4   4   5   4   4   4   4    3   4.0    5   75.0   98.2   12.5     0
  238 [80, 80, 80]       17.5  1.0e-04   6000   512    42  4.451e-04   1.714e-03   4   4   4   4   3   4   4   4    3   3.9    4   75.0   98.2   12.5     0
  239 [80, 80, 80]       15.0  1.0e-04   6000   512   999  4.677e-04   1.719e-03   4   4   4   4   3   4   4   4    3   3.9    4   75.0   98.3   12.5     0
  240 [80, 80, 80]       17.5  5.0e-05   6000   512     7  9.183e-04   1.736e-03   4   4   4   5   3   4   4   4    3   4.0    5   75.1   98.1   12.5     0
  241 [80, 80, 80]       17.5  5.0e-05   8000  1024   137  4.667e-04   1.747e-03   4   4   4   5   3   3   4   4    3   3.9    5  101.3   98.0   12.6     0
  242 [80, 80, 80]       17.5  5.0e-05  10000   512  2024  3.624e-04   1.764e-03   4   4   4   4   3   3   4   5    3   3.9    5  125.0   98.2   12.5     0
  243 [80, 80, 80]       17.5  2.0e-04   8000  1024    42  1.011e-04   1.772e-03   3   4   4   4   3   4   4   4    3   3.8    4  101.5   97.9   12.6     0
  244 [80, 80, 80]       15.0  2.0e-04  10000   512  2024  7.965e-05   1.772e-03   4   4   4   4   3   4   4   4    3   3.9    4  125.2   98.0   12.5     0
  245 [80, 80, 80]       15.0  5.0e-05   8000  1024   999  5.038e-04   1.789e-03   3   4   4   4   3   3   6   4    3   3.9    6  101.4   98.1   12.6     0
  246 [80, 80, 80]       17.5  2.0e-04   6000  1024    42  1.638e-04   1.830e-03   3   4   4   4   3   4   4   4    3   3.8    4   75.9   98.1   12.6     0
  247 [80, 80, 80]       15.0  5.0e-05   8000  1024   137  5.203e-04   1.845e-03   3   4   4   5   3   4   4   4    3   3.9    5  101.5   98.0   12.6     0
  248 [80, 80, 80]       17.5  5.0e-05   8000  2048     7  3.426e-04   1.870e-03   4   4   4   4   3   4   4   4    3   3.9    4  107.1   94.2   13.3     0
  249 [80, 80, 80]       15.0  5.0e-05   8000  1024     7  4.427e-04   1.879e-03   4   3   4   4   3   4   3   5    3   3.8    5  101.3   98.1   12.6     0
  250 [80, 80, 80]       17.5  1.0e-04   8000   512   999  2.420e-04   1.891e-03   4   3   3   4   4   4   4   5    3   3.9    5  100.2   97.9   12.5     0
  251 [80, 80, 80]       12.5  1.0e-04  10000   512   999  2.151e-04   1.898e-03   3   4   3   4   3   4   4   4    3   3.6    4  127.3   96.4   12.7     0
  252 [80, 80, 80]       15.0  5.0e-05   6000  2048  2024  5.739e-04   1.900e-03   4   4   4   6   3   3   4   4    3   4.0    6   80.5   94.1   13.4     0
  253 [80, 80, 80]       17.5  5.0e-05   8000  1024   999  4.635e-04   1.942e-03   3   4   4   4   3   4   4   4    3   3.8    4  101.3   98.0   12.6     0
  254 [80, 80, 80]       17.5  5.0e-05   8000   512  2024  5.600e-04   1.947e-03   4   4   4   4   3   3   3   5    3   3.8    5  100.0   98.2   12.5     0
  255 [80, 80, 80]       15.0  1.0e-04   6000   512    42  4.793e-04   1.966e-03   4   4   4   4   3   4   4   4    3   3.9    4   75.1   98.1   12.5     0
  256 [80, 80, 80]       17.5  5.0e-05  10000   512   137  3.833e-04   1.984e-03   3   4   4   4   3   4   4   4    3   3.8    4  125.0   98.3   12.5     0
  257 [80, 80, 80]       17.5  2.0e-04   6000   512    42  2.058e-04   1.986e-03   3   4   6   4   3   4   4   5    3   4.1    6   75.0   98.1   12.5     0
  258 [80, 80, 80]       17.5  5.0e-05   6000  1024    42  8.833e-04   1.988e-03   4   4   4   5   3   3   3   5    3   3.9    5   76.1   97.9   12.6     0
  259 [80, 80, 80]       17.5  1.0e-04   6000   512   137  4.453e-04   2.019e-03   3   4   4   5   3   3   4   4    3   3.8    5   74.9   98.3   12.4     0
  260 [80, 80, 80]       17.5  5.0e-05  10000   512   999  3.767e-04   2.065e-03   3   4   4   4   3   4   3   4    3   3.6    4  125.1   98.1   12.5     0
  261 [80, 80, 80]       15.0  1.0e-04  10000   512   999  1.925e-04   2.068e-03   3   4   4   4   3   4   4   4    3   3.8    4  125.3   98.0   12.5     0
  262 [80, 80, 80]       17.5  5.0e-05   6000  1024   137  7.679e-04   2.127e-03   5   4   5   4   3   3   4   4    3   4.0    5   75.9   98.1   12.6     0
  263 [80, 80, 80]       17.5  2.0e-04   8000   512   999  1.246e-04   2.145e-03   3   4   4   4   3   3   4   4    3   3.6    4  100.1   98.1   12.5     0
  264 [80, 80, 80]       15.0  5.0e-05  10000   512  2024  4.229e-04   2.229e-03   3   4   4   4   3   3   3   5    3   3.6    5  125.0   98.3   12.5     0
  265 [80, 80, 80]       17.5  5.0e-05   8000   512    42  6.564e-04   2.235e-03   3   4   3   4   3   3   4   5    3   3.6    5  100.0   98.2   12.5     0
  266 [80, 80, 80]       17.5  5.0e-05   6000  1024     7  7.664e-04   2.237e-03   5   4   4   5   3   4   3   4    3   4.0    5   75.9   98.1   12.6     0
  267 [80, 80, 80]       17.5  1.0e-04   8000  2048    42  1.545e-04   2.312e-03   3   4   4   4   3   4   4   4    3   3.8    4  107.0   94.3   13.3     0
  268 [80, 80, 80]       15.0  5.0e-05   8000   512   137  7.592e-04   2.362e-03   3   4   5   4   3   3   3   4    3   3.6    5   99.9   98.3   12.4     0
  269 [80, 80, 80]       15.0  5.0e-05   6000  1024     7  7.584e-04   2.410e-03   4   3   4   4   3   4   3   5    3   3.8    5   76.1   98.1   12.6     0
  270 [80, 80, 80]       17.5  5.0e-05   6000  1024   999  8.122e-04   2.415e-03   3   4   4   4   3   3   4   4    3   3.6    4   75.9   98.1   12.6     0
  271 [80, 80, 80]       15.0  5.0e-05   6000  1024    42  9.368e-04   2.457e-03   3   4   3   4   3   3   4   5    3   3.6    5   76.0   98.2   12.6     0
  272 [80, 80, 80]       15.0  2.0e-04  10000  1024   999  7.754e-05   2.483e-03   3   4   3   4   3   4   4   4    3   3.6    4  126.6   98.0   12.6     0
  273 [80, 80, 80]       15.0  2.0e-04   6000   512    42  2.276e-04   2.495e-03   3   4   4   4   3   4   4   4    3   3.8    4   74.9   98.4   12.4     0
  274 [80, 80, 80]       15.0  5.0e-05   8000   512   999  6.630e-04   2.520e-03   3   4   3   4   3   3   4   4    3   3.5    4  100.0   98.3   12.5     0
  275 [80, 80, 80]       15.0  5.0e-05  10000   512   137  4.822e-04   2.541e-03   3   4   3   4   3   4   4   4    3   3.6    4  124.9   98.3   12.5     0
  276 [80, 80, 80]       15.0  5.0e-05   6000  1024   137  8.919e-04   2.552e-03   3   4   4   5   3   3   3   4    3   3.6    5   76.1   98.1   12.6     0
  277 [80, 80, 80]       17.5  5.0e-05   8000   512   137  5.678e-04   2.554e-03   4   4   3   4   4   3   4   4    3   3.8    4  100.0   98.2   12.5     0
  278 [80, 80, 80]       15.0  2.0e-04  10000  1024    42  7.471e-05   2.557e-03   3   4   3   4   3   4   4   4    3   3.6    4  126.7   98.1   12.6     0
  279 [80, 80, 80]       17.5  5.0e-05   8000   512   999  5.740e-04   2.562e-03   3   4   4   4   3   4   4   4    3   3.8    4  100.0   98.3   12.5     0
  280 [80, 80, 80]       15.0  2.0e-04   8000  1024    42  1.080e-04   2.569e-03   3   4   3   4   3   4   3   4    3   3.5    4  101.5   97.9   12.6     0
  281 [80, 80, 80]       17.5  5.0e-05   8000   512     7  5.555e-04   2.601e-03   4   4   4   4   3   4   4   4    3   3.9    4   99.9   98.3   12.4     0
  282 [80, 80, 80]       15.0  5.0e-05   6000  1024  2024  7.879e-04   2.642e-03   4   4   4   4   3   3   4   4    3   3.8    4   76.0   98.2   12.6     0
  283 [80, 80, 80]       15.0  2.0e-04   6000   512  2024  1.899e-04   2.714e-03   3   4   3   4   3   3   4   5    3   3.6    5   75.0   98.3   12.5     0
  284 [80, 80, 80]       15.0  5.0e-05   6000   512     7  1.181e-03   2.716e-03   3   3   4   4   3   3   3   5    3   3.5    5   74.9   98.4   12.4     0
  285 [80, 80, 80]       15.0  5.0e-05   8000   512  2024  6.375e-04   2.764e-03   3   4   4   4   3   3   3   4    3   3.5    4  100.0   98.3   12.5     0
  286 [80, 80, 80]       15.0  5.0e-05   8000   512    42  6.694e-04   2.787e-03   3   4   3   4   3   4   3   4    3   3.5    4  100.0   98.2   12.5     0
  287 [80, 80, 80]       15.0  1.0e-04   6000   512     7  4.868e-04   2.792e-03   3   4   3   4   3   4   3   4    3   3.5    4   75.0   98.2   12.5     0
  288 [80, 80, 80]       17.5  5.0e-05   6000   512  2024  9.700e-04   2.866e-03   3   4   4   4   3   4   3   4    3   3.6    4   74.9   98.3   12.4     0
  289 [80, 80, 80]       12.5  2.0e-04  10000  1024    42  8.516e-05   2.904e-03   3   4   3   4   3   4   4   4    3   3.6    4  126.7   98.1   12.6     0
  290 [80, 80, 80]       15.0  1.0e-04   8000   512    42  2.776e-04   3.102e-03   3   4   3   4   3   4   4   4    3   3.6    4  100.3   98.1   12.5     0
  291 [80, 80, 80]       17.5  5.0e-05   6000   512   999  9.777e-04   3.179e-03   3   5   3   5   3   3   3   4    3   3.6    5   75.0   98.2   12.5     0
  292 [80, 80, 80]       17.5  5.0e-05   6000   512   137  9.780e-04   3.263e-03   3   4   4   5   3   3   4   4    3   3.8    5   75.1   98.0   12.5     0
  293 [80, 80, 80]       15.0  5.0e-05   6000  2048   999  6.705e-04   3.295e-03   3   4   3   4   3   3   4   4    3   3.5    4   80.5   94.2   13.4     0
  294 [80, 80, 80]       17.5  5.0e-05   6000  1024  2024  6.754e-04   3.301e-03   4   4   3   4   3   3   3   4    3   3.5    4   76.0   98.0   12.6     0
  295 [80, 80, 80]       15.0  5.0e-05   8000   512     7  7.175e-04   3.302e-03   3   3   3   4   3   3   3   4    3   3.2    4  100.0   98.2   12.5     0
  296 [80, 80, 80]       15.0  5.0e-05   6000   512  2024  1.021e-03   3.353e-03   3   4   4   5   3   3   3   4    3   3.6    5   74.9   98.4   12.4     0
  297 [80, 80, 80]       17.5  2.0e-04   6000   512  2024  1.749e-04   3.414e-03   3   3   3   4   3   3   4   4    3   3.4    4   75.0   98.2   12.5     0
  298 [80, 80, 80]       15.0  5.0e-05   6000   512   999  1.216e-03   3.530e-03   3   4   3   4   3   3   5   5    3   3.8    5   75.0   98.3   12.5     0
  299 [80, 80, 80]       17.5  2.0e-04  10000  1024    42  7.311e-05   3.588e-03   3   4   3   4   3   3   4   4    3   3.5    4  126.7   98.0   12.6     0
  300 [80, 80, 80]       15.0  5.0e-05   6000   512   137  1.295e-03   3.681e-03   3   4   4   5   3   3   3   4    3   3.6    5   74.9   98.4   12.4     0
  301 [80, 80, 80]       17.5  5.0e-05   6000   512    42  1.128e-03   4.009e-03   3   3   4   5   3   3   3   5    3   3.6    5   75.0   98.1   12.5     0
  302 [80, 80, 80]       15.0  5.0e-05   6000   512    42  1.140e-03   4.962e-03   3   3   4   4   3   3   3   4    3   3.4    4   75.1   98.2   12.5     0
  303 [80, 80, 80]       15.0  5.0e-05   6000  1024   999  9.015e-04   5.044e-03   3   4   3   4   3   3   3   4    3   3.4    4   76.0   98.1   12.6     0
============================================================================================================================================

  BEST CONFIG (GPU 3):
    hidden_sizes = [80, 80, 80]
    omega_0      = 17.5
    lr           = 0.0002
    n_epochs     = 8000
    n_per_param  = 2048
    seed         = 2024
    -> min 4 digits, mean 4.9 digits, max 6 digits, mean rel. err 2.148e-04
    -> 94.1 ep/s, step 13.4ms, gpu 0%, wall 107.2s

============================================================================================================================================
  PER-CONFIG SUMMARY (seed-averaged) — GPU 3
============================================================================================================================================
  hidden=[80, 80, 80] omega0=12.5 lr=0.0001 epochs=10000 npp=2048
      min_dig=4  mean_dig=4.5  max_dig=7  mean_relerr=5.246e-04  n_seeds=5
      ep/s=93.9  step=13.4ms  gpu=0%
  hidden=[80, 80, 80] omega0=15.0 lr=0.0002 epochs=8000 npp=2048
      min_dig=4  mean_dig=4.5  max_dig=7  mean_relerr=5.474e-04  n_seeds=5
      ep/s=94.2  step=13.4ms  gpu=0%
  hidden=[80, 80, 80] omega0=15.0 lr=0.0001 epochs=10000 npp=2048
      min_dig=3  mean_dig=4.4  max_dig=7  mean_relerr=5.475e-04  n_seeds=5
      ep/s=94.2  step=13.4ms  gpu=0%
  hidden=[80, 80, 80] omega0=15.0 lr=0.0001 epochs=8000 npp=2048
      min_dig=3  mean_dig=4.5  max_dig=7  mean_relerr=5.604e-04  n_seeds=5
      ep/s=94.2  step=13.4ms  gpu=0%
  hidden=[80, 80, 80] omega0=17.5 lr=0.0002 epochs=8000 npp=2048
      min_dig=3  mean_dig=4.4  max_dig=6  mean_relerr=5.955e-04  n_seeds=5
      ep/s=94.2  step=13.3ms  gpu=0%
  hidden=[80, 80, 80] omega0=17.5 lr=0.0001 epochs=10000 npp=2048
      min_dig=3  mean_dig=4.3  max_dig=5  mean_relerr=6.275e-04  n_seeds=5
      ep/s=94.2  step=13.3ms  gpu=0%
  hidden=[80, 80, 80] omega0=17.5 lr=0.0002 epochs=6000 npp=2048
      min_dig=3  mean_dig=4.3  max_dig=5  mean_relerr=6.536e-04  n_seeds=5
      ep/s=94.2  step=13.4ms  gpu=0%
  hidden=[80, 80, 80] omega0=15.0 lr=5e-05 epochs=10000 npp=2048
      min_dig=3  mean_dig=4.3  max_dig=6  mean_relerr=7.019e-04  n_seeds=5
      ep/s=94.2  step=13.3ms  gpu=0%
  hidden=[80, 80, 80] omega0=12.5 lr=0.0001 epochs=10000 npp=1024
      min_dig=3  mean_dig=4.3  max_dig=5  mean_relerr=7.043e-04  n_seeds=5
      ep/s=95.8  step=12.9ms  gpu=0%
  hidden=[80, 80, 80] omega0=15.0 lr=0.0002 epochs=10000 npp=2048
      min_dig=3  mean_dig=4.2  max_dig=5  mean_relerr=7.541e-04  n_seeds=5
      ep/s=94.1  step=13.4ms  gpu=0%
  hidden=[80, 80, 80] omega0=12.5 lr=0.0002 epochs=10000 npp=512
      min_dig=3  mean_dig=4.2  max_dig=6  mean_relerr=7.691e-04  n_seeds=5
      ep/s=98.3  step=12.5ms  gpu=0%
  hidden=[80, 80, 80] omega0=12.5 lr=0.0002 epochs=10000 npp=2048
      min_dig=3  mean_dig=4.2  max_dig=5  mean_relerr=7.791e-04  n_seeds=5
      ep/s=94.2  step=13.4ms  gpu=0%
  hidden=[80, 80, 80] omega0=17.5 lr=0.0001 epochs=6000 npp=2048
      min_dig=3  mean_dig=4.2  max_dig=5  mean_relerr=8.253e-04  n_seeds=5
      ep/s=94.2  step=13.4ms  gpu=0%
  hidden=[80, 80, 80] omega0=17.5 lr=0.0001 epochs=10000 npp=1024
      min_dig=3  mean_dig=4.2  max_dig=7  mean_relerr=8.266e-04  n_seeds=5
      ep/s=98.0  step=12.6ms  gpu=0%
  hidden=[80, 80, 80] omega0=17.5 lr=5e-05 epochs=10000 npp=1024
      min_dig=3  mean_dig=4.2  max_dig=5  mean_relerr=8.382e-04  n_seeds=5
      ep/s=98.1  step=12.6ms  gpu=0%
  hidden=[80, 80, 80] omega0=17.5 lr=0.0002 epochs=10000 npp=512
      min_dig=3  mean_dig=4.2  max_dig=5  mean_relerr=8.576e-04  n_seeds=5
      ep/s=98.2  step=12.5ms  gpu=0%
  hidden=[80, 80, 80] omega0=15.0 lr=0.0002 epochs=8000 npp=512
      min_dig=3  mean_dig=4.2  max_dig=5  mean_relerr=8.653e-04  n_seeds=5
      ep/s=98.2  step=12.5ms  gpu=0%
  hidden=[80, 80, 80] omega0=12.5 lr=5e-05 epochs=10000 npp=2048
      min_dig=3  mean_dig=4.2  max_dig=5  mean_relerr=8.919e-04  n_seeds=3
      ep/s=93.0  step=13.5ms  gpu=0%
  hidden=[80, 80, 80] omega0=17.5 lr=0.0001 epochs=10000 npp=512
      min_dig=3  mean_dig=4.1  max_dig=6  mean_relerr=9.267e-04  n_seeds=5
      ep/s=98.3  step=12.4ms  gpu=0%
  hidden=[80, 80, 80] omega0=17.5 lr=0.0001 epochs=8000 npp=2048
      min_dig=3  mean_dig=4.3  max_dig=6  mean_relerr=9.398e-04  n_seeds=5
      ep/s=94.2  step=13.3ms  gpu=0%
  hidden=[80, 80, 80] omega0=17.5 lr=5e-05 epochs=10000 npp=2048
      min_dig=3  mean_dig=4.2  max_dig=6  mean_relerr=9.455e-04  n_seeds=5
      ep/s=94.1  step=13.4ms  gpu=0%
  hidden=[80, 80, 80] omega0=15.0 lr=0.0001 epochs=10000 npp=1024
      min_dig=3  mean_dig=4.2  max_dig=6  mean_relerr=9.631e-04  n_seeds=5
      ep/s=98.0  step=12.6ms  gpu=0%
  hidden=[80, 80, 80] omega0=15.0 lr=5e-05 epochs=10000 npp=1024
      min_dig=3  mean_dig=4.2  max_dig=6  mean_relerr=9.702e-04  n_seeds=5
      ep/s=98.0  step=12.6ms  gpu=0%
  hidden=[80, 80, 80] omega0=15.0 lr=0.0002 epochs=6000 npp=2048
      min_dig=3  mean_dig=4.1  max_dig=5  mean_relerr=9.977e-04  n_seeds=5
      ep/s=94.2  step=13.4ms  gpu=0%
  hidden=[80, 80, 80] omega0=15.0 lr=0.0002 epochs=10000 npp=512
      min_dig=3  mean_dig=4.1  max_dig=5  mean_relerr=9.991e-04  n_seeds=5
      ep/s=98.1  step=12.5ms  gpu=0%
  hidden=[80, 80, 80] omega0=17.5 lr=0.0001 epochs=6000 npp=1024
      min_dig=3  mean_dig=4.2  max_dig=7  mean_relerr=1.015e-03  n_seeds=5
      ep/s=98.0  step=12.6ms  gpu=0%
  hidden=[80, 80, 80] omega0=17.5 lr=0.0001 epochs=8000 npp=1024
      min_dig=3  mean_dig=4.1  max_dig=6  mean_relerr=1.035e-03  n_seeds=5
      ep/s=98.0  step=12.6ms  gpu=0%
  hidden=[80, 80, 80] omega0=15.0 lr=0.0002 epochs=6000 npp=1024
      min_dig=3  mean_dig=4.1  max_dig=6  mean_relerr=1.041e-03  n_seeds=5
      ep/s=97.9  step=12.7ms  gpu=0%
  hidden=[80, 80, 80] omega0=17.5 lr=0.0002 epochs=10000 npp=2048
      min_dig=3  mean_dig=4.1  max_dig=5  mean_relerr=1.057e-03  n_seeds=5
      ep/s=94.3  step=13.3ms  gpu=0%
  hidden=[80, 80, 80] omega0=17.5 lr=5e-05 epochs=8000 npp=2048
      min_dig=3  mean_dig=4.2  max_dig=6  mean_relerr=1.068e-03  n_seeds=5
      ep/s=94.2  step=13.3ms  gpu=0%
  hidden=[80, 80, 80] omega0=15.0 lr=5e-05 epochs=8000 npp=2048
      min_dig=3  mean_dig=4.2  max_dig=6  mean_relerr=1.084e-03  n_seeds=5
      ep/s=94.2  step=13.4ms  gpu=0%
  hidden=[80, 80, 80] omega0=15.0 lr=0.0001 epochs=6000 npp=2048
      min_dig=3  mean_dig=4.0  max_dig=6  mean_relerr=1.088e-03  n_seeds=5
      ep/s=94.2  step=13.4ms  gpu=0%
  hidden=[80, 80, 80] omega0=17.5 lr=0.0002 epochs=8000 npp=512
      min_dig=3  mean_dig=4.2  max_dig=7  mean_relerr=1.129e-03  n_seeds=5
      ep/s=98.1  step=12.5ms  gpu=0%
  hidden=[80, 80, 80] omega0=15.0 lr=0.0001 epochs=6000 npp=1024
      min_dig=3  mean_dig=4.2  max_dig=7  mean_relerr=1.157e-03  n_seeds=5
      ep/s=98.0  step=12.6ms  gpu=0%
  hidden=[80, 80, 80] omega0=15.0 lr=0.0002 epochs=8000 npp=1024
      min_dig=3  mean_dig=4.1  max_dig=5  mean_relerr=1.178e-03  n_seeds=5
      ep/s=97.9  step=12.6ms  gpu=0%
  hidden=[80, 80, 80] omega0=15.0 lr=0.0001 epochs=10000 npp=512
      min_dig=3  mean_dig=4.0  max_dig=5  mean_relerr=1.213e-03  n_seeds=5
      ep/s=98.1  step=12.5ms  gpu=0%
  hidden=[80, 80, 80] omega0=17.5 lr=5e-05 epochs=6000 npp=2048
      min_dig=3  mean_dig=4.1  max_dig=5  mean_relerr=1.221e-03  n_seeds=5
      ep/s=94.2  step=13.4ms  gpu=0%
  hidden=[80, 80, 80] omega0=12.5 lr=0.0001 epochs=10000 npp=512
      min_dig=3  mean_dig=4.0  max_dig=5  mean_relerr=1.232e-03  n_seeds=5
      ep/s=95.8  step=12.8ms  gpu=0%
  hidden=[80, 80, 80] omega0=15.0 lr=0.0001 epochs=8000 npp=1024
      min_dig=3  mean_dig=4.0  max_dig=5  mean_relerr=1.234e-03  n_seeds=5
      ep/s=98.1  step=12.6ms  gpu=0%
  hidden=[80, 80, 80] omega0=17.5 lr=0.0002 epochs=8000 npp=1024
      min_dig=3  mean_dig=4.0  max_dig=6  mean_relerr=1.244e-03  n_seeds=5
      ep/s=98.0  step=12.6ms  gpu=0%
  hidden=[80, 80, 80] omega0=17.5 lr=0.0002 epochs=6000 npp=1024
      min_dig=3  mean_dig=4.0  max_dig=5  mean_relerr=1.290e-03  n_seeds=5
      ep/s=98.1  step=12.6ms  gpu=0%
  hidden=[80, 80, 80] omega0=12.5 lr=0.0002 epochs=10000 npp=1024
      min_dig=3  mean_dig=4.0  max_dig=5  mean_relerr=1.412e-03  n_seeds=5
      ep/s=98.1  step=12.6ms  gpu=0%
  hidden=[80, 80, 80] omega0=17.5 lr=0.0002 epochs=10000 npp=1024
      min_dig=3  mean_dig=4.1  max_dig=5  mean_relerr=1.424e-03  n_seeds=5
      ep/s=98.1  step=12.6ms  gpu=0%
  hidden=[80, 80, 80] omega0=17.5 lr=0.0001 epochs=8000 npp=512
      min_dig=3  mean_dig=4.0  max_dig=6  mean_relerr=1.439e-03  n_seeds=5
      ep/s=98.1  step=12.5ms  gpu=0%
  hidden=[80, 80, 80] omega0=15.0 lr=5e-05 epochs=8000 npp=1024
      min_dig=3  mean_dig=4.0  max_dig=6  mean_relerr=1.440e-03  n_seeds=5
      ep/s=98.0  step=12.6ms  gpu=0%
  hidden=[80, 80, 80] omega0=17.5 lr=5e-05 epochs=8000 npp=1024
      min_dig=3  mean_dig=4.0  max_dig=6  mean_relerr=1.458e-03  n_seeds=5
      ep/s=98.0  step=12.6ms  gpu=0%
  hidden=[80, 80, 80] omega0=15.0 lr=0.0002 epochs=6000 npp=512
      min_dig=3  mean_dig=4.1  max_dig=6  mean_relerr=1.573e-03  n_seeds=5
      ep/s=98.3  step=12.5ms  gpu=0%
  hidden=[80, 80, 80] omega0=17.5 lr=5e-05 epochs=10000 npp=512
      min_dig=3  mean_dig=3.9  max_dig=6  mean_relerr=1.589e-03  n_seeds=5
      ep/s=98.2  step=12.5ms  gpu=0%
  hidden=[80, 80, 80] omega0=15.0 lr=0.0001 epochs=8000 npp=512
      min_dig=3  mean_dig=4.0  max_dig=5  mean_relerr=1.614e-03  n_seeds=5
      ep/s=98.2  step=12.5ms  gpu=0%
  hidden=[80, 80, 80] omega0=15.0 lr=0.0002 epochs=10000 npp=1024
      min_dig=3  mean_dig=3.9  max_dig=5  mean_relerr=1.638e-03  n_seeds=5
      ep/s=98.1  step=12.6ms  gpu=0%
  hidden=[80, 80, 80] omega0=17.5 lr=0.0001 epochs=6000 npp=512
      min_dig=3  mean_dig=3.8  max_dig=5  mean_relerr=1.649e-03  n_seeds=5
      ep/s=98.2  step=12.5ms  gpu=0%
  hidden=[80, 80, 80] omega0=17.5 lr=0.0002 epochs=6000 npp=512
      min_dig=3  mean_dig=3.9  max_dig=6  mean_relerr=1.768e-03  n_seeds=5
      ep/s=98.2  step=12.5ms  gpu=0%
  hidden=[80, 80, 80] omega0=15.0 lr=5e-05 epochs=10000 npp=512
      min_dig=3  mean_dig=3.8  max_dig=5  mean_relerr=1.800e-03  n_seeds=5
      ep/s=98.3  step=12.5ms  gpu=0%
  hidden=[80, 80, 80] omega0=15.0 lr=5e-05 epochs=6000 npp=2048
      min_dig=3  mean_dig=3.9  max_dig=6  mean_relerr=1.824e-03  n_seeds=5
      ep/s=94.2  step=13.4ms  gpu=0%
  hidden=[80, 80, 80] omega0=15.0 lr=0.0001 epochs=6000 npp=512
      min_dig=3  mean_dig=3.9  max_dig=5  mean_relerr=1.952e-03  n_seeds=5
      ep/s=98.3  step=12.5ms  gpu=0%
  hidden=[80, 80, 80] omega0=17.5 lr=5e-05 epochs=8000 npp=512
      min_dig=3  mean_dig=3.8  max_dig=5  mean_relerr=2.380e-03  n_seeds=5
      ep/s=98.2  step=12.5ms  gpu=0%
  hidden=[80, 80, 80] omega0=17.5 lr=5e-05 epochs=6000 npp=1024
      min_dig=3  mean_dig=3.8  max_dig=5  mean_relerr=2.414e-03  n_seeds=5
      ep/s=98.0  step=12.6ms  gpu=0%
  hidden=[80, 80, 80] omega0=15.0 lr=5e-05 epochs=8000 npp=512
      min_dig=3  mean_dig=3.5  max_dig=5  mean_relerr=2.747e-03  n_seeds=5
      ep/s=98.3  step=12.5ms  gpu=0%
  hidden=[80, 80, 80] omega0=17.5 lr=5e-05 epochs=6000 npp=512
      min_dig=3  mean_dig=3.7  max_dig=5  mean_relerr=3.011e-03  n_seeds=5
      ep/s=98.2  step=12.5ms  gpu=0%
  hidden=[80, 80, 80] omega0=15.0 lr=5e-05 epochs=6000 npp=1024
      min_dig=3  mean_dig=3.6  max_dig=5  mean_relerr=3.021e-03  n_seeds=5
      ep/s=98.1  step=12.6ms  gpu=0%
  hidden=[80, 80, 80] omega0=15.0 lr=5e-05 epochs=6000 npp=512
      min_dig=3  mean_dig=3.6  max_dig=5  mean_relerr=3.648e-03  n_seeds=5
      ep/s=98.3  step=12.5ms  gpu=0%
============================================================================================================================================
  Results saved -> /lustre/projects/g/gshipunv/project-skuld/research/results/grid/18-sechiren-sweep-m3/ampere/results_gpu3.csv

