SKULD is using device: cuda

════════════════════════════════════════════════════════════════════════
  BETHE–SALPETER SIREN m3  —  81 configs × 7 epoch budgets [2000, 3000, 5000, 7000, 10000, 12000, 15000] = 567 runs, device=cuda:0
════════════════════════════════════════════════════════════════════════

Computing scipy reference integrals (shared across all configs)...
Done.

  Results CSV (online): /zfs/store1.hydra.local/user/g/gshipunv/integral/project-skuld/research/experiments/grid/7-siren-wire-kan-sweep-m3/../../results/grid/7-siren-wire-kan-sweep-m3/sweep_results_m3_2026-09-29_22-39.csv

[1/567] hidden=[96, 96, 96, 96] omega0=25.0 lr=0.00015 N=256 epochs=2000 ...
/zfs/store1.hydra.local/user/g/gshipunv/.local/lib/python3.12/site-packages/torch/autograd/graph.py:841: UserWarning: Attempting to run cuBLAS, but there was no current CUDA context! Attempting to set the primary context... (Triggered internally at /pytorch/aten/src/ATen/cuda/CublasHandlePool.cpp:270.)
  return Variable._execution_engine.run_backward(  # Calls into the C++ engine to run the backward pass
  Epoch     1/2000  loss=3.1685e-01  lr=1.50e-04  (0.2s)
    -> min_loss=1.054e-04  mean_rel_err=1.651e-03  min_digits=3  (25.6s)
[2/567] hidden=[96, 96, 96, 96] omega0=25.0 lr=0.00015 N=256 epochs=3000 ...
  Epoch     1/3000  loss=3.1685e-01  lr=1.50e-04  (0.0s)
    -> min_loss=7.166e-05  mean_rel_err=4.015e-03  min_digits=3  (35.8s)
[3/567] hidden=[96, 96, 96, 96] omega0=25.0 lr=0.00015 N=256 epochs=5000 ...
  Epoch     1/5000  loss=3.1685e-01  lr=1.50e-04  (0.0s)
    -> min_loss=3.715e-05  mean_rel_err=7.292e-04  min_digits=4  (59.7s)
[4/567] hidden=[96, 96, 96, 96] omega0=25.0 lr=0.00015 N=256 epochs=7000 ...
  Epoch     1/7000  loss=3.1685e-01  lr=1.50e-04  (0.0s)
    -> min_loss=2.951e-05  mean_rel_err=1.114e-03  min_digits=3  (84.9s)
[5/567] hidden=[96, 96, 96, 96] omega0=25.0 lr=0.00015 N=256 epochs=10000 ...
  Epoch     1/10000  loss=3.1685e-01  lr=1.50e-04  (0.0s)
    -> min_loss=2.102e-05  mean_rel_err=1.546e-03  min_digits=3  (122.2s)
[6/567] hidden=[96, 96, 96, 96] omega0=25.0 lr=0.00015 N=256 epochs=12000 ...
  Epoch     1/12000  loss=3.1685e-01  lr=1.50e-04  (0.0s)
    -> min_loss=1.650e-05  mean_rel_err=6.704e-04  min_digits=3  (146.3s)
[7/567] hidden=[96, 96, 96, 96] omega0=25.0 lr=0.00015 N=256 epochs=15000 ...
  Epoch     1/15000  loss=3.1685e-01  lr=1.50e-04  (0.0s)
    -> min_loss=1.225e-05  mean_rel_err=9.172e-04  min_digits=3  (180.9s)
[8/567] hidden=[96, 96, 96, 96] omega0=25.0 lr=0.00015 N=512 epochs=2000 ...
  Epoch     1/2000  loss=3.6806e-01  lr=1.50e-04  (0.0s)
    -> min_loss=8.328e-05  mean_rel_err=1.442e-03  min_digits=4  (24.0s)
[9/567] hidden=[96, 96, 96, 96] omega0=25.0 lr=0.00015 N=512 epochs=3000 ...
  Epoch     1/3000  loss=3.6806e-01  lr=1.50e-04  (0.0s)
    -> min_loss=4.823e-05  mean_rel_err=8.304e-04  min_digits=4  (36.1s)
[10/567] hidden=[96, 96, 96, 96] omega0=25.0 lr=0.00015 N=512 epochs=5000 ...
  Epoch     1/5000  loss=3.6806e-01  lr=1.50e-04  (0.0s)
    -> min_loss=2.522e-05  mean_rel_err=8.274e-04  min_digits=3  (59.4s)
[11/567] hidden=[96, 96, 96, 96] omega0=25.0 lr=0.00015 N=512 epochs=7000 ...
  Epoch     1/7000  loss=3.6806e-01  lr=1.50e-04  (0.0s)
    -> min_loss=1.799e-05  mean_rel_err=8.323e-04  min_digits=4  (83.1s)
[12/567] hidden=[96, 96, 96, 96] omega0=25.0 lr=0.00015 N=512 epochs=10000 ...
  Epoch     1/10000  loss=3.6806e-01  lr=1.50e-04  (0.0s)
    -> min_loss=1.249e-05  mean_rel_err=6.588e-04  min_digits=4  (118.8s)
[13/567] hidden=[96, 96, 96, 96] omega0=25.0 lr=0.00015 N=512 epochs=12000 ...
  Epoch     1/12000  loss=3.6806e-01  lr=1.50e-04  (0.0s)
    -> min_loss=8.988e-06  mean_rel_err=1.424e-03  min_digits=3  (142.0s)
[14/567] hidden=[96, 96, 96, 96] omega0=25.0 lr=0.00015 N=512 epochs=15000 ...
  Epoch     1/15000  loss=3.6806e-01  lr=1.50e-04  (0.0s)
    -> min_loss=8.292e-06  mean_rel_err=1.538e-03  min_digits=3  (181.4s)
[15/567] hidden=[96, 96, 96, 96] omega0=25.0 lr=0.00015 N=1024 epochs=2000 ...
  Epoch     1/2000  loss=3.4779e-01  lr=1.50e-04  (0.0s)
    -> min_loss=5.665e-05  mean_rel_err=1.046e-03  min_digits=3  (24.6s)
[16/567] hidden=[96, 96, 96, 96] omega0=25.0 lr=0.00015 N=1024 epochs=3000 ...
  Epoch     1/3000  loss=3.4779e-01  lr=1.50e-04  (0.0s)
    -> min_loss=3.261e-05  mean_rel_err=3.058e-04  min_digits=4  (36.5s)
[17/567] hidden=[96, 96, 96, 96] omega0=25.0 lr=0.00015 N=1024 epochs=5000 ...
  Epoch     1/5000  loss=3.4779e-01  lr=1.50e-04  (0.0s)
    -> min_loss=1.787e-05  mean_rel_err=4.872e-04  min_digits=3  (60.9s)
[18/567] hidden=[96, 96, 96, 96] omega0=25.0 lr=0.00015 N=1024 epochs=7000 ...
  Epoch     1/7000  loss=3.4779e-01  lr=1.50e-04  (0.0s)
    -> min_loss=1.135e-05  mean_rel_err=7.190e-04  min_digits=4  (86.3s)
[19/567] hidden=[96, 96, 96, 96] omega0=25.0 lr=0.00015 N=1024 epochs=10000 ...
  Epoch     1/10000  loss=3.4779e-01  lr=1.50e-04  (0.0s)
    -> min_loss=7.695e-06  mean_rel_err=6.632e-04  min_digits=4  (124.1s)
[20/567] hidden=[96, 96, 96, 96] omega0=25.0 lr=0.00015 N=1024 epochs=12000 ...
  Epoch     1/12000  loss=3.4779e-01  lr=1.50e-04  (0.0s)
    -> min_loss=6.442e-06  mean_rel_err=1.115e-03  min_digits=3  (148.0s)
[21/567] hidden=[96, 96, 96, 96] omega0=25.0 lr=0.00015 N=1024 epochs=15000 ...
  Epoch     1/15000  loss=3.4779e-01  lr=1.50e-04  (0.0s)
    -> min_loss=5.241e-06  mean_rel_err=1.409e-03  min_digits=3  (186.2s)
[22/567] hidden=[96, 96, 96, 96] omega0=25.0 lr=0.0002 N=256 epochs=2000 ...
  Epoch     1/2000  loss=3.1685e-01  lr=2.00e-04  (0.0s)
    -> min_loss=9.793e-05  mean_rel_err=2.011e-03  min_digits=3  (24.8s)
[23/567] hidden=[96, 96, 96, 96] omega0=25.0 lr=0.0002 N=256 epochs=3000 ...
  Epoch     1/3000  loss=3.1685e-01  lr=2.00e-04  (0.0s)
    -> min_loss=5.866e-05  mean_rel_err=2.398e-03  min_digits=3  (36.9s)
[24/567] hidden=[96, 96, 96, 96] omega0=25.0 lr=0.0002 N=256 epochs=5000 ...
  Epoch     1/5000  loss=3.1685e-01  lr=2.00e-04  (0.0s)
    -> min_loss=3.480e-05  mean_rel_err=6.934e-04  min_digits=4  (61.4s)
[25/567] hidden=[96, 96, 96, 96] omega0=25.0 lr=0.0002 N=256 epochs=7000 ...
  Epoch     1/7000  loss=3.1685e-01  lr=2.00e-04  (0.0s)
    -> min_loss=2.549e-05  mean_rel_err=1.363e-03  min_digits=3  (83.1s)
[26/567] hidden=[96, 96, 96, 96] omega0=25.0 lr=0.0002 N=256 epochs=10000 ...
  Epoch     1/10000  loss=3.1685e-01  lr=2.00e-04  (0.0s)
    -> min_loss=2.082e-05  mean_rel_err=3.455e-03  min_digits=3  (119.1s)
[27/567] hidden=[96, 96, 96, 96] omega0=25.0 lr=0.0002 N=256 epochs=12000 ...
  Epoch     1/12000  loss=3.1685e-01  lr=2.00e-04  (0.0s)
    -> min_loss=1.628e-05  mean_rel_err=1.165e-03  min_digits=3  (144.8s)
[28/567] hidden=[96, 96, 96, 96] omega0=25.0 lr=0.0002 N=256 epochs=15000 ...
  Epoch     1/15000  loss=3.1685e-01  lr=2.00e-04  (0.0s)
    -> min_loss=1.502e-05  mean_rel_err=7.925e-04  min_digits=3  (184.0s)
[29/567] hidden=[96, 96, 96, 96] omega0=25.0 lr=0.0002 N=512 epochs=2000 ...
  Epoch     1/2000  loss=3.6806e-01  lr=2.00e-04  (0.0s)
    -> min_loss=6.420e-05  mean_rel_err=6.011e-04  min_digits=4  (24.7s)
[30/567] hidden=[96, 96, 96, 96] omega0=25.0 lr=0.0002 N=512 epochs=3000 ...
  Epoch     1/3000  loss=3.6806e-01  lr=2.00e-04  (0.0s)
    -> min_loss=3.958e-05  mean_rel_err=5.474e-04  min_digits=4  (36.6s)
[31/567] hidden=[96, 96, 96, 96] omega0=25.0 lr=0.0002 N=512 epochs=5000 ...
  Epoch     1/5000  loss=3.6806e-01  lr=2.00e-04  (0.0s)
    -> min_loss=2.126e-05  mean_rel_err=1.403e-03  min_digits=4  (59.0s)
[32/567] hidden=[96, 96, 96, 96] omega0=25.0 lr=0.0002 N=512 epochs=7000 ...
  Epoch     1/7000  loss=3.6806e-01  lr=2.00e-04  (0.0s)
    -> min_loss=1.531e-05  mean_rel_err=6.137e-04  min_digits=4  (82.1s)
[33/567] hidden=[96, 96, 96, 96] omega0=25.0 lr=0.0002 N=512 epochs=10000 ...
  Epoch     1/10000  loss=3.6806e-01  lr=2.00e-04  (0.0s)
    -> min_loss=1.017e-05  mean_rel_err=1.273e-03  min_digits=3  (122.4s)
[34/567] hidden=[96, 96, 96, 96] omega0=25.0 lr=0.0002 N=512 epochs=12000 ...
  Epoch     1/12000  loss=3.6806e-01  lr=2.00e-04  (0.0s)
    -> min_loss=9.212e-06  mean_rel_err=1.448e-03  min_digits=3  (146.8s)
[35/567] hidden=[96, 96, 96, 96] omega0=25.0 lr=0.0002 N=512 epochs=15000 ...
  Epoch     1/15000  loss=3.6806e-01  lr=2.00e-04  (0.0s)
    -> min_loss=7.578e-06  mean_rel_err=6.654e-04  min_digits=4  (179.3s)
[36/567] hidden=[96, 96, 96, 96] omega0=25.0 lr=0.0002 N=1024 epochs=2000 ...
  Epoch     1/2000  loss=3.4779e-01  lr=2.00e-04  (0.0s)
    -> min_loss=4.720e-05  mean_rel_err=1.096e-03  min_digits=3  (24.3s)
[37/567] hidden=[96, 96, 96, 96] omega0=25.0 lr=0.0002 N=1024 epochs=3000 ...
  Epoch     1/3000  loss=3.4779e-01  lr=2.00e-04  (0.0s)
    -> min_loss=2.669e-05  mean_rel_err=4.037e-04  min_digits=4  (36.1s)
[38/567] hidden=[96, 96, 96, 96] omega0=25.0 lr=0.0002 N=1024 epochs=5000 ...
  Epoch     1/5000  loss=3.4779e-01  lr=2.00e-04  (0.0s)
    -> min_loss=1.391e-05  mean_rel_err=2.771e-04  min_digits=4  (59.9s)
[39/567] hidden=[96, 96, 96, 96] omega0=25.0 lr=0.0002 N=1024 epochs=7000 ...
  Epoch     1/7000  loss=3.4779e-01  lr=2.00e-04  (0.0s)
    -> min_loss=1.013e-05  mean_rel_err=4.553e-04  min_digits=4  (84.2s)
[40/567] hidden=[96, 96, 96, 96] omega0=25.0 lr=0.0002 N=1024 epochs=10000 ...
  Epoch     1/10000  loss=3.4779e-01  lr=2.00e-04  (0.0s)
    -> min_loss=6.671e-06  mean_rel_err=2.397e-03  min_digits=3  (123.6s)
[41/567] hidden=[96, 96, 96, 96] omega0=25.0 lr=0.0002 N=1024 epochs=12000 ...
  Epoch     1/12000  loss=3.4779e-01  lr=2.00e-04  (0.0s)
    -> min_loss=6.678e-06  mean_rel_err=1.628e-03  min_digits=4  (146.3s)
[42/567] hidden=[96, 96, 96, 96] omega0=25.0 lr=0.0002 N=1024 epochs=15000 ...
  Epoch     1/15000  loss=3.4779e-01  lr=2.00e-04  (0.0s)
    -> min_loss=4.285e-06  mean_rel_err=1.328e-03  min_digits=3  (179.1s)
[43/567] hidden=[96, 96, 96, 96] omega0=25.0 lr=0.00025 N=256 epochs=2000 ...
  Epoch     1/2000  loss=3.1685e-01  lr=2.50e-04  (0.0s)
    -> min_loss=8.574e-05  mean_rel_err=1.352e-03  min_digits=4  (23.4s)
[44/567] hidden=[96, 96, 96, 96] omega0=25.0 lr=0.00025 N=256 epochs=3000 ...
  Epoch     1/3000  loss=3.1685e-01  lr=2.50e-04  (0.0s)
    -> min_loss=5.184e-05  mean_rel_err=2.485e-03  min_digits=3  (35.7s)
[45/567] hidden=[96, 96, 96, 96] omega0=25.0 lr=0.00025 N=256 epochs=5000 ...
  Epoch     1/5000  loss=3.1685e-01  lr=2.50e-04  (0.0s)
    -> min_loss=3.287e-05  mean_rel_err=7.666e-04  min_digits=4  (58.2s)
[46/567] hidden=[96, 96, 96, 96] omega0=25.0 lr=0.00025 N=256 epochs=7000 ...
  Epoch     1/7000  loss=3.1685e-01  lr=2.50e-04  (0.0s)
    -> min_loss=2.443e-05  mean_rel_err=1.777e-03  min_digits=3  (82.3s)
[47/567] hidden=[96, 96, 96, 96] omega0=25.0 lr=0.00025 N=256 epochs=10000 ...
  Epoch     1/10000  loss=3.1685e-01  lr=2.50e-04  (0.0s)
    -> min_loss=1.924e-05  mean_rel_err=1.674e-03  min_digits=3  (119.7s)
[48/567] hidden=[96, 96, 96, 96] omega0=25.0 lr=0.00025 N=256 epochs=12000 ...
  Epoch     1/12000  loss=3.1685e-01  lr=2.50e-04  (0.0s)
    -> min_loss=1.616e-05  mean_rel_err=3.785e-03  min_digits=3  (140.8s)
[49/567] hidden=[96, 96, 96, 96] omega0=25.0 lr=0.00025 N=256 epochs=15000 ...
  Epoch     1/15000  loss=3.1685e-01  lr=2.50e-04  (0.0s)
    -> min_loss=1.671e-05  mean_rel_err=2.428e-03  min_digits=3  (176.5s)
[50/567] hidden=[96, 96, 96, 96] omega0=25.0 lr=0.00025 N=512 epochs=2000 ...
  Epoch     1/2000  loss=3.6806e-01  lr=2.50e-04  (0.0s)
    -> min_loss=5.729e-05  mean_rel_err=7.787e-04  min_digits=4  (23.0s)
[51/567] hidden=[96, 96, 96, 96] omega0=25.0 lr=0.00025 N=512 epochs=3000 ...
  Epoch     1/3000  loss=3.6806e-01  lr=2.50e-04  (0.0s)
    -> min_loss=3.351e-05  mean_rel_err=8.192e-04  min_digits=3  (35.0s)
[52/567] hidden=[96, 96, 96, 96] omega0=25.0 lr=0.00025 N=512 epochs=5000 ...
  Epoch     1/5000  loss=3.6806e-01  lr=2.50e-04  (0.0s)
    -> min_loss=1.870e-05  mean_rel_err=1.465e-03  min_digits=4  (58.4s)
[53/567] hidden=[96, 96, 96, 96] omega0=25.0 lr=0.00025 N=512 epochs=7000 ...
  Epoch     1/7000  loss=3.6806e-01  lr=2.50e-04  (0.0s)
    -> min_loss=1.432e-05  mean_rel_err=1.038e-03  min_digits=4  (83.7s)
[54/567] hidden=[96, 96, 96, 96] omega0=25.0 lr=0.00025 N=512 epochs=10000 ...
  Epoch     1/10000  loss=3.6806e-01  lr=2.50e-04  (0.0s)
    -> min_loss=1.051e-05  mean_rel_err=1.209e-03  min_digits=3  (119.0s)
[55/567] hidden=[96, 96, 96, 96] omega0=25.0 lr=0.00025 N=512 epochs=12000 ...
  Epoch     1/12000  loss=3.6806e-01  lr=2.50e-04  (0.0s)
    -> min_loss=9.419e-06  mean_rel_err=2.109e-03  min_digits=3  (144.3s)
[56/567] hidden=[96, 96, 96, 96] omega0=25.0 lr=0.00025 N=512 epochs=15000 ...
  Epoch     1/15000  loss=3.6806e-01  lr=2.50e-04  (0.0s)
    -> min_loss=8.017e-06  mean_rel_err=1.275e-03  min_digits=3  (180.5s)
[57/567] hidden=[96, 96, 96, 96] omega0=25.0 lr=0.00025 N=1024 epochs=2000 ...
  Epoch     1/2000  loss=3.4779e-01  lr=2.50e-04  (0.0s)
    -> min_loss=3.778e-05  mean_rel_err=8.744e-04  min_digits=3  (24.5s)
[58/567] hidden=[96, 96, 96, 96] omega0=25.0 lr=0.00025 N=1024 epochs=3000 ...
  Epoch     1/3000  loss=3.4779e-01  lr=2.50e-04  (0.0s)
    -> min_loss=2.272e-05  mean_rel_err=3.418e-04  min_digits=4  (37.1s)
[59/567] hidden=[96, 96, 96, 96] omega0=25.0 lr=0.00025 N=1024 epochs=5000 ...
  Epoch     1/5000  loss=3.4779e-01  lr=2.50e-04  (0.0s)
    -> min_loss=1.238e-05  mean_rel_err=5.904e-04  min_digits=4  (61.5s)
[60/567] hidden=[96, 96, 96, 96] omega0=25.0 lr=0.00025 N=1024 epochs=7000 ...
  Epoch     1/7000  loss=3.4779e-01  lr=2.50e-04  (0.0s)
    -> min_loss=8.899e-06  mean_rel_err=4.614e-04  min_digits=4  (86.7s)
[61/567] hidden=[96, 96, 96, 96] omega0=25.0 lr=0.00025 N=1024 epochs=10000 ...
  Epoch     1/10000  loss=3.4779e-01  lr=2.50e-04  (0.0s)
    -> min_loss=6.868e-06  mean_rel_err=9.304e-04  min_digits=4  (122.4s)
[62/567] hidden=[96, 96, 96, 96] omega0=25.0 lr=0.00025 N=1024 epochs=12000 ...
  Epoch     1/12000  loss=3.4779e-01  lr=2.50e-04  (0.0s)
    -> min_loss=5.870e-06  mean_rel_err=9.898e-04  min_digits=4  (147.8s)
[63/567] hidden=[96, 96, 96, 96] omega0=25.0 lr=0.00025 N=1024 epochs=15000 ...
  Epoch     1/15000  loss=3.4779e-01  lr=2.50e-04  (0.0s)
    -> min_loss=4.401e-06  mean_rel_err=2.440e-03  min_digits=3  (181.1s)
[64/567] hidden=[96, 96, 96, 96] omega0=30.0 lr=0.00015 N=256 epochs=2000 ...
  Epoch     1/2000  loss=3.1685e-01  lr=1.50e-04  (0.0s)
    -> min_loss=9.925e-05  mean_rel_err=1.640e-03  min_digits=4  (23.4s)
[65/567] hidden=[96, 96, 96, 96] omega0=30.0 lr=0.00015 N=256 epochs=3000 ...
  Epoch     1/3000  loss=3.1685e-01  lr=1.50e-04  (0.0s)
    -> min_loss=6.242e-05  mean_rel_err=3.548e-03  min_digits=3  (35.9s)
[66/567] hidden=[96, 96, 96, 96] omega0=30.0 lr=0.00015 N=256 epochs=5000 ...
  Epoch     1/5000  loss=3.1685e-01  lr=1.50e-04  (0.0s)
    -> min_loss=3.147e-05  mean_rel_err=8.979e-04  min_digits=3  (61.2s)
[67/567] hidden=[96, 96, 96, 96] omega0=30.0 lr=0.00015 N=256 epochs=7000 ...
  Epoch     1/7000  loss=3.1685e-01  lr=1.50e-04  (0.0s)
    -> min_loss=2.579e-05  mean_rel_err=1.623e-03  min_digits=3  (84.0s)
[68/567] hidden=[96, 96, 96, 96] omega0=30.0 lr=0.00015 N=256 epochs=10000 ...
  Epoch     1/10000  loss=3.1685e-01  lr=1.50e-04  (0.0s)
    -> min_loss=1.918e-05  mean_rel_err=1.435e-03  min_digits=4  (117.6s)
[69/567] hidden=[96, 96, 96, 96] omega0=30.0 lr=0.00015 N=256 epochs=12000 ...
  Epoch     1/12000  loss=3.1685e-01  lr=1.50e-04  (0.0s)
    -> min_loss=1.681e-05  mean_rel_err=1.952e-03  min_digits=3  (142.1s)
[70/567] hidden=[96, 96, 96, 96] omega0=30.0 lr=0.00015 N=256 epochs=15000 ...
  Epoch     1/15000  loss=3.1685e-01  lr=1.50e-04  (0.0s)
    -> min_loss=1.346e-05  mean_rel_err=7.160e-04  min_digits=3  (181.7s)
[71/567] hidden=[96, 96, 96, 96] omega0=30.0 lr=0.00015 N=512 epochs=2000 ...
  Epoch     1/2000  loss=3.6807e-01  lr=1.50e-04  (0.0s)
    -> min_loss=7.595e-05  mean_rel_err=1.077e-03  min_digits=3  (23.5s)
[72/567] hidden=[96, 96, 96, 96] omega0=30.0 lr=0.00015 N=512 epochs=3000 ...
  Epoch     1/3000  loss=3.6807e-01  lr=1.50e-04  (0.0s)
    -> min_loss=4.402e-05  mean_rel_err=5.631e-04  min_digits=4  (35.6s)
[73/567] hidden=[96, 96, 96, 96] omega0=30.0 lr=0.00015 N=512 epochs=5000 ...
  Epoch     1/5000  loss=3.6807e-01  lr=1.50e-04  (0.0s)
    -> min_loss=2.442e-05  mean_rel_err=4.697e-04  min_digits=4  (59.2s)
[74/567] hidden=[96, 96, 96, 96] omega0=30.0 lr=0.00015 N=512 epochs=7000 ...
  Epoch     1/7000  loss=3.6807e-01  lr=1.50e-04  (0.0s)
    -> min_loss=1.685e-05  mean_rel_err=1.731e-03  min_digits=3  (84.0s)
[75/567] hidden=[96, 96, 96, 96] omega0=30.0 lr=0.00015 N=512 epochs=10000 ...
  Epoch     1/10000  loss=3.6807e-01  lr=1.50e-04  (0.0s)
    -> min_loss=1.175e-05  mean_rel_err=1.619e-03  min_digits=3  (119.6s)
[76/567] hidden=[96, 96, 96, 96] omega0=30.0 lr=0.00015 N=512 epochs=12000 ...
  Epoch     1/12000  loss=3.6807e-01  lr=1.50e-04  (0.0s)
    -> min_loss=9.232e-06  mean_rel_err=7.444e-04  min_digits=4  (144.7s)
[77/567] hidden=[96, 96, 96, 96] omega0=30.0 lr=0.00015 N=512 epochs=15000 ...
  Epoch     1/15000  loss=3.6807e-01  lr=1.50e-04  (0.0s)
    -> min_loss=7.650e-06  mean_rel_err=1.126e-03  min_digits=3  (180.0s)
[78/567] hidden=[96, 96, 96, 96] omega0=30.0 lr=0.00015 N=1024 epochs=2000 ...
  Epoch     1/2000  loss=3.4778e-01  lr=1.50e-04  (0.0s)
    -> min_loss=5.385e-05  mean_rel_err=5.801e-04  min_digits=3  (24.5s)
[79/567] hidden=[96, 96, 96, 96] omega0=30.0 lr=0.00015 N=1024 epochs=3000 ...
  Epoch     1/3000  loss=3.4778e-01  lr=1.50e-04  (0.0s)
    -> min_loss=3.228e-05  mean_rel_err=5.294e-04  min_digits=4  (36.9s)
[80/567] hidden=[96, 96, 96, 96] omega0=30.0 lr=0.00015 N=1024 epochs=5000 ...
  Epoch     1/5000  loss=3.4778e-01  lr=1.50e-04  (0.0s)
    -> min_loss=1.666e-05  mean_rel_err=3.748e-04  min_digits=4  (61.6s)
[81/567] hidden=[96, 96, 96, 96] omega0=30.0 lr=0.00015 N=1024 epochs=7000 ...
  Epoch     1/7000  loss=3.4778e-01  lr=1.50e-04  (0.0s)
    -> min_loss=1.178e-05  mean_rel_err=4.939e-04  min_digits=4  (85.9s)
[82/567] hidden=[96, 96, 96, 96] omega0=30.0 lr=0.00015 N=1024 epochs=10000 ...
  Epoch     1/10000  loss=3.4778e-01  lr=1.50e-04  (0.0s)
    -> min_loss=7.382e-06  mean_rel_err=6.939e-04  min_digits=4  (122.7s)
[83/567] hidden=[96, 96, 96, 96] omega0=30.0 lr=0.00015 N=1024 epochs=12000 ...
  Epoch     1/12000  loss=3.4778e-01  lr=1.50e-04  (0.0s)
    -> min_loss=6.236e-06  mean_rel_err=1.184e-03  min_digits=3  (148.8s)
[84/567] hidden=[96, 96, 96, 96] omega0=30.0 lr=0.00015 N=1024 epochs=15000 ...
  Epoch     1/15000  loss=3.4778e-01  lr=1.50e-04  (0.0s)
    -> min_loss=5.043e-06  mean_rel_err=8.931e-04  min_digits=4  (178.9s)
[85/567] hidden=[96, 96, 96, 96] omega0=30.0 lr=0.0002 N=256 epochs=2000 ...
  Epoch     1/2000  loss=3.1685e-01  lr=2.00e-04  (0.0s)
    -> min_loss=8.182e-05  mean_rel_err=2.854e-03  min_digits=3  (22.9s)
[86/567] hidden=[96, 96, 96, 96] omega0=30.0 lr=0.0002 N=256 epochs=3000 ...
  Epoch     1/3000  loss=3.1685e-01  lr=2.00e-04  (0.0s)
    -> min_loss=5.174e-05  mean_rel_err=4.119e-03  min_digits=3  (35.2s)
[87/567] hidden=[96, 96, 96, 96] omega0=30.0 lr=0.0002 N=256 epochs=5000 ...
  Epoch     1/5000  loss=3.1685e-01  lr=2.00e-04  (0.0s)
    -> min_loss=3.098e-05  mean_rel_err=6.931e-04  min_digits=3  (59.1s)
[88/567] hidden=[96, 96, 96, 96] omega0=30.0 lr=0.0002 N=256 epochs=7000 ...
  Epoch     1/7000  loss=3.1685e-01  lr=2.00e-04  (0.0s)
    -> min_loss=2.585e-05  mean_rel_err=1.517e-03  min_digits=3  (82.8s)
[89/567] hidden=[96, 96, 96, 96] omega0=30.0 lr=0.0002 N=256 epochs=10000 ...
  Epoch     1/10000  loss=3.1685e-01  lr=2.00e-04  (0.0s)
    -> min_loss=1.964e-05  mean_rel_err=1.186e-03  min_digits=3  (116.6s)
[90/567] hidden=[96, 96, 96, 96] omega0=30.0 lr=0.0002 N=256 epochs=12000 ...
  Epoch     1/12000  loss=3.1685e-01  lr=2.00e-04  (0.0s)
    -> min_loss=1.838e-05  mean_rel_err=1.438e-03  min_digits=3  (150.1s)
[91/567] hidden=[96, 96, 96, 96] omega0=30.0 lr=0.0002 N=256 epochs=15000 ...
  Epoch     1/15000  loss=3.1685e-01  lr=2.00e-04  (0.0s)
    -> min_loss=1.775e-05  mean_rel_err=1.831e-03  min_digits=3  (180.2s)
[92/567] hidden=[96, 96, 96, 96] omega0=30.0 lr=0.0002 N=512 epochs=2000 ...
  Epoch     1/2000  loss=3.6807e-01  lr=2.00e-04  (0.0s)
    -> min_loss=6.329e-05  mean_rel_err=8.643e-04  min_digits=4  (24.3s)
[93/567] hidden=[96, 96, 96, 96] omega0=30.0 lr=0.0002 N=512 epochs=3000 ...
  Epoch     1/3000  loss=3.6807e-01  lr=2.00e-04  (0.0s)
    -> min_loss=3.435e-05  mean_rel_err=2.916e-04  min_digits=4  (36.2s)
[94/567] hidden=[96, 96, 96, 96] omega0=30.0 lr=0.0002 N=512 epochs=5000 ...
  Epoch     1/5000  loss=3.6807e-01  lr=2.00e-04  (0.0s)
    -> min_loss=2.014e-05  mean_rel_err=6.396e-04  min_digits=4  (60.3s)
[95/567] hidden=[96, 96, 96, 96] omega0=30.0 lr=0.0002 N=512 epochs=7000 ...
  Epoch     1/7000  loss=3.6807e-01  lr=2.00e-04  (0.0s)
    -> min_loss=1.508e-05  mean_rel_err=8.936e-04  min_digits=4  (84.6s)
[96/567] hidden=[96, 96, 96, 96] omega0=30.0 lr=0.0002 N=512 epochs=10000 ...
  Epoch     1/10000  loss=3.6807e-01  lr=2.00e-04  (0.0s)
    -> min_loss=9.831e-06  mean_rel_err=1.498e-03  min_digits=3  (119.7s)
[97/567] hidden=[96, 96, 96, 96] omega0=30.0 lr=0.0002 N=512 epochs=12000 ...
  Epoch     1/12000  loss=3.6807e-01  lr=2.00e-04  (0.0s)
    -> min_loss=9.708e-06  mean_rel_err=1.334e-03  min_digits=3  (142.8s)
[98/567] hidden=[96, 96, 96, 96] omega0=30.0 lr=0.0002 N=512 epochs=15000 ...
  Epoch     1/15000  loss=3.6807e-01  lr=2.00e-04  (0.0s)
    -> min_loss=8.807e-06  mean_rel_err=2.411e-03  min_digits=3  (176.0s)
[99/567] hidden=[96, 96, 96, 96] omega0=30.0 lr=0.0002 N=1024 epochs=2000 ...
  Epoch     1/2000  loss=3.4778e-01  lr=2.00e-04  (0.0s)
    -> min_loss=4.034e-05  mean_rel_err=2.871e-04  min_digits=4  (23.5s)
[100/567] hidden=[96, 96, 96, 96] omega0=30.0 lr=0.0002 N=1024 epochs=3000 ...
  Epoch     1/3000  loss=3.4778e-01  lr=2.00e-04  (0.0s)
    -> min_loss=2.441e-05  mean_rel_err=4.189e-04  min_digits=4  (35.6s)
[101/567] hidden=[96, 96, 96, 96] omega0=30.0 lr=0.0002 N=1024 epochs=5000 ...
  Epoch     1/5000  loss=3.4778e-01  lr=2.00e-04  (0.0s)
    -> min_loss=1.319e-05  mean_rel_err=2.213e-04  min_digits=4  (59.1s)
[102/567] hidden=[96, 96, 96, 96] omega0=30.0 lr=0.0002 N=1024 epochs=7000 ...
  Epoch     1/7000  loss=3.4778e-01  lr=2.00e-04  (0.0s)
    -> min_loss=9.420e-06  mean_rel_err=4.627e-04  min_digits=4  (84.2s)
[103/567] hidden=[96, 96, 96, 96] omega0=30.0 lr=0.0002 N=1024 epochs=10000 ...
  Epoch     1/10000  loss=3.4778e-01  lr=2.00e-04  (0.0s)
    -> min_loss=7.236e-06  mean_rel_err=1.478e-03  min_digits=3  (119.9s)
[104/567] hidden=[96, 96, 96, 96] omega0=30.0 lr=0.0002 N=1024 epochs=12000 ...
  Epoch     1/12000  loss=3.4778e-01  lr=2.00e-04  (0.0s)
    -> min_loss=6.029e-06  mean_rel_err=2.574e-03  min_digits=3  (143.5s)
[105/567] hidden=[96, 96, 96, 96] omega0=30.0 lr=0.0002 N=1024 epochs=15000 ...
  Epoch     1/15000  loss=3.4778e-01  lr=2.00e-04  (0.0s)
    -> min_loss=4.958e-06  mean_rel_err=4.980e-04  min_digits=4  (180.8s)
[106/567] hidden=[96, 96, 96, 96] omega0=30.0 lr=0.00025 N=256 epochs=2000 ...
  Epoch     1/2000  loss=3.1685e-01  lr=2.50e-04  (0.0s)
    -> min_loss=6.745e-05  mean_rel_err=3.736e-03  min_digits=3  (23.3s)
[107/567] hidden=[96, 96, 96, 96] omega0=30.0 lr=0.00025 N=256 epochs=3000 ...
  Epoch     1/3000  loss=3.1685e-01  lr=2.50e-04  (0.0s)
    -> min_loss=4.526e-05  mean_rel_err=3.849e-03  min_digits=3  (36.7s)
[108/567] hidden=[96, 96, 96, 96] omega0=30.0 lr=0.00025 N=256 epochs=5000 ...
  Epoch     1/5000  loss=3.1685e-01  lr=2.50e-04  (0.0s)
    -> min_loss=3.005e-05  mean_rel_err=8.115e-04  min_digits=3  (59.8s)
[109/567] hidden=[96, 96, 96, 96] omega0=30.0 lr=0.00025 N=256 epochs=7000 ...
  Epoch     1/7000  loss=3.1685e-01  lr=2.50e-04  (0.0s)
    -> min_loss=2.400e-05  mean_rel_err=1.639e-03  min_digits=3  (83.2s)
[110/567] hidden=[96, 96, 96, 96] omega0=30.0 lr=0.00025 N=256 epochs=10000 ...
  Epoch     1/10000  loss=3.1685e-01  lr=2.50e-04  (0.0s)
    -> min_loss=2.377e-05  mean_rel_err=1.877e-03  min_digits=3  (117.7s)
[111/567] hidden=[96, 96, 96, 96] omega0=30.0 lr=0.00025 N=256 epochs=12000 ...
  Epoch     1/12000  loss=3.1685e-01  lr=2.50e-04  (0.0s)
    -> min_loss=1.852e-05  mean_rel_err=8.425e-04  min_digits=4  (143.0s)
[112/567] hidden=[96, 96, 96, 96] omega0=30.0 lr=0.00025 N=256 epochs=15000 ...
  Epoch     1/15000  loss=3.1685e-01  lr=2.50e-04  (0.0s)
    -> min_loss=2.005e-05  mean_rel_err=5.027e-03  min_digits=3  (180.8s)
[113/567] hidden=[96, 96, 96, 96] omega0=30.0 lr=0.00025 N=512 epochs=2000 ...
  Epoch     1/2000  loss=3.6807e-01  lr=2.50e-04  (0.0s)
    -> min_loss=5.175e-05  mean_rel_err=7.898e-04  min_digits=3  (24.6s)
[114/567] hidden=[96, 96, 96, 96] omega0=30.0 lr=0.00025 N=512 epochs=3000 ...
  Epoch     1/3000  loss=3.6807e-01  lr=2.50e-04  (0.0s)
    -> min_loss=3.069e-05  mean_rel_err=5.194e-04  min_digits=4  (36.2s)
[115/567] hidden=[96, 96, 96, 96] omega0=30.0 lr=0.00025 N=512 epochs=5000 ...
  Epoch     1/5000  loss=3.6807e-01  lr=2.50e-04  (0.0s)
    -> min_loss=1.768e-05  mean_rel_err=8.834e-04  min_digits=4  (59.3s)
[116/567] hidden=[96, 96, 96, 96] omega0=30.0 lr=0.00025 N=512 epochs=7000 ...
  Epoch     1/7000  loss=3.6807e-01  lr=2.50e-04  (0.0s)
    -> min_loss=1.306e-05  mean_rel_err=9.041e-04  min_digits=4  (84.2s)
[117/567] hidden=[96, 96, 96, 96] omega0=30.0 lr=0.00025 N=512 epochs=10000 ...
  Epoch     1/10000  loss=3.6807e-01  lr=2.50e-04  (0.0s)
    -> min_loss=9.806e-06  mean_rel_err=6.566e-04  min_digits=4  (120.1s)
[118/567] hidden=[96, 96, 96, 96] omega0=30.0 lr=0.00025 N=512 epochs=12000 ...
  Epoch     1/12000  loss=3.6807e-01  lr=2.50e-04  (0.0s)
    -> min_loss=1.010e-05  mean_rel_err=9.053e-04  min_digits=4  (145.1s)
[119/567] hidden=[96, 96, 96, 96] omega0=30.0 lr=0.00025 N=512 epochs=15000 ...
  Epoch     1/15000  loss=3.6807e-01  lr=2.50e-04  (0.0s)
    -> min_loss=8.123e-06  mean_rel_err=1.418e-03  min_digits=3  (175.2s)
[120/567] hidden=[96, 96, 96, 96] omega0=30.0 lr=0.00025 N=1024 epochs=2000 ...
  Epoch     1/2000  loss=3.4778e-01  lr=2.50e-04  (0.0s)
    -> min_loss=3.471e-05  mean_rel_err=3.314e-04  min_digits=4  (24.0s)
[121/567] hidden=[96, 96, 96, 96] omega0=30.0 lr=0.00025 N=1024 epochs=3000 ...
  Epoch     1/3000  loss=3.4778e-01  lr=2.50e-04  (0.0s)
    -> min_loss=2.169e-05  mean_rel_err=5.958e-04  min_digits=3  (35.9s)
[122/567] hidden=[96, 96, 96, 96] omega0=30.0 lr=0.00025 N=1024 epochs=5000 ...
  Epoch     1/5000  loss=3.4778e-01  lr=2.50e-04  (0.0s)
    -> min_loss=1.207e-05  mean_rel_err=5.624e-04  min_digits=4  (60.1s)
[123/567] hidden=[96, 96, 96, 96] omega0=30.0 lr=0.00025 N=1024 epochs=7000 ...
  Epoch     1/7000  loss=3.4778e-01  lr=2.50e-04  (0.0s)
    -> min_loss=8.252e-06  mean_rel_err=7.430e-04  min_digits=4  (84.0s)
[124/567] hidden=[96, 96, 96, 96] omega0=30.0 lr=0.00025 N=1024 epochs=10000 ...
  Epoch     1/10000  loss=3.4778e-01  lr=2.50e-04  (0.0s)
    -> min_loss=6.999e-06  mean_rel_err=4.286e-03  min_digits=3  (122.9s)
[125/567] hidden=[96, 96, 96, 96] omega0=30.0 lr=0.00025 N=1024 epochs=12000 ...
  Epoch     1/12000  loss=3.4778e-01  lr=2.50e-04  (0.0s)
    -> min_loss=5.437e-06  mean_rel_err=1.601e-03  min_digits=3  (145.4s)
[126/567] hidden=[96, 96, 96, 96] omega0=30.0 lr=0.00025 N=1024 epochs=15000 ...
  Epoch     1/15000  loss=3.4778e-01  lr=2.50e-04  (0.0s)
    -> min_loss=5.486e-06  mean_rel_err=2.210e-03  min_digits=3  (182.0s)
[127/567] hidden=[96, 96, 96, 96] omega0=35.0 lr=0.00015 N=256 epochs=2000 ...
  Epoch     1/2000  loss=3.1685e-01  lr=1.50e-04  (0.0s)
    -> min_loss=9.888e-05  mean_rel_err=2.120e-03  min_digits=3  (23.4s)
[128/567] hidden=[96, 96, 96, 96] omega0=35.0 lr=0.00015 N=256 epochs=3000 ...
  Epoch     1/3000  loss=3.1685e-01  lr=1.50e-04  (0.0s)
    -> min_loss=6.256e-05  mean_rel_err=3.089e-03  min_digits=3  (34.8s)
[129/567] hidden=[96, 96, 96, 96] omega0=35.0 lr=0.00015 N=256 epochs=5000 ...
  Epoch     1/5000  loss=3.1685e-01  lr=1.50e-04  (0.0s)
    -> min_loss=3.300e-05  mean_rel_err=7.462e-04  min_digits=4  (58.4s)
[130/567] hidden=[96, 96, 96, 96] omega0=35.0 lr=0.00015 N=256 epochs=7000 ...
  Epoch     1/7000  loss=3.1685e-01  lr=1.50e-04  (0.0s)
    -> min_loss=2.571e-05  mean_rel_err=1.659e-03  min_digits=3  (80.5s)
[131/567] hidden=[96, 96, 96, 96] omega0=35.0 lr=0.00015 N=256 epochs=10000 ...
  Epoch     1/10000  loss=3.1685e-01  lr=1.50e-04  (0.0s)
    -> min_loss=1.793e-05  mean_rel_err=6.067e-04  min_digits=4  (116.1s)
[132/567] hidden=[96, 96, 96, 96] omega0=35.0 lr=0.00015 N=256 epochs=12000 ...
  Epoch     1/12000  loss=3.1685e-01  lr=1.50e-04  (0.0s)
    -> min_loss=1.743e-05  mean_rel_err=3.350e-03  min_digits=3  (141.7s)
[133/567] hidden=[96, 96, 96, 96] omega0=35.0 lr=0.00015 N=256 epochs=15000 ...
  Epoch     1/15000  loss=3.1685e-01  lr=1.50e-04  (0.0s)
    -> min_loss=1.656e-05  mean_rel_err=1.374e-03  min_digits=3  (179.4s)
[134/567] hidden=[96, 96, 96, 96] omega0=35.0 lr=0.00015 N=512 epochs=2000 ...
  Epoch     1/2000  loss=3.6807e-01  lr=1.50e-04  (0.0s)
    -> min_loss=7.327e-05  mean_rel_err=8.832e-04  min_digits=4  (23.9s)
[135/567] hidden=[96, 96, 96, 96] omega0=35.0 lr=0.00015 N=512 epochs=3000 ...
  Epoch     1/3000  loss=3.6807e-01  lr=1.50e-04  (0.0s)
    -> min_loss=4.316e-05  mean_rel_err=7.640e-04  min_digits=4  (36.0s)
[136/567] hidden=[96, 96, 96, 96] omega0=35.0 lr=0.00015 N=512 epochs=5000 ...
  Epoch     1/5000  loss=3.6807e-01  lr=1.50e-04  (0.0s)
    -> min_loss=2.270e-05  mean_rel_err=1.655e-03  min_digits=3  (60.0s)
[137/567] hidden=[96, 96, 96, 96] omega0=35.0 lr=0.00015 N=512 epochs=7000 ...
  Epoch     1/7000  loss=3.6807e-01  lr=1.50e-04  (0.0s)
    -> min_loss=1.611e-05  mean_rel_err=1.522e-03  min_digits=3  (84.0s)
[138/567] hidden=[96, 96, 96, 96] omega0=35.0 lr=0.00015 N=512 epochs=10000 ...
  Epoch     1/10000  loss=3.6807e-01  lr=1.50e-04  (0.0s)
    -> min_loss=9.730e-06  mean_rel_err=3.026e-04  min_digits=4  (120.5s)
[139/567] hidden=[96, 96, 96, 96] omega0=35.0 lr=0.00015 N=512 epochs=12000 ...
  Epoch     1/12000  loss=3.6807e-01  lr=1.50e-04  (0.0s)
    -> min_loss=9.728e-06  mean_rel_err=1.928e-03  min_digits=3  (144.5s)
[140/567] hidden=[96, 96, 96, 96] omega0=35.0 lr=0.00015 N=512 epochs=15000 ...
  Epoch     1/15000  loss=3.6807e-01  lr=1.50e-04  (0.0s)
    -> min_loss=7.708e-06  mean_rel_err=2.188e-03  min_digits=3  (181.1s)
[141/567] hidden=[96, 96, 96, 96] omega0=35.0 lr=0.00015 N=1024 epochs=2000 ...
  Epoch     1/2000  loss=3.4778e-01  lr=1.50e-04  (0.0s)
    -> min_loss=4.979e-05  mean_rel_err=4.041e-04  min_digits=4  (24.1s)
[142/567] hidden=[96, 96, 96, 96] omega0=35.0 lr=0.00015 N=1024 epochs=3000 ...
  Epoch     1/3000  loss=3.4778e-01  lr=1.50e-04  (0.0s)
    -> min_loss=2.960e-05  mean_rel_err=1.277e-03  min_digits=3  (36.0s)
[143/567] hidden=[96, 96, 96, 96] omega0=35.0 lr=0.00015 N=1024 epochs=5000 ...
  Epoch     1/5000  loss=3.4778e-01  lr=1.50e-04  (0.0s)
    -> min_loss=1.519e-05  mean_rel_err=2.655e-04  min_digits=4  (59.6s)
[144/567] hidden=[96, 96, 96, 96] omega0=35.0 lr=0.00015 N=1024 epochs=7000 ...
  Epoch     1/7000  loss=3.4778e-01  lr=1.50e-04  (0.0s)
    -> min_loss=1.111e-05  mean_rel_err=5.018e-04  min_digits=4  (83.7s)
[145/567] hidden=[96, 96, 96, 96] omega0=35.0 lr=0.00015 N=1024 epochs=10000 ...
  Epoch     1/10000  loss=3.4778e-01  lr=1.50e-04  (0.0s)
    -> min_loss=7.948e-06  mean_rel_err=8.188e-04  min_digits=4  (122.1s)
[146/567] hidden=[96, 96, 96, 96] omega0=35.0 lr=0.00015 N=1024 epochs=12000 ...
  Epoch     1/12000  loss=3.4778e-01  lr=1.50e-04  (0.0s)
    -> min_loss=5.870e-06  mean_rel_err=1.063e-03  min_digits=3  (144.4s)
[147/567] hidden=[96, 96, 96, 96] omega0=35.0 lr=0.00015 N=1024 epochs=15000 ...
  Epoch     1/15000  loss=3.4778e-01  lr=1.50e-04  (0.0s)
    -> min_loss=5.007e-06  mean_rel_err=3.485e-04  min_digits=4  (178.6s)
[148/567] hidden=[96, 96, 96, 96] omega0=35.0 lr=0.0002 N=256 epochs=2000 ...
  Epoch     1/2000  loss=3.1685e-01  lr=2.00e-04  (0.0s)
    -> min_loss=8.317e-05  mean_rel_err=1.901e-03  min_digits=3  (23.3s)
[149/567] hidden=[96, 96, 96, 96] omega0=35.0 lr=0.0002 N=256 epochs=3000 ...
  Epoch     1/3000  loss=3.1685e-01  lr=2.00e-04  (0.0s)
    -> min_loss=5.369e-05  mean_rel_err=2.290e-03  min_digits=3  (35.3s)
[150/567] hidden=[96, 96, 96, 96] omega0=35.0 lr=0.0002 N=256 epochs=5000 ...
  Epoch     1/5000  loss=3.1685e-01  lr=2.00e-04  (0.0s)
    -> min_loss=3.548e-05  mean_rel_err=1.111e-03  min_digits=3  (58.5s)
[151/567] hidden=[96, 96, 96, 96] omega0=35.0 lr=0.0002 N=256 epochs=7000 ...
  Epoch     1/7000  loss=3.1685e-01  lr=2.00e-04  (0.0s)
    -> min_loss=2.513e-05  mean_rel_err=1.317e-03  min_digits=3  (82.1s)
[152/567] hidden=[96, 96, 96, 96] omega0=35.0 lr=0.0002 N=256 epochs=10000 ...
  Epoch     1/10000  loss=3.1685e-01  lr=2.00e-04  (0.0s)
    -> min_loss=2.161e-05  mean_rel_err=1.782e-03  min_digits=3  (116.1s)
[153/567] hidden=[96, 96, 96, 96] omega0=35.0 lr=0.0002 N=256 epochs=12000 ...
  Epoch     1/12000  loss=3.1685e-01  lr=2.00e-04  (0.0s)
    -> min_loss=1.876e-05  mean_rel_err=8.696e-04  min_digits=3  (139.6s)
[154/567] hidden=[96, 96, 96, 96] omega0=35.0 lr=0.0002 N=256 epochs=15000 ...
  Epoch     1/15000  loss=3.1685e-01  lr=2.00e-04  (0.0s)
    -> min_loss=1.878e-05  mean_rel_err=3.572e-03  min_digits=3  (176.1s)
[155/567] hidden=[96, 96, 96, 96] omega0=35.0 lr=0.0002 N=512 epochs=2000 ...
  Epoch     1/2000  loss=3.6807e-01  lr=2.00e-04  (0.0s)
    -> min_loss=5.605e-05  mean_rel_err=9.197e-04  min_digits=4  (23.8s)
[156/567] hidden=[96, 96, 96, 96] omega0=35.0 lr=0.0002 N=512 epochs=3000 ...
  Epoch     1/3000  loss=3.6807e-01  lr=2.00e-04  (0.0s)
    -> min_loss=3.590e-05  mean_rel_err=4.731e-04  min_digits=4  (36.0s)
[157/567] hidden=[96, 96, 96, 96] omega0=35.0 lr=0.0002 N=512 epochs=5000 ...
  Epoch     1/5000  loss=3.6807e-01  lr=2.00e-04  (0.0s)
    -> min_loss=1.917e-05  mean_rel_err=7.681e-04  min_digits=3  (59.7s)
[158/567] hidden=[96, 96, 96, 96] omega0=35.0 lr=0.0002 N=512 epochs=7000 ...
  Epoch     1/7000  loss=3.6807e-01  lr=2.00e-04  (0.0s)
    -> min_loss=1.463e-05  mean_rel_err=3.831e-04  min_digits=4  (84.2s)
[159/567] hidden=[96, 96, 96, 96] omega0=35.0 lr=0.0002 N=512 epochs=10000 ...
  Epoch     1/10000  loss=3.6807e-01  lr=2.00e-04  (0.0s)
    -> min_loss=1.214e-05  mean_rel_err=8.917e-04  min_digits=4  (120.8s)
[160/567] hidden=[96, 96, 96, 96] omega0=35.0 lr=0.0002 N=512 epochs=12000 ...
  Epoch     1/12000  loss=3.6807e-01  lr=2.00e-04  (0.0s)
    -> min_loss=9.819e-06  mean_rel_err=1.624e-03  min_digits=3  (144.5s)
[161/567] hidden=[96, 96, 96, 96] omega0=35.0 lr=0.0002 N=512 epochs=15000 ...
  Epoch     1/15000  loss=3.6807e-01  lr=2.00e-04  (0.0s)
    -> min_loss=7.458e-06  mean_rel_err=1.947e-03  min_digits=3  (176.8s)
[162/567] hidden=[96, 96, 96, 96] omega0=35.0 lr=0.0002 N=1024 epochs=2000 ...
  Epoch     1/2000  loss=3.4778e-01  lr=2.00e-04  (0.0s)
    -> min_loss=4.008e-05  mean_rel_err=4.127e-04  min_digits=4  (25.2s)
[163/567] hidden=[96, 96, 96, 96] omega0=35.0 lr=0.0002 N=1024 epochs=3000 ...
  Epoch     1/3000  loss=3.4778e-01  lr=2.00e-04  (0.0s)
    -> min_loss=2.304e-05  mean_rel_err=8.779e-04  min_digits=4  (35.2s)
[164/567] hidden=[96, 96, 96, 96] omega0=35.0 lr=0.0002 N=1024 epochs=5000 ...
  Epoch     1/5000  loss=3.4778e-01  lr=2.00e-04  (0.0s)
    -> min_loss=1.227e-05  mean_rel_err=2.407e-04  min_digits=4  (60.4s)
[165/567] hidden=[96, 96, 96, 96] omega0=35.0 lr=0.0002 N=1024 epochs=7000 ...
  Epoch     1/7000  loss=3.4778e-01  lr=2.00e-04  (0.0s)
    -> min_loss=9.799e-06  mean_rel_err=5.096e-04  min_digits=4  (84.7s)
[166/567] hidden=[96, 96, 96, 96] omega0=35.0 lr=0.0002 N=1024 epochs=10000 ...
  Epoch     1/10000  loss=3.4778e-01  lr=2.00e-04  (0.0s)
    -> min_loss=7.009e-06  mean_rel_err=7.330e-04  min_digits=4  (119.3s)
[167/567] hidden=[96, 96, 96, 96] omega0=35.0 lr=0.0002 N=1024 epochs=12000 ...
  Epoch     1/12000  loss=3.4778e-01  lr=2.00e-04  (0.0s)
    -> min_loss=6.068e-06  mean_rel_err=1.743e-03  min_digits=3  (142.5s)
[168/567] hidden=[96, 96, 96, 96] omega0=35.0 lr=0.0002 N=1024 epochs=15000 ...
  Epoch     1/15000  loss=3.4778e-01  lr=2.00e-04  (0.0s)
    -> min_loss=4.611e-06  mean_rel_err=9.499e-04  min_digits=3  (179.2s)
[169/567] hidden=[96, 96, 96, 96] omega0=35.0 lr=0.00025 N=256 epochs=2000 ...
  Epoch     1/2000  loss=3.1685e-01  lr=2.50e-04  (0.0s)
    -> min_loss=7.706e-05  mean_rel_err=8.226e-04  min_digits=4  (24.1s)
[170/567] hidden=[96, 96, 96, 96] omega0=35.0 lr=0.00025 N=256 epochs=3000 ...
  Epoch     1/3000  loss=3.1685e-01  lr=2.50e-04  (0.0s)
    -> min_loss=5.259e-05  mean_rel_err=5.040e-03  min_digits=3  (36.3s)
[171/567] hidden=[96, 96, 96, 96] omega0=35.0 lr=0.00025 N=256 epochs=5000 ...
  Epoch     1/5000  loss=3.1685e-01  lr=2.50e-04  (0.0s)
    -> min_loss=3.219e-05  mean_rel_err=1.145e-03  min_digits=4  (59.9s)
[172/567] hidden=[96, 96, 96, 96] omega0=35.0 lr=0.00025 N=256 epochs=7000 ...
  Epoch     1/7000  loss=3.1685e-01  lr=2.50e-04  (0.0s)
    -> min_loss=2.418e-05  mean_rel_err=4.334e-03  min_digits=3  (84.1s)
[173/567] hidden=[96, 96, 96, 96] omega0=35.0 lr=0.00025 N=256 epochs=10000 ...
  Epoch     1/10000  loss=3.1685e-01  lr=2.50e-04  (0.0s)
    -> min_loss=2.178e-05  mean_rel_err=1.079e-03  min_digits=3  (121.6s)
[174/567] hidden=[96, 96, 96, 96] omega0=35.0 lr=0.00025 N=256 epochs=12000 ...
  Epoch     1/12000  loss=3.1685e-01  lr=2.50e-04  (0.0s)
    -> min_loss=2.365e-05  mean_rel_err=4.320e-03  min_digits=3  (141.2s)
[175/567] hidden=[96, 96, 96, 96] omega0=35.0 lr=0.00025 N=256 epochs=15000 ...
  Epoch     1/15000  loss=3.1685e-01  lr=2.50e-04  (0.0s)
    -> min_loss=2.271e-05  mean_rel_err=1.308e-03  min_digits=4  (178.8s)
[176/567] hidden=[96, 96, 96, 96] omega0=35.0 lr=0.00025 N=512 epochs=2000 ...
  Epoch     1/2000  loss=3.6807e-01  lr=2.50e-04  (0.0s)
    -> min_loss=5.218e-05  mean_rel_err=1.126e-03  min_digits=3  (24.3s)
[177/567] hidden=[96, 96, 96, 96] omega0=35.0 lr=0.00025 N=512 epochs=3000 ...
  Epoch     1/3000  loss=3.6807e-01  lr=2.50e-04  (0.0s)
    -> min_loss=3.117e-05  mean_rel_err=6.484e-04  min_digits=4  (36.8s)
[178/567] hidden=[96, 96, 96, 96] omega0=35.0 lr=0.00025 N=512 epochs=5000 ...
  Epoch     1/5000  loss=3.6807e-01  lr=2.50e-04  (0.0s)
    -> min_loss=1.782e-05  mean_rel_err=1.124e-03  min_digits=3  (60.5s)
[179/567] hidden=[96, 96, 96, 96] omega0=35.0 lr=0.00025 N=512 epochs=7000 ...
  Epoch     1/7000  loss=3.6807e-01  lr=2.50e-04  (0.0s)
    -> min_loss=1.431e-05  mean_rel_err=1.194e-03  min_digits=4  (85.6s)
[180/567] hidden=[96, 96, 96, 96] omega0=35.0 lr=0.00025 N=512 epochs=10000 ...
  Epoch     1/10000  loss=3.6807e-01  lr=2.50e-04  (0.0s)
    -> min_loss=1.096e-05  mean_rel_err=8.504e-04  min_digits=4  (120.1s)
[181/567] hidden=[96, 96, 96, 96] omega0=35.0 lr=0.00025 N=512 epochs=12000 ...
  Epoch     1/12000  loss=3.6807e-01  lr=2.50e-04  (0.0s)
    -> min_loss=1.032e-05  mean_rel_err=1.613e-03  min_digits=3  (144.3s)
[182/567] hidden=[96, 96, 96, 96] omega0=35.0 lr=0.00025 N=512 epochs=15000 ...
  Epoch     1/15000  loss=3.6807e-01  lr=2.50e-04  (0.0s)
    -> min_loss=9.001e-06  mean_rel_err=9.582e-04  min_digits=4  (179.5s)
[183/567] hidden=[96, 96, 96, 96] omega0=35.0 lr=0.00025 N=1024 epochs=2000 ...
  Epoch     1/2000  loss=3.4778e-01  lr=2.50e-04  (0.0s)
    -> min_loss=3.079e-05  mean_rel_err=7.069e-04  min_digits=4  (24.3s)
[184/567] hidden=[96, 96, 96, 96] omega0=35.0 lr=0.00025 N=1024 epochs=3000 ...
  Epoch     1/3000  loss=3.4778e-01  lr=2.50e-04  (0.0s)
    -> min_loss=1.848e-05  mean_rel_err=6.297e-04  min_digits=4  (37.0s)
[185/567] hidden=[96, 96, 96, 96] omega0=35.0 lr=0.00025 N=1024 epochs=5000 ...
  Epoch     1/5000  loss=3.4778e-01  lr=2.50e-04  (0.0s)
    -> min_loss=9.784e-06  mean_rel_err=4.336e-04  min_digits=4  (62.2s)
[186/567] hidden=[96, 96, 96, 96] omega0=35.0 lr=0.00025 N=1024 epochs=7000 ...
  Epoch     1/7000  loss=3.4778e-01  lr=2.50e-04  (0.0s)
    -> min_loss=8.006e-06  mean_rel_err=6.526e-04  min_digits=4  (86.2s)
[187/567] hidden=[96, 96, 96, 96] omega0=35.0 lr=0.00025 N=1024 epochs=10000 ...
  Epoch     1/10000  loss=3.4778e-01  lr=2.50e-04  (0.0s)
    -> min_loss=5.745e-06  mean_rel_err=2.043e-04  min_digits=4  (121.4s)
[188/567] hidden=[96, 96, 96, 96] omega0=35.0 lr=0.00025 N=1024 epochs=12000 ...
  Epoch     1/12000  loss=3.4778e-01  lr=2.50e-04  (0.0s)
    -> min_loss=4.863e-06  mean_rel_err=7.596e-04  min_digits=4  (148.1s)
[189/567] hidden=[96, 96, 96, 96] omega0=35.0 lr=0.00025 N=1024 epochs=15000 ...
  Epoch     1/15000  loss=3.4778e-01  lr=2.50e-04  (0.0s)
    -> min_loss=4.094e-06  mean_rel_err=2.585e-03  min_digits=3  (182.9s)
[190/567] hidden=[128, 128, 128, 128] omega0=25.0 lr=0.00015 N=256 epochs=2000 ...
  Epoch     1/2000  loss=3.3372e-01  lr=1.50e-04  (0.0s)
    -> min_loss=5.966e-05  mean_rel_err=6.623e-04  min_digits=4  (24.1s)
[191/567] hidden=[128, 128, 128, 128] omega0=25.0 lr=0.00015 N=256 epochs=3000 ...
  Epoch     1/3000  loss=3.3372e-01  lr=1.50e-04  (0.0s)
    -> min_loss=3.811e-05  mean_rel_err=1.962e-03  min_digits=3  (35.8s)
[192/567] hidden=[128, 128, 128, 128] omega0=25.0 lr=0.00015 N=256 epochs=5000 ...
  Epoch     1/5000  loss=3.3372e-01  lr=1.50e-04  (0.0s)
    -> min_loss=2.032e-05  mean_rel_err=5.479e-04  min_digits=4  (59.1s)
[193/567] hidden=[128, 128, 128, 128] omega0=25.0 lr=0.00015 N=256 epochs=7000 ...
  Epoch     1/7000  loss=3.3372e-01  lr=1.50e-04  (0.0s)
    -> min_loss=1.834e-05  mean_rel_err=2.938e-03  min_digits=3  (81.9s)
[194/567] hidden=[128, 128, 128, 128] omega0=25.0 lr=0.00015 N=256 epochs=10000 ...
  Epoch     1/10000  loss=3.3372e-01  lr=1.50e-04  (0.0s)
    -> min_loss=1.322e-05  mean_rel_err=8.134e-04  min_digits=4  (118.6s)
[195/567] hidden=[128, 128, 128, 128] omega0=25.0 lr=0.00015 N=256 epochs=12000 ...
  Epoch     1/12000  loss=3.3372e-01  lr=1.50e-04  (0.0s)
    -> min_loss=1.253e-05  mean_rel_err=1.640e-03  min_digits=3  (144.5s)
[196/567] hidden=[128, 128, 128, 128] omega0=25.0 lr=0.00015 N=256 epochs=15000 ...
  Epoch     1/15000  loss=3.3372e-01  lr=1.50e-04  (0.0s)
    -> min_loss=1.094e-05  mean_rel_err=4.508e-03  min_digits=3  (177.4s)
[197/567] hidden=[128, 128, 128, 128] omega0=25.0 lr=0.00015 N=512 epochs=2000 ...
  Epoch     1/2000  loss=4.0446e-01  lr=1.50e-04  (0.0s)
    -> min_loss=4.308e-05  mean_rel_err=1.458e-03  min_digits=3  (24.3s)
[198/567] hidden=[128, 128, 128, 128] omega0=25.0 lr=0.00015 N=512 epochs=3000 ...
  Epoch     1/3000  loss=4.0446e-01  lr=1.50e-04  (0.0s)
    -> min_loss=2.493e-05  mean_rel_err=8.632e-04  min_digits=4  (36.4s)
[199/567] hidden=[128, 128, 128, 128] omega0=25.0 lr=0.00015 N=512 epochs=5000 ...
  Epoch     1/5000  loss=4.0446e-01  lr=1.50e-04  (0.0s)
    -> min_loss=1.418e-05  mean_rel_err=9.483e-04  min_digits=3  (60.9s)
[200/567] hidden=[128, 128, 128, 128] omega0=25.0 lr=0.00015 N=512 epochs=7000 ...
  Epoch     1/7000  loss=4.0446e-01  lr=1.50e-04  (0.0s)
    -> min_loss=1.076e-05  mean_rel_err=2.079e-03  min_digits=3  (86.3s)
[201/567] hidden=[128, 128, 128, 128] omega0=25.0 lr=0.00015 N=512 epochs=10000 ...
  Epoch     1/10000  loss=4.0446e-01  lr=1.50e-04  (0.0s)
    -> min_loss=8.087e-06  mean_rel_err=6.964e-04  min_digits=4  (120.9s)
[202/567] hidden=[128, 128, 128, 128] omega0=25.0 lr=0.00015 N=512 epochs=12000 ...
  Epoch     1/12000  loss=4.0446e-01  lr=1.50e-04  (0.0s)
    -> min_loss=6.003e-06  mean_rel_err=7.597e-04  min_digits=3  (145.5s)
[203/567] hidden=[128, 128, 128, 128] omega0=25.0 lr=0.00015 N=512 epochs=15000 ...
  Epoch     1/15000  loss=4.0446e-01  lr=1.50e-04  (0.0s)
    -> min_loss=5.005e-06  mean_rel_err=2.125e-03  min_digits=3  (177.6s)
[204/567] hidden=[128, 128, 128, 128] omega0=25.0 lr=0.00015 N=1024 epochs=2000 ...
  Epoch     1/2000  loss=3.8064e-01  lr=1.50e-04  (0.0s)
    -> min_loss=2.989e-05  mean_rel_err=4.149e-04  min_digits=4  (24.7s)
[205/567] hidden=[128, 128, 128, 128] omega0=25.0 lr=0.00015 N=1024 epochs=3000 ...
  Epoch     1/3000  loss=3.8064e-01  lr=1.50e-04  (0.0s)
    -> min_loss=1.796e-05  mean_rel_err=3.119e-04  min_digits=4  (36.8s)
[206/567] hidden=[128, 128, 128, 128] omega0=25.0 lr=0.00015 N=1024 epochs=5000 ...
  Epoch     1/5000  loss=3.8064e-01  lr=1.50e-04  (0.0s)
    -> min_loss=9.577e-06  mean_rel_err=3.255e-04  min_digits=4  (59.7s)
[207/567] hidden=[128, 128, 128, 128] omega0=25.0 lr=0.00015 N=1024 epochs=7000 ...
  Epoch     1/7000  loss=3.8064e-01  lr=1.50e-04  (0.0s)
    -> min_loss=6.173e-06  mean_rel_err=5.168e-04  min_digits=4  (85.3s)
[208/567] hidden=[128, 128, 128, 128] omega0=25.0 lr=0.00015 N=1024 epochs=10000 ...
  Epoch     1/10000  loss=3.8064e-01  lr=1.50e-04  (0.0s)
    -> min_loss=4.866e-06  mean_rel_err=6.220e-04  min_digits=4  (122.3s)
[209/567] hidden=[128, 128, 128, 128] omega0=25.0 lr=0.00015 N=1024 epochs=12000 ...
  Epoch     1/12000  loss=3.8064e-01  lr=1.50e-04  (0.0s)
    -> min_loss=4.163e-06  mean_rel_err=2.300e-03  min_digits=3  (147.1s)
[210/567] hidden=[128, 128, 128, 128] omega0=25.0 lr=0.00015 N=1024 epochs=15000 ...
  Epoch     1/15000  loss=3.8064e-01  lr=1.50e-04  (0.0s)
    -> min_loss=3.275e-06  mean_rel_err=5.532e-04  min_digits=4  (182.3s)
[211/567] hidden=[128, 128, 128, 128] omega0=25.0 lr=0.0002 N=256 epochs=2000 ...
  Epoch     1/2000  loss=3.3372e-01  lr=2.00e-04  (0.0s)
    -> min_loss=5.383e-05  mean_rel_err=5.869e-04  min_digits=4  (23.7s)
[212/567] hidden=[128, 128, 128, 128] omega0=25.0 lr=0.0002 N=256 epochs=3000 ...
  Epoch     1/3000  loss=3.3372e-01  lr=2.00e-04  (0.0s)
    -> min_loss=3.605e-05  mean_rel_err=8.987e-04  min_digits=3  (35.0s)
[213/567] hidden=[128, 128, 128, 128] omega0=25.0 lr=0.0002 N=256 epochs=5000 ...
  Epoch     1/5000  loss=3.3372e-01  lr=2.00e-04  (0.0s)
    -> min_loss=2.005e-05  mean_rel_err=6.577e-04  min_digits=4  (60.4s)
[214/567] hidden=[128, 128, 128, 128] omega0=25.0 lr=0.0002 N=256 epochs=7000 ...
  Epoch     1/7000  loss=3.3372e-01  lr=2.00e-04  (0.0s)
    -> min_loss=1.710e-05  mean_rel_err=9.974e-04  min_digits=4  (84.6s)
[215/567] hidden=[128, 128, 128, 128] omega0=25.0 lr=0.0002 N=256 epochs=10000 ...
  Epoch     1/10000  loss=3.3372e-01  lr=2.00e-04  (0.0s)
    -> min_loss=1.312e-05  mean_rel_err=8.258e-04  min_digits=4  (119.7s)
[216/567] hidden=[128, 128, 128, 128] omega0=25.0 lr=0.0002 N=256 epochs=12000 ...
  Epoch     1/12000  loss=3.3372e-01  lr=2.00e-04  (0.0s)
    -> min_loss=1.279e-05  mean_rel_err=4.245e-03  min_digits=3  (140.3s)
[217/567] hidden=[128, 128, 128, 128] omega0=25.0 lr=0.0002 N=256 epochs=15000 ...
  Epoch     1/15000  loss=3.3372e-01  lr=2.00e-04  (0.0s)
    -> min_loss=1.267e-05  mean_rel_err=7.435e-03  min_digits=3  (180.3s)
[218/567] hidden=[128, 128, 128, 128] omega0=25.0 lr=0.0002 N=512 epochs=2000 ...
  Epoch     1/2000  loss=4.0446e-01  lr=2.00e-04  (0.0s)
    -> min_loss=3.625e-05  mean_rel_err=3.694e-04  min_digits=4  (24.4s)
[219/567] hidden=[128, 128, 128, 128] omega0=25.0 lr=0.0002 N=512 epochs=3000 ...
  Epoch     1/3000  loss=4.0446e-01  lr=2.00e-04  (0.0s)
    -> min_loss=2.083e-05  mean_rel_err=5.398e-04  min_digits=4  (35.3s)
[220/567] hidden=[128, 128, 128, 128] omega0=25.0 lr=0.0002 N=512 epochs=5000 ...
  Epoch     1/5000  loss=4.0446e-01  lr=2.00e-04  (0.0s)
    -> min_loss=1.201e-05  mean_rel_err=3.485e-04  min_digits=4  (59.1s)
[221/567] hidden=[128, 128, 128, 128] omega0=25.0 lr=0.0002 N=512 epochs=7000 ...
  Epoch     1/7000  loss=4.0446e-01  lr=2.00e-04  (0.0s)
    -> min_loss=9.258e-06  mean_rel_err=1.526e-03  min_digits=3  (83.2s)
[222/567] hidden=[128, 128, 128, 128] omega0=25.0 lr=0.0002 N=512 epochs=10000 ...
  Epoch     1/10000  loss=4.0446e-01  lr=2.00e-04  (0.0s)
    -> min_loss=7.823e-06  mean_rel_err=3.700e-04  min_digits=4  (117.9s)
[223/567] hidden=[128, 128, 128, 128] omega0=25.0 lr=0.0002 N=512 epochs=12000 ...
  Epoch     1/12000  loss=4.0446e-01  lr=2.00e-04  (0.0s)
    -> min_loss=6.070e-06  mean_rel_err=3.490e-03  min_digits=3  (141.0s)
[224/567] hidden=[128, 128, 128, 128] omega0=25.0 lr=0.0002 N=512 epochs=15000 ...
  Epoch     1/15000  loss=4.0446e-01  lr=2.00e-04  (0.0s)
    -> min_loss=6.215e-06  mean_rel_err=7.209e-04  min_digits=4  (176.4s)
[225/567] hidden=[128, 128, 128, 128] omega0=25.0 lr=0.0002 N=1024 epochs=2000 ...
  Epoch     1/2000  loss=3.8064e-01  lr=2.00e-04  (0.0s)
    -> min_loss=2.442e-05  mean_rel_err=4.060e-04  min_digits=4  (23.9s)
[226/567] hidden=[128, 128, 128, 128] omega0=25.0 lr=0.0002 N=1024 epochs=3000 ...
  Epoch     1/3000  loss=3.8064e-01  lr=2.00e-04  (0.0s)
    -> min_loss=1.467e-05  mean_rel_err=4.401e-04  min_digits=4  (36.7s)
[227/567] hidden=[128, 128, 128, 128] omega0=25.0 lr=0.0002 N=1024 epochs=5000 ...
  Epoch     1/5000  loss=3.8064e-01  lr=2.00e-04  (0.0s)
    -> min_loss=8.261e-06  mean_rel_err=2.812e-04  min_digits=4  (60.2s)
[228/567] hidden=[128, 128, 128, 128] omega0=25.0 lr=0.0002 N=1024 epochs=7000 ...
  Epoch     1/7000  loss=3.8064e-01  lr=2.00e-04  (0.0s)
    -> min_loss=5.426e-06  mean_rel_err=5.882e-04  min_digits=4  (84.1s)
[229/567] hidden=[128, 128, 128, 128] omega0=25.0 lr=0.0002 N=1024 epochs=10000 ...
  Epoch     1/10000  loss=3.8064e-01  lr=2.00e-04  (0.0s)
    -> min_loss=4.701e-06  mean_rel_err=6.742e-04  min_digits=3  (118.4s)
[230/567] hidden=[128, 128, 128, 128] omega0=25.0 lr=0.0002 N=1024 epochs=12000 ...
  Epoch     1/12000  loss=3.8064e-01  lr=2.00e-04  (0.0s)
    -> min_loss=3.817e-06  mean_rel_err=3.949e-04  min_digits=4  (144.5s)
[231/567] hidden=[128, 128, 128, 128] omega0=25.0 lr=0.0002 N=1024 epochs=15000 ...
  Epoch     1/15000  loss=3.8064e-01  lr=2.00e-04  (0.0s)
    -> min_loss=3.104e-06  mean_rel_err=1.015e-03  min_digits=3  (182.6s)
[232/567] hidden=[128, 128, 128, 128] omega0=25.0 lr=0.00025 N=256 epochs=2000 ...
  Epoch     1/2000  loss=3.3372e-01  lr=2.50e-04  (0.0s)
    -> min_loss=5.087e-05  mean_rel_err=1.038e-03  min_digits=4  (24.2s)
[233/567] hidden=[128, 128, 128, 128] omega0=25.0 lr=0.00025 N=256 epochs=3000 ...
  Epoch     1/3000  loss=3.3372e-01  lr=2.50e-04  (0.0s)
    -> min_loss=3.408e-05  mean_rel_err=6.466e-04  min_digits=4  (36.0s)
[234/567] hidden=[128, 128, 128, 128] omega0=25.0 lr=0.00025 N=256 epochs=5000 ...
  Epoch     1/5000  loss=3.3372e-01  lr=2.50e-04  (0.0s)
    -> min_loss=1.924e-05  mean_rel_err=8.342e-04  min_digits=4  (59.4s)
[235/567] hidden=[128, 128, 128, 128] omega0=25.0 lr=0.00025 N=256 epochs=7000 ...
  Epoch     1/7000  loss=3.3372e-01  lr=2.50e-04  (0.0s)
    -> min_loss=1.577e-05  mean_rel_err=1.043e-03  min_digits=4  (83.6s)
[236/567] hidden=[128, 128, 128, 128] omega0=25.0 lr=0.00025 N=256 epochs=10000 ...
  Epoch     1/10000  loss=3.3372e-01  lr=2.50e-04  (0.0s)
    -> min_loss=1.340e-05  mean_rel_err=7.822e-04  min_digits=3  (120.5s)
[237/567] hidden=[128, 128, 128, 128] omega0=25.0 lr=0.00025 N=256 epochs=12000 ...
  Epoch     1/12000  loss=3.3372e-01  lr=2.50e-04  (0.0s)
    -> min_loss=1.378e-05  mean_rel_err=2.837e-03  min_digits=3  (142.8s)
[238/567] hidden=[128, 128, 128, 128] omega0=25.0 lr=0.00025 N=256 epochs=15000 ...
  Epoch     1/15000  loss=3.3372e-01  lr=2.50e-04  (0.0s)
    -> min_loss=1.671e-05  mean_rel_err=1.057e-02  min_digits=3  (181.8s)
[239/567] hidden=[128, 128, 128, 128] omega0=25.0 lr=0.00025 N=512 epochs=2000 ...
  Epoch     1/2000  loss=4.0446e-01  lr=2.50e-04  (0.0s)
    -> min_loss=3.254e-05  mean_rel_err=3.512e-04  min_digits=4  (24.1s)
[240/567] hidden=[128, 128, 128, 128] omega0=25.0 lr=0.00025 N=512 epochs=3000 ...
  Epoch     1/3000  loss=4.0446e-01  lr=2.50e-04  (0.0s)
    -> min_loss=1.973e-05  mean_rel_err=5.952e-04  min_digits=4  (35.6s)
[241/567] hidden=[128, 128, 128, 128] omega0=25.0 lr=0.00025 N=512 epochs=5000 ...
  Epoch     1/5000  loss=4.0446e-01  lr=2.50e-04  (0.0s)
    -> min_loss=1.175e-05  mean_rel_err=4.610e-04  min_digits=4  (58.9s)
[242/567] hidden=[128, 128, 128, 128] omega0=25.0 lr=0.00025 N=512 epochs=7000 ...
  Epoch     1/7000  loss=4.0446e-01  lr=2.50e-04  (0.0s)
    -> min_loss=8.512e-06  mean_rel_err=7.682e-04  min_digits=4  (83.9s)
[243/567] hidden=[128, 128, 128, 128] omega0=25.0 lr=0.00025 N=512 epochs=10000 ...
  Epoch     1/10000  loss=4.0446e-01  lr=2.50e-04  (0.0s)
    -> min_loss=7.762e-06  mean_rel_err=8.286e-04  min_digits=3  (122.3s)
[244/567] hidden=[128, 128, 128, 128] omega0=25.0 lr=0.00025 N=512 epochs=12000 ...
  Epoch     1/12000  loss=4.0446e-01  lr=2.50e-04  (0.0s)
    -> min_loss=7.329e-06  mean_rel_err=3.040e-03  min_digits=3  (146.5s)
[245/567] hidden=[128, 128, 128, 128] omega0=25.0 lr=0.00025 N=512 epochs=15000 ...
  Epoch     1/15000  loss=4.0446e-01  lr=2.50e-04  (0.0s)
    -> min_loss=6.638e-06  mean_rel_err=5.558e-04  min_digits=4  (183.0s)
[246/567] hidden=[128, 128, 128, 128] omega0=25.0 lr=0.00025 N=1024 epochs=2000 ...
  Epoch     1/2000  loss=3.8064e-01  lr=2.50e-04  (0.0s)
    -> min_loss=2.151e-05  mean_rel_err=2.738e-04  min_digits=4  (24.5s)
[247/567] hidden=[128, 128, 128, 128] omega0=25.0 lr=0.00025 N=1024 epochs=3000 ...
  Epoch     1/3000  loss=3.8064e-01  lr=2.50e-04  (0.0s)
    -> min_loss=1.285e-05  mean_rel_err=2.905e-04  min_digits=3  (36.9s)
[248/567] hidden=[128, 128, 128, 128] omega0=25.0 lr=0.00025 N=1024 epochs=5000 ...
  Epoch     1/5000  loss=3.8064e-01  lr=2.50e-04  (0.0s)
    -> min_loss=7.172e-06  mean_rel_err=1.075e-03  min_digits=3  (60.9s)
[249/567] hidden=[128, 128, 128, 128] omega0=25.0 lr=0.00025 N=1024 epochs=7000 ...
  Epoch     1/7000  loss=3.8064e-01  lr=2.50e-04  (0.0s)
    -> min_loss=4.840e-06  mean_rel_err=5.225e-04  min_digits=4  (85.8s)
[250/567] hidden=[128, 128, 128, 128] omega0=25.0 lr=0.00025 N=1024 epochs=10000 ...
  Epoch     1/10000  loss=3.8064e-01  lr=2.50e-04  (0.0s)
    -> min_loss=3.901e-06  mean_rel_err=1.273e-03  min_digits=3  (118.5s)
[251/567] hidden=[128, 128, 128, 128] omega0=25.0 lr=0.00025 N=1024 epochs=12000 ...
  Epoch     1/12000  loss=3.8064e-01  lr=2.50e-04  (0.0s)
    -> min_loss=3.669e-06  mean_rel_err=9.482e-04  min_digits=4  (145.2s)
[252/567] hidden=[128, 128, 128, 128] omega0=25.0 lr=0.00025 N=1024 epochs=15000 ...
  Epoch     1/15000  loss=3.8064e-01  lr=2.50e-04  (0.0s)
    -> min_loss=3.233e-06  mean_rel_err=1.831e-03  min_digits=3  (183.8s)
[253/567] hidden=[128, 128, 128, 128] omega0=30.0 lr=0.00015 N=256 epochs=2000 ...
  Epoch     1/2000  loss=3.3372e-01  lr=1.50e-04  (0.0s)
    -> min_loss=6.287e-05  mean_rel_err=4.285e-04  min_digits=4  (24.0s)
[254/567] hidden=[128, 128, 128, 128] omega0=30.0 lr=0.00015 N=256 epochs=3000 ...
  Epoch     1/3000  loss=3.3372e-01  lr=1.50e-04  (0.0s)
    -> min_loss=4.199e-05  mean_rel_err=1.296e-03  min_digits=3  (36.5s)
[255/567] hidden=[128, 128, 128, 128] omega0=30.0 lr=0.00015 N=256 epochs=5000 ...
  Epoch     1/5000  loss=3.3372e-01  lr=1.50e-04  (0.0s)
    -> min_loss=2.048e-05  mean_rel_err=6.347e-04  min_digits=4  (59.8s)
[256/567] hidden=[128, 128, 128, 128] omega0=30.0 lr=0.00015 N=256 epochs=7000 ...
  Epoch     1/7000  loss=3.3372e-01  lr=1.50e-04  (0.0s)
    -> min_loss=1.877e-05  mean_rel_err=1.364e-03  min_digits=3  (83.8s)
[257/567] hidden=[128, 128, 128, 128] omega0=30.0 lr=0.00015 N=256 epochs=10000 ...
  Epoch     1/10000  loss=3.3372e-01  lr=1.50e-04  (0.0s)
    -> min_loss=1.214e-05  mean_rel_err=1.369e-03  min_digits=3  (119.2s)
[258/567] hidden=[128, 128, 128, 128] omega0=30.0 lr=0.00015 N=256 epochs=12000 ...
  Epoch     1/12000  loss=3.3372e-01  lr=1.50e-04  (0.0s)
    -> min_loss=1.366e-05  mean_rel_err=1.753e-03  min_digits=3  (140.7s)
[259/567] hidden=[128, 128, 128, 128] omega0=30.0 lr=0.00015 N=256 epochs=15000 ...
  Epoch     1/15000  loss=3.3372e-01  lr=1.50e-04  (0.0s)
    -> min_loss=1.046e-05  mean_rel_err=4.116e-03  min_digits=3  (178.0s)
[260/567] hidden=[128, 128, 128, 128] omega0=30.0 lr=0.00015 N=512 epochs=2000 ...
  Epoch     1/2000  loss=4.0445e-01  lr=1.50e-04  (0.0s)
    -> min_loss=4.319e-05  mean_rel_err=9.729e-04  min_digits=3  (25.1s)
[261/567] hidden=[128, 128, 128, 128] omega0=30.0 lr=0.00015 N=512 epochs=3000 ...
  Epoch     1/3000  loss=4.0445e-01  lr=1.50e-04  (0.0s)
    -> min_loss=2.330e-05  mean_rel_err=5.129e-04  min_digits=4  (35.9s)
[262/567] hidden=[128, 128, 128, 128] omega0=30.0 lr=0.00015 N=512 epochs=5000 ...
  Epoch     1/5000  loss=4.0445e-01  lr=1.50e-04  (0.0s)
    -> min_loss=1.282e-05  mean_rel_err=4.173e-04  min_digits=4  (61.0s)
[263/567] hidden=[128, 128, 128, 128] omega0=30.0 lr=0.00015 N=512 epochs=7000 ...
  Epoch     1/7000  loss=4.0445e-01  lr=1.50e-04  (0.0s)
    -> min_loss=8.981e-06  mean_rel_err=1.436e-03  min_digits=3  (84.9s)
[264/567] hidden=[128, 128, 128, 128] omega0=30.0 lr=0.00015 N=512 epochs=10000 ...
  Epoch     1/10000  loss=4.0445e-01  lr=1.50e-04  (0.0s)
    -> min_loss=6.461e-06  mean_rel_err=5.777e-04  min_digits=4  (120.3s)
[265/567] hidden=[128, 128, 128, 128] omega0=30.0 lr=0.00015 N=512 epochs=12000 ...
  Epoch     1/12000  loss=4.0445e-01  lr=1.50e-04  (0.0s)
    -> min_loss=5.588e-06  mean_rel_err=1.641e-03  min_digits=3  (145.6s)
[266/567] hidden=[128, 128, 128, 128] omega0=30.0 lr=0.00015 N=512 epochs=15000 ...
  Epoch     1/15000  loss=4.0445e-01  lr=1.50e-04  (0.0s)
    -> min_loss=4.937e-06  mean_rel_err=1.161e-03  min_digits=3  (176.0s)
[267/567] hidden=[128, 128, 128, 128] omega0=30.0 lr=0.00015 N=1024 epochs=2000 ...
  Epoch     1/2000  loss=3.8063e-01  lr=1.50e-04  (0.0s)
    -> min_loss=2.646e-05  mean_rel_err=9.414e-04  min_digits=3  (23.7s)
[268/567] hidden=[128, 128, 128, 128] omega0=30.0 lr=0.00015 N=1024 epochs=3000 ...
  Epoch     1/3000  loss=3.8063e-01  lr=1.50e-04  (0.0s)
    -> min_loss=1.749e-05  mean_rel_err=7.734e-04  min_digits=3  (37.0s)
[269/567] hidden=[128, 128, 128, 128] omega0=30.0 lr=0.00015 N=1024 epochs=5000 ...
  Epoch     1/5000  loss=3.8063e-01  lr=1.50e-04  (0.0s)
    -> min_loss=8.737e-06  mean_rel_err=2.393e-04  min_digits=4  (61.5s)
[270/567] hidden=[128, 128, 128, 128] omega0=30.0 lr=0.00015 N=1024 epochs=7000 ...
  Epoch     1/7000  loss=3.8063e-01  lr=1.50e-04  (0.0s)
    -> min_loss=6.144e-06  mean_rel_err=1.187e-03  min_digits=3  (86.0s)
[271/567] hidden=[128, 128, 128, 128] omega0=30.0 lr=0.00015 N=1024 epochs=10000 ...
  Epoch     1/10000  loss=3.8063e-01  lr=1.50e-04  (0.0s)
    -> min_loss=4.230e-06  mean_rel_err=1.545e-03  min_digits=3  (122.6s)
[272/567] hidden=[128, 128, 128, 128] omega0=30.0 lr=0.00015 N=1024 epochs=12000 ...
  Epoch     1/12000  loss=3.8063e-01  lr=1.50e-04  (0.0s)
    -> min_loss=4.095e-06  mean_rel_err=6.099e-04  min_digits=4  (148.0s)
[273/567] hidden=[128, 128, 128, 128] omega0=30.0 lr=0.00015 N=1024 epochs=15000 ...
  Epoch     1/15000  loss=3.8063e-01  lr=1.50e-04  (0.0s)
    -> min_loss=2.529e-06  mean_rel_err=1.079e-03  min_digits=4  (182.3s)
[274/567] hidden=[128, 128, 128, 128] omega0=30.0 lr=0.0002 N=256 epochs=2000 ...
  Epoch     1/2000  loss=3.3372e-01  lr=2.00e-04  (0.0s)
    -> min_loss=5.841e-05  mean_rel_err=1.323e-03  min_digits=3  (24.5s)
[275/567] hidden=[128, 128, 128, 128] omega0=30.0 lr=0.0002 N=256 epochs=3000 ...
  Epoch     1/3000  loss=3.3372e-01  lr=2.00e-04  (0.0s)
    -> min_loss=3.620e-05  mean_rel_err=1.024e-03  min_digits=3  (36.3s)
[276/567] hidden=[128, 128, 128, 128] omega0=30.0 lr=0.0002 N=256 epochs=5000 ...
  Epoch     1/5000  loss=3.3372e-01  lr=2.00e-04  (0.0s)
    -> min_loss=2.017e-05  mean_rel_err=5.915e-04  min_digits=4  (60.8s)
[277/567] hidden=[128, 128, 128, 128] omega0=30.0 lr=0.0002 N=256 epochs=7000 ...
  Epoch     1/7000  loss=3.3372e-01  lr=2.00e-04  (0.0s)
    -> min_loss=1.780e-05  mean_rel_err=1.499e-03  min_digits=3  (84.9s)
[278/567] hidden=[128, 128, 128, 128] omega0=30.0 lr=0.0002 N=256 epochs=10000 ...
  Epoch     1/10000  loss=3.3372e-01  lr=2.00e-04  (0.0s)
    -> min_loss=1.125e-05  mean_rel_err=4.054e-03  min_digits=3  (120.4s)
[279/567] hidden=[128, 128, 128, 128] omega0=30.0 lr=0.0002 N=256 epochs=12000 ...
  Epoch     1/12000  loss=3.3372e-01  lr=2.00e-04  (0.0s)
    -> min_loss=1.533e-05  mean_rel_err=1.550e-03  min_digits=3  (142.7s)
[280/567] hidden=[128, 128, 128, 128] omega0=30.0 lr=0.0002 N=256 epochs=15000 ...
  Epoch     1/15000  loss=3.3372e-01  lr=2.00e-04  (0.0s)
    -> min_loss=1.437e-05  mean_rel_err=1.261e-02  min_digits=2  (181.7s)
[281/567] hidden=[128, 128, 128, 128] omega0=30.0 lr=0.0002 N=512 epochs=2000 ...
  Epoch     1/2000  loss=4.0445e-01  lr=2.00e-04  (0.0s)
    -> min_loss=3.362e-05  mean_rel_err=2.133e-04  min_digits=4  (23.4s)
[282/567] hidden=[128, 128, 128, 128] omega0=30.0 lr=0.0002 N=512 epochs=3000 ...
  Epoch     1/3000  loss=4.0445e-01  lr=2.00e-04  (0.0s)
    -> min_loss=1.933e-05  mean_rel_err=5.676e-04  min_digits=4  (34.9s)
[283/567] hidden=[128, 128, 128, 128] omega0=30.0 lr=0.0002 N=512 epochs=5000 ...
  Epoch     1/5000  loss=4.0445e-01  lr=2.00e-04  (0.0s)
    -> min_loss=1.029e-05  mean_rel_err=9.378e-04  min_digits=3  (59.2s)
[284/567] hidden=[128, 128, 128, 128] omega0=30.0 lr=0.0002 N=512 epochs=7000 ...
  Epoch     1/7000  loss=4.0445e-01  lr=2.00e-04  (0.0s)
    -> min_loss=8.071e-06  mean_rel_err=1.457e-03  min_digits=3  (85.2s)
[285/567] hidden=[128, 128, 128, 128] omega0=30.0 lr=0.0002 N=512 epochs=10000 ...
  Epoch     1/10000  loss=4.0445e-01  lr=2.00e-04  (0.0s)
    -> min_loss=7.508e-06  mean_rel_err=1.020e-03  min_digits=3  (122.0s)
[286/567] hidden=[128, 128, 128, 128] omega0=30.0 lr=0.0002 N=512 epochs=12000 ...
  Epoch     1/12000  loss=4.0445e-01  lr=2.00e-04  (0.0s)
    -> min_loss=6.251e-06  mean_rel_err=1.240e-03  min_digits=3  (146.4s)
[287/567] hidden=[128, 128, 128, 128] omega0=30.0 lr=0.0002 N=512 epochs=15000 ...
  Epoch     1/15000  loss=4.0445e-01  lr=2.00e-04  (0.0s)
    -> min_loss=6.137e-06  mean_rel_err=2.747e-03  min_digits=3  (182.6s)
[288/567] hidden=[128, 128, 128, 128] omega0=30.0 lr=0.0002 N=1024 epochs=2000 ...
  Epoch     1/2000  loss=3.8063e-01  lr=2.00e-04  (0.0s)
    -> min_loss=2.115e-05  mean_rel_err=3.827e-04  min_digits=4  (23.7s)
[289/567] hidden=[128, 128, 128, 128] omega0=30.0 lr=0.0002 N=1024 epochs=3000 ...
  Epoch     1/3000  loss=3.8063e-01  lr=2.00e-04  (0.0s)
    -> min_loss=1.401e-05  mean_rel_err=6.290e-04  min_digits=3  (36.4s)
[290/567] hidden=[128, 128, 128, 128] omega0=30.0 lr=0.0002 N=1024 epochs=5000 ...
  Epoch     1/5000  loss=3.8063e-01  lr=2.00e-04  (0.0s)
    -> min_loss=7.308e-06  mean_rel_err=8.938e-04  min_digits=3  (60.5s)
[291/567] hidden=[128, 128, 128, 128] omega0=30.0 lr=0.0002 N=1024 epochs=7000 ...
  Epoch     1/7000  loss=3.8063e-01  lr=2.00e-04  (0.0s)
    -> min_loss=5.133e-06  mean_rel_err=1.015e-03  min_digits=3  (86.1s)
[292/567] hidden=[128, 128, 128, 128] omega0=30.0 lr=0.0002 N=1024 epochs=10000 ...
  Epoch     1/10000  loss=3.8063e-01  lr=2.00e-04  (0.0s)
    -> min_loss=3.974e-06  mean_rel_err=6.530e-04  min_digits=4  (119.9s)
[293/567] hidden=[128, 128, 128, 128] omega0=30.0 lr=0.0002 N=1024 epochs=12000 ...
  Epoch     1/12000  loss=3.8063e-01  lr=2.00e-04  (0.0s)
    -> min_loss=4.317e-06  mean_rel_err=4.731e-03  min_digits=3  (144.9s)
[294/567] hidden=[128, 128, 128, 128] omega0=30.0 lr=0.0002 N=1024 epochs=15000 ...
  Epoch     1/15000  loss=3.8063e-01  lr=2.00e-04  (0.0s)
    -> min_loss=2.983e-06  mean_rel_err=4.007e-03  min_digits=3  (178.6s)
[295/567] hidden=[128, 128, 128, 128] omega0=30.0 lr=0.00025 N=256 epochs=2000 ...
  Epoch     1/2000  loss=3.3372e-01  lr=2.50e-04  (0.0s)
    -> min_loss=5.489e-05  mean_rel_err=3.422e-03  min_digits=3  (23.7s)
[296/567] hidden=[128, 128, 128, 128] omega0=30.0 lr=0.00025 N=256 epochs=3000 ...
  Epoch     1/3000  loss=3.3372e-01  lr=2.50e-04  (0.0s)
    -> min_loss=3.268e-05  mean_rel_err=3.055e-03  min_digits=3  (36.0s)
[297/567] hidden=[128, 128, 128, 128] omega0=30.0 lr=0.00025 N=256 epochs=5000 ...
  Epoch     1/5000  loss=3.3372e-01  lr=2.50e-04  (0.0s)
    -> min_loss=1.999e-05  mean_rel_err=9.183e-04  min_digits=4  (59.6s)
[298/567] hidden=[128, 128, 128, 128] omega0=30.0 lr=0.00025 N=256 epochs=7000 ...
  Epoch     1/7000  loss=3.3372e-01  lr=2.50e-04  (0.0s)
    -> min_loss=1.781e-05  mean_rel_err=1.407e-03  min_digits=3  (81.9s)
[299/567] hidden=[128, 128, 128, 128] omega0=30.0 lr=0.00025 N=256 epochs=10000 ...
  Epoch     1/10000  loss=3.3372e-01  lr=2.50e-04  (0.0s)
    -> min_loss=1.229e-05  mean_rel_err=3.159e-03  min_digits=3  (118.1s)
[300/567] hidden=[128, 128, 128, 128] omega0=30.0 lr=0.00025 N=256 epochs=12000 ...
  Epoch     1/12000  loss=3.3372e-01  lr=2.50e-04  (0.0s)
    -> min_loss=1.644e-05  mean_rel_err=4.305e-03  min_digits=3  (144.3s)
[301/567] hidden=[128, 128, 128, 128] omega0=30.0 lr=0.00025 N=256 epochs=15000 ...
  Epoch     1/15000  loss=3.3372e-01  lr=2.50e-04  (0.0s)
    -> min_loss=1.387e-05  mean_rel_err=1.210e-02  min_digits=2  (180.9s)
[302/567] hidden=[128, 128, 128, 128] omega0=30.0 lr=0.00025 N=512 epochs=2000 ...
  Epoch     1/2000  loss=4.0445e-01  lr=2.50e-04  (0.0s)
    -> min_loss=3.075e-05  mean_rel_err=5.351e-04  min_digits=4  (23.7s)
[303/567] hidden=[128, 128, 128, 128] omega0=30.0 lr=0.00025 N=512 epochs=3000 ...
  Epoch     1/3000  loss=4.0445e-01  lr=2.50e-04  (0.0s)
    -> min_loss=1.651e-05  mean_rel_err=4.881e-04  min_digits=3  (36.0s)
[304/567] hidden=[128, 128, 128, 128] omega0=30.0 lr=0.00025 N=512 epochs=5000 ...
  Epoch     1/5000  loss=4.0445e-01  lr=2.50e-04  (0.0s)
    -> min_loss=1.028e-05  mean_rel_err=5.425e-04  min_digits=4  (59.5s)
[305/567] hidden=[128, 128, 128, 128] omega0=30.0 lr=0.00025 N=512 epochs=7000 ...
  Epoch     1/7000  loss=4.0445e-01  lr=2.50e-04  (0.0s)
    -> min_loss=7.696e-06  mean_rel_err=1.437e-03  min_digits=3  (84.5s)
[306/567] hidden=[128, 128, 128, 128] omega0=30.0 lr=0.00025 N=512 epochs=10000 ...
  Epoch     1/10000  loss=4.0445e-01  lr=2.50e-04  (0.0s)
    -> min_loss=8.743e-06  mean_rel_err=1.801e-03  min_digits=3  (122.3s)
[307/567] hidden=[128, 128, 128, 128] omega0=30.0 lr=0.00025 N=512 epochs=12000 ...
  Epoch     1/12000  loss=4.0445e-01  lr=2.50e-04  (0.0s)
    -> min_loss=7.301e-06  mean_rel_err=1.827e-03  min_digits=3  (147.5s)
[308/567] hidden=[128, 128, 128, 128] omega0=30.0 lr=0.00025 N=512 epochs=15000 ...
  Epoch     1/15000  loss=4.0445e-01  lr=2.50e-04  (0.0s)
    -> min_loss=6.329e-06  mean_rel_err=2.592e-03  min_digits=3  (178.1s)
[309/567] hidden=[128, 128, 128, 128] omega0=30.0 lr=0.00025 N=1024 epochs=2000 ...
  Epoch     1/2000  loss=3.8063e-01  lr=2.50e-04  (0.0s)
    -> min_loss=1.864e-05  mean_rel_err=2.136e-04  min_digits=4  (24.6s)
[310/567] hidden=[128, 128, 128, 128] omega0=30.0 lr=0.00025 N=1024 epochs=3000 ...
  Epoch     1/3000  loss=3.8063e-01  lr=2.50e-04  (0.0s)
    -> min_loss=1.218e-05  mean_rel_err=4.750e-04  min_digits=4  (36.8s)
[311/567] hidden=[128, 128, 128, 128] omega0=30.0 lr=0.00025 N=1024 epochs=5000 ...
  Epoch     1/5000  loss=3.8063e-01  lr=2.50e-04  (0.0s)
    -> min_loss=6.428e-06  mean_rel_err=5.310e-04  min_digits=4  (60.4s)
[312/567] hidden=[128, 128, 128, 128] omega0=30.0 lr=0.00025 N=1024 epochs=7000 ...
  Epoch     1/7000  loss=3.8063e-01  lr=2.50e-04  (0.0s)
    -> min_loss=4.740e-06  mean_rel_err=1.450e-03  min_digits=3  (86.1s)
[313/567] hidden=[128, 128, 128, 128] omega0=30.0 lr=0.00025 N=1024 epochs=10000 ...
  Epoch     1/10000  loss=3.8063e-01  lr=2.50e-04  (0.0s)
    -> min_loss=3.619e-06  mean_rel_err=2.933e-03  min_digits=3  (120.8s)
[314/567] hidden=[128, 128, 128, 128] omega0=30.0 lr=0.00025 N=1024 epochs=12000 ...
  Epoch     1/12000  loss=3.8063e-01  lr=2.50e-04  (0.0s)
    -> min_loss=3.822e-06  mean_rel_err=1.407e-03  min_digits=3  (144.2s)
[315/567] hidden=[128, 128, 128, 128] omega0=30.0 lr=0.00025 N=1024 epochs=15000 ...
  Epoch     1/15000  loss=3.8063e-01  lr=2.50e-04  (0.0s)
    -> min_loss=3.483e-06  mean_rel_err=3.366e-03  min_digits=3  (180.3s)
[316/567] hidden=[128, 128, 128, 128] omega0=35.0 lr=0.00015 N=256 epochs=2000 ...
  Epoch     1/2000  loss=3.3372e-01  lr=1.50e-04  (0.0s)
    -> min_loss=5.654e-05  mean_rel_err=4.279e-04  min_digits=4  (24.1s)
[317/567] hidden=[128, 128, 128, 128] omega0=35.0 lr=0.00015 N=256 epochs=3000 ...
  Epoch     1/3000  loss=3.3372e-01  lr=1.50e-04  (0.0s)
    -> min_loss=3.531e-05  mean_rel_err=1.200e-03  min_digits=3  (36.1s)
[318/567] hidden=[128, 128, 128, 128] omega0=35.0 lr=0.00015 N=256 epochs=5000 ...
  Epoch     1/5000  loss=3.3372e-01  lr=1.50e-04  (0.0s)
    -> min_loss=2.013e-05  mean_rel_err=8.076e-04  min_digits=3  (60.4s)
[319/567] hidden=[128, 128, 128, 128] omega0=35.0 lr=0.00015 N=256 epochs=7000 ...
  Epoch     1/7000  loss=3.3372e-01  lr=1.50e-04  (0.0s)
    -> min_loss=1.690e-05  mean_rel_err=2.356e-03  min_digits=3  (84.1s)
[320/567] hidden=[128, 128, 128, 128] omega0=35.0 lr=0.00015 N=256 epochs=10000 ...
  Epoch     1/10000  loss=3.3372e-01  lr=1.50e-04  (0.0s)
    -> min_loss=1.386e-05  mean_rel_err=4.307e-03  min_digits=3  (120.5s)
[321/567] hidden=[128, 128, 128, 128] omega0=35.0 lr=0.00015 N=256 epochs=12000 ...
  Epoch     1/12000  loss=3.3372e-01  lr=1.50e-04  (0.0s)
    -> min_loss=1.410e-05  mean_rel_err=1.424e-03  min_digits=3  (147.0s)
[322/567] hidden=[128, 128, 128, 128] omega0=35.0 lr=0.00015 N=256 epochs=15000 ...
  Epoch     1/15000  loss=3.3372e-01  lr=1.50e-04  (0.0s)
    -> min_loss=1.309e-05  mean_rel_err=8.542e-03  min_digits=3  (178.9s)
[323/567] hidden=[128, 128, 128, 128] omega0=35.0 lr=0.00015 N=512 epochs=2000 ...
  Epoch     1/2000  loss=4.0445e-01  lr=1.50e-04  (0.0s)
    -> min_loss=3.642e-05  mean_rel_err=5.489e-04  min_digits=4  (24.3s)
[324/567] hidden=[128, 128, 128, 128] omega0=35.0 lr=0.00015 N=512 epochs=3000 ...
  Epoch     1/3000  loss=4.0445e-01  lr=1.50e-04  (0.0s)
    -> min_loss=2.077e-05  mean_rel_err=3.737e-04  min_digits=4  (36.7s)
[325/567] hidden=[128, 128, 128, 128] omega0=35.0 lr=0.00015 N=512 epochs=5000 ...
  Epoch     1/5000  loss=4.0445e-01  lr=1.50e-04  (0.0s)
    -> min_loss=1.176e-05  mean_rel_err=4.853e-04  min_digits=4  (60.2s)
[326/567] hidden=[128, 128, 128, 128] omega0=35.0 lr=0.00015 N=512 epochs=7000 ...
  Epoch     1/7000  loss=4.0445e-01  lr=1.50e-04  (0.0s)
    -> min_loss=7.811e-06  mean_rel_err=1.057e-03  min_digits=3  (83.6s)
[327/567] hidden=[128, 128, 128, 128] omega0=35.0 lr=0.00015 N=512 epochs=10000 ...
  Epoch     1/10000  loss=4.0445e-01  lr=1.50e-04  (0.0s)
    -> min_loss=8.077e-06  mean_rel_err=6.382e-04  min_digits=4  (122.8s)
[328/567] hidden=[128, 128, 128, 128] omega0=35.0 lr=0.00015 N=512 epochs=12000 ...
  Epoch     1/12000  loss=4.0445e-01  lr=1.50e-04  (0.0s)
    -> min_loss=6.577e-06  mean_rel_err=4.760e-04  min_digits=3  (144.9s)
[329/567] hidden=[128, 128, 128, 128] omega0=35.0 lr=0.00015 N=512 epochs=15000 ...
  Epoch     1/15000  loss=4.0445e-01  lr=1.50e-04  (0.0s)
    -> min_loss=5.343e-06  mean_rel_err=9.958e-04  min_digits=3  (180.9s)
[330/567] hidden=[128, 128, 128, 128] omega0=35.0 lr=0.00015 N=1024 epochs=2000 ...
  Epoch     1/2000  loss=3.8063e-01  lr=1.50e-04  (0.0s)
    -> min_loss=2.504e-05  mean_rel_err=1.963e-04  min_digits=4  (24.1s)
[331/567] hidden=[128, 128, 128, 128] omega0=35.0 lr=0.00015 N=1024 epochs=3000 ...
  Epoch     1/3000  loss=3.8063e-01  lr=1.50e-04  (0.0s)
    -> min_loss=1.532e-05  mean_rel_err=4.283e-04  min_digits=4  (35.5s)
[332/567] hidden=[128, 128, 128, 128] omega0=35.0 lr=0.00015 N=1024 epochs=5000 ...
  Epoch     1/5000  loss=3.8063e-01  lr=1.50e-04  (0.0s)
    -> min_loss=8.263e-06  mean_rel_err=5.208e-04  min_digits=4  (59.4s)
[333/567] hidden=[128, 128, 128, 128] omega0=35.0 lr=0.00015 N=1024 epochs=7000 ...
  Epoch     1/7000  loss=3.8063e-01  lr=1.50e-04  (0.0s)
    -> min_loss=5.666e-06  mean_rel_err=1.182e-03  min_digits=3  (84.8s)
[334/567] hidden=[128, 128, 128, 128] omega0=35.0 lr=0.00015 N=1024 epochs=10000 ...
  Epoch     1/10000  loss=3.8063e-01  lr=1.50e-04  (0.0s)
    -> min_loss=4.500e-06  mean_rel_err=9.638e-04  min_digits=4  (123.3s)
[335/567] hidden=[128, 128, 128, 128] omega0=35.0 lr=0.00015 N=1024 epochs=12000 ...
  Epoch     1/12000  loss=3.8063e-01  lr=1.50e-04  (0.0s)
    -> min_loss=3.708e-06  mean_rel_err=4.483e-03  min_digits=3  (148.3s)
[336/567] hidden=[128, 128, 128, 128] omega0=35.0 lr=0.00015 N=1024 epochs=15000 ...
  Epoch     1/15000  loss=3.8063e-01  lr=1.50e-04  (0.0s)
    -> min_loss=3.259e-06  mean_rel_err=9.511e-04  min_digits=3  (184.9s)
[337/567] hidden=[128, 128, 128, 128] omega0=35.0 lr=0.0002 N=256 epochs=2000 ...
  Epoch     1/2000  loss=3.3372e-01  lr=2.00e-04  (0.0s)
    -> min_loss=5.328e-05  mean_rel_err=1.839e-03  min_digits=3  (24.1s)
[338/567] hidden=[128, 128, 128, 128] omega0=35.0 lr=0.0002 N=256 epochs=3000 ...
  Epoch     1/3000  loss=3.3372e-01  lr=2.00e-04  (0.0s)
    -> min_loss=3.260e-05  mean_rel_err=1.115e-03  min_digits=3  (36.2s)
[339/567] hidden=[128, 128, 128, 128] omega0=35.0 lr=0.0002 N=256 epochs=5000 ...
  Epoch     1/5000  loss=3.3372e-01  lr=2.00e-04  (0.0s)
    -> min_loss=1.940e-05  mean_rel_err=7.798e-04  min_digits=4  (59.0s)
[340/567] hidden=[128, 128, 128, 128] omega0=35.0 lr=0.0002 N=256 epochs=7000 ...
  Epoch     1/7000  loss=3.3372e-01  lr=2.00e-04  (0.0s)
    -> min_loss=1.756e-05  mean_rel_err=1.328e-03  min_digits=3  (83.1s)
[341/567] hidden=[128, 128, 128, 128] omega0=35.0 lr=0.0002 N=256 epochs=10000 ...
  Epoch     1/10000  loss=3.3372e-01  lr=2.00e-04  (0.0s)
    -> min_loss=1.543e-05  mean_rel_err=3.432e-03  min_digits=3  (120.9s)
[342/567] hidden=[128, 128, 128, 128] omega0=35.0 lr=0.0002 N=256 epochs=12000 ...
  Epoch     1/12000  loss=3.3372e-01  lr=2.00e-04  (0.0s)
    -> min_loss=1.508e-05  mean_rel_err=2.431e-03  min_digits=3  (145.8s)
[343/567] hidden=[128, 128, 128, 128] omega0=35.0 lr=0.0002 N=256 epochs=15000 ...
  Epoch     1/15000  loss=3.3372e-01  lr=2.00e-04  (0.0s)
    -> min_loss=1.494e-05  mean_rel_err=8.815e-03  min_digits=2  (180.2s)
[344/567] hidden=[128, 128, 128, 128] omega0=35.0 lr=0.0002 N=512 epochs=2000 ...
  Epoch     1/2000  loss=4.0445e-01  lr=2.00e-04  (0.0s)
    -> min_loss=3.271e-05  mean_rel_err=4.956e-04  min_digits=3  (24.3s)
[345/567] hidden=[128, 128, 128, 128] omega0=35.0 lr=0.0002 N=512 epochs=3000 ...
  Epoch     1/3000  loss=4.0445e-01  lr=2.00e-04  (0.0s)
    -> min_loss=1.678e-05  mean_rel_err=5.730e-04  min_digits=4  (36.2s)
[346/567] hidden=[128, 128, 128, 128] omega0=35.0 lr=0.0002 N=512 epochs=5000 ...
  Epoch     1/5000  loss=4.0445e-01  lr=2.00e-04  (0.0s)
    -> min_loss=1.035e-05  mean_rel_err=3.766e-04  min_digits=4  (59.2s)
[347/567] hidden=[128, 128, 128, 128] omega0=35.0 lr=0.0002 N=512 epochs=7000 ...
  Epoch     1/7000  loss=4.0445e-01  lr=2.00e-04  (0.0s)
    -> min_loss=8.542e-06  mean_rel_err=1.930e-03  min_digits=3  (83.3s)
[348/567] hidden=[128, 128, 128, 128] omega0=35.0 lr=0.0002 N=512 epochs=10000 ...
  Epoch     1/10000  loss=4.0445e-01  lr=2.00e-04  (0.0s)
    -> min_loss=7.468e-06  mean_rel_err=8.415e-04  min_digits=3  (121.0s)
[349/567] hidden=[128, 128, 128, 128] omega0=35.0 lr=0.0002 N=512 epochs=12000 ...
  Epoch     1/12000  loss=4.0445e-01  lr=2.00e-04  (0.0s)
    -> min_loss=7.156e-06  mean_rel_err=2.175e-03  min_digits=3  (146.8s)
[350/567] hidden=[128, 128, 128, 128] omega0=35.0 lr=0.0002 N=512 epochs=15000 ...
  Epoch     1/15000  loss=4.0445e-01  lr=2.00e-04  (0.0s)
    -> min_loss=7.028e-06  mean_rel_err=1.517e-03  min_digits=3  (185.0s)
[351/567] hidden=[128, 128, 128, 128] omega0=35.0 lr=0.0002 N=1024 epochs=2000 ...
  Epoch     1/2000  loss=3.8063e-01  lr=2.00e-04  (0.0s)
    -> min_loss=2.037e-05  mean_rel_err=4.552e-04  min_digits=4  (24.4s)
[352/567] hidden=[128, 128, 128, 128] omega0=35.0 lr=0.0002 N=1024 epochs=3000 ...
  Epoch     1/3000  loss=3.8063e-01  lr=2.00e-04  (0.0s)
    -> min_loss=1.173e-05  mean_rel_err=4.245e-04  min_digits=4  (37.0s)
[353/567] hidden=[128, 128, 128, 128] omega0=35.0 lr=0.0002 N=1024 epochs=5000 ...
  Epoch     1/5000  loss=3.8063e-01  lr=2.00e-04  (0.0s)
    -> min_loss=6.395e-06  mean_rel_err=4.373e-04  min_digits=4  (61.0s)
[354/567] hidden=[128, 128, 128, 128] omega0=35.0 lr=0.0002 N=1024 epochs=7000 ...
  Epoch     1/7000  loss=3.8063e-01  lr=2.00e-04  (0.0s)
    -> min_loss=4.372e-06  mean_rel_err=1.104e-03  min_digits=3  (85.0s)
[355/567] hidden=[128, 128, 128, 128] omega0=35.0 lr=0.0002 N=1024 epochs=10000 ...
  Epoch     1/10000  loss=3.8063e-01  lr=2.00e-04  (0.0s)
    -> min_loss=3.765e-06  mean_rel_err=7.981e-04  min_digits=4  (122.8s)
[356/567] hidden=[128, 128, 128, 128] omega0=35.0 lr=0.0002 N=1024 epochs=12000 ...
  Epoch     1/12000  loss=3.8063e-01  lr=2.00e-04  (0.0s)
    -> min_loss=2.861e-06  mean_rel_err=1.331e-03  min_digits=3  (145.9s)
[357/567] hidden=[128, 128, 128, 128] omega0=35.0 lr=0.0002 N=1024 epochs=15000 ...
  Epoch     1/15000  loss=3.8063e-01  lr=2.00e-04  (0.0s)
    -> min_loss=2.721e-06  mean_rel_err=1.701e-03  min_digits=3  (181.2s)
[358/567] hidden=[128, 128, 128, 128] omega0=35.0 lr=0.00025 N=256 epochs=2000 ...
  Epoch     1/2000  loss=3.3372e-01  lr=2.50e-04  (0.0s)
    -> min_loss=5.194e-05  mean_rel_err=4.313e-03  min_digits=3  (24.3s)
[359/567] hidden=[128, 128, 128, 128] omega0=35.0 lr=0.00025 N=256 epochs=3000 ...
  Epoch     1/3000  loss=3.3372e-01  lr=2.50e-04  (0.0s)
    -> min_loss=3.338e-05  mean_rel_err=3.087e-03  min_digits=3  (36.8s)
[360/567] hidden=[128, 128, 128, 128] omega0=35.0 lr=0.00025 N=256 epochs=5000 ...
  Epoch     1/5000  loss=3.3372e-01  lr=2.50e-04  (0.0s)
    -> min_loss=1.961e-05  mean_rel_err=8.361e-04  min_digits=4  (59.3s)
[361/567] hidden=[128, 128, 128, 128] omega0=35.0 lr=0.00025 N=256 epochs=7000 ...
  Epoch     1/7000  loss=3.3372e-01  lr=2.50e-04  (0.0s)
    -> min_loss=1.812e-05  mean_rel_err=1.587e-03  min_digits=3  (82.3s)
[362/567] hidden=[128, 128, 128, 128] omega0=35.0 lr=0.00025 N=256 epochs=10000 ...
  Epoch     1/10000  loss=3.3372e-01  lr=2.50e-04  (0.0s)
    -> min_loss=1.456e-05  mean_rel_err=1.350e-03  min_digits=3  (121.3s)
[363/567] hidden=[128, 128, 128, 128] omega0=35.0 lr=0.00025 N=256 epochs=12000 ...
  Epoch     1/12000  loss=3.3372e-01  lr=2.50e-04  (0.0s)
    -> min_loss=1.791e-05  mean_rel_err=2.255e-03  min_digits=3  (144.8s)
[364/567] hidden=[128, 128, 128, 128] omega0=35.0 lr=0.00025 N=256 epochs=15000 ...
  Epoch     1/15000  loss=3.3372e-01  lr=2.50e-04  (0.0s)
    -> min_loss=1.855e-05  mean_rel_err=3.656e-03  min_digits=3  (176.3s)
[365/567] hidden=[128, 128, 128, 128] omega0=35.0 lr=0.00025 N=512 epochs=2000 ...
  Epoch     1/2000  loss=4.0445e-01  lr=2.50e-04  (0.0s)
    -> min_loss=2.974e-05  mean_rel_err=5.574e-04  min_digits=4  (23.8s)
[366/567] hidden=[128, 128, 128, 128] omega0=35.0 lr=0.00025 N=512 epochs=3000 ...
  Epoch     1/3000  loss=4.0445e-01  lr=2.50e-04  (0.0s)
    -> min_loss=1.622e-05  mean_rel_err=7.938e-04  min_digits=4  (35.9s)
[367/567] hidden=[128, 128, 128, 128] omega0=35.0 lr=0.00025 N=512 epochs=5000 ...
  Epoch     1/5000  loss=4.0445e-01  lr=2.50e-04  (0.0s)
    -> min_loss=1.017e-05  mean_rel_err=2.886e-04  min_digits=4  (60.9s)
[368/567] hidden=[128, 128, 128, 128] omega0=35.0 lr=0.00025 N=512 epochs=7000 ...
  Epoch     1/7000  loss=4.0445e-01  lr=2.50e-04  (0.0s)
    -> min_loss=8.308e-06  mean_rel_err=2.506e-03  min_digits=3  (85.5s)
[369/567] hidden=[128, 128, 128, 128] omega0=35.0 lr=0.00025 N=512 epochs=10000 ...
  Epoch     1/10000  loss=4.0445e-01  lr=2.50e-04  (0.0s)
    -> min_loss=9.456e-06  mean_rel_err=9.114e-04  min_digits=3  (121.2s)
[370/567] hidden=[128, 128, 128, 128] omega0=35.0 lr=0.00025 N=512 epochs=12000 ...
  Epoch     1/12000  loss=4.0445e-01  lr=2.50e-04  (0.0s)
    -> min_loss=8.735e-06  mean_rel_err=1.646e-03  min_digits=3  (145.2s)
[371/567] hidden=[128, 128, 128, 128] omega0=35.0 lr=0.00025 N=512 epochs=15000 ...
  Epoch     1/15000  loss=4.0445e-01  lr=2.50e-04  (0.0s)
    -> min_loss=7.779e-06  mean_rel_err=1.927e-03  min_digits=3  (178.7s)
[372/567] hidden=[128, 128, 128, 128] omega0=35.0 lr=0.00025 N=1024 epochs=2000 ...
  Epoch     1/2000  loss=3.8063e-01  lr=2.50e-04  (0.0s)
    -> min_loss=1.758e-05  mean_rel_err=2.870e-04  min_digits=4  (24.2s)
[373/567] hidden=[128, 128, 128, 128] omega0=35.0 lr=0.00025 N=1024 epochs=3000 ...
  Epoch     1/3000  loss=3.8063e-01  lr=2.50e-04  (0.0s)
    -> min_loss=9.755e-06  mean_rel_err=3.617e-04  min_digits=4  (35.6s)
[374/567] hidden=[128, 128, 128, 128] omega0=35.0 lr=0.00025 N=1024 epochs=5000 ...
  Epoch     1/5000  loss=3.8063e-01  lr=2.50e-04  (0.0s)
    -> min_loss=5.738e-06  mean_rel_err=1.299e-03  min_digits=3  (59.2s)
[375/567] hidden=[128, 128, 128, 128] omega0=35.0 lr=0.00025 N=1024 epochs=7000 ...
  Epoch     1/7000  loss=3.8063e-01  lr=2.50e-04  (0.0s)
    -> min_loss=4.738e-06  mean_rel_err=6.890e-04  min_digits=3  (83.0s)
[376/567] hidden=[128, 128, 128, 128] omega0=35.0 lr=0.00025 N=1024 epochs=10000 ...
  Epoch     1/10000  loss=3.8063e-01  lr=2.50e-04  (0.0s)
    -> min_loss=3.930e-06  mean_rel_err=1.647e-03  min_digits=3  (120.3s)
[377/567] hidden=[128, 128, 128, 128] omega0=35.0 lr=0.00025 N=1024 epochs=12000 ...
  Epoch     1/12000  loss=3.8063e-01  lr=2.50e-04  (0.0s)
    -> min_loss=3.059e-06  mean_rel_err=7.705e-04  min_digits=4  (145.1s)
[378/567] hidden=[128, 128, 128, 128] omega0=35.0 lr=0.00025 N=1024 epochs=15000 ...
  Epoch     1/15000  loss=3.8063e-01  lr=2.50e-04  (0.0s)
    -> min_loss=3.257e-06  mean_rel_err=1.924e-03  min_digits=3  (179.2s)
[379/567] hidden=[160, 160, 160, 160] omega0=25.0 lr=0.00015 N=256 epochs=2000 ...
  Epoch     1/2000  loss=3.8328e-01  lr=1.50e-04  (0.0s)
    -> min_loss=4.475e-05  mean_rel_err=2.113e-03  min_digits=3  (23.6s)
[380/567] hidden=[160, 160, 160, 160] omega0=25.0 lr=0.00015 N=256 epochs=3000 ...
  Epoch     1/3000  loss=3.8328e-01  lr=1.50e-04  (0.0s)
    -> min_loss=3.012e-05  mean_rel_err=5.702e-04  min_digits=3  (35.0s)
[381/567] hidden=[160, 160, 160, 160] omega0=25.0 lr=0.00015 N=256 epochs=5000 ...
  Epoch     1/5000  loss=3.8328e-01  lr=1.50e-04  (0.0s)
    -> min_loss=1.763e-05  mean_rel_err=4.373e-04  min_digits=4  (59.3s)
[382/567] hidden=[160, 160, 160, 160] omega0=25.0 lr=0.00015 N=256 epochs=7000 ...
  Epoch     1/7000  loss=3.8328e-01  lr=1.50e-04  (0.0s)
    -> min_loss=1.374e-05  mean_rel_err=9.773e-04  min_digits=4  (82.9s)
[383/567] hidden=[160, 160, 160, 160] omega0=25.0 lr=0.00015 N=256 epochs=10000 ...
  Epoch     1/10000  loss=3.8328e-01  lr=1.50e-04  (0.0s)
    -> min_loss=1.141e-05  mean_rel_err=1.613e-03  min_digits=3  (118.2s)
[384/567] hidden=[160, 160, 160, 160] omega0=25.0 lr=0.00015 N=256 epochs=12000 ...
  Epoch     1/12000  loss=3.8328e-01  lr=1.50e-04  (0.0s)
    -> min_loss=1.033e-05  mean_rel_err=1.305e-03  min_digits=3  (144.7s)
[385/567] hidden=[160, 160, 160, 160] omega0=25.0 lr=0.00015 N=256 epochs=15000 ...
  Epoch     1/15000  loss=3.8328e-01  lr=1.50e-04  (0.0s)
    -> min_loss=9.734e-06  mean_rel_err=1.345e-03  min_digits=4  (174.8s)
[386/567] hidden=[160, 160, 160, 160] omega0=25.0 lr=0.00015 N=512 epochs=2000 ...
  Epoch     1/2000  loss=4.0159e-01  lr=1.50e-04  (0.0s)
    -> min_loss=2.996e-05  mean_rel_err=5.390e-04  min_digits=3  (23.3s)
[387/567] hidden=[160, 160, 160, 160] omega0=25.0 lr=0.00015 N=512 epochs=3000 ...
  Epoch     1/3000  loss=4.0159e-01  lr=1.50e-04  (0.0s)
    -> min_loss=1.689e-05  mean_rel_err=4.839e-04  min_digits=4  (36.5s)
[388/567] hidden=[160, 160, 160, 160] omega0=25.0 lr=0.00015 N=512 epochs=5000 ...
  Epoch     1/5000  loss=4.0159e-01  lr=1.50e-04  (0.0s)
    -> min_loss=9.721e-06  mean_rel_err=3.498e-04  min_digits=4  (59.8s)
[389/567] hidden=[160, 160, 160, 160] omega0=25.0 lr=0.00015 N=512 epochs=7000 ...
  Epoch     1/7000  loss=4.0159e-01  lr=1.50e-04  (0.0s)
    -> min_loss=6.778e-06  mean_rel_err=8.349e-04  min_digits=3  (84.9s)
[390/567] hidden=[160, 160, 160, 160] omega0=25.0 lr=0.00015 N=512 epochs=10000 ...
  Epoch     1/10000  loss=4.0159e-01  lr=1.50e-04  (0.0s)
    -> min_loss=5.692e-06  mean_rel_err=1.200e-03  min_digits=3  (123.0s)
[391/567] hidden=[160, 160, 160, 160] omega0=25.0 lr=0.00015 N=512 epochs=12000 ...
  Epoch     1/12000  loss=4.0159e-01  lr=1.50e-04  (0.0s)
    -> min_loss=4.464e-06  mean_rel_err=1.401e-03  min_digits=3  (146.1s)
[392/567] hidden=[160, 160, 160, 160] omega0=25.0 lr=0.00015 N=512 epochs=15000 ...
  Epoch     1/15000  loss=4.0159e-01  lr=1.50e-04  (0.0s)
    -> min_loss=4.652e-06  mean_rel_err=2.373e-03  min_digits=3  (183.1s)
[393/567] hidden=[160, 160, 160, 160] omega0=25.0 lr=0.00015 N=1024 epochs=2000 ...
  Epoch     1/2000  loss=3.6473e-01  lr=1.50e-04  (0.0s)
    -> min_loss=2.059e-05  mean_rel_err=4.650e-04  min_digits=4  (24.3s)
[394/567] hidden=[160, 160, 160, 160] omega0=25.0 lr=0.00015 N=1024 epochs=3000 ...
  Epoch     1/3000  loss=3.6473e-01  lr=1.50e-04  (0.0s)
    -> min_loss=1.266e-05  mean_rel_err=4.489e-04  min_digits=4  (36.1s)
[395/567] hidden=[160, 160, 160, 160] omega0=25.0 lr=0.00015 N=1024 epochs=5000 ...
  Epoch     1/5000  loss=3.6473e-01  lr=1.50e-04  (0.0s)
    -> min_loss=6.069e-06  mean_rel_err=8.562e-04  min_digits=4  (60.6s)
[396/567] hidden=[160, 160, 160, 160] omega0=25.0 lr=0.00015 N=1024 epochs=7000 ...
  Epoch     1/7000  loss=3.6473e-01  lr=1.50e-04  (0.0s)
    -> min_loss=4.794e-06  mean_rel_err=5.425e-04  min_digits=4  (84.8s)
[397/567] hidden=[160, 160, 160, 160] omega0=25.0 lr=0.00015 N=1024 epochs=10000 ...
  Epoch     1/10000  loss=3.6473e-01  lr=1.50e-04  (0.0s)
    -> min_loss=3.759e-06  mean_rel_err=4.576e-04  min_digits=4  (120.6s)
[398/567] hidden=[160, 160, 160, 160] omega0=25.0 lr=0.00015 N=1024 epochs=12000 ...
  Epoch     1/12000  loss=3.6473e-01  lr=1.50e-04  (0.0s)
    -> min_loss=2.639e-06  mean_rel_err=3.723e-04  min_digits=4  (141.7s)
[399/567] hidden=[160, 160, 160, 160] omega0=25.0 lr=0.00015 N=1024 epochs=15000 ...
  Epoch     1/15000  loss=3.6473e-01  lr=1.50e-04  (0.0s)
    -> min_loss=2.464e-06  mean_rel_err=1.212e-03  min_digits=3  (178.4s)
[400/567] hidden=[160, 160, 160, 160] omega0=25.0 lr=0.0002 N=256 epochs=2000 ...
  Epoch     1/2000  loss=3.8328e-01  lr=2.00e-04  (0.0s)
    -> min_loss=4.031e-05  mean_rel_err=3.319e-03  min_digits=3  (23.9s)
[401/567] hidden=[160, 160, 160, 160] omega0=25.0 lr=0.0002 N=256 epochs=3000 ...
  Epoch     1/3000  loss=3.8328e-01  lr=2.00e-04  (0.0s)
    -> min_loss=2.633e-05  mean_rel_err=9.914e-04  min_digits=3  (36.0s)
[402/567] hidden=[160, 160, 160, 160] omega0=25.0 lr=0.0002 N=256 epochs=5000 ...
  Epoch     1/5000  loss=3.8328e-01  lr=2.00e-04  (0.0s)
    -> min_loss=1.513e-05  mean_rel_err=1.725e-03  min_digits=3  (59.5s)
[403/567] hidden=[160, 160, 160, 160] omega0=25.0 lr=0.0002 N=256 epochs=7000 ...
  Epoch     1/7000  loss=3.8328e-01  lr=2.00e-04  (0.0s)
    -> min_loss=1.356e-05  mean_rel_err=1.320e-03  min_digits=3  (84.4s)
[404/567] hidden=[160, 160, 160, 160] omega0=25.0 lr=0.0002 N=256 epochs=10000 ...
  Epoch     1/10000  loss=3.8328e-01  lr=2.00e-04  (0.0s)
    -> min_loss=1.410e-05  mean_rel_err=3.733e-03  min_digits=3  (119.2s)
[405/567] hidden=[160, 160, 160, 160] omega0=25.0 lr=0.0002 N=256 epochs=12000 ...
  Epoch     1/12000  loss=3.8328e-01  lr=2.00e-04  (0.0s)
    -> min_loss=1.408e-05  mean_rel_err=1.768e-03  min_digits=3  (143.9s)
[406/567] hidden=[160, 160, 160, 160] omega0=25.0 lr=0.0002 N=256 epochs=15000 ...
  Epoch     1/15000  loss=3.8328e-01  lr=2.00e-04  (0.0s)
    -> min_loss=1.325e-05  mean_rel_err=2.098e-03  min_digits=3  (180.3s)
[407/567] hidden=[160, 160, 160, 160] omega0=25.0 lr=0.0002 N=512 epochs=2000 ...
  Epoch     1/2000  loss=4.0159e-01  lr=2.00e-04  (0.0s)
    -> min_loss=2.627e-05  mean_rel_err=6.824e-04  min_digits=3  (23.6s)
[408/567] hidden=[160, 160, 160, 160] omega0=25.0 lr=0.0002 N=512 epochs=3000 ...
  Epoch     1/3000  loss=4.0159e-01  lr=2.00e-04  (0.0s)
    -> min_loss=1.497e-05  mean_rel_err=4.416e-04  min_digits=4  (35.9s)
[409/567] hidden=[160, 160, 160, 160] omega0=25.0 lr=0.0002 N=512 epochs=5000 ...
  Epoch     1/5000  loss=4.0159e-01  lr=2.00e-04  (0.0s)
    -> min_loss=8.279e-06  mean_rel_err=5.190e-04  min_digits=4  (61.9s)
[410/567] hidden=[160, 160, 160, 160] omega0=25.0 lr=0.0002 N=512 epochs=7000 ...
  Epoch     1/7000  loss=4.0159e-01  lr=2.00e-04  (0.0s)
    -> min_loss=5.974e-06  mean_rel_err=8.091e-04  min_digits=4  (87.4s)
[411/567] hidden=[160, 160, 160, 160] omega0=25.0 lr=0.0002 N=512 epochs=10000 ...
  Epoch     1/10000  loss=4.0159e-01  lr=2.00e-04  (0.0s)
    -> min_loss=5.392e-06  mean_rel_err=7.328e-04  min_digits=4  (121.1s)
[412/567] hidden=[160, 160, 160, 160] omega0=25.0 lr=0.0002 N=512 epochs=12000 ...
  Epoch     1/12000  loss=4.0159e-01  lr=2.00e-04  (0.0s)
    -> min_loss=4.866e-06  mean_rel_err=1.055e-03  min_digits=4  (144.5s)
[413/567] hidden=[160, 160, 160, 160] omega0=25.0 lr=0.0002 N=512 epochs=15000 ...
  Epoch     1/15000  loss=4.0159e-01  lr=2.00e-04  (0.0s)
    -> min_loss=4.921e-06  mean_rel_err=5.991e-03  min_digits=3  (181.8s)
[414/567] hidden=[160, 160, 160, 160] omega0=25.0 lr=0.0002 N=1024 epochs=2000 ...
  Epoch     1/2000  loss=3.6473e-01  lr=2.00e-04  (0.0s)
    -> min_loss=1.671e-05  mean_rel_err=4.290e-04  min_digits=4  (24.0s)
[415/567] hidden=[160, 160, 160, 160] omega0=25.0 lr=0.0002 N=1024 epochs=3000 ...
  Epoch     1/3000  loss=3.6473e-01  lr=2.00e-04  (0.0s)
    -> min_loss=1.055e-05  mean_rel_err=5.567e-04  min_digits=4  (35.9s)
[416/567] hidden=[160, 160, 160, 160] omega0=25.0 lr=0.0002 N=1024 epochs=5000 ...
  Epoch     1/5000  loss=3.6473e-01  lr=2.00e-04  (0.0s)
    -> min_loss=5.658e-06  mean_rel_err=1.236e-03  min_digits=3  (60.2s)
[417/567] hidden=[160, 160, 160, 160] omega0=25.0 lr=0.0002 N=1024 epochs=7000 ...
  Epoch     1/7000  loss=3.6473e-01  lr=2.00e-04  (0.0s)
    -> min_loss=4.239e-06  mean_rel_err=6.578e-04  min_digits=4  (84.7s)
[418/567] hidden=[160, 160, 160, 160] omega0=25.0 lr=0.0002 N=1024 epochs=10000 ...
  Epoch     1/10000  loss=3.6473e-01  lr=2.00e-04  (0.0s)
    -> min_loss=3.133e-06  mean_rel_err=4.904e-04  min_digits=4  (121.5s)
[419/567] hidden=[160, 160, 160, 160] omega0=25.0 lr=0.0002 N=1024 epochs=12000 ...
  Epoch     1/12000  loss=3.6473e-01  lr=2.00e-04  (0.0s)
    -> min_loss=3.072e-06  mean_rel_err=4.132e-04  min_digits=4  (145.6s)
[420/567] hidden=[160, 160, 160, 160] omega0=25.0 lr=0.0002 N=1024 epochs=15000 ...
  Epoch     1/15000  loss=3.6473e-01  lr=2.00e-04  (0.0s)
    -> min_loss=2.747e-06  mean_rel_err=1.625e-03  min_digits=3  (182.2s)
[421/567] hidden=[160, 160, 160, 160] omega0=25.0 lr=0.00025 N=256 epochs=2000 ...
  Epoch     1/2000  loss=3.8328e-01  lr=2.50e-04  (0.0s)
    -> min_loss=4.112e-05  mean_rel_err=1.050e-03  min_digits=3  (24.4s)
[422/567] hidden=[160, 160, 160, 160] omega0=25.0 lr=0.00025 N=256 epochs=3000 ...
  Epoch     1/3000  loss=3.8328e-01  lr=2.50e-04  (0.0s)
    -> min_loss=2.769e-05  mean_rel_err=1.102e-03  min_digits=3  (36.2s)
[423/567] hidden=[160, 160, 160, 160] omega0=25.0 lr=0.00025 N=256 epochs=5000 ...
  Epoch     1/5000  loss=3.8328e-01  lr=2.50e-04  (0.0s)
    -> min_loss=1.697e-05  mean_rel_err=8.129e-04  min_digits=4  (60.5s)
[424/567] hidden=[160, 160, 160, 160] omega0=25.0 lr=0.00025 N=256 epochs=7000 ...
  Epoch     1/7000  loss=3.8328e-01  lr=2.50e-04  (0.0s)
    -> min_loss=1.482e-05  mean_rel_err=1.351e-03  min_digits=3  (84.8s)
[425/567] hidden=[160, 160, 160, 160] omega0=25.0 lr=0.00025 N=256 epochs=10000 ...
  Epoch     1/10000  loss=3.8328e-01  lr=2.50e-04  (0.0s)
    -> min_loss=1.777e-05  mean_rel_err=2.299e-03  min_digits=3  (120.8s)
[426/567] hidden=[160, 160, 160, 160] omega0=25.0 lr=0.00025 N=256 epochs=12000 ...
  Epoch     1/12000  loss=3.8328e-01  lr=2.50e-04  (0.0s)
    -> min_loss=1.496e-05  mean_rel_err=2.398e-03  min_digits=3  (143.5s)
[427/567] hidden=[160, 160, 160, 160] omega0=25.0 lr=0.00025 N=256 epochs=15000 ...
  Epoch     1/15000  loss=3.8328e-01  lr=2.50e-04  (0.0s)
    -> min_loss=1.751e-05  mean_rel_err=2.399e-03  min_digits=3  (177.5s)
[428/567] hidden=[160, 160, 160, 160] omega0=25.0 lr=0.00025 N=512 epochs=2000 ...
  Epoch     1/2000  loss=4.0159e-01  lr=2.50e-04  (0.0s)
    -> min_loss=2.339e-05  mean_rel_err=7.977e-04  min_digits=3  (23.4s)
[429/567] hidden=[160, 160, 160, 160] omega0=25.0 lr=0.00025 N=512 epochs=3000 ...
  Epoch     1/3000  loss=4.0159e-01  lr=2.50e-04  (0.0s)
    -> min_loss=1.354e-05  mean_rel_err=5.588e-04  min_digits=4  (35.4s)
[430/567] hidden=[160, 160, 160, 160] omega0=25.0 lr=0.00025 N=512 epochs=5000 ...
  Epoch     1/5000  loss=4.0159e-01  lr=2.50e-04  (0.0s)
    -> min_loss=7.879e-06  mean_rel_err=9.889e-04  min_digits=4  (60.3s)
[431/567] hidden=[160, 160, 160, 160] omega0=25.0 lr=0.00025 N=512 epochs=7000 ...
  Epoch     1/7000  loss=4.0159e-01  lr=2.50e-04  (0.0s)
    -> min_loss=6.231e-06  mean_rel_err=1.573e-03  min_digits=3  (86.0s)
[432/567] hidden=[160, 160, 160, 160] omega0=25.0 lr=0.00025 N=512 epochs=10000 ...
  Epoch     1/10000  loss=4.0159e-01  lr=2.50e-04  (0.0s)
    -> min_loss=6.264e-06  mean_rel_err=2.952e-03  min_digits=3  (121.4s)
[433/567] hidden=[160, 160, 160, 160] omega0=25.0 lr=0.00025 N=512 epochs=12000 ...
  Epoch     1/12000  loss=4.0159e-01  lr=2.50e-04  (0.0s)
    -> min_loss=5.534e-06  mean_rel_err=1.358e-03  min_digits=3  (143.2s)
[434/567] hidden=[160, 160, 160, 160] omega0=25.0 lr=0.00025 N=512 epochs=15000 ...
  Epoch     1/15000  loss=4.0159e-01  lr=2.50e-04  (0.0s)
    -> min_loss=8.449e-06  mean_rel_err=4.086e-03  min_digits=3  (182.2s)
[435/567] hidden=[160, 160, 160, 160] omega0=25.0 lr=0.00025 N=1024 epochs=2000 ...
  Epoch     1/2000  loss=3.6473e-01  lr=2.50e-04  (0.0s)
    -> min_loss=1.438e-05  mean_rel_err=3.637e-04  min_digits=4  (24.4s)
[436/567] hidden=[160, 160, 160, 160] omega0=25.0 lr=0.00025 N=1024 epochs=3000 ...
  Epoch     1/3000  loss=3.6473e-01  lr=2.50e-04  (0.0s)
    -> min_loss=8.620e-06  mean_rel_err=4.021e-04  min_digits=4  (36.8s)
[437/567] hidden=[160, 160, 160, 160] omega0=25.0 lr=0.00025 N=1024 epochs=5000 ...
  Epoch     1/5000  loss=3.6473e-01  lr=2.50e-04  (0.0s)
    -> min_loss=4.852e-06  mean_rel_err=9.216e-04  min_digits=4  (60.3s)
[438/567] hidden=[160, 160, 160, 160] omega0=25.0 lr=0.00025 N=1024 epochs=7000 ...
  Epoch     1/7000  loss=3.6473e-01  lr=2.50e-04  (0.0s)
    -> min_loss=3.442e-06  mean_rel_err=9.105e-04  min_digits=4  (85.3s)
[439/567] hidden=[160, 160, 160, 160] omega0=25.0 lr=0.00025 N=1024 epochs=10000 ...
  Epoch     1/10000  loss=3.6473e-01  lr=2.50e-04  (0.0s)
    -> min_loss=2.917e-06  mean_rel_err=2.310e-03  min_digits=3  (119.6s)
[440/567] hidden=[160, 160, 160, 160] omega0=25.0 lr=0.00025 N=1024 epochs=12000 ...
  Epoch     1/12000  loss=3.6473e-01  lr=2.50e-04  (0.0s)
    -> min_loss=2.510e-06  mean_rel_err=1.401e-03  min_digits=3  (141.2s)
[441/567] hidden=[160, 160, 160, 160] omega0=25.0 lr=0.00025 N=1024 epochs=15000 ...
  Epoch     1/15000  loss=3.6473e-01  lr=2.50e-04  (0.0s)
    -> min_loss=2.510e-06  mean_rel_err=6.815e-04  min_digits=4  (178.6s)
[442/567] hidden=[160, 160, 160, 160] omega0=30.0 lr=0.00015 N=256 epochs=2000 ...
  Epoch     1/2000  loss=3.8329e-01  lr=1.50e-04  (0.0s)
    -> min_loss=4.546e-05  mean_rel_err=2.440e-03  min_digits=3  (23.7s)
[443/567] hidden=[160, 160, 160, 160] omega0=30.0 lr=0.00015 N=256 epochs=3000 ...
  Epoch     1/3000  loss=3.8329e-01  lr=1.50e-04  (0.0s)
    -> min_loss=2.787e-05  mean_rel_err=5.704e-04  min_digits=4  (35.3s)
[444/567] hidden=[160, 160, 160, 160] omega0=30.0 lr=0.00015 N=256 epochs=5000 ...
  Epoch     1/5000  loss=3.8329e-01  lr=1.50e-04  (0.0s)
    -> min_loss=1.607e-05  mean_rel_err=5.027e-04  min_digits=4  (58.2s)
[445/567] hidden=[160, 160, 160, 160] omega0=30.0 lr=0.00015 N=256 epochs=7000 ...
  Epoch     1/7000  loss=3.8329e-01  lr=1.50e-04  (0.0s)
    -> min_loss=1.236e-05  mean_rel_err=9.777e-04  min_digits=3  (83.3s)
[446/567] hidden=[160, 160, 160, 160] omega0=30.0 lr=0.00015 N=256 epochs=10000 ...
  Epoch     1/10000  loss=3.8329e-01  lr=1.50e-04  (0.0s)
    -> min_loss=1.196e-05  mean_rel_err=8.321e-04  min_digits=3  (121.0s)
[447/567] hidden=[160, 160, 160, 160] omega0=30.0 lr=0.00015 N=256 epochs=12000 ...
  Epoch     1/12000  loss=3.8329e-01  lr=1.50e-04  (0.0s)
    -> min_loss=1.033e-05  mean_rel_err=1.474e-03  min_digits=3  (144.7s)
[448/567] hidden=[160, 160, 160, 160] omega0=30.0 lr=0.00015 N=256 epochs=15000 ...
  Epoch     1/15000  loss=3.8329e-01  lr=1.50e-04  (0.0s)
    -> min_loss=1.408e-05  mean_rel_err=6.608e-04  min_digits=4  (179.2s)
[449/567] hidden=[160, 160, 160, 160] omega0=30.0 lr=0.00015 N=512 epochs=2000 ...
  Epoch     1/2000  loss=4.0160e-01  lr=1.50e-04  (0.0s)
    -> min_loss=2.930e-05  mean_rel_err=1.339e-03  min_digits=3  (23.3s)
[450/567] hidden=[160, 160, 160, 160] omega0=30.0 lr=0.00015 N=512 epochs=3000 ...
  Epoch     1/3000  loss=4.0160e-01  lr=1.50e-04  (0.0s)
    -> min_loss=1.712e-05  mean_rel_err=3.834e-04  min_digits=4  (35.7s)
[451/567] hidden=[160, 160, 160, 160] omega0=30.0 lr=0.00015 N=512 epochs=5000 ...
  Epoch     1/5000  loss=4.0160e-01  lr=1.50e-04  (0.0s)
    -> min_loss=9.131e-06  mean_rel_err=5.348e-04  min_digits=4  (61.1s)
[452/567] hidden=[160, 160, 160, 160] omega0=30.0 lr=0.00015 N=512 epochs=7000 ...
  Epoch     1/7000  loss=4.0160e-01  lr=1.50e-04  (0.0s)
    -> min_loss=7.416e-06  mean_rel_err=8.059e-04  min_digits=3  (85.0s)
[453/567] hidden=[160, 160, 160, 160] omega0=30.0 lr=0.00015 N=512 epochs=10000 ...
  Epoch     1/10000  loss=4.0160e-01  lr=1.50e-04  (0.0s)
    -> min_loss=6.142e-06  mean_rel_err=8.926e-04  min_digits=4  (118.6s)
[454/567] hidden=[160, 160, 160, 160] omega0=30.0 lr=0.00015 N=512 epochs=12000 ...
  Epoch     1/12000  loss=4.0160e-01  lr=1.50e-04  (0.0s)
    -> min_loss=4.993e-06  mean_rel_err=2.470e-03  min_digits=3  (143.6s)
[455/567] hidden=[160, 160, 160, 160] omega0=30.0 lr=0.00015 N=512 epochs=15000 ...
  Epoch     1/15000  loss=4.0160e-01  lr=1.50e-04  (0.0s)
    -> min_loss=5.295e-06  mean_rel_err=3.325e-03  min_digits=3  (179.8s)
[456/567] hidden=[160, 160, 160, 160] omega0=30.0 lr=0.00015 N=1024 epochs=2000 ...
  Epoch     1/2000  loss=3.6474e-01  lr=1.50e-04  (0.0s)
    -> min_loss=1.906e-05  mean_rel_err=3.543e-04  min_digits=4  (24.3s)
[457/567] hidden=[160, 160, 160, 160] omega0=30.0 lr=0.00015 N=1024 epochs=3000 ...
  Epoch     1/3000  loss=3.6474e-01  lr=1.50e-04  (0.0s)
    -> min_loss=1.082e-05  mean_rel_err=2.924e-04  min_digits=4  (35.8s)
[458/567] hidden=[160, 160, 160, 160] omega0=30.0 lr=0.00015 N=1024 epochs=5000 ...
  Epoch     1/5000  loss=3.6474e-01  lr=1.50e-04  (0.0s)
    -> min_loss=6.049e-06  mean_rel_err=5.178e-04  min_digits=4  (59.8s)
[459/567] hidden=[160, 160, 160, 160] omega0=30.0 lr=0.00015 N=1024 epochs=7000 ...
  Epoch     1/7000  loss=3.6474e-01  lr=1.50e-04  (0.0s)
    -> min_loss=4.404e-06  mean_rel_err=1.359e-03  min_digits=3  (84.7s)
[460/567] hidden=[160, 160, 160, 160] omega0=30.0 lr=0.00015 N=1024 epochs=10000 ...
  Epoch     1/10000  loss=3.6474e-01  lr=1.50e-04  (0.0s)
    -> min_loss=3.354e-06  mean_rel_err=4.192e-03  min_digits=3  (122.0s)
[461/567] hidden=[160, 160, 160, 160] omega0=30.0 lr=0.00015 N=1024 epochs=12000 ...
  Epoch     1/12000  loss=3.6474e-01  lr=1.50e-04  (0.0s)
    -> min_loss=2.641e-06  mean_rel_err=2.893e-03  min_digits=3  (144.0s)
[462/567] hidden=[160, 160, 160, 160] omega0=30.0 lr=0.00015 N=1024 epochs=15000 ...
  Epoch     1/15000  loss=3.6474e-01  lr=1.50e-04  (0.0s)
    -> min_loss=2.272e-06  mean_rel_err=6.161e-04  min_digits=4  (180.4s)
[463/567] hidden=[160, 160, 160, 160] omega0=30.0 lr=0.0002 N=256 epochs=2000 ...
  Epoch     1/2000  loss=3.8329e-01  lr=2.00e-04  (0.0s)
    -> min_loss=4.378e-05  mean_rel_err=1.006e-03  min_digits=3  (23.5s)
[464/567] hidden=[160, 160, 160, 160] omega0=30.0 lr=0.0002 N=256 epochs=3000 ...
  Epoch     1/3000  loss=3.8329e-01  lr=2.00e-04  (0.0s)
    -> min_loss=2.789e-05  mean_rel_err=2.399e-03  min_digits=3  (35.8s)
[465/567] hidden=[160, 160, 160, 160] omega0=30.0 lr=0.0002 N=256 epochs=5000 ...
  Epoch     1/5000  loss=3.8329e-01  lr=2.00e-04  (0.0s)
    -> min_loss=1.500e-05  mean_rel_err=1.037e-03  min_digits=3  (60.6s)
[466/567] hidden=[160, 160, 160, 160] omega0=30.0 lr=0.0002 N=256 epochs=7000 ...
  Epoch     1/7000  loss=3.8329e-01  lr=2.00e-04  (0.0s)
    -> min_loss=1.416e-05  mean_rel_err=3.173e-03  min_digits=3  (83.7s)
[467/567] hidden=[160, 160, 160, 160] omega0=30.0 lr=0.0002 N=256 epochs=10000 ...
  Epoch     1/10000  loss=3.8329e-01  lr=2.00e-04  (0.0s)
    -> min_loss=1.557e-05  mean_rel_err=1.300e-03  min_digits=3  (120.1s)
[468/567] hidden=[160, 160, 160, 160] omega0=30.0 lr=0.0002 N=256 epochs=12000 ...
  Epoch     1/12000  loss=3.8329e-01  lr=2.00e-04  (0.0s)
    -> min_loss=1.083e-05  mean_rel_err=1.125e-03  min_digits=3  (145.5s)
[469/567] hidden=[160, 160, 160, 160] omega0=30.0 lr=0.0002 N=256 epochs=15000 ...
  Epoch     1/15000  loss=3.8329e-01  lr=2.00e-04  (0.0s)
    -> min_loss=1.689e-05  mean_rel_err=1.106e-03  min_digits=4  (180.2s)
[470/567] hidden=[160, 160, 160, 160] omega0=30.0 lr=0.0002 N=512 epochs=2000 ...
  Epoch     1/2000  loss=4.0160e-01  lr=2.00e-04  (0.0s)
    -> min_loss=2.403e-05  mean_rel_err=7.842e-04  min_digits=4  (23.8s)
[471/567] hidden=[160, 160, 160, 160] omega0=30.0 lr=0.0002 N=512 epochs=3000 ...
  Epoch     1/3000  loss=4.0160e-01  lr=2.00e-04  (0.0s)
    -> min_loss=1.417e-05  mean_rel_err=8.416e-04  min_digits=3  (36.5s)
[472/567] hidden=[160, 160, 160, 160] omega0=30.0 lr=0.0002 N=512 epochs=5000 ...
  Epoch     1/5000  loss=4.0160e-01  lr=2.00e-04  (0.0s)
    -> min_loss=7.769e-06  mean_rel_err=6.278e-04  min_digits=4  (60.7s)
[473/567] hidden=[160, 160, 160, 160] omega0=30.0 lr=0.0002 N=512 epochs=7000 ...
  Epoch     1/7000  loss=4.0160e-01  lr=2.00e-04  (0.0s)
    -> min_loss=6.446e-06  mean_rel_err=6.407e-04  min_digits=4  (84.1s)
[474/567] hidden=[160, 160, 160, 160] omega0=30.0 lr=0.0002 N=512 epochs=10000 ...
  Epoch     1/10000  loss=4.0160e-01  lr=2.00e-04  (0.0s)
    -> min_loss=5.562e-06  mean_rel_err=7.720e-04  min_digits=4  (120.9s)
[475/567] hidden=[160, 160, 160, 160] omega0=30.0 lr=0.0002 N=512 epochs=12000 ...
  Epoch     1/12000  loss=4.0160e-01  lr=2.00e-04  (0.0s)
    -> min_loss=6.755e-06  mean_rel_err=2.629e-03  min_digits=3  (145.5s)
[476/567] hidden=[160, 160, 160, 160] omega0=30.0 lr=0.0002 N=512 epochs=15000 ...
  Epoch     1/15000  loss=4.0160e-01  lr=2.00e-04  (0.0s)
    -> min_loss=6.153e-06  mean_rel_err=3.350e-03  min_digits=3  (180.0s)
[477/567] hidden=[160, 160, 160, 160] omega0=30.0 lr=0.0002 N=1024 epochs=2000 ...
  Epoch     1/2000  loss=3.6474e-01  lr=2.00e-04  (0.0s)
    -> min_loss=1.505e-05  mean_rel_err=5.763e-04  min_digits=3  (23.9s)
[478/567] hidden=[160, 160, 160, 160] omega0=30.0 lr=0.0002 N=1024 epochs=3000 ...
  Epoch     1/3000  loss=3.6474e-01  lr=2.00e-04  (0.0s)
    -> min_loss=8.726e-06  mean_rel_err=3.827e-04  min_digits=4  (35.8s)
[479/567] hidden=[160, 160, 160, 160] omega0=30.0 lr=0.0002 N=1024 epochs=5000 ...
  Epoch     1/5000  loss=3.6474e-01  lr=2.00e-04  (0.0s)
    -> min_loss=5.017e-06  mean_rel_err=4.961e-04  min_digits=4  (60.7s)
[480/567] hidden=[160, 160, 160, 160] omega0=30.0 lr=0.0002 N=1024 epochs=7000 ...
  Epoch     1/7000  loss=3.6474e-01  lr=2.00e-04  (0.0s)
    -> min_loss=3.733e-06  mean_rel_err=3.817e-04  min_digits=4  (84.6s)
[481/567] hidden=[160, 160, 160, 160] omega0=30.0 lr=0.0002 N=1024 epochs=10000 ...
  Epoch     1/10000  loss=3.6474e-01  lr=2.00e-04  (0.0s)
    -> min_loss=2.821e-06  mean_rel_err=5.346e-04  min_digits=4  (118.6s)
[482/567] hidden=[160, 160, 160, 160] omega0=30.0 lr=0.0002 N=1024 epochs=12000 ...
  Epoch     1/12000  loss=3.6474e-01  lr=2.00e-04  (0.0s)
    -> min_loss=2.976e-06  mean_rel_err=7.884e-04  min_digits=4  (141.1s)
[483/567] hidden=[160, 160, 160, 160] omega0=30.0 lr=0.0002 N=1024 epochs=15000 ...
  Epoch     1/15000  loss=3.6474e-01  lr=2.00e-04  (0.0s)
    -> min_loss=2.282e-06  mean_rel_err=4.847e-04  min_digits=4  (183.1s)
[484/567] hidden=[160, 160, 160, 160] omega0=30.0 lr=0.00025 N=256 epochs=2000 ...
  Epoch     1/2000  loss=3.8329e-01  lr=2.50e-04  (0.0s)
    -> min_loss=4.065e-05  mean_rel_err=1.660e-03  min_digits=3  (24.1s)
[485/567] hidden=[160, 160, 160, 160] omega0=30.0 lr=0.00025 N=256 epochs=3000 ...
  Epoch     1/3000  loss=3.8329e-01  lr=2.50e-04  (0.0s)
    -> min_loss=2.926e-05  mean_rel_err=1.792e-03  min_digits=3  (35.7s)
[486/567] hidden=[160, 160, 160, 160] omega0=30.0 lr=0.00025 N=256 epochs=5000 ...
  Epoch     1/5000  loss=3.8329e-01  lr=2.50e-04  (0.0s)
    -> min_loss=1.820e-05  mean_rel_err=1.686e-03  min_digits=3  (60.2s)
[487/567] hidden=[160, 160, 160, 160] omega0=30.0 lr=0.00025 N=256 epochs=7000 ...
  Epoch     1/7000  loss=3.8329e-01  lr=2.50e-04  (0.0s)
    -> min_loss=1.714e-05  mean_rel_err=2.610e-03  min_digits=3  (84.2s)
[488/567] hidden=[160, 160, 160, 160] omega0=30.0 lr=0.00025 N=256 epochs=10000 ...
  Epoch     1/10000  loss=3.8329e-01  lr=2.50e-04  (0.0s)
    -> min_loss=2.004e-05  mean_rel_err=2.634e-03  min_digits=3  (118.9s)
[489/567] hidden=[160, 160, 160, 160] omega0=30.0 lr=0.00025 N=256 epochs=12000 ...
  Epoch     1/12000  loss=3.8329e-01  lr=2.50e-04  (0.0s)
    -> min_loss=1.867e-05  mean_rel_err=1.916e-03  min_digits=3  (142.3s)
[490/567] hidden=[160, 160, 160, 160] omega0=30.0 lr=0.00025 N=256 epochs=15000 ...
  Epoch     1/15000  loss=3.8329e-01  lr=2.50e-04  (0.0s)
    -> min_loss=2.284e-05  mean_rel_err=1.593e-03  min_digits=3  (178.5s)
[491/567] hidden=[160, 160, 160, 160] omega0=30.0 lr=0.00025 N=512 epochs=2000 ...
  Epoch     1/2000  loss=4.0160e-01  lr=2.50e-04  (0.0s)
    -> min_loss=2.278e-05  mean_rel_err=7.954e-04  min_digits=4  (23.5s)
[492/567] hidden=[160, 160, 160, 160] omega0=30.0 lr=0.00025 N=512 epochs=3000 ...
  Epoch     1/3000  loss=4.0160e-01  lr=2.50e-04  (0.0s)
    -> min_loss=1.263e-05  mean_rel_err=5.537e-04  min_digits=4  (37.1s)
[493/567] hidden=[160, 160, 160, 160] omega0=30.0 lr=0.00025 N=512 epochs=5000 ...
  Epoch     1/5000  loss=4.0160e-01  lr=2.50e-04  (0.0s)
    -> min_loss=7.652e-06  mean_rel_err=6.737e-04  min_digits=4  (61.3s)
[494/567] hidden=[160, 160, 160, 160] omega0=30.0 lr=0.00025 N=512 epochs=7000 ...
  Epoch     1/7000  loss=4.0160e-01  lr=2.50e-04  (0.0s)
    -> min_loss=7.041e-06  mean_rel_err=5.501e-04  min_digits=4  (82.4s)
[495/567] hidden=[160, 160, 160, 160] omega0=30.0 lr=0.00025 N=512 epochs=10000 ...
  Epoch     1/10000  loss=4.0160e-01  lr=2.50e-04  (0.0s)
    -> min_loss=6.933e-06  mean_rel_err=1.367e-03  min_digits=3  (118.2s)
[496/567] hidden=[160, 160, 160, 160] omega0=30.0 lr=0.00025 N=512 epochs=12000 ...
  Epoch     1/12000  loss=4.0160e-01  lr=2.50e-04  (0.0s)
    -> min_loss=8.172e-06  mean_rel_err=1.584e-03  min_digits=3  (146.6s)
[497/567] hidden=[160, 160, 160, 160] omega0=30.0 lr=0.00025 N=512 epochs=15000 ...
  Epoch     1/15000  loss=4.0160e-01  lr=2.50e-04  (0.0s)
    -> min_loss=8.805e-06  mean_rel_err=1.265e-03  min_digits=4  (179.6s)
[498/567] hidden=[160, 160, 160, 160] omega0=30.0 lr=0.00025 N=1024 epochs=2000 ...
  Epoch     1/2000  loss=3.6474e-01  lr=2.50e-04  (0.0s)
    -> min_loss=1.423e-05  mean_rel_err=5.095e-04  min_digits=3  (23.9s)
[499/567] hidden=[160, 160, 160, 160] omega0=30.0 lr=0.00025 N=1024 epochs=3000 ...
  Epoch     1/3000  loss=3.6474e-01  lr=2.50e-04  (0.0s)
    -> min_loss=7.881e-06  mean_rel_err=3.896e-04  min_digits=4  (36.5s)
[500/567] hidden=[160, 160, 160, 160] omega0=30.0 lr=0.00025 N=1024 epochs=5000 ...
  Epoch     1/5000  loss=3.6474e-01  lr=2.50e-04  (0.0s)
    -> min_loss=4.482e-06  mean_rel_err=4.326e-04  min_digits=4  (59.7s)
[501/567] hidden=[160, 160, 160, 160] omega0=30.0 lr=0.00025 N=1024 epochs=7000 ...
  Epoch     1/7000  loss=3.6474e-01  lr=2.50e-04  (0.0s)
    -> min_loss=3.383e-06  mean_rel_err=2.951e-04  min_digits=4  (85.8s)
[502/567] hidden=[160, 160, 160, 160] omega0=30.0 lr=0.00025 N=1024 epochs=10000 ...
  Epoch     1/10000  loss=3.6474e-01  lr=2.50e-04  (0.0s)
    -> min_loss=3.392e-06  mean_rel_err=5.027e-04  min_digits=4  (118.7s)
[503/567] hidden=[160, 160, 160, 160] omega0=30.0 lr=0.00025 N=1024 epochs=12000 ...
  Epoch     1/12000  loss=3.6474e-01  lr=2.50e-04  (0.0s)
    -> min_loss=2.730e-06  mean_rel_err=3.333e-03  min_digits=3  (141.7s)
[504/567] hidden=[160, 160, 160, 160] omega0=30.0 lr=0.00025 N=1024 epochs=15000 ...
  Epoch     1/15000  loss=3.6474e-01  lr=2.50e-04  (0.0s)
    -> min_loss=2.733e-06  mean_rel_err=9.194e-04  min_digits=4  (180.2s)
[505/567] hidden=[160, 160, 160, 160] omega0=35.0 lr=0.00015 N=256 epochs=2000 ...
  Epoch     1/2000  loss=3.8328e-01  lr=1.50e-04  (0.0s)
    -> min_loss=4.326e-05  mean_rel_err=8.450e-04  min_digits=3  (24.7s)
[506/567] hidden=[160, 160, 160, 160] omega0=35.0 lr=0.00015 N=256 epochs=3000 ...
  Epoch     1/3000  loss=3.8328e-01  lr=1.50e-04  (0.0s)
    -> min_loss=3.100e-05  mean_rel_err=5.011e-04  min_digits=4  (36.3s)
[507/567] hidden=[160, 160, 160, 160] omega0=35.0 lr=0.00015 N=256 epochs=5000 ...
  Epoch     1/5000  loss=3.8328e-01  lr=1.50e-04  (0.0s)
    -> min_loss=1.628e-05  mean_rel_err=5.818e-04  min_digits=4  (60.5s)
[508/567] hidden=[160, 160, 160, 160] omega0=35.0 lr=0.00015 N=256 epochs=7000 ...
  Epoch     1/7000  loss=3.8328e-01  lr=1.50e-04  (0.0s)
    -> min_loss=1.417e-05  mean_rel_err=2.682e-03  min_digits=3  (83.9s)
[509/567] hidden=[160, 160, 160, 160] omega0=35.0 lr=0.00015 N=256 epochs=10000 ...
  Epoch     1/10000  loss=3.8328e-01  lr=1.50e-04  (0.0s)
    -> min_loss=1.284e-05  mean_rel_err=2.221e-03  min_digits=3  (120.1s)
[510/567] hidden=[160, 160, 160, 160] omega0=35.0 lr=0.00015 N=256 epochs=12000 ...
  Epoch     1/12000  loss=3.8328e-01  lr=1.50e-04  (0.0s)
    -> min_loss=1.180e-05  mean_rel_err=5.446e-03  min_digits=3  (145.0s)
[511/567] hidden=[160, 160, 160, 160] omega0=35.0 lr=0.00015 N=256 epochs=15000 ...
  Epoch     1/15000  loss=3.8328e-01  lr=1.50e-04  (0.0s)
    -> min_loss=1.137e-05  mean_rel_err=1.126e-03  min_digits=3  (182.8s)
[512/567] hidden=[160, 160, 160, 160] omega0=35.0 lr=0.00015 N=512 epochs=2000 ...
  Epoch     1/2000  loss=4.0160e-01  lr=1.50e-04  (0.0s)
    -> min_loss=2.482e-05  mean_rel_err=1.011e-03  min_digits=4  (24.4s)
[513/567] hidden=[160, 160, 160, 160] omega0=35.0 lr=0.00015 N=512 epochs=3000 ...
  Epoch     1/3000  loss=4.0160e-01  lr=1.50e-04  (0.0s)
    -> min_loss=1.479e-05  mean_rel_err=2.521e-04  min_digits=4  (36.5s)
[514/567] hidden=[160, 160, 160, 160] omega0=35.0 lr=0.00015 N=512 epochs=5000 ...
  Epoch     1/5000  loss=4.0160e-01  lr=1.50e-04  (0.0s)
    -> min_loss=7.826e-06  mean_rel_err=2.880e-04  min_digits=4  (59.8s)
[515/567] hidden=[160, 160, 160, 160] omega0=35.0 lr=0.00015 N=512 epochs=7000 ...
  Epoch     1/7000  loss=4.0160e-01  lr=1.50e-04  (0.0s)
    -> min_loss=6.639e-06  mean_rel_err=1.358e-03  min_digits=3  (83.6s)
[516/567] hidden=[160, 160, 160, 160] omega0=35.0 lr=0.00015 N=512 epochs=10000 ...
  Epoch     1/10000  loss=4.0160e-01  lr=1.50e-04  (0.0s)
    -> min_loss=5.096e-06  mean_rel_err=1.203e-03  min_digits=4  (122.1s)
[517/567] hidden=[160, 160, 160, 160] omega0=35.0 lr=0.00015 N=512 epochs=12000 ...
  Epoch     1/12000  loss=4.0160e-01  lr=1.50e-04  (0.0s)
    -> min_loss=6.059e-06  mean_rel_err=2.016e-03  min_digits=3  (145.2s)
[518/567] hidden=[160, 160, 160, 160] omega0=35.0 lr=0.00015 N=512 epochs=15000 ...
  Epoch     1/15000  loss=4.0160e-01  lr=1.50e-04  (0.0s)
    -> min_loss=5.558e-06  mean_rel_err=1.628e-03  min_digits=3  (181.8s)
[519/567] hidden=[160, 160, 160, 160] omega0=35.0 lr=0.00015 N=1024 epochs=2000 ...
  Epoch     1/2000  loss=3.6473e-01  lr=1.50e-04  (0.0s)
    -> min_loss=1.715e-05  mean_rel_err=2.853e-04  min_digits=4  (23.9s)
[520/567] hidden=[160, 160, 160, 160] omega0=35.0 lr=0.00015 N=1024 epochs=3000 ...
  Epoch     1/3000  loss=3.6473e-01  lr=1.50e-04  (0.0s)
    -> min_loss=1.051e-05  mean_rel_err=3.302e-04  min_digits=4  (35.3s)
[521/567] hidden=[160, 160, 160, 160] omega0=35.0 lr=0.00015 N=1024 epochs=5000 ...
  Epoch     1/5000  loss=3.6473e-01  lr=1.50e-04  (0.0s)
    -> min_loss=5.435e-06  mean_rel_err=2.928e-04  min_digits=4  (59.8s)
[522/567] hidden=[160, 160, 160, 160] omega0=35.0 lr=0.00015 N=1024 epochs=7000 ...
  Epoch     1/7000  loss=3.6473e-01  lr=1.50e-04  (0.0s)
    -> min_loss=4.182e-06  mean_rel_err=3.887e-04  min_digits=4  (83.9s)
[523/567] hidden=[160, 160, 160, 160] omega0=35.0 lr=0.00015 N=1024 epochs=10000 ...
  Epoch     1/10000  loss=3.6473e-01  lr=1.50e-04  (0.0s)
    -> min_loss=3.170e-06  mean_rel_err=4.981e-04  min_digits=4  (120.0s)
[524/567] hidden=[160, 160, 160, 160] omega0=35.0 lr=0.00015 N=1024 epochs=12000 ...
  Epoch     1/12000  loss=3.6473e-01  lr=1.50e-04  (0.0s)
    -> min_loss=2.985e-06  mean_rel_err=3.796e-04  min_digits=4  (140.9s)
[525/567] hidden=[160, 160, 160, 160] omega0=35.0 lr=0.00015 N=1024 epochs=15000 ...
  Epoch     1/15000  loss=3.6473e-01  lr=1.50e-04  (0.0s)
    -> min_loss=2.264e-06  mean_rel_err=7.894e-04  min_digits=4  (179.5s)
[526/567] hidden=[160, 160, 160, 160] omega0=35.0 lr=0.0002 N=256 epochs=2000 ...
  Epoch     1/2000  loss=3.8328e-01  lr=2.00e-04  (0.0s)
    -> min_loss=4.473e-05  mean_rel_err=6.828e-04  min_digits=4  (23.8s)
[527/567] hidden=[160, 160, 160, 160] omega0=35.0 lr=0.0002 N=256 epochs=3000 ...
  Epoch     1/3000  loss=3.8328e-01  lr=2.00e-04  (0.0s)
    -> min_loss=2.782e-05  mean_rel_err=7.350e-04  min_digits=4  (35.0s)
[528/567] hidden=[160, 160, 160, 160] omega0=35.0 lr=0.0002 N=256 epochs=5000 ...
  Epoch     1/5000  loss=3.8328e-01  lr=2.00e-04  (0.0s)
    -> min_loss=1.744e-05  mean_rel_err=1.036e-03  min_digits=3  (58.6s)
[529/567] hidden=[160, 160, 160, 160] omega0=35.0 lr=0.0002 N=256 epochs=7000 ...
  Epoch     1/7000  loss=3.8328e-01  lr=2.00e-04  (0.0s)
    -> min_loss=1.624e-05  mean_rel_err=6.115e-03  min_digits=3  (83.7s)
[530/567] hidden=[160, 160, 160, 160] omega0=35.0 lr=0.0002 N=256 epochs=10000 ...
  Epoch     1/10000  loss=3.8328e-01  lr=2.00e-04  (0.0s)
    -> min_loss=1.727e-05  mean_rel_err=9.478e-04  min_digits=3  (119.7s)
[531/567] hidden=[160, 160, 160, 160] omega0=35.0 lr=0.0002 N=256 epochs=12000 ...
  Epoch     1/12000  loss=3.8328e-01  lr=2.00e-04  (0.0s)
    -> min_loss=1.544e-05  mean_rel_err=1.400e-03  min_digits=3  (143.8s)
[532/567] hidden=[160, 160, 160, 160] omega0=35.0 lr=0.0002 N=256 epochs=15000 ...
  Epoch     1/15000  loss=3.8328e-01  lr=2.00e-04  (0.0s)
    -> min_loss=1.874e-05  mean_rel_err=1.943e-03  min_digits=3  (178.7s)
[533/567] hidden=[160, 160, 160, 160] omega0=35.0 lr=0.0002 N=512 epochs=2000 ...
  Epoch     1/2000  loss=4.0160e-01  lr=2.00e-04  (0.0s)
    -> min_loss=2.446e-05  mean_rel_err=3.017e-04  min_digits=4  (23.9s)
[534/567] hidden=[160, 160, 160, 160] omega0=35.0 lr=0.0002 N=512 epochs=3000 ...
  Epoch     1/3000  loss=4.0160e-01  lr=2.00e-04  (0.0s)
    -> min_loss=1.366e-05  mean_rel_err=4.219e-04  min_digits=4  (36.0s)
[535/567] hidden=[160, 160, 160, 160] omega0=35.0 lr=0.0002 N=512 epochs=5000 ...
  Epoch     1/5000  loss=4.0160e-01  lr=2.00e-04  (0.0s)
    -> min_loss=7.789e-06  mean_rel_err=3.261e-04  min_digits=4  (60.1s)
[536/567] hidden=[160, 160, 160, 160] omega0=35.0 lr=0.0002 N=512 epochs=7000 ...
  Epoch     1/7000  loss=4.0160e-01  lr=2.00e-04  (0.0s)
    -> min_loss=6.574e-06  mean_rel_err=7.858e-04  min_digits=4  (84.9s)
[537/567] hidden=[160, 160, 160, 160] omega0=35.0 lr=0.0002 N=512 epochs=10000 ...
  Epoch     1/10000  loss=4.0160e-01  lr=2.00e-04  (0.0s)
    -> min_loss=6.188e-06  mean_rel_err=5.743e-04  min_digits=4  (120.8s)
[538/567] hidden=[160, 160, 160, 160] omega0=35.0 lr=0.0002 N=512 epochs=12000 ...
  Epoch     1/12000  loss=4.0160e-01  lr=2.00e-04  (0.0s)
    -> min_loss=6.933e-06  mean_rel_err=3.206e-03  min_digits=3  (147.4s)
[539/567] hidden=[160, 160, 160, 160] omega0=35.0 lr=0.0002 N=512 epochs=15000 ...
  Epoch     1/15000  loss=4.0160e-01  lr=2.00e-04  (0.0s)
    -> min_loss=7.376e-06  mean_rel_err=6.395e-03  min_digits=3  (182.7s)
[540/567] hidden=[160, 160, 160, 160] omega0=35.0 lr=0.0002 N=1024 epochs=2000 ...
  Epoch     1/2000  loss=3.6473e-01  lr=2.00e-04  (0.0s)
    -> min_loss=1.323e-05  mean_rel_err=5.699e-04  min_digits=4  (24.6s)
[541/567] hidden=[160, 160, 160, 160] omega0=35.0 lr=0.0002 N=1024 epochs=3000 ...
  Epoch     1/3000  loss=3.6473e-01  lr=2.00e-04  (0.0s)
    -> min_loss=7.929e-06  mean_rel_err=3.176e-04  min_digits=4  (36.3s)
[542/567] hidden=[160, 160, 160, 160] omega0=35.0 lr=0.0002 N=1024 epochs=5000 ...
  Epoch     1/5000  loss=3.6473e-01  lr=2.00e-04  (0.0s)
    -> min_loss=4.172e-06  mean_rel_err=2.357e-04  min_digits=4  (61.0s)
[543/567] hidden=[160, 160, 160, 160] omega0=35.0 lr=0.0002 N=1024 epochs=7000 ...
  Epoch     1/7000  loss=3.6473e-01  lr=2.00e-04  (0.0s)
    -> min_loss=3.402e-06  mean_rel_err=6.972e-04  min_digits=4  (84.4s)
[544/567] hidden=[160, 160, 160, 160] omega0=35.0 lr=0.0002 N=1024 epochs=10000 ...
  Epoch     1/10000  loss=3.6473e-01  lr=2.00e-04  (0.0s)
    -> min_loss=3.573e-06  mean_rel_err=5.490e-04  min_digits=3  (120.3s)
[545/567] hidden=[160, 160, 160, 160] omega0=35.0 lr=0.0002 N=1024 epochs=12000 ...
  Epoch     1/12000  loss=3.6473e-01  lr=2.00e-04  (0.0s)
    -> min_loss=2.547e-06  mean_rel_err=6.951e-04  min_digits=4  (145.2s)
[546/567] hidden=[160, 160, 160, 160] omega0=35.0 lr=0.0002 N=1024 epochs=15000 ...
  Epoch     1/15000  loss=3.6473e-01  lr=2.00e-04  (0.0s)
    -> min_loss=2.726e-06  mean_rel_err=7.415e-04  min_digits=4  (178.9s)
[547/567] hidden=[160, 160, 160, 160] omega0=35.0 lr=0.00025 N=256 epochs=2000 ...
  Epoch     1/2000  loss=3.8328e-01  lr=2.50e-04  (0.0s)
    -> min_loss=4.279e-05  mean_rel_err=1.389e-03  min_digits=3  (24.1s)
[548/567] hidden=[160, 160, 160, 160] omega0=35.0 lr=0.00025 N=256 epochs=3000 ...
  Epoch     1/3000  loss=3.8328e-01  lr=2.50e-04  (0.0s)
    -> min_loss=3.151e-05  mean_rel_err=9.141e-04  min_digits=3  (36.0s)
[549/567] hidden=[160, 160, 160, 160] omega0=35.0 lr=0.00025 N=256 epochs=5000 ...
  Epoch     1/5000  loss=3.8328e-01  lr=2.50e-04  (0.0s)
    -> min_loss=1.866e-05  mean_rel_err=1.176e-03  min_digits=4  (59.9s)
[550/567] hidden=[160, 160, 160, 160] omega0=35.0 lr=0.00025 N=256 epochs=7000 ...
  Epoch     1/7000  loss=3.8328e-01  lr=2.50e-04  (0.0s)
    -> min_loss=1.812e-05  mean_rel_err=3.047e-03  min_digits=3  (84.7s)
[551/567] hidden=[160, 160, 160, 160] omega0=35.0 lr=0.00025 N=256 epochs=10000 ...
  Epoch     1/10000  loss=3.8328e-01  lr=2.50e-04  (0.0s)
    -> min_loss=2.444e-05  mean_rel_err=1.591e-03  min_digits=3  (119.4s)
[552/567] hidden=[160, 160, 160, 160] omega0=35.0 lr=0.00025 N=256 epochs=12000 ...
  Epoch     1/12000  loss=3.8328e-01  lr=2.50e-04  (0.0s)
    -> min_loss=1.846e-05  mean_rel_err=1.635e-03  min_digits=3  (142.8s)
[553/567] hidden=[160, 160, 160, 160] omega0=35.0 lr=0.00025 N=256 epochs=15000 ...
  Epoch     1/15000  loss=3.8328e-01  lr=2.50e-04  (0.0s)
    -> min_loss=2.839e-05  mean_rel_err=2.237e-03  min_digits=3  (179.8s)
[554/567] hidden=[160, 160, 160, 160] omega0=35.0 lr=0.00025 N=512 epochs=2000 ...
  Epoch     1/2000  loss=4.0160e-01  lr=2.50e-04  (0.0s)
    -> min_loss=2.206e-05  mean_rel_err=5.475e-04  min_digits=4  (24.6s)
[555/567] hidden=[160, 160, 160, 160] omega0=35.0 lr=0.00025 N=512 epochs=3000 ...
  Epoch     1/3000  loss=4.0160e-01  lr=2.50e-04  (0.0s)
    -> min_loss=1.268e-05  mean_rel_err=9.172e-04  min_digits=3  (36.2s)
[556/567] hidden=[160, 160, 160, 160] omega0=35.0 lr=0.00025 N=512 epochs=5000 ...
  Epoch     1/5000  loss=4.0160e-01  lr=2.50e-04  (0.0s)
    -> min_loss=7.154e-06  mean_rel_err=3.361e-04  min_digits=4  (60.0s)
[557/567] hidden=[160, 160, 160, 160] omega0=35.0 lr=0.00025 N=512 epochs=7000 ...
  Epoch     1/7000  loss=4.0160e-01  lr=2.50e-04  (0.0s)
    -> min_loss=7.121e-06  mean_rel_err=1.300e-03  min_digits=3  (82.6s)
[558/567] hidden=[160, 160, 160, 160] omega0=35.0 lr=0.00025 N=512 epochs=10000 ...
  Epoch     1/10000  loss=4.0160e-01  lr=2.50e-04  (0.0s)
    -> min_loss=8.164e-06  mean_rel_err=7.357e-04  min_digits=4  (121.7s)
[559/567] hidden=[160, 160, 160, 160] omega0=35.0 lr=0.00025 N=512 epochs=12000 ...
  Epoch     1/12000  loss=4.0160e-01  lr=2.50e-04  (0.0s)
    -> min_loss=9.026e-06  mean_rel_err=1.279e-03  min_digits=3  (143.8s)
[560/567] hidden=[160, 160, 160, 160] omega0=35.0 lr=0.00025 N=512 epochs=15000 ...
  Epoch     1/15000  loss=4.0160e-01  lr=2.50e-04  (0.0s)
    -> min_loss=1.093e-05  mean_rel_err=5.047e-03  min_digits=3  (179.7s)
[561/567] hidden=[160, 160, 160, 160] omega0=35.0 lr=0.00025 N=1024 epochs=2000 ...
  Epoch     1/2000  loss=3.6473e-01  lr=2.50e-04  (0.0s)
    -> min_loss=1.105e-05  mean_rel_err=2.311e-04  min_digits=4  (24.2s)
[562/567] hidden=[160, 160, 160, 160] omega0=35.0 lr=0.00025 N=1024 epochs=3000 ...
  Epoch     1/3000  loss=3.6473e-01  lr=2.50e-04  (0.0s)
    -> min_loss=6.966e-06  mean_rel_err=2.779e-04  min_digits=4  (36.1s)
[563/567] hidden=[160, 160, 160, 160] omega0=35.0 lr=0.00025 N=1024 epochs=5000 ...
  Epoch     1/5000  loss=3.6473e-01  lr=2.50e-04  (0.0s)
    -> min_loss=3.692e-06  mean_rel_err=4.602e-04  min_digits=4  (60.7s)
[564/567] hidden=[160, 160, 160, 160] omega0=35.0 lr=0.00025 N=1024 epochs=7000 ...
  Epoch     1/7000  loss=3.6473e-01  lr=2.50e-04  (0.0s)
    -> min_loss=3.222e-06  mean_rel_err=3.495e-04  min_digits=4  (83.5s)
[565/567] hidden=[160, 160, 160, 160] omega0=35.0 lr=0.00025 N=1024 epochs=10000 ...
  Epoch     1/10000  loss=3.6473e-01  lr=2.50e-04  (0.0s)
    -> min_loss=2.664e-06  mean_rel_err=2.997e-03  min_digits=3  (120.5s)
[566/567] hidden=[160, 160, 160, 160] omega0=35.0 lr=0.00025 N=1024 epochs=12000 ...
  Epoch     1/12000  loss=3.6473e-01  lr=2.50e-04  (0.0s)
    -> min_loss=3.457e-06  mean_rel_err=1.165e-03  min_digits=4  (145.6s)
[567/567] hidden=[160, 160, 160, 160] omega0=35.0 lr=0.00025 N=1024 epochs=15000 ...
  Epoch     1/15000  loss=3.6473e-01  lr=2.50e-04  (0.0s)
    -> min_loss=3.121e-06  mean_rel_err=5.702e-04  min_digits=4  (182.1s)

════════════════════════════════════════════════════════════════════════════════════════════════════════════════════════════════
  RANKED RESULTS (best first)
════════════════════════════════════════════════════════════════════════════════════════════════════════════════════════════════
    # hidden                omega0        lr  N/param  epochs    params    min_loss  mean_relerr  min_dig  time(s)
--------------------------------------------------------------------------------------------------------------------------------
    1 [128, 128, 128, 128]    35.0   1.5e-04     1024    2000    50,689   2.504e-05    1.963e-04        4     24.1
    2 [96, 96, 96, 96]        35.0   2.5e-04     1024   10000    28,801   5.745e-06    2.043e-04        4    121.4
    3 [128, 128, 128, 128]    30.0   2.0e-04      512    2000    50,689   3.362e-05    2.133e-04        4     23.4
    4 [128, 128, 128, 128]    30.0   2.5e-04     1024    2000    50,689   1.864e-05    2.136e-04        4     24.6
    5 [96, 96, 96, 96]        30.0   2.0e-04     1024    5000    28,801   1.319e-05    2.213e-04        4     59.1
    6 [160, 160, 160, 160]    35.0   2.5e-04     1024    2000    78,721   1.105e-05    2.311e-04        4     24.2
    7 [160, 160, 160, 160]    35.0   2.0e-04     1024    5000    78,721   4.172e-06    2.357e-04        4     61.0
    8 [128, 128, 128, 128]    30.0   1.5e-04     1024    5000    50,689   8.737e-06    2.393e-04        4     61.5
    9 [96, 96, 96, 96]        35.0   2.0e-04     1024    5000    28,801   1.227e-05    2.407e-04        4     60.4
   10 [160, 160, 160, 160]    35.0   1.5e-04      512    3000    78,721   1.479e-05    2.521e-04        4     36.5
   11 [96, 96, 96, 96]        35.0   1.5e-04     1024    5000    28,801   1.519e-05    2.655e-04        4     59.6
   12 [128, 128, 128, 128]    25.0   2.5e-04     1024    2000    50,689   2.151e-05    2.738e-04        4     24.5
   13 [96, 96, 96, 96]        25.0   2.0e-04     1024    5000    28,801   1.391e-05    2.771e-04        4     59.9
   14 [160, 160, 160, 160]    35.0   2.5e-04     1024    3000    78,721   6.966e-06    2.779e-04        4     36.1
   15 [128, 128, 128, 128]    25.0   2.0e-04     1024    5000    50,689   8.261e-06    2.812e-04        4     60.2
   16 [160, 160, 160, 160]    35.0   1.5e-04     1024    2000    78,721   1.715e-05    2.853e-04        4     23.9
   17 [128, 128, 128, 128]    35.0   2.5e-04     1024    2000    50,689   1.758e-05    2.870e-04        4     24.2
   18 [96, 96, 96, 96]        30.0   2.0e-04     1024    2000    28,801   4.034e-05    2.871e-04        4     23.5
   19 [160, 160, 160, 160]    35.0   1.5e-04      512    5000    78,721   7.826e-06    2.880e-04        4     59.8
   20 [128, 128, 128, 128]    35.0   2.5e-04      512    5000    50,689   1.017e-05    2.886e-04        4     60.9
   21 [96, 96, 96, 96]        30.0   2.0e-04      512    3000    28,801   3.435e-05    2.916e-04        4     36.2
   22 [160, 160, 160, 160]    30.0   1.5e-04     1024    3000    78,721   1.082e-05    2.924e-04        4     35.8
   23 [160, 160, 160, 160]    35.0   1.5e-04     1024    5000    78,721   5.435e-06    2.928e-04        4     59.8
   24 [160, 160, 160, 160]    30.0   2.5e-04     1024    7000    78,721   3.383e-06    2.951e-04        4     85.8
   25 [160, 160, 160, 160]    35.0   2.0e-04      512    2000    78,721   2.446e-05    3.017e-04        4     23.9
   26 [96, 96, 96, 96]        35.0   1.5e-04      512   10000    28,801   9.730e-06    3.026e-04        4    120.5
   27 [96, 96, 96, 96]        25.0   1.5e-04     1024    3000    28,801   3.261e-05    3.058e-04        4     36.5
   28 [128, 128, 128, 128]    25.0   1.5e-04     1024    3000    50,689   1.796e-05    3.119e-04        4     36.8
   29 [160, 160, 160, 160]    35.0   2.0e-04     1024    3000    78,721   7.929e-06    3.176e-04        4     36.3
   30 [128, 128, 128, 128]    25.0   1.5e-04     1024    5000    50,689   9.577e-06    3.255e-04        4     59.7
   31 [160, 160, 160, 160]    35.0   2.0e-04      512    5000    78,721   7.789e-06    3.261e-04        4     60.1
   32 [160, 160, 160, 160]    35.0   1.5e-04     1024    3000    78,721   1.051e-05    3.302e-04        4     35.3
   33 [96, 96, 96, 96]        30.0   2.5e-04     1024    2000    28,801   3.471e-05    3.314e-04        4     24.0
   34 [160, 160, 160, 160]    35.0   2.5e-04      512    5000    78,721   7.154e-06    3.361e-04        4     60.0
   35 [96, 96, 96, 96]        25.0   2.5e-04     1024    3000    28,801   2.272e-05    3.418e-04        4     37.1
   36 [96, 96, 96, 96]        35.0   1.5e-04     1024   15000    28,801   5.007e-06    3.485e-04        4    178.6
   37 [128, 128, 128, 128]    25.0   2.0e-04      512    5000    50,689   1.201e-05    3.485e-04        4     59.1
   38 [160, 160, 160, 160]    35.0   2.5e-04     1024    7000    78,721   3.222e-06    3.495e-04        4     83.5
   39 [160, 160, 160, 160]    25.0   1.5e-04      512    5000    78,721   9.721e-06    3.498e-04        4     59.8
   40 [128, 128, 128, 128]    25.0   2.5e-04      512    2000    50,689   3.254e-05    3.512e-04        4     24.1
   41 [160, 160, 160, 160]    30.0   1.5e-04     1024    2000    78,721   1.906e-05    3.543e-04        4     24.3
   42 [128, 128, 128, 128]    35.0   2.5e-04     1024    3000    50,689   9.755e-06    3.617e-04        4     35.6
   43 [160, 160, 160, 160]    25.0   2.5e-04     1024    2000    78,721   1.438e-05    3.637e-04        4     24.4
   44 [128, 128, 128, 128]    25.0   2.0e-04      512    2000    50,689   3.625e-05    3.694e-04        4     24.4
   45 [128, 128, 128, 128]    25.0   2.0e-04      512   10000    50,689   7.823e-06    3.700e-04        4    117.9
   46 [160, 160, 160, 160]    25.0   1.5e-04     1024   12000    78,721   2.639e-06    3.723e-04        4    141.7
   47 [128, 128, 128, 128]    35.0   1.5e-04      512    3000    50,689   2.077e-05    3.737e-04        4     36.7
   48 [96, 96, 96, 96]        30.0   1.5e-04     1024    5000    28,801   1.666e-05    3.748e-04        4     61.6
   49 [128, 128, 128, 128]    35.0   2.0e-04      512    5000    50,689   1.035e-05    3.766e-04        4     59.2
   50 [160, 160, 160, 160]    35.0   1.5e-04     1024   12000    78,721   2.985e-06    3.796e-04        4    140.9
   51 [160, 160, 160, 160]    30.0   2.0e-04     1024    7000    78,721   3.733e-06    3.817e-04        4     84.6
   52 [128, 128, 128, 128]    30.0   2.0e-04     1024    2000    50,689   2.115e-05    3.827e-04        4     23.7
   53 [160, 160, 160, 160]    30.0   2.0e-04     1024    3000    78,721   8.726e-06    3.827e-04        4     35.8
   54 [96, 96, 96, 96]        35.0   2.0e-04      512    7000    28,801   1.463e-05    3.831e-04        4     84.2
   55 [160, 160, 160, 160]    30.0   1.5e-04      512    3000    78,721   1.712e-05    3.834e-04        4     35.7
   56 [160, 160, 160, 160]    35.0   1.5e-04     1024    7000    78,721   4.182e-06    3.887e-04        4     83.9
   57 [160, 160, 160, 160]    30.0   2.5e-04     1024    3000    78,721   7.881e-06    3.896e-04        4     36.5
   58 [128, 128, 128, 128]    25.0   2.0e-04     1024   12000    50,689   3.817e-06    3.949e-04        4    144.5
   59 [160, 160, 160, 160]    25.0   2.5e-04     1024    3000    78,721   8.620e-06    4.021e-04        4     36.8
   60 [96, 96, 96, 96]        25.0   2.0e-04     1024    3000    28,801   2.669e-05    4.037e-04        4     36.1
   61 [96, 96, 96, 96]        35.0   1.5e-04     1024    2000    28,801   4.979e-05    4.041e-04        4     24.1
   62 [128, 128, 128, 128]    25.0   2.0e-04     1024    2000    50,689   2.442e-05    4.060e-04        4     23.9
   63 [96, 96, 96, 96]        35.0   2.0e-04     1024    2000    28,801   4.008e-05    4.127e-04        4     25.2
   64 [160, 160, 160, 160]    25.0   2.0e-04     1024   12000    78,721   3.072e-06    4.132e-04        4    145.6
   65 [128, 128, 128, 128]    25.0   1.5e-04     1024    2000    50,689   2.989e-05    4.149e-04        4     24.7
   66 [128, 128, 128, 128]    30.0   1.5e-04      512    5000    50,689   1.282e-05    4.173e-04        4     61.0
   67 [96, 96, 96, 96]        30.0   2.0e-04     1024    3000    28,801   2.441e-05    4.189e-04        4     35.6
   68 [160, 160, 160, 160]    35.0   2.0e-04      512    3000    78,721   1.366e-05    4.219e-04        4     36.0
   69 [128, 128, 128, 128]    35.0   2.0e-04     1024    3000    50,689   1.173e-05    4.245e-04        4     37.0
   70 [128, 128, 128, 128]    35.0   1.5e-04      256    2000    50,689   5.654e-05    4.279e-04        4     24.1
   71 [128, 128, 128, 128]    35.0   1.5e-04     1024    3000    50,689   1.532e-05    4.283e-04        4     35.5
   72 [128, 128, 128, 128]    30.0   1.5e-04      256    2000    50,689   6.287e-05    4.285e-04        4     24.0
   73 [160, 160, 160, 160]    25.0   2.0e-04     1024    2000    78,721   1.671e-05    4.290e-04        4     24.0
   74 [160, 160, 160, 160]    30.0   2.5e-04     1024    5000    78,721   4.482e-06    4.326e-04        4     59.7
   75 [96, 96, 96, 96]        35.0   2.5e-04     1024    5000    28,801   9.784e-06    4.336e-04        4     62.2
   76 [128, 128, 128, 128]    35.0   2.0e-04     1024    5000    50,689   6.395e-06    4.373e-04        4     61.0
   77 [160, 160, 160, 160]    25.0   1.5e-04      256    5000    78,721   1.763e-05    4.373e-04        4     59.3
   78 [128, 128, 128, 128]    25.0   2.0e-04     1024    3000    50,689   1.467e-05    4.401e-04        4     36.7
   79 [160, 160, 160, 160]    25.0   2.0e-04      512    3000    78,721   1.497e-05    4.416e-04        4     35.9
   80 [160, 160, 160, 160]    25.0   1.5e-04     1024    3000    78,721   1.266e-05    4.489e-04        4     36.1
   81 [128, 128, 128, 128]    35.0   2.0e-04     1024    2000    50,689   2.037e-05    4.552e-04        4     24.4
   82 [96, 96, 96, 96]        25.0   2.0e-04     1024    7000    28,801   1.013e-05    4.553e-04        4     84.2
   83 [160, 160, 160, 160]    25.0   1.5e-04     1024   10000    78,721   3.759e-06    4.576e-04        4    120.6
   84 [160, 160, 160, 160]    35.0   2.5e-04     1024    5000    78,721   3.692e-06    4.602e-04        4     60.7
   85 [128, 128, 128, 128]    25.0   2.5e-04      512    5000    50,689   1.175e-05    4.610e-04        4     58.9
   86 [96, 96, 96, 96]        25.0   2.5e-04     1024    7000    28,801   8.899e-06    4.614e-04        4     86.7
   87 [96, 96, 96, 96]        30.0   2.0e-04     1024    7000    28,801   9.420e-06    4.627e-04        4     84.2
   88 [160, 160, 160, 160]    25.0   1.5e-04     1024    2000    78,721   2.059e-05    4.650e-04        4     24.3
   89 [96, 96, 96, 96]        30.0   1.5e-04      512    5000    28,801   2.442e-05    4.697e-04        4     59.2
   90 [96, 96, 96, 96]        35.0   2.0e-04      512    3000    28,801   3.590e-05    4.731e-04        4     36.0
   91 [128, 128, 128, 128]    30.0   2.5e-04     1024    3000    50,689   1.218e-05    4.750e-04        4     36.8
   92 [160, 160, 160, 160]    25.0   1.5e-04      512    3000    78,721   1.689e-05    4.839e-04        4     36.5
   93 [160, 160, 160, 160]    30.0   2.0e-04     1024   15000    78,721   2.282e-06    4.847e-04        4    183.1
   94 [128, 128, 128, 128]    35.0   1.5e-04      512    5000    50,689   1.176e-05    4.853e-04        4     60.2
   95 [160, 160, 160, 160]    25.0   2.0e-04     1024   10000    78,721   3.133e-06    4.904e-04        4    121.5
   96 [96, 96, 96, 96]        30.0   1.5e-04     1024    7000    28,801   1.178e-05    4.939e-04        4     85.9
   97 [160, 160, 160, 160]    30.0   2.0e-04     1024    5000    78,721   5.017e-06    4.961e-04        4     60.7
   98 [96, 96, 96, 96]        30.0   2.0e-04     1024   15000    28,801   4.958e-06    4.980e-04        4    180.8
   99 [160, 160, 160, 160]    35.0   1.5e-04     1024   10000    78,721   3.170e-06    4.981e-04        4    120.0
  100 [160, 160, 160, 160]    35.0   1.5e-04      256    3000    78,721   3.100e-05    5.011e-04        4     36.3
  101 [96, 96, 96, 96]        35.0   1.5e-04     1024    7000    28,801   1.111e-05    5.018e-04        4     83.7
  102 [160, 160, 160, 160]    30.0   2.5e-04     1024   10000    78,721   3.392e-06    5.027e-04        4    118.7
  103 [160, 160, 160, 160]    30.0   1.5e-04      256    5000    78,721   1.607e-05    5.027e-04        4     58.2
  104 [96, 96, 96, 96]        35.0   2.0e-04     1024    7000    28,801   9.799e-06    5.096e-04        4     84.7
  105 [128, 128, 128, 128]    30.0   1.5e-04      512    3000    50,689   2.330e-05    5.129e-04        4     35.9
  106 [128, 128, 128, 128]    25.0   1.5e-04     1024    7000    50,689   6.173e-06    5.168e-04        4     85.3
  107 [160, 160, 160, 160]    30.0   1.5e-04     1024    5000    78,721   6.049e-06    5.178e-04        4     59.8
  108 [160, 160, 160, 160]    25.0   2.0e-04      512    5000    78,721   8.279e-06    5.190e-04        4     61.9
  109 [96, 96, 96, 96]        30.0   2.5e-04      512    3000    28,801   3.069e-05    5.194e-04        4     36.2
  110 [128, 128, 128, 128]    35.0   1.5e-04     1024    5000    50,689   8.263e-06    5.208e-04        4     59.4
  111 [128, 128, 128, 128]    25.0   2.5e-04     1024    7000    50,689   4.840e-06    5.225e-04        4     85.8
  112 [96, 96, 96, 96]        30.0   1.5e-04     1024    3000    28,801   3.228e-05    5.294e-04        4     36.9
  113 [128, 128, 128, 128]    30.0   2.5e-04     1024    5000    50,689   6.428e-06    5.310e-04        4     60.4
  114 [160, 160, 160, 160]    30.0   2.0e-04     1024   10000    78,721   2.821e-06    5.346e-04        4    118.6
  115 [160, 160, 160, 160]    30.0   1.5e-04      512    5000    78,721   9.131e-06    5.348e-04        4     61.1
  116 [128, 128, 128, 128]    30.0   2.5e-04      512    2000    50,689   3.075e-05    5.351e-04        4     23.7
  117 [128, 128, 128, 128]    25.0   2.0e-04      512    3000    50,689   2.083e-05    5.398e-04        4     35.3
  118 [128, 128, 128, 128]    30.0   2.5e-04      512    5000    50,689   1.028e-05    5.425e-04        4     59.5
  119 [160, 160, 160, 160]    25.0   1.5e-04     1024    7000    78,721   4.794e-06    5.425e-04        4     84.8
  120 [96, 96, 96, 96]        25.0   2.0e-04      512    3000    28,801   3.958e-05    5.474e-04        4     36.6
  121 [160, 160, 160, 160]    35.0   2.5e-04      512    2000    78,721   2.206e-05    5.475e-04        4     24.6
  122 [128, 128, 128, 128]    25.0   1.5e-04      256    5000    50,689   2.032e-05    5.479e-04        4     59.1
  123 [128, 128, 128, 128]    35.0   1.5e-04      512    2000    50,689   3.642e-05    5.489e-04        4     24.3
  124 [160, 160, 160, 160]    30.0   2.5e-04      512    7000    78,721   7.041e-06    5.501e-04        4     82.4
  125 [128, 128, 128, 128]    25.0   1.5e-04     1024   15000    50,689   3.275e-06    5.532e-04        4    182.3
  126 [160, 160, 160, 160]    30.0   2.5e-04      512    3000    78,721   1.263e-05    5.537e-04        4     37.1
  127 [128, 128, 128, 128]    25.0   2.5e-04      512   15000    50,689   6.638e-06    5.558e-04        4    183.0
  128 [160, 160, 160, 160]    25.0   2.0e-04     1024    3000    78,721   1.055e-05    5.567e-04        4     35.9
  129 [128, 128, 128, 128]    35.0   2.5e-04      512    2000    50,689   2.974e-05    5.574e-04        4     23.8
  130 [160, 160, 160, 160]    25.0   2.5e-04      512    3000    78,721   1.354e-05    5.588e-04        4     35.4
  131 [96, 96, 96, 96]        30.0   2.5e-04     1024    5000    28,801   1.207e-05    5.624e-04        4     60.1
  132 [96, 96, 96, 96]        30.0   1.5e-04      512    3000    28,801   4.402e-05    5.631e-04        4     35.6
  133 [128, 128, 128, 128]    30.0   2.0e-04      512    3000    50,689   1.933e-05    5.676e-04        4     34.9
  134 [160, 160, 160, 160]    35.0   2.0e-04     1024    2000    78,721   1.323e-05    5.699e-04        4     24.6
  135 [160, 160, 160, 160]    35.0   2.5e-04     1024   15000    78,721   3.121e-06    5.702e-04        4    182.1
  136 [160, 160, 160, 160]    30.0   1.5e-04      256    3000    78,721   2.787e-05    5.704e-04        4     35.3
  137 [128, 128, 128, 128]    35.0   2.0e-04      512    3000    50,689   1.678e-05    5.730e-04        4     36.2
  138 [160, 160, 160, 160]    35.0   2.0e-04      512   10000    78,721   6.188e-06    5.743e-04        4    120.8
  139 [128, 128, 128, 128]    30.0   1.5e-04      512   10000    50,689   6.461e-06    5.777e-04        4    120.3
  140 [160, 160, 160, 160]    35.0   1.5e-04      256    5000    78,721   1.628e-05    5.818e-04        4     60.5
  141 [128, 128, 128, 128]    25.0   2.0e-04      256    2000    50,689   5.383e-05    5.869e-04        4     23.7
  142 [128, 128, 128, 128]    25.0   2.0e-04     1024    7000    50,689   5.426e-06    5.882e-04        4     84.1
  143 [96, 96, 96, 96]        25.0   2.5e-04     1024    5000    28,801   1.238e-05    5.904e-04        4     61.5
  144 [128, 128, 128, 128]    30.0   2.0e-04      256    5000    50,689   2.017e-05    5.915e-04        4     60.8
  145 [128, 128, 128, 128]    25.0   2.5e-04      512    3000    50,689   1.973e-05    5.952e-04        4     35.6
  146 [96, 96, 96, 96]        25.0   2.0e-04      512    2000    28,801   6.420e-05    6.011e-04        4     24.7
  147 [96, 96, 96, 96]        35.0   1.5e-04      256   10000    28,801   1.793e-05    6.067e-04        4    116.1
  148 [128, 128, 128, 128]    30.0   1.5e-04     1024   12000    50,689   4.095e-06    6.099e-04        4    148.0
  149 [96, 96, 96, 96]        25.0   2.0e-04      512    7000    28,801   1.531e-05    6.137e-04        4     82.1
  150 [160, 160, 160, 160]    30.0   1.5e-04     1024   15000    78,721   2.272e-06    6.161e-04        4    180.4
  151 [128, 128, 128, 128]    25.0   1.5e-04     1024   10000    50,689   4.866e-06    6.220e-04        4    122.3
  152 [160, 160, 160, 160]    30.0   2.0e-04      512    5000    78,721   7.769e-06    6.278e-04        4     60.7
  153 [96, 96, 96, 96]        35.0   2.5e-04     1024    3000    28,801   1.848e-05    6.297e-04        4     37.0
  154 [128, 128, 128, 128]    30.0   1.5e-04      256    5000    50,689   2.048e-05    6.347e-04        4     59.8
  155 [128, 128, 128, 128]    35.0   1.5e-04      512   10000    50,689   8.077e-06    6.382e-04        4    122.8
  156 [96, 96, 96, 96]        30.0   2.0e-04      512    5000    28,801   2.014e-05    6.396e-04        4     60.3
  157 [160, 160, 160, 160]    30.0   2.0e-04      512    7000    78,721   6.446e-06    6.407e-04        4     84.1
  158 [128, 128, 128, 128]    25.0   2.5e-04      256    3000    50,689   3.408e-05    6.466e-04        4     36.0
  159 [96, 96, 96, 96]        35.0   2.5e-04      512    3000    28,801   3.117e-05    6.484e-04        4     36.8
  160 [96, 96, 96, 96]        35.0   2.5e-04     1024    7000    28,801   8.006e-06    6.526e-04        4     86.2
  161 [128, 128, 128, 128]    30.0   2.0e-04     1024   10000    50,689   3.974e-06    6.530e-04        4    119.9
  162 [96, 96, 96, 96]        30.0   2.5e-04      512   10000    28,801   9.806e-06    6.566e-04        4    120.1
  163 [128, 128, 128, 128]    25.0   2.0e-04      256    5000    50,689   2.005e-05    6.577e-04        4     60.4
  164 [160, 160, 160, 160]    25.0   2.0e-04     1024    7000    78,721   4.239e-06    6.578e-04        4     84.7
  165 [96, 96, 96, 96]        25.0   1.5e-04      512   10000    28,801   1.249e-05    6.588e-04        4    118.8
  166 [160, 160, 160, 160]    30.0   1.5e-04      256   15000    78,721   1.408e-05    6.608e-04        4    179.2
  167 [128, 128, 128, 128]    25.0   1.5e-04      256    2000    50,689   5.966e-05    6.623e-04        4     24.1
  168 [96, 96, 96, 96]        25.0   1.5e-04     1024   10000    28,801   7.695e-06    6.632e-04        4    124.1
  169 [96, 96, 96, 96]        25.0   2.0e-04      512   15000    28,801   7.578e-06    6.654e-04        4    179.3
  170 [160, 160, 160, 160]    30.0   2.5e-04      512    5000    78,721   7.652e-06    6.737e-04        4     61.3
  171 [160, 160, 160, 160]    25.0   2.5e-04     1024   15000    78,721   2.510e-06    6.815e-04        4    178.6
  172 [160, 160, 160, 160]    35.0   2.0e-04      256    2000    78,721   4.473e-05    6.828e-04        4     23.8
  173 [96, 96, 96, 96]        25.0   2.0e-04      256    5000    28,801   3.480e-05    6.934e-04        4     61.4
  174 [96, 96, 96, 96]        30.0   1.5e-04     1024   10000    28,801   7.382e-06    6.939e-04        4    122.7
  175 [160, 160, 160, 160]    35.0   2.0e-04     1024   12000    78,721   2.547e-06    6.951e-04        4    145.2
  176 [128, 128, 128, 128]    25.0   1.5e-04      512   10000    50,689   8.087e-06    6.964e-04        4    120.9
  177 [160, 160, 160, 160]    35.0   2.0e-04     1024    7000    78,721   3.402e-06    6.972e-04        4     84.4
  178 [96, 96, 96, 96]        35.0   2.5e-04     1024    2000    28,801   3.079e-05    7.069e-04        4     24.3
  179 [96, 96, 96, 96]        25.0   1.5e-04     1024    7000    28,801   1.135e-05    7.190e-04        4     86.3
  180 [128, 128, 128, 128]    25.0   2.0e-04      512   15000    50,689   6.215e-06    7.209e-04        4    176.4
  181 [96, 96, 96, 96]        25.0   1.5e-04      256    5000    28,801   3.715e-05    7.292e-04        4     59.7
  182 [160, 160, 160, 160]    25.0   2.0e-04      512   10000    78,721   5.392e-06    7.328e-04        4    121.1
  183 [96, 96, 96, 96]        35.0   2.0e-04     1024   10000    28,801   7.009e-06    7.330e-04        4    119.3
  184 [160, 160, 160, 160]    35.0   2.0e-04      256    3000    78,721   2.782e-05    7.350e-04        4     35.0
  185 [160, 160, 160, 160]    35.0   2.5e-04      512   10000    78,721   8.164e-06    7.357e-04        4    121.7
  186 [160, 160, 160, 160]    35.0   2.0e-04     1024   15000    78,721   2.726e-06    7.415e-04        4    178.9
  187 [96, 96, 96, 96]        30.0   2.5e-04     1024    7000    28,801   8.252e-06    7.430e-04        4     84.0
  188 [96, 96, 96, 96]        30.0   1.5e-04      512   12000    28,801   9.232e-06    7.444e-04        4    144.7
  189 [96, 96, 96, 96]        35.0   1.5e-04      256    5000    28,801   3.300e-05    7.462e-04        4     58.4
  190 [96, 96, 96, 96]        35.0   2.5e-04     1024   12000    28,801   4.863e-06    7.596e-04        4    148.1
  191 [96, 96, 96, 96]        35.0   1.5e-04      512    3000    28,801   4.316e-05    7.640e-04        4     36.0
  192 [96, 96, 96, 96]        25.0   2.5e-04      256    5000    28,801   3.287e-05    7.666e-04        4     58.2
  193 [128, 128, 128, 128]    25.0   2.5e-04      512    7000    50,689   8.512e-06    7.682e-04        4     83.9
  194 [128, 128, 128, 128]    35.0   2.5e-04     1024   12000    50,689   3.059e-06    7.705e-04        4    145.1
  195 [160, 160, 160, 160]    30.0   2.0e-04      512   10000    78,721   5.562e-06    7.720e-04        4    120.9
  196 [96, 96, 96, 96]        25.0   2.5e-04      512    2000    28,801   5.729e-05    7.787e-04        4     23.0
  197 [128, 128, 128, 128]    35.0   2.0e-04      256    5000    50,689   1.940e-05    7.798e-04        4     59.0
  198 [160, 160, 160, 160]    30.0   2.0e-04      512    2000    78,721   2.403e-05    7.842e-04        4     23.8
  199 [160, 160, 160, 160]    35.0   2.0e-04      512    7000    78,721   6.574e-06    7.858e-04        4     84.9
  200 [160, 160, 160, 160]    30.0   2.0e-04     1024   12000    78,721   2.976e-06    7.884e-04        4    141.1
  201 [160, 160, 160, 160]    35.0   1.5e-04     1024   15000    78,721   2.264e-06    7.894e-04        4    179.5
  202 [128, 128, 128, 128]    35.0   2.5e-04      512    3000    50,689   1.622e-05    7.938e-04        4     35.9
  203 [160, 160, 160, 160]    30.0   2.5e-04      512    2000    78,721   2.278e-05    7.954e-04        4     23.5
  204 [128, 128, 128, 128]    35.0   2.0e-04     1024   10000    50,689   3.765e-06    7.981e-04        4    122.8
  205 [160, 160, 160, 160]    25.0   2.0e-04      512    7000    78,721   5.974e-06    8.091e-04        4     87.4
  206 [160, 160, 160, 160]    25.0   2.5e-04      256    5000    78,721   1.697e-05    8.129e-04        4     60.5
  207 [128, 128, 128, 128]    25.0   1.5e-04      256   10000    50,689   1.322e-05    8.134e-04        4    118.6
  208 [96, 96, 96, 96]        35.0   1.5e-04     1024   10000    28,801   7.948e-06    8.188e-04        4    122.1
  209 [96, 96, 96, 96]        35.0   2.5e-04      256    2000    28,801   7.706e-05    8.226e-04        4     24.1
  210 [128, 128, 128, 128]    25.0   2.0e-04      256   10000    50,689   1.312e-05    8.258e-04        4    119.7
  211 [96, 96, 96, 96]        25.0   1.5e-04      512    3000    28,801   4.823e-05    8.304e-04        4     36.1
  212 [96, 96, 96, 96]        25.0   1.5e-04      512    7000    28,801   1.799e-05    8.323e-04        4     83.1
  213 [128, 128, 128, 128]    25.0   2.5e-04      256    5000    50,689   1.924e-05    8.342e-04        4     59.4
  214 [128, 128, 128, 128]    35.0   2.5e-04      256    5000    50,689   1.961e-05    8.361e-04        4     59.3
  215 [96, 96, 96, 96]        30.0   2.5e-04      256   12000    28,801   1.852e-05    8.425e-04        4    143.0
  216 [96, 96, 96, 96]        35.0   2.5e-04      512   10000    28,801   1.096e-05    8.504e-04        4    120.1
  217 [160, 160, 160, 160]    25.0   1.5e-04     1024    5000    78,721   6.069e-06    8.562e-04        4     60.6
  218 [128, 128, 128, 128]    25.0   1.5e-04      512    3000    50,689   2.493e-05    8.632e-04        4     36.4
  219 [96, 96, 96, 96]        30.0   2.0e-04      512    2000    28,801   6.329e-05    8.643e-04        4     24.3
  220 [96, 96, 96, 96]        35.0   2.0e-04     1024    3000    28,801   2.304e-05    8.779e-04        4     35.2
  221 [96, 96, 96, 96]        35.0   1.5e-04      512    2000    28,801   7.327e-05    8.832e-04        4     23.9
  222 [96, 96, 96, 96]        30.0   2.5e-04      512    5000    28,801   1.768e-05    8.834e-04        4     59.3
  223 [96, 96, 96, 96]        35.0   2.0e-04      512   10000    28,801   1.214e-05    8.917e-04        4    120.8
  224 [160, 160, 160, 160]    30.0   1.5e-04      512   10000    78,721   6.142e-06    8.926e-04        4    118.6
  225 [96, 96, 96, 96]        30.0   1.5e-04     1024   15000    28,801   5.043e-06    8.931e-04        4    178.9
  226 [96, 96, 96, 96]        30.0   2.0e-04      512    7000    28,801   1.508e-05    8.936e-04        4     84.6
  227 [96, 96, 96, 96]        30.0   2.5e-04      512    7000    28,801   1.306e-05    9.041e-04        4     84.2
  228 [96, 96, 96, 96]        30.0   2.5e-04      512   12000    28,801   1.010e-05    9.053e-04        4    145.1
  229 [160, 160, 160, 160]    25.0   2.5e-04     1024    7000    78,721   3.442e-06    9.105e-04        4     85.3
  230 [128, 128, 128, 128]    30.0   2.5e-04      256    5000    50,689   1.999e-05    9.183e-04        4     59.6
  231 [160, 160, 160, 160]    30.0   2.5e-04     1024   15000    78,721   2.733e-06    9.194e-04        4    180.2
  232 [96, 96, 96, 96]        35.0   2.0e-04      512    2000    28,801   5.605e-05    9.197e-04        4     23.8
  233 [160, 160, 160, 160]    25.0   2.5e-04     1024    5000    78,721   4.852e-06    9.216e-04        4     60.3
  234 [96, 96, 96, 96]        25.0   2.5e-04     1024   10000    28,801   6.868e-06    9.304e-04        4    122.4
  235 [128, 128, 128, 128]    25.0   2.5e-04     1024   12000    50,689   3.669e-06    9.482e-04        4    145.2
  236 [96, 96, 96, 96]        35.0   2.5e-04      512   15000    28,801   9.001e-06    9.582e-04        4    179.5
  237 [128, 128, 128, 128]    35.0   1.5e-04     1024   10000    50,689   4.500e-06    9.638e-04        4    123.3
  238 [160, 160, 160, 160]    25.0   1.5e-04      256    7000    78,721   1.374e-05    9.773e-04        4     82.9
  239 [160, 160, 160, 160]    25.0   2.5e-04      512    5000    78,721   7.879e-06    9.889e-04        4     60.3
  240 [96, 96, 96, 96]        25.0   2.5e-04     1024   12000    28,801   5.870e-06    9.898e-04        4    147.8
  241 [128, 128, 128, 128]    25.0   2.0e-04      256    7000    50,689   1.710e-05    9.974e-04        4     84.6
  242 [160, 160, 160, 160]    35.0   1.5e-04      512    2000    78,721   2.482e-05    1.011e-03        4     24.4
  243 [96, 96, 96, 96]        25.0   2.5e-04      512    7000    28,801   1.432e-05    1.038e-03        4     83.7
  244 [128, 128, 128, 128]    25.0   2.5e-04      256    2000    50,689   5.087e-05    1.038e-03        4     24.2
  245 [128, 128, 128, 128]    25.0   2.5e-04      256    7000    50,689   1.577e-05    1.043e-03        4     83.6
  246 [160, 160, 160, 160]    25.0   2.0e-04      512   12000    78,721   4.866e-06    1.055e-03        4    144.5
  247 [128, 128, 128, 128]    30.0   1.5e-04     1024   15000    50,689   2.529e-06    1.079e-03        4    182.3
  248 [160, 160, 160, 160]    30.0   2.0e-04      256   15000    78,721   1.689e-05    1.106e-03        4    180.2
  249 [96, 96, 96, 96]        35.0   2.5e-04      256    5000    28,801   3.219e-05    1.145e-03        4     59.9
  250 [160, 160, 160, 160]    35.0   2.5e-04     1024   12000    78,721   3.457e-06    1.165e-03        4    145.6
  251 [160, 160, 160, 160]    35.0   2.5e-04      256    5000    78,721   1.866e-05    1.176e-03        4     59.9
  252 [96, 96, 96, 96]        35.0   2.5e-04      512    7000    28,801   1.431e-05    1.194e-03        4     85.6
  253 [160, 160, 160, 160]    35.0   1.5e-04      512   10000    78,721   5.096e-06    1.203e-03        4    122.1
  254 [160, 160, 160, 160]    30.0   2.5e-04      512   15000    78,721   8.805e-06    1.265e-03        4    179.6
  255 [96, 96, 96, 96]        35.0   2.5e-04      256   15000    28,801   2.271e-05    1.308e-03        4    178.8
  256 [160, 160, 160, 160]    25.0   1.5e-04      256   15000    78,721   9.734e-06    1.345e-03        4    174.8
  257 [96, 96, 96, 96]        25.0   2.5e-04      256    2000    28,801   8.574e-05    1.352e-03        4     23.4
  258 [96, 96, 96, 96]        25.0   2.0e-04      512    5000    28,801   2.126e-05    1.403e-03        4     59.0
  259 [96, 96, 96, 96]        30.0   1.5e-04      256   10000    28,801   1.918e-05    1.435e-03        4    117.6
  260 [96, 96, 96, 96]        25.0   1.5e-04      512    2000    28,801   8.328e-05    1.442e-03        4     24.0
  261 [96, 96, 96, 96]        25.0   2.5e-04      512    5000    28,801   1.870e-05    1.465e-03        4     58.4
  262 [96, 96, 96, 96]        25.0   2.0e-04     1024   12000    28,801   6.678e-06    1.628e-03        4    146.3
  263 [96, 96, 96, 96]        30.0   1.5e-04      256    2000    28,801   9.925e-05    1.640e-03        4     23.4
  264 [128, 128, 128, 128]    25.0   2.5e-04     1024    3000    50,689   1.285e-05    2.905e-04        3     36.9
  265 [128, 128, 128, 128]    35.0   1.5e-04      512   12000    50,689   6.577e-06    4.760e-04        3    144.9
  266 [96, 96, 96, 96]        25.0   1.5e-04     1024    5000    28,801   1.787e-05    4.872e-04        3     60.9
  267 [128, 128, 128, 128]    30.0   2.5e-04      512    3000    50,689   1.651e-05    4.881e-04        3     36.0
  268 [128, 128, 128, 128]    35.0   2.0e-04      512    2000    50,689   3.271e-05    4.956e-04        3     24.3
  269 [160, 160, 160, 160]    30.0   2.5e-04     1024    2000    78,721   1.423e-05    5.095e-04        3     23.9
  270 [160, 160, 160, 160]    25.0   1.5e-04      512    2000    78,721   2.996e-05    5.390e-04        3     23.3
  271 [160, 160, 160, 160]    35.0   2.0e-04     1024   10000    78,721   3.573e-06    5.490e-04        3    120.3
  272 [160, 160, 160, 160]    25.0   1.5e-04      256    3000    78,721   3.012e-05    5.702e-04        3     35.0
  273 [160, 160, 160, 160]    30.0   2.0e-04     1024    2000    78,721   1.505e-05    5.763e-04        3     23.9
  274 [96, 96, 96, 96]        30.0   1.5e-04     1024    2000    28,801   5.385e-05    5.801e-04        3     24.5
  275 [96, 96, 96, 96]        30.0   2.5e-04     1024    3000    28,801   2.169e-05    5.958e-04        3     35.9
  276 [128, 128, 128, 128]    30.0   2.0e-04     1024    3000    50,689   1.401e-05    6.290e-04        3     36.4
  277 [96, 96, 96, 96]        25.0   1.5e-04      256   12000    28,801   1.650e-05    6.704e-04        3    146.3
  278 [128, 128, 128, 128]    25.0   2.0e-04     1024   10000    50,689   4.701e-06    6.742e-04        3    118.4
  279 [160, 160, 160, 160]    25.0   2.0e-04      512    2000    78,721   2.627e-05    6.824e-04        3     23.6
  280 [128, 128, 128, 128]    35.0   2.5e-04     1024    7000    50,689   4.738e-06    6.890e-04        3     83.0
  281 [96, 96, 96, 96]        30.0   2.0e-04      256    5000    28,801   3.098e-05    6.931e-04        3     59.1
  282 [96, 96, 96, 96]        30.0   1.5e-04      256   15000    28,801   1.346e-05    7.160e-04        3    181.7
  283 [128, 128, 128, 128]    25.0   1.5e-04      512   12000    50,689   6.003e-06    7.597e-04        3    145.5
  284 [96, 96, 96, 96]        35.0   2.0e-04      512    5000    28,801   1.917e-05    7.681e-04        3     59.7
  285 [128, 128, 128, 128]    30.0   1.5e-04     1024    3000    50,689   1.749e-05    7.734e-04        3     37.0
  286 [128, 128, 128, 128]    25.0   2.5e-04      256   10000    50,689   1.340e-05    7.822e-04        3    120.5
  287 [96, 96, 96, 96]        30.0   2.5e-04      512    2000    28,801   5.175e-05    7.898e-04        3     24.6
  288 [96, 96, 96, 96]        25.0   2.0e-04      256   15000    28,801   1.502e-05    7.925e-04        3    184.0
  289 [160, 160, 160, 160]    25.0   2.5e-04      512    2000    78,721   2.339e-05    7.977e-04        3     23.4
  290 [160, 160, 160, 160]    30.0   1.5e-04      512    7000    78,721   7.416e-06    8.059e-04        3     85.0
  291 [128, 128, 128, 128]    35.0   1.5e-04      256    5000    50,689   2.013e-05    8.076e-04        3     60.4
  292 [96, 96, 96, 96]        30.0   2.5e-04      256    5000    28,801   3.005e-05    8.115e-04        3     59.8
  293 [96, 96, 96, 96]        25.0   2.5e-04      512    3000    28,801   3.351e-05    8.192e-04        3     35.0
  294 [96, 96, 96, 96]        25.0   1.5e-04      512    5000    28,801   2.522e-05    8.274e-04        3     59.4
  295 [128, 128, 128, 128]    25.0   2.5e-04      512   10000    50,689   7.762e-06    8.286e-04        3    122.3
  296 [160, 160, 160, 160]    30.0   1.5e-04      256   10000    78,721   1.196e-05    8.321e-04        3    121.0
  297 [160, 160, 160, 160]    25.0   1.5e-04      512    7000    78,721   6.778e-06    8.349e-04        3     84.9
  298 [128, 128, 128, 128]    35.0   2.0e-04      512   10000    50,689   7.468e-06    8.415e-04        3    121.0
  299 [160, 160, 160, 160]    30.0   2.0e-04      512    3000    78,721   1.417e-05    8.416e-04        3     36.5
  300 [160, 160, 160, 160]    35.0   1.5e-04      256    2000    78,721   4.326e-05    8.450e-04        3     24.7
  301 [96, 96, 96, 96]        35.0   2.0e-04      256   12000    28,801   1.876e-05    8.696e-04        3    139.6
  302 [96, 96, 96, 96]        25.0   2.5e-04     1024    2000    28,801   3.778e-05    8.744e-04        3     24.5
  303 [128, 128, 128, 128]    30.0   2.0e-04     1024    5000    50,689   7.308e-06    8.938e-04        3     60.5
  304 [96, 96, 96, 96]        30.0   1.5e-04      256    5000    28,801   3.147e-05    8.979e-04        3     61.2
  305 [128, 128, 128, 128]    25.0   2.0e-04      256    3000    50,689   3.605e-05    8.987e-04        3     35.0
  306 [128, 128, 128, 128]    35.0   2.5e-04      512   10000    50,689   9.456e-06    9.114e-04        3    121.2
  307 [160, 160, 160, 160]    35.0   2.5e-04      256    3000    78,721   3.151e-05    9.141e-04        3     36.0
  308 [160, 160, 160, 160]    35.0   2.5e-04      512    3000    78,721   1.268e-05    9.172e-04        3     36.2
  309 [96, 96, 96, 96]        25.0   1.5e-04      256   15000    28,801   1.225e-05    9.172e-04        3    180.9
  310 [128, 128, 128, 128]    30.0   2.0e-04      512    5000    50,689   1.029e-05    9.378e-04        3     59.2
  311 [128, 128, 128, 128]    30.0   1.5e-04     1024    2000    50,689   2.646e-05    9.414e-04        3     23.7
  312 [160, 160, 160, 160]    35.0   2.0e-04      256   10000    78,721   1.727e-05    9.478e-04        3    119.7
  313 [128, 128, 128, 128]    25.0   1.5e-04      512    5000    50,689   1.418e-05    9.483e-04        3     60.9
  314 [96, 96, 96, 96]        35.0   2.0e-04     1024   15000    28,801   4.611e-06    9.499e-04        3    179.2
  315 [128, 128, 128, 128]    35.0   1.5e-04     1024   15000    50,689   3.259e-06    9.511e-04        3    184.9
  316 [128, 128, 128, 128]    30.0   1.5e-04      512    2000    50,689   4.319e-05    9.729e-04        3     25.1
  317 [160, 160, 160, 160]    30.0   1.5e-04      256    7000    78,721   1.236e-05    9.777e-04        3     83.3
  318 [160, 160, 160, 160]    25.0   2.0e-04      256    3000    78,721   2.633e-05    9.914e-04        3     36.0
  319 [128, 128, 128, 128]    35.0   1.5e-04      512   15000    50,689   5.343e-06    9.958e-04        3    180.9
  320 [160, 160, 160, 160]    30.0   2.0e-04      256    2000    78,721   4.378e-05    1.006e-03        3     23.5
  321 [128, 128, 128, 128]    25.0   2.0e-04     1024   15000    50,689   3.104e-06    1.015e-03        3    182.6
  322 [128, 128, 128, 128]    30.0   2.0e-04     1024    7000    50,689   5.133e-06    1.015e-03        3     86.1
  323 [128, 128, 128, 128]    30.0   2.0e-04      512   10000    50,689   7.508e-06    1.020e-03        3    122.0
  324 [128, 128, 128, 128]    30.0   2.0e-04      256    3000    50,689   3.620e-05    1.024e-03        3     36.3
  325 [160, 160, 160, 160]    35.0   2.0e-04      256    5000    78,721   1.744e-05    1.036e-03        3     58.6
  326 [160, 160, 160, 160]    30.0   2.0e-04      256    5000    78,721   1.500e-05    1.037e-03        3     60.6
  327 [96, 96, 96, 96]        25.0   1.5e-04     1024    2000    28,801   5.665e-05    1.046e-03        3     24.6
  328 [160, 160, 160, 160]    25.0   2.5e-04      256    2000    78,721   4.112e-05    1.050e-03        3     24.4
  329 [128, 128, 128, 128]    35.0   1.5e-04      512    7000    50,689   7.811e-06    1.057e-03        3     83.6
  330 [96, 96, 96, 96]        35.0   1.5e-04     1024   12000    28,801   5.870e-06    1.063e-03        3    144.4
  331 [128, 128, 128, 128]    25.0   2.5e-04     1024    5000    50,689   7.172e-06    1.075e-03        3     60.9
  332 [96, 96, 96, 96]        30.0   1.5e-04      512    2000    28,801   7.595e-05    1.077e-03        3     23.5
  333 [96, 96, 96, 96]        35.0   2.5e-04      256   10000    28,801   2.178e-05    1.079e-03        3    121.6
  334 [96, 96, 96, 96]        25.0   2.0e-04     1024    2000    28,801   4.720e-05    1.096e-03        3     24.3
  335 [160, 160, 160, 160]    25.0   2.5e-04      256    3000    78,721   2.769e-05    1.102e-03        3     36.2
  336 [128, 128, 128, 128]    35.0   2.0e-04     1024    7000    50,689   4.372e-06    1.104e-03        3     85.0
  337 [96, 96, 96, 96]        35.0   2.0e-04      256    5000    28,801   3.548e-05    1.111e-03        3     58.5
  338 [96, 96, 96, 96]        25.0   1.5e-04      256    7000    28,801   2.951e-05    1.114e-03        3     84.9
  339 [128, 128, 128, 128]    35.0   2.0e-04      256    3000    50,689   3.260e-05    1.115e-03        3     36.2
  340 [96, 96, 96, 96]        25.0   1.5e-04     1024   12000    28,801   6.442e-06    1.115e-03        3    148.0
  341 [96, 96, 96, 96]        35.0   2.5e-04      512    5000    28,801   1.782e-05    1.124e-03        3     60.5
  342 [160, 160, 160, 160]    30.0   2.0e-04      256   12000    78,721   1.083e-05    1.125e-03        3    145.5
  343 [160, 160, 160, 160]    35.0   1.5e-04      256   15000    78,721   1.137e-05    1.126e-03        3    182.8
  344 [96, 96, 96, 96]        30.0   1.5e-04      512   15000    28,801   7.650e-06    1.126e-03        3    180.0
  345 [96, 96, 96, 96]        35.0   2.5e-04      512    2000    28,801   5.218e-05    1.126e-03        3     24.3
  346 [128, 128, 128, 128]    30.0   1.5e-04      512   15000    50,689   4.937e-06    1.161e-03        3    176.0
  347 [96, 96, 96, 96]        25.0   2.0e-04      256   12000    28,801   1.628e-05    1.165e-03        3    144.8
  348 [128, 128, 128, 128]    35.0   1.5e-04     1024    7000    50,689   5.666e-06    1.182e-03        3     84.8
  349 [96, 96, 96, 96]        30.0   1.5e-04     1024   12000    28,801   6.236e-06    1.184e-03        3    148.8
  350 [96, 96, 96, 96]        30.0   2.0e-04      256   10000    28,801   1.964e-05    1.186e-03        3    116.6
  351 [128, 128, 128, 128]    30.0   1.5e-04     1024    7000    50,689   6.144e-06    1.187e-03        3     86.0
  352 [160, 160, 160, 160]    25.0   1.5e-04      512   10000    78,721   5.692e-06    1.200e-03        3    123.0
  353 [128, 128, 128, 128]    35.0   1.5e-04      256    3000    50,689   3.531e-05    1.200e-03        3     36.1
  354 [96, 96, 96, 96]        25.0   2.5e-04      512   10000    28,801   1.051e-05    1.209e-03        3    119.0
  355 [160, 160, 160, 160]    25.0   1.5e-04     1024   15000    78,721   2.464e-06    1.212e-03        3    178.4
  356 [160, 160, 160, 160]    25.0   2.0e-04     1024    5000    78,721   5.658e-06    1.236e-03        3     60.2
  357 [128, 128, 128, 128]    30.0   2.0e-04      512   12000    50,689   6.251e-06    1.240e-03        3    146.4
  358 [128, 128, 128, 128]    25.0   2.5e-04     1024   10000    50,689   3.901e-06    1.273e-03        3    118.5
  359 [96, 96, 96, 96]        25.0   2.0e-04      512   10000    28,801   1.017e-05    1.273e-03        3    122.4
  360 [96, 96, 96, 96]        25.0   2.5e-04      512   15000    28,801   8.017e-06    1.275e-03        3    180.5
  361 [96, 96, 96, 96]        35.0   1.5e-04     1024    3000    28,801   2.960e-05    1.277e-03        3     36.0
  362 [160, 160, 160, 160]    35.0   2.5e-04      512   12000    78,721   9.026e-06    1.279e-03        3    143.8
  363 [128, 128, 128, 128]    30.0   1.5e-04      256    3000    50,689   4.199e-05    1.296e-03        3     36.5
  364 [128, 128, 128, 128]    35.0   2.5e-04     1024    5000    50,689   5.738e-06    1.299e-03        3     59.2
  365 [160, 160, 160, 160]    30.0   2.0e-04      256   10000    78,721   1.557e-05    1.300e-03        3    120.1
  366 [160, 160, 160, 160]    35.0   2.5e-04      512    7000    78,721   7.121e-06    1.300e-03        3     82.6
  367 [160, 160, 160, 160]    25.0   1.5e-04      256   12000    78,721   1.033e-05    1.305e-03        3    144.7
  368 [96, 96, 96, 96]        35.0   2.0e-04      256    7000    28,801   2.513e-05    1.317e-03        3     82.1
  369 [160, 160, 160, 160]    25.0   2.0e-04      256    7000    78,721   1.356e-05    1.320e-03        3     84.4
  370 [128, 128, 128, 128]    30.0   2.0e-04      256    2000    50,689   5.841e-05    1.323e-03        3     24.5
  371 [96, 96, 96, 96]        25.0   2.0e-04     1024   15000    28,801   4.285e-06    1.328e-03        3    179.1
  372 [128, 128, 128, 128]    35.0   2.0e-04      256    7000    50,689   1.756e-05    1.328e-03        3     83.1
  373 [128, 128, 128, 128]    35.0   2.0e-04     1024   12000    50,689   2.861e-06    1.331e-03        3    145.9
  374 [96, 96, 96, 96]        30.0   2.0e-04      512   12000    28,801   9.708e-06    1.334e-03        3    142.8
  375 [160, 160, 160, 160]    30.0   1.5e-04      512    2000    78,721   2.930e-05    1.339e-03        3     23.3
  376 [128, 128, 128, 128]    35.0   2.5e-04      256   10000    50,689   1.456e-05    1.350e-03        3    121.3
  377 [160, 160, 160, 160]    25.0   2.5e-04      256    7000    78,721   1.482e-05    1.351e-03        3     84.8
  378 [160, 160, 160, 160]    25.0   2.5e-04      512   12000    78,721   5.534e-06    1.358e-03        3    143.2
  379 [160, 160, 160, 160]    35.0   1.5e-04      512    7000    78,721   6.639e-06    1.358e-03        3     83.6
  380 [160, 160, 160, 160]    30.0   1.5e-04     1024    7000    78,721   4.404e-06    1.359e-03        3     84.7
  381 [96, 96, 96, 96]        25.0   2.0e-04      256    7000    28,801   2.549e-05    1.363e-03        3     83.1
  382 [128, 128, 128, 128]    30.0   1.5e-04      256    7000    50,689   1.877e-05    1.364e-03        3     83.8
  383 [160, 160, 160, 160]    30.0   2.5e-04      512   10000    78,721   6.933e-06    1.367e-03        3    118.2
  384 [128, 128, 128, 128]    30.0   1.5e-04      256   10000    50,689   1.214e-05    1.369e-03        3    119.2
  385 [96, 96, 96, 96]        35.0   1.5e-04      256   15000    28,801   1.656e-05    1.374e-03        3    179.4
  386 [160, 160, 160, 160]    35.0   2.5e-04      256    2000    78,721   4.279e-05    1.389e-03        3     24.1
  387 [160, 160, 160, 160]    35.0   2.0e-04      256   12000    78,721   1.544e-05    1.400e-03        3    143.8
  388 [160, 160, 160, 160]    25.0   1.5e-04      512   12000    78,721   4.464e-06    1.401e-03        3    146.1
  389 [160, 160, 160, 160]    25.0   2.5e-04     1024   12000    78,721   2.510e-06    1.401e-03        3    141.2
  390 [128, 128, 128, 128]    30.0   2.5e-04     1024   12000    50,689   3.822e-06    1.407e-03        3    144.2
  391 [128, 128, 128, 128]    30.0   2.5e-04      256    7000    50,689   1.781e-05    1.407e-03        3     81.9
  392 [96, 96, 96, 96]        25.0   1.5e-04     1024   15000    28,801   5.241e-06    1.409e-03        3    186.2
  393 [96, 96, 96, 96]        30.0   2.5e-04      512   15000    28,801   8.123e-06    1.418e-03        3    175.2
  394 [128, 128, 128, 128]    35.0   1.5e-04      256   12000    50,689   1.410e-05    1.424e-03        3    147.0
  395 [96, 96, 96, 96]        25.0   1.5e-04      512   12000    28,801   8.988e-06    1.424e-03        3    142.0
  396 [128, 128, 128, 128]    30.0   1.5e-04      512    7000    50,689   8.981e-06    1.436e-03        3     84.9
  397 [128, 128, 128, 128]    30.0   2.5e-04      512    7000    50,689   7.696e-06    1.437e-03        3     84.5
  398 [96, 96, 96, 96]        30.0   2.0e-04      256   12000    28,801   1.838e-05    1.438e-03        3    150.1
  399 [96, 96, 96, 96]        25.0   2.0e-04      512   12000    28,801   9.212e-06    1.448e-03        3    146.8
  400 [128, 128, 128, 128]    30.0   2.5e-04     1024    7000    50,689   4.740e-06    1.450e-03        3     86.1
  401 [128, 128, 128, 128]    30.0   2.0e-04      512    7000    50,689   8.071e-06    1.457e-03        3     85.2
  402 [128, 128, 128, 128]    25.0   1.5e-04      512    2000    50,689   4.308e-05    1.458e-03        3     24.3
  403 [160, 160, 160, 160]    30.0   1.5e-04      256   12000    78,721   1.033e-05    1.474e-03        3    144.7
  404 [96, 96, 96, 96]        30.0   2.0e-04     1024   10000    28,801   7.236e-06    1.478e-03        3    119.9
  405 [96, 96, 96, 96]        30.0   2.0e-04      512   10000    28,801   9.831e-06    1.498e-03        3    119.7
  406 [128, 128, 128, 128]    30.0   2.0e-04      256    7000    50,689   1.780e-05    1.499e-03        3     84.9
  407 [96, 96, 96, 96]        30.0   2.0e-04      256    7000    28,801   2.585e-05    1.517e-03        3     82.8
  408 [128, 128, 128, 128]    35.0   2.0e-04      512   15000    50,689   7.028e-06    1.517e-03        3    185.0
  409 [96, 96, 96, 96]        35.0   1.5e-04      512    7000    28,801   1.611e-05    1.522e-03        3     84.0
  410 [128, 128, 128, 128]    25.0   2.0e-04      512    7000    50,689   9.258e-06    1.526e-03        3     83.2
  411 [96, 96, 96, 96]        25.0   1.5e-04      512   15000    28,801   8.292e-06    1.538e-03        3    181.4
  412 [128, 128, 128, 128]    30.0   1.5e-04     1024   10000    50,689   4.230e-06    1.545e-03        3    122.6
  413 [96, 96, 96, 96]        25.0   1.5e-04      256   10000    28,801   2.102e-05    1.546e-03        3    122.2
  414 [128, 128, 128, 128]    30.0   2.0e-04      256   12000    50,689   1.533e-05    1.550e-03        3    142.7
  415 [160, 160, 160, 160]    25.0   2.5e-04      512    7000    78,721   6.231e-06    1.573e-03        3     86.0
  416 [160, 160, 160, 160]    30.0   2.5e-04      512   12000    78,721   8.172e-06    1.584e-03        3    146.6
  417 [128, 128, 128, 128]    35.0   2.5e-04      256    7000    50,689   1.812e-05    1.587e-03        3     82.3
  418 [160, 160, 160, 160]    35.0   2.5e-04      256   10000    78,721   2.444e-05    1.591e-03        3    119.4
  419 [160, 160, 160, 160]    30.0   2.5e-04      256   15000    78,721   2.284e-05    1.593e-03        3    178.5
  420 [96, 96, 96, 96]        30.0   2.5e-04     1024   12000    28,801   5.437e-06    1.601e-03        3    145.4
  421 [96, 96, 96, 96]        35.0   2.5e-04      512   12000    28,801   1.032e-05    1.613e-03        3    144.3
  422 [160, 160, 160, 160]    25.0   1.5e-04      256   10000    78,721   1.141e-05    1.613e-03        3    118.2
  423 [96, 96, 96, 96]        30.0   1.5e-04      512   10000    28,801   1.175e-05    1.619e-03        3    119.6
  424 [96, 96, 96, 96]        30.0   1.5e-04      256    7000    28,801   2.579e-05    1.623e-03        3     84.0
  425 [96, 96, 96, 96]        35.0   2.0e-04      512   12000    28,801   9.819e-06    1.624e-03        3    144.5
  426 [160, 160, 160, 160]    25.0   2.0e-04     1024   15000    78,721   2.747e-06    1.625e-03        3    182.2
  427 [160, 160, 160, 160]    35.0   1.5e-04      512   15000    78,721   5.558e-06    1.628e-03        3    181.8
  428 [160, 160, 160, 160]    35.0   2.5e-04      256   12000    78,721   1.846e-05    1.635e-03        3    142.8
  429 [96, 96, 96, 96]        30.0   2.5e-04      256    7000    28,801   2.400e-05    1.639e-03        3     83.2
  430 [128, 128, 128, 128]    25.0   1.5e-04      256   12000    50,689   1.253e-05    1.640e-03        3    144.5
  431 [128, 128, 128, 128]    30.0   1.5e-04      512   12000    50,689   5.588e-06    1.641e-03        3    145.6
  432 [128, 128, 128, 128]    35.0   2.5e-04      512   12000    50,689   8.735e-06    1.646e-03        3    145.2
  433 [128, 128, 128, 128]    35.0   2.5e-04     1024   10000    50,689   3.930e-06    1.647e-03        3    120.3
  434 [96, 96, 96, 96]        25.0   1.5e-04      256    2000    28,801   1.054e-04    1.651e-03        3     25.6
  435 [96, 96, 96, 96]        35.0   1.5e-04      512    5000    28,801   2.270e-05    1.655e-03        3     60.0
  436 [96, 96, 96, 96]        35.0   1.5e-04      256    7000    28,801   2.571e-05    1.659e-03        3     80.5
  437 [160, 160, 160, 160]    30.0   2.5e-04      256    2000    78,721   4.065e-05    1.660e-03        3     24.1
  438 [96, 96, 96, 96]        25.0   2.5e-04      256   10000    28,801   1.924e-05    1.674e-03        3    119.7
  439 [160, 160, 160, 160]    30.0   2.5e-04      256    5000    78,721   1.820e-05    1.686e-03        3     60.2
  440 [128, 128, 128, 128]    35.0   2.0e-04     1024   15000    50,689   2.721e-06    1.701e-03        3    181.2
  441 [160, 160, 160, 160]    25.0   2.0e-04      256    5000    78,721   1.513e-05    1.725e-03        3     59.5
  442 [96, 96, 96, 96]        30.0   1.5e-04      512    7000    28,801   1.685e-05    1.731e-03        3     84.0
  443 [96, 96, 96, 96]        35.0   2.0e-04     1024   12000    28,801   6.068e-06    1.743e-03        3    142.5
  444 [128, 128, 128, 128]    30.0   1.5e-04      256   12000    50,689   1.366e-05    1.753e-03        3    140.7
  445 [160, 160, 160, 160]    25.0   2.0e-04      256   12000    78,721   1.408e-05    1.768e-03        3    143.9
  446 [96, 96, 96, 96]        25.0   2.5e-04      256    7000    28,801   2.443e-05    1.777e-03        3     82.3
  447 [96, 96, 96, 96]        35.0   2.0e-04      256   10000    28,801   2.161e-05    1.782e-03        3    116.1
  448 [160, 160, 160, 160]    30.0   2.5e-04      256    3000    78,721   2.926e-05    1.792e-03        3     35.7
  449 [128, 128, 128, 128]    30.0   2.5e-04      512   10000    50,689   8.743e-06    1.801e-03        3    122.3
  450 [128, 128, 128, 128]    30.0   2.5e-04      512   12000    50,689   7.301e-06    1.827e-03        3    147.5
  451 [128, 128, 128, 128]    25.0   2.5e-04     1024   15000    50,689   3.233e-06    1.831e-03        3    183.8
  452 [96, 96, 96, 96]        30.0   2.0e-04      256   15000    28,801   1.775e-05    1.831e-03        3    180.2
  453 [128, 128, 128, 128]    35.0   2.0e-04      256    2000    50,689   5.328e-05    1.839e-03        3     24.1
  454 [96, 96, 96, 96]        30.0   2.5e-04      256   10000    28,801   2.377e-05    1.877e-03        3    117.7
  455 [96, 96, 96, 96]        35.0   2.0e-04      256    2000    28,801   8.317e-05    1.901e-03        3     23.3
  456 [160, 160, 160, 160]    30.0   2.5e-04      256   12000    78,721   1.867e-05    1.916e-03        3    142.3
  457 [128, 128, 128, 128]    35.0   2.5e-04     1024   15000    50,689   3.257e-06    1.924e-03        3    179.2
  458 [128, 128, 128, 128]    35.0   2.5e-04      512   15000    50,689   7.779e-06    1.927e-03        3    178.7
  459 [96, 96, 96, 96]        35.0   1.5e-04      512   12000    28,801   9.728e-06    1.928e-03        3    144.5
  460 [128, 128, 128, 128]    35.0   2.0e-04      512    7000    50,689   8.542e-06    1.930e-03        3     83.3
  461 [160, 160, 160, 160]    35.0   2.0e-04      256   15000    78,721   1.874e-05    1.943e-03        3    178.7
  462 [96, 96, 96, 96]        35.0   2.0e-04      512   15000    28,801   7.458e-06    1.947e-03        3    176.8
  463 [96, 96, 96, 96]        30.0   1.5e-04      256   12000    28,801   1.681e-05    1.952e-03        3    142.1
  464 [128, 128, 128, 128]    25.0   1.5e-04      256    3000    50,689   3.811e-05    1.962e-03        3     35.8
  465 [96, 96, 96, 96]        25.0   2.0e-04      256    2000    28,801   9.793e-05    2.011e-03        3     24.8
  466 [160, 160, 160, 160]    35.0   1.5e-04      512   12000    78,721   6.059e-06    2.016e-03        3    145.2
  467 [128, 128, 128, 128]    25.0   1.5e-04      512    7000    50,689   1.076e-05    2.079e-03        3     86.3
  468 [160, 160, 160, 160]    25.0   2.0e-04      256   15000    78,721   1.325e-05    2.098e-03        3    180.3
  469 [96, 96, 96, 96]        25.0   2.5e-04      512   12000    28,801   9.419e-06    2.109e-03        3    144.3
  470 [160, 160, 160, 160]    25.0   1.5e-04      256    2000    78,721   4.475e-05    2.113e-03        3     23.6
  471 [96, 96, 96, 96]        35.0   1.5e-04      256    2000    28,801   9.888e-05    2.120e-03        3     23.4
  472 [128, 128, 128, 128]    25.0   1.5e-04      512   15000    50,689   5.005e-06    2.125e-03        3    177.6
  473 [128, 128, 128, 128]    35.0   2.0e-04      512   12000    50,689   7.156e-06    2.175e-03        3    146.8
  474 [96, 96, 96, 96]        35.0   1.5e-04      512   15000    28,801   7.708e-06    2.188e-03        3    181.1
  475 [96, 96, 96, 96]        30.0   2.5e-04     1024   15000    28,801   5.486e-06    2.210e-03        3    182.0
  476 [160, 160, 160, 160]    35.0   1.5e-04      256   10000    78,721   1.284e-05    2.221e-03        3    120.1
  477 [160, 160, 160, 160]    35.0   2.5e-04      256   15000    78,721   2.839e-05    2.237e-03        3    179.8
  478 [128, 128, 128, 128]    35.0   2.5e-04      256   12000    50,689   1.791e-05    2.255e-03        3    144.8
  479 [96, 96, 96, 96]        35.0   2.0e-04      256    3000    28,801   5.369e-05    2.290e-03        3     35.3
  480 [160, 160, 160, 160]    25.0   2.5e-04      256   10000    78,721   1.777e-05    2.299e-03        3    120.8
  481 [128, 128, 128, 128]    25.0   1.5e-04     1024   12000    50,689   4.163e-06    2.300e-03        3    147.1
  482 [160, 160, 160, 160]    25.0   2.5e-04     1024   10000    78,721   2.917e-06    2.310e-03        3    119.6
  483 [128, 128, 128, 128]    35.0   1.5e-04      256    7000    50,689   1.690e-05    2.356e-03        3     84.1
  484 [160, 160, 160, 160]    25.0   1.5e-04      512   15000    78,721   4.652e-06    2.373e-03        3    183.1
  485 [96, 96, 96, 96]        25.0   2.0e-04     1024   10000    28,801   6.671e-06    2.397e-03        3    123.6
  486 [96, 96, 96, 96]        25.0   2.0e-04      256    3000    28,801   5.866e-05    2.398e-03        3     36.9
  487 [160, 160, 160, 160]    25.0   2.5e-04      256   12000    78,721   1.496e-05    2.398e-03        3    143.5
  488 [160, 160, 160, 160]    30.0   2.0e-04      256    3000    78,721   2.789e-05    2.399e-03        3     35.8
  489 [160, 160, 160, 160]    25.0   2.5e-04      256   15000    78,721   1.751e-05    2.399e-03        3    177.5
  490 [96, 96, 96, 96]        30.0   2.0e-04      512   15000    28,801   8.807e-06    2.411e-03        3    176.0
  491 [96, 96, 96, 96]        25.0   2.5e-04      256   15000    28,801   1.671e-05    2.428e-03        3    176.5
  492 [128, 128, 128, 128]    35.0   2.0e-04      256   12000    50,689   1.508e-05    2.431e-03        3    145.8
  493 [160, 160, 160, 160]    30.0   1.5e-04      256    2000    78,721   4.546e-05    2.440e-03        3     23.7
  494 [96, 96, 96, 96]        25.0   2.5e-04     1024   15000    28,801   4.401e-06    2.440e-03        3    181.1
  495 [160, 160, 160, 160]    30.0   1.5e-04      512   12000    78,721   4.993e-06    2.470e-03        3    143.6
  496 [96, 96, 96, 96]        25.0   2.5e-04      256    3000    28,801   5.184e-05    2.485e-03        3     35.7
  497 [128, 128, 128, 128]    35.0   2.5e-04      512    7000    50,689   8.308e-06    2.506e-03        3     85.5
  498 [96, 96, 96, 96]        30.0   2.0e-04     1024   12000    28,801   6.029e-06    2.574e-03        3    143.5
  499 [96, 96, 96, 96]        35.0   2.5e-04     1024   15000    28,801   4.094e-06    2.585e-03        3    182.9
  500 [128, 128, 128, 128]    30.0   2.5e-04      512   15000    50,689   6.329e-06    2.592e-03        3    178.1
  501 [160, 160, 160, 160]    30.0   2.5e-04      256    7000    78,721   1.714e-05    2.610e-03        3     84.2
  502 [160, 160, 160, 160]    30.0   2.0e-04      512   12000    78,721   6.755e-06    2.629e-03        3    145.5
  503 [160, 160, 160, 160]    30.0   2.5e-04      256   10000    78,721   2.004e-05    2.634e-03        3    118.9
  504 [160, 160, 160, 160]    35.0   1.5e-04      256    7000    78,721   1.417e-05    2.682e-03        3     83.9
  505 [128, 128, 128, 128]    30.0   2.0e-04      512   15000    50,689   6.137e-06    2.747e-03        3    182.6
  506 [128, 128, 128, 128]    25.0   2.5e-04      256   12000    50,689   1.378e-05    2.837e-03        3    142.8
  507 [96, 96, 96, 96]        30.0   2.0e-04      256    2000    28,801   8.182e-05    2.854e-03        3     22.9
  508 [160, 160, 160, 160]    30.0   1.5e-04     1024   12000    78,721   2.641e-06    2.893e-03        3    144.0
  509 [128, 128, 128, 128]    30.0   2.5e-04     1024   10000    50,689   3.619e-06    2.933e-03        3    120.8
  510 [128, 128, 128, 128]    25.0   1.5e-04      256    7000    50,689   1.834e-05    2.938e-03        3     81.9
  511 [160, 160, 160, 160]    25.0   2.5e-04      512   10000    78,721   6.264e-06    2.952e-03        3    121.4
  512 [160, 160, 160, 160]    35.0   2.5e-04     1024   10000    78,721   2.664e-06    2.997e-03        3    120.5
  513 [128, 128, 128, 128]    25.0   2.5e-04      512   12000    50,689   7.329e-06    3.040e-03        3    146.5
  514 [160, 160, 160, 160]    35.0   2.5e-04      256    7000    78,721   1.812e-05    3.047e-03        3     84.7
  515 [128, 128, 128, 128]    30.0   2.5e-04      256    3000    50,689   3.268e-05    3.055e-03        3     36.0
  516 [128, 128, 128, 128]    35.0   2.5e-04      256    3000    50,689   3.338e-05    3.087e-03        3     36.8
  517 [96, 96, 96, 96]        35.0   1.5e-04      256    3000    28,801   6.256e-05    3.089e-03        3     34.8
  518 [128, 128, 128, 128]    30.0   2.5e-04      256   10000    50,689   1.229e-05    3.159e-03        3    118.1
  519 [160, 160, 160, 160]    30.0   2.0e-04      256    7000    78,721   1.416e-05    3.173e-03        3     83.7
  520 [160, 160, 160, 160]    35.0   2.0e-04      512   12000    78,721   6.933e-06    3.206e-03        3    147.4
  521 [160, 160, 160, 160]    25.0   2.0e-04      256    2000    78,721   4.031e-05    3.319e-03        3     23.9
  522 [160, 160, 160, 160]    30.0   1.5e-04      512   15000    78,721   5.295e-06    3.325e-03        3    179.8
  523 [160, 160, 160, 160]    30.0   2.5e-04     1024   12000    78,721   2.730e-06    3.333e-03        3    141.7
  524 [160, 160, 160, 160]    30.0   2.0e-04      512   15000    78,721   6.153e-06    3.350e-03        3    180.0
  525 [96, 96, 96, 96]        35.0   1.5e-04      256   12000    28,801   1.743e-05    3.350e-03        3    141.7
  526 [128, 128, 128, 128]    30.0   2.5e-04     1024   15000    50,689   3.483e-06    3.366e-03        3    180.3
  527 [128, 128, 128, 128]    30.0   2.5e-04      256    2000    50,689   5.489e-05    3.422e-03        3     23.7
  528 [128, 128, 128, 128]    35.0   2.0e-04      256   10000    50,689   1.543e-05    3.432e-03        3    120.9
  529 [96, 96, 96, 96]        25.0   2.0e-04      256   10000    28,801   2.082e-05    3.455e-03        3    119.1
  530 [128, 128, 128, 128]    25.0   2.0e-04      512   12000    50,689   6.070e-06    3.490e-03        3    141.0
  531 [96, 96, 96, 96]        30.0   1.5e-04      256    3000    28,801   6.242e-05    3.548e-03        3     35.9
  532 [96, 96, 96, 96]        35.0   2.0e-04      256   15000    28,801   1.878e-05    3.572e-03        3    176.1
  533 [128, 128, 128, 128]    35.0   2.5e-04      256   15000    50,689   1.855e-05    3.656e-03        3    176.3
  534 [160, 160, 160, 160]    25.0   2.0e-04      256   10000    78,721   1.410e-05    3.733e-03        3    119.2
  535 [96, 96, 96, 96]        30.0   2.5e-04      256    2000    28,801   6.745e-05    3.736e-03        3     23.3
  536 [96, 96, 96, 96]        25.0   2.5e-04      256   12000    28,801   1.616e-05    3.785e-03        3    140.8
  537 [96, 96, 96, 96]        30.0   2.5e-04      256    3000    28,801   4.526e-05    3.849e-03        3     36.7
  538 [128, 128, 128, 128]    30.0   2.0e-04     1024   15000    50,689   2.983e-06    4.007e-03        3    178.6
  539 [96, 96, 96, 96]        25.0   1.5e-04      256    3000    28,801   7.166e-05    4.015e-03        3     35.8
  540 [128, 128, 128, 128]    30.0   2.0e-04      256   10000    50,689   1.125e-05    4.054e-03        3    120.4
  541 [160, 160, 160, 160]    25.0   2.5e-04      512   15000    78,721   8.449e-06    4.086e-03        3    182.2
  542 [128, 128, 128, 128]    30.0   1.5e-04      256   15000    50,689   1.046e-05    4.116e-03        3    178.0
  543 [96, 96, 96, 96]        30.0   2.0e-04      256    3000    28,801   5.174e-05    4.119e-03        3     35.2
  544 [160, 160, 160, 160]    30.0   1.5e-04     1024   10000    78,721   3.354e-06    4.192e-03        3    122.0
  545 [128, 128, 128, 128]    25.0   2.0e-04      256   12000    50,689   1.279e-05    4.245e-03        3    140.3
  546 [96, 96, 96, 96]        30.0   2.5e-04     1024   10000    28,801   6.999e-06    4.286e-03        3    122.9
  547 [128, 128, 128, 128]    30.0   2.5e-04      256   12000    50,689   1.644e-05    4.305e-03        3    144.3
  548 [128, 128, 128, 128]    35.0   1.5e-04      256   10000    50,689   1.386e-05    4.307e-03        3    120.5
  549 [128, 128, 128, 128]    35.0   2.5e-04      256    2000    50,689   5.194e-05    4.313e-03        3     24.3
  550 [96, 96, 96, 96]        35.0   2.5e-04      256   12000    28,801   2.365e-05    4.320e-03        3    141.2
  551 [96, 96, 96, 96]        35.0   2.5e-04      256    7000    28,801   2.418e-05    4.334e-03        3     84.1
  552 [128, 128, 128, 128]    35.0   1.5e-04     1024   12000    50,689   3.708e-06    4.483e-03        3    148.3
  553 [128, 128, 128, 128]    25.0   1.5e-04      256   15000    50,689   1.094e-05    4.508e-03        3    177.4
  554 [128, 128, 128, 128]    30.0   2.0e-04     1024   12000    50,689   4.317e-06    4.731e-03        3    144.9
  555 [96, 96, 96, 96]        30.0   2.5e-04      256   15000    28,801   2.005e-05    5.027e-03        3    180.8
  556 [96, 96, 96, 96]        35.0   2.5e-04      256    3000    28,801   5.259e-05    5.040e-03        3     36.3
  557 [160, 160, 160, 160]    35.0   2.5e-04      512   15000    78,721   1.093e-05    5.047e-03        3    179.7
  558 [160, 160, 160, 160]    35.0   1.5e-04      256   12000    78,721   1.180e-05    5.446e-03        3    145.0
  559 [160, 160, 160, 160]    25.0   2.0e-04      512   15000    78,721   4.921e-06    5.991e-03        3    181.8
  560 [160, 160, 160, 160]    35.0   2.0e-04      256    7000    78,721   1.624e-05    6.115e-03        3     83.7
  561 [160, 160, 160, 160]    35.0   2.0e-04      512   15000    78,721   7.376e-06    6.395e-03        3    182.7
  562 [128, 128, 128, 128]    25.0   2.0e-04      256   15000    50,689   1.267e-05    7.435e-03        3    180.3
  563 [128, 128, 128, 128]    35.0   1.5e-04      256   15000    50,689   1.309e-05    8.542e-03        3    178.9
  564 [128, 128, 128, 128]    25.0   2.5e-04      256   15000    50,689   1.671e-05    1.057e-02        3    181.8
  565 [128, 128, 128, 128]    35.0   2.0e-04      256   15000    50,689   1.494e-05    8.815e-03        2    180.2
  566 [128, 128, 128, 128]    30.0   2.5e-04      256   15000    50,689   1.387e-05    1.210e-02        2    180.9
  567 [128, 128, 128, 128]    30.0   2.0e-04      256   15000    50,689   1.437e-05    1.261e-02        2    181.7
════════════════════════════════════════════════════════════════════════════════════════════════════════════════════════════════

  BEST CONFIG:
    hidden_sizes = [128, 128, 128, 128]
    omega_0      = 35.0
    lr           = 0.00015
    n_per_param  = 1024
    n_epochs     = 2000
    -> min 4 correct digits, mean rel. err 1.963e-04

════════════════════════════════════════════════════════════════════════════════════════════════════════════════════════════════
  ACCURACY vs EPOCHS, per hyperparameter config
════════════════════════════════════════════════════════════════════════════════════════════════════════════════════════════════
  hidden=[128, 128, 128, 128] omega0=35.0 lr=0.00015 N=1024
      epochs=  2000  min_dig= 4  mean_relerr=1.963e-04  time=24.1s
      epochs=  3000  min_dig= 4  mean_relerr=4.283e-04  time=35.5s
      epochs=  5000  min_dig= 4  mean_relerr=5.208e-04  time=59.4s
      epochs=  7000  min_dig= 3  mean_relerr=1.182e-03  time=84.8s
      epochs= 10000  min_dig= 4  mean_relerr=9.638e-04  time=123.3s
      epochs= 12000  min_dig= 3  mean_relerr=4.483e-03  time=148.3s
      epochs= 15000  min_dig= 3  mean_relerr=9.511e-04  time=184.9s
  hidden=[96, 96, 96, 96] omega0=35.0 lr=0.00025 N=1024
      epochs=  2000  min_dig= 4  mean_relerr=7.069e-04  time=24.3s
      epochs=  3000  min_dig= 4  mean_relerr=6.297e-04  time=37.0s
      epochs=  5000  min_dig= 4  mean_relerr=4.336e-04  time=62.2s
      epochs=  7000  min_dig= 4  mean_relerr=6.526e-04  time=86.2s
      epochs= 10000  min_dig= 4  mean_relerr=2.043e-04  time=121.4s
      epochs= 12000  min_dig= 4  mean_relerr=7.596e-04  time=148.1s
      epochs= 15000  min_dig= 3  mean_relerr=2.585e-03  time=182.9s
  hidden=[128, 128, 128, 128] omega0=30.0 lr=0.0002 N=512
      epochs=  2000  min_dig= 4  mean_relerr=2.133e-04  time=23.4s
      epochs=  3000  min_dig= 4  mean_relerr=5.676e-04  time=34.9s
      epochs=  5000  min_dig= 3  mean_relerr=9.378e-04  time=59.2s
      epochs=  7000  min_dig= 3  mean_relerr=1.457e-03  time=85.2s
      epochs= 10000  min_dig= 3  mean_relerr=1.020e-03  time=122.0s
      epochs= 12000  min_dig= 3  mean_relerr=1.240e-03  time=146.4s
      epochs= 15000  min_dig= 3  mean_relerr=2.747e-03  time=182.6s
  hidden=[128, 128, 128, 128] omega0=30.0 lr=0.00025 N=1024
      epochs=  2000  min_dig= 4  mean_relerr=2.136e-04  time=24.6s
      epochs=  3000  min_dig= 4  mean_relerr=4.750e-04  time=36.8s
      epochs=  5000  min_dig= 4  mean_relerr=5.310e-04  time=60.4s
      epochs=  7000  min_dig= 3  mean_relerr=1.450e-03  time=86.1s
      epochs= 10000  min_dig= 3  mean_relerr=2.933e-03  time=120.8s
      epochs= 12000  min_dig= 3  mean_relerr=1.407e-03  time=144.2s
      epochs= 15000  min_dig= 3  mean_relerr=3.366e-03  time=180.3s
  hidden=[96, 96, 96, 96] omega0=30.0 lr=0.0002 N=1024
      epochs=  2000  min_dig= 4  mean_relerr=2.871e-04  time=23.5s
      epochs=  3000  min_dig= 4  mean_relerr=4.189e-04  time=35.6s
      epochs=  5000  min_dig= 4  mean_relerr=2.213e-04  time=59.1s
      epochs=  7000  min_dig= 4  mean_relerr=4.627e-04  time=84.2s
      epochs= 10000  min_dig= 3  mean_relerr=1.478e-03  time=119.9s
      epochs= 12000  min_dig= 3  mean_relerr=2.574e-03  time=143.5s
      epochs= 15000  min_dig= 4  mean_relerr=4.980e-04  time=180.8s
  hidden=[160, 160, 160, 160] omega0=35.0 lr=0.00025 N=1024
      epochs=  2000  min_dig= 4  mean_relerr=2.311e-04  time=24.2s
      epochs=  3000  min_dig= 4  mean_relerr=2.779e-04  time=36.1s
      epochs=  5000  min_dig= 4  mean_relerr=4.602e-04  time=60.7s
      epochs=  7000  min_dig= 4  mean_relerr=3.495e-04  time=83.5s
      epochs= 10000  min_dig= 3  mean_relerr=2.997e-03  time=120.5s
      epochs= 12000  min_dig= 4  mean_relerr=1.165e-03  time=145.6s
      epochs= 15000  min_dig= 4  mean_relerr=5.702e-04  time=182.1s
  hidden=[160, 160, 160, 160] omega0=35.0 lr=0.0002 N=1024
      epochs=  2000  min_dig= 4  mean_relerr=5.699e-04  time=24.6s
      epochs=  3000  min_dig= 4  mean_relerr=3.176e-04  time=36.3s
      epochs=  5000  min_dig= 4  mean_relerr=2.357e-04  time=61.0s
      epochs=  7000  min_dig= 4  mean_relerr=6.972e-04  time=84.4s
      epochs= 10000  min_dig= 3  mean_relerr=5.490e-04  time=120.3s
      epochs= 12000  min_dig= 4  mean_relerr=6.951e-04  time=145.2s
      epochs= 15000  min_dig= 4  mean_relerr=7.415e-04  time=178.9s
  hidden=[128, 128, 128, 128] omega0=30.0 lr=0.00015 N=1024
      epochs=  2000  min_dig= 3  mean_relerr=9.414e-04  time=23.7s
      epochs=  3000  min_dig= 3  mean_relerr=7.734e-04  time=37.0s
      epochs=  5000  min_dig= 4  mean_relerr=2.393e-04  time=61.5s
      epochs=  7000  min_dig= 3  mean_relerr=1.187e-03  time=86.0s
      epochs= 10000  min_dig= 3  mean_relerr=1.545e-03  time=122.6s
      epochs= 12000  min_dig= 4  mean_relerr=6.099e-04  time=148.0s
      epochs= 15000  min_dig= 4  mean_relerr=1.079e-03  time=182.3s
  hidden=[96, 96, 96, 96] omega0=35.0 lr=0.0002 N=1024
      epochs=  2000  min_dig= 4  mean_relerr=4.127e-04  time=25.2s
      epochs=  3000  min_dig= 4  mean_relerr=8.779e-04  time=35.2s
      epochs=  5000  min_dig= 4  mean_relerr=2.407e-04  time=60.4s
      epochs=  7000  min_dig= 4  mean_relerr=5.096e-04  time=84.7s
      epochs= 10000  min_dig= 4  mean_relerr=7.330e-04  time=119.3s
      epochs= 12000  min_dig= 3  mean_relerr=1.743e-03  time=142.5s
      epochs= 15000  min_dig= 3  mean_relerr=9.499e-04  time=179.2s
  hidden=[160, 160, 160, 160] omega0=35.0 lr=0.00015 N=512
      epochs=  2000  min_dig= 4  mean_relerr=1.011e-03  time=24.4s
      epochs=  3000  min_dig= 4  mean_relerr=2.521e-04  time=36.5s
      epochs=  5000  min_dig= 4  mean_relerr=2.880e-04  time=59.8s
      epochs=  7000  min_dig= 3  mean_relerr=1.358e-03  time=83.6s
      epochs= 10000  min_dig= 4  mean_relerr=1.203e-03  time=122.1s
      epochs= 12000  min_dig= 3  mean_relerr=2.016e-03  time=145.2s
      epochs= 15000  min_dig= 3  mean_relerr=1.628e-03  time=181.8s
  hidden=[96, 96, 96, 96] omega0=35.0 lr=0.00015 N=1024
      epochs=  2000  min_dig= 4  mean_relerr=4.041e-04  time=24.1s
      epochs=  3000  min_dig= 3  mean_relerr=1.277e-03  time=36.0s
      epochs=  5000  min_dig= 4  mean_relerr=2.655e-04  time=59.6s
      epochs=  7000  min_dig= 4  mean_relerr=5.018e-04  time=83.7s
      epochs= 10000  min_dig= 4  mean_relerr=8.188e-04  time=122.1s
      epochs= 12000  min_dig= 3  mean_relerr=1.063e-03  time=144.4s
      epochs= 15000  min_dig= 4  mean_relerr=3.485e-04  time=178.6s
  hidden=[128, 128, 128, 128] omega0=25.0 lr=0.00025 N=1024
      epochs=  2000  min_dig= 4  mean_relerr=2.738e-04  time=24.5s
      epochs=  3000  min_dig= 3  mean_relerr=2.905e-04  time=36.9s
      epochs=  5000  min_dig= 3  mean_relerr=1.075e-03  time=60.9s
      epochs=  7000  min_dig= 4  mean_relerr=5.225e-04  time=85.8s
      epochs= 10000  min_dig= 3  mean_relerr=1.273e-03  time=118.5s
      epochs= 12000  min_dig= 4  mean_relerr=9.482e-04  time=145.2s
      epochs= 15000  min_dig= 3  mean_relerr=1.831e-03  time=183.8s
  hidden=[96, 96, 96, 96] omega0=25.0 lr=0.0002 N=1024
      epochs=  2000  min_dig= 3  mean_relerr=1.096e-03  time=24.3s
      epochs=  3000  min_dig= 4  mean_relerr=4.037e-04  time=36.1s
      epochs=  5000  min_dig= 4  mean_relerr=2.771e-04  time=59.9s
      epochs=  7000  min_dig= 4  mean_relerr=4.553e-04  time=84.2s
      epochs= 10000  min_dig= 3  mean_relerr=2.397e-03  time=123.6s
      epochs= 12000  min_dig= 4  mean_relerr=1.628e-03  time=146.3s
      epochs= 15000  min_dig= 3  mean_relerr=1.328e-03  time=179.1s
  hidden=[128, 128, 128, 128] omega0=25.0 lr=0.0002 N=1024
      epochs=  2000  min_dig= 4  mean_relerr=4.060e-04  time=23.9s
      epochs=  3000  min_dig= 4  mean_relerr=4.401e-04  time=36.7s
      epochs=  5000  min_dig= 4  mean_relerr=2.812e-04  time=60.2s
      epochs=  7000  min_dig= 4  mean_relerr=5.882e-04  time=84.1s
      epochs= 10000  min_dig= 3  mean_relerr=6.742e-04  time=118.4s
      epochs= 12000  min_dig= 4  mean_relerr=3.949e-04  time=144.5s
      epochs= 15000  min_dig= 3  mean_relerr=1.015e-03  time=182.6s
  hidden=[160, 160, 160, 160] omega0=35.0 lr=0.00015 N=1024
      epochs=  2000  min_dig= 4  mean_relerr=2.853e-04  time=23.9s
      epochs=  3000  min_dig= 4  mean_relerr=3.302e-04  time=35.3s
      epochs=  5000  min_dig= 4  mean_relerr=2.928e-04  time=59.8s
      epochs=  7000  min_dig= 4  mean_relerr=3.887e-04  time=83.9s
      epochs= 10000  min_dig= 4  mean_relerr=4.981e-04  time=120.0s
      epochs= 12000  min_dig= 4  mean_relerr=3.796e-04  time=140.9s
      epochs= 15000  min_dig= 4  mean_relerr=7.894e-04  time=179.5s
  hidden=[128, 128, 128, 128] omega0=35.0 lr=0.00025 N=1024
      epochs=  2000  min_dig= 4  mean_relerr=2.870e-04  time=24.2s
      epochs=  3000  min_dig= 4  mean_relerr=3.617e-04  time=35.6s
      epochs=  5000  min_dig= 3  mean_relerr=1.299e-03  time=59.2s
      epochs=  7000  min_dig= 3  mean_relerr=6.890e-04  time=83.0s
      epochs= 10000  min_dig= 3  mean_relerr=1.647e-03  time=120.3s
      epochs= 12000  min_dig= 4  mean_relerr=7.705e-04  time=145.1s
      epochs= 15000  min_dig= 3  mean_relerr=1.924e-03  time=179.2s
  hidden=[128, 128, 128, 128] omega0=35.0 lr=0.00025 N=512
      epochs=  2000  min_dig= 4  mean_relerr=5.574e-04  time=23.8s
      epochs=  3000  min_dig= 4  mean_relerr=7.938e-04  time=35.9s
      epochs=  5000  min_dig= 4  mean_relerr=2.886e-04  time=60.9s
      epochs=  7000  min_dig= 3  mean_relerr=2.506e-03  time=85.5s
      epochs= 10000  min_dig= 3  mean_relerr=9.114e-04  time=121.2s
      epochs= 12000  min_dig= 3  mean_relerr=1.646e-03  time=145.2s
      epochs= 15000  min_dig= 3  mean_relerr=1.927e-03  time=178.7s
  hidden=[96, 96, 96, 96] omega0=30.0 lr=0.0002 N=512
      epochs=  2000  min_dig= 4  mean_relerr=8.643e-04  time=24.3s
      epochs=  3000  min_dig= 4  mean_relerr=2.916e-04  time=36.2s
      epochs=  5000  min_dig= 4  mean_relerr=6.396e-04  time=60.3s
      epochs=  7000  min_dig= 4  mean_relerr=8.936e-04  time=84.6s
      epochs= 10000  min_dig= 3  mean_relerr=1.498e-03  time=119.7s
      epochs= 12000  min_dig= 3  mean_relerr=1.334e-03  time=142.8s
      epochs= 15000  min_dig= 3  mean_relerr=2.411e-03  time=176.0s
  hidden=[160, 160, 160, 160] omega0=30.0 lr=0.00015 N=1024
      epochs=  2000  min_dig= 4  mean_relerr=3.543e-04  time=24.3s
      epochs=  3000  min_dig= 4  mean_relerr=2.924e-04  time=35.8s
      epochs=  5000  min_dig= 4  mean_relerr=5.178e-04  time=59.8s
      epochs=  7000  min_dig= 3  mean_relerr=1.359e-03  time=84.7s
      epochs= 10000  min_dig= 3  mean_relerr=4.192e-03  time=122.0s
      epochs= 12000  min_dig= 3  mean_relerr=2.893e-03  time=144.0s
      epochs= 15000  min_dig= 4  mean_relerr=6.161e-04  time=180.4s
  hidden=[160, 160, 160, 160] omega0=30.0 lr=0.00025 N=1024
      epochs=  2000  min_dig= 3  mean_relerr=5.095e-04  time=23.9s
      epochs=  3000  min_dig= 4  mean_relerr=3.896e-04  time=36.5s
      epochs=  5000  min_dig= 4  mean_relerr=4.326e-04  time=59.7s
      epochs=  7000  min_dig= 4  mean_relerr=2.951e-04  time=85.8s
      epochs= 10000  min_dig= 4  mean_relerr=5.027e-04  time=118.7s
      epochs= 12000  min_dig= 3  mean_relerr=3.333e-03  time=141.7s
      epochs= 15000  min_dig= 4  mean_relerr=9.194e-04  time=180.2s
  hidden=[160, 160, 160, 160] omega0=35.0 lr=0.0002 N=512
      epochs=  2000  min_dig= 4  mean_relerr=3.017e-04  time=23.9s
      epochs=  3000  min_dig= 4  mean_relerr=4.219e-04  time=36.0s
      epochs=  5000  min_dig= 4  mean_relerr=3.261e-04  time=60.1s
      epochs=  7000  min_dig= 4  mean_relerr=7.858e-04  time=84.9s
      epochs= 10000  min_dig= 4  mean_relerr=5.743e-04  time=120.8s
      epochs= 12000  min_dig= 3  mean_relerr=3.206e-03  time=147.4s
      epochs= 15000  min_dig= 3  mean_relerr=6.395e-03  time=182.7s
  hidden=[96, 96, 96, 96] omega0=35.0 lr=0.00015 N=512
      epochs=  2000  min_dig= 4  mean_relerr=8.832e-04  time=23.9s
      epochs=  3000  min_dig= 4  mean_relerr=7.640e-04  time=36.0s
      epochs=  5000  min_dig= 3  mean_relerr=1.655e-03  time=60.0s
      epochs=  7000  min_dig= 3  mean_relerr=1.522e-03  time=84.0s
      epochs= 10000  min_dig= 4  mean_relerr=3.026e-04  time=120.5s
      epochs= 12000  min_dig= 3  mean_relerr=1.928e-03  time=144.5s
      epochs= 15000  min_dig= 3  mean_relerr=2.188e-03  time=181.1s
  hidden=[96, 96, 96, 96] omega0=25.0 lr=0.00015 N=1024
      epochs=  2000  min_dig= 3  mean_relerr=1.046e-03  time=24.6s
      epochs=  3000  min_dig= 4  mean_relerr=3.058e-04  time=36.5s
      epochs=  5000  min_dig= 3  mean_relerr=4.872e-04  time=60.9s
      epochs=  7000  min_dig= 4  mean_relerr=7.190e-04  time=86.3s
      epochs= 10000  min_dig= 4  mean_relerr=6.632e-04  time=124.1s
      epochs= 12000  min_dig= 3  mean_relerr=1.115e-03  time=148.0s
      epochs= 15000  min_dig= 3  mean_relerr=1.409e-03  time=186.2s
  hidden=[128, 128, 128, 128] omega0=25.0 lr=0.00015 N=1024
      epochs=  2000  min_dig= 4  mean_relerr=4.149e-04  time=24.7s
      epochs=  3000  min_dig= 4  mean_relerr=3.119e-04  time=36.8s
      epochs=  5000  min_dig= 4  mean_relerr=3.255e-04  time=59.7s
      epochs=  7000  min_dig= 4  mean_relerr=5.168e-04  time=85.3s
      epochs= 10000  min_dig= 4  mean_relerr=6.220e-04  time=122.3s
      epochs= 12000  min_dig= 3  mean_relerr=2.300e-03  time=147.1s
      epochs= 15000  min_dig= 4  mean_relerr=5.532e-04  time=182.3s
  hidden=[96, 96, 96, 96] omega0=30.0 lr=0.00025 N=1024
      epochs=  2000  min_dig= 4  mean_relerr=3.314e-04  time=24.0s
      epochs=  3000  min_dig= 3  mean_relerr=5.958e-04  time=35.9s
      epochs=  5000  min_dig= 4  mean_relerr=5.624e-04  time=60.1s
      epochs=  7000  min_dig= 4  mean_relerr=7.430e-04  time=84.0s
      epochs= 10000  min_dig= 3  mean_relerr=4.286e-03  time=122.9s
      epochs= 12000  min_dig= 3  mean_relerr=1.601e-03  time=145.4s
      epochs= 15000  min_dig= 3  mean_relerr=2.210e-03  time=182.0s
  hidden=[160, 160, 160, 160] omega0=35.0 lr=0.00025 N=512
      epochs=  2000  min_dig= 4  mean_relerr=5.475e-04  time=24.6s
      epochs=  3000  min_dig= 3  mean_relerr=9.172e-04  time=36.2s
      epochs=  5000  min_dig= 4  mean_relerr=3.361e-04  time=60.0s
      epochs=  7000  min_dig= 3  mean_relerr=1.300e-03  time=82.6s
      epochs= 10000  min_dig= 4  mean_relerr=7.357e-04  time=121.7s
      epochs= 12000  min_dig= 3  mean_relerr=1.279e-03  time=143.8s
      epochs= 15000  min_dig= 3  mean_relerr=5.047e-03  time=179.7s
  hidden=[96, 96, 96, 96] omega0=25.0 lr=0.00025 N=1024
      epochs=  2000  min_dig= 3  mean_relerr=8.744e-04  time=24.5s
      epochs=  3000  min_dig= 4  mean_relerr=3.418e-04  time=37.1s
      epochs=  5000  min_dig= 4  mean_relerr=5.904e-04  time=61.5s
      epochs=  7000  min_dig= 4  mean_relerr=4.614e-04  time=86.7s
      epochs= 10000  min_dig= 4  mean_relerr=9.304e-04  time=122.4s
      epochs= 12000  min_dig= 4  mean_relerr=9.898e-04  time=147.8s
      epochs= 15000  min_dig= 3  mean_relerr=2.440e-03  time=181.1s
  hidden=[128, 128, 128, 128] omega0=25.0 lr=0.0002 N=512
      epochs=  2000  min_dig= 4  mean_relerr=3.694e-04  time=24.4s
      epochs=  3000  min_dig= 4  mean_relerr=5.398e-04  time=35.3s
      epochs=  5000  min_dig= 4  mean_relerr=3.485e-04  time=59.1s
      epochs=  7000  min_dig= 3  mean_relerr=1.526e-03  time=83.2s
      epochs= 10000  min_dig= 4  mean_relerr=3.700e-04  time=117.9s
      epochs= 12000  min_dig= 3  mean_relerr=3.490e-03  time=141.0s
      epochs= 15000  min_dig= 4  mean_relerr=7.209e-04  time=176.4s
  hidden=[160, 160, 160, 160] omega0=25.0 lr=0.00015 N=512
      epochs=  2000  min_dig= 3  mean_relerr=5.390e-04  time=23.3s
      epochs=  3000  min_dig= 4  mean_relerr=4.839e-04  time=36.5s
      epochs=  5000  min_dig= 4  mean_relerr=3.498e-04  time=59.8s
      epochs=  7000  min_dig= 3  mean_relerr=8.349e-04  time=84.9s
      epochs= 10000  min_dig= 3  mean_relerr=1.200e-03  time=123.0s
      epochs= 12000  min_dig= 3  mean_relerr=1.401e-03  time=146.1s
      epochs= 15000  min_dig= 3  mean_relerr=2.373e-03  time=183.1s
  hidden=[128, 128, 128, 128] omega0=25.0 lr=0.00025 N=512
      epochs=  2000  min_dig= 4  mean_relerr=3.512e-04  time=24.1s
      epochs=  3000  min_dig= 4  mean_relerr=5.952e-04  time=35.6s
      epochs=  5000  min_dig= 4  mean_relerr=4.610e-04  time=58.9s
      epochs=  7000  min_dig= 4  mean_relerr=7.682e-04  time=83.9s
      epochs= 10000  min_dig= 3  mean_relerr=8.286e-04  time=122.3s
      epochs= 12000  min_dig= 3  mean_relerr=3.040e-03  time=146.5s
      epochs= 15000  min_dig= 4  mean_relerr=5.558e-04  time=183.0s
  hidden=[160, 160, 160, 160] omega0=25.0 lr=0.00025 N=1024
      epochs=  2000  min_dig= 4  mean_relerr=3.637e-04  time=24.4s
      epochs=  3000  min_dig= 4  mean_relerr=4.021e-04  time=36.8s
      epochs=  5000  min_dig= 4  mean_relerr=9.216e-04  time=60.3s
      epochs=  7000  min_dig= 4  mean_relerr=9.105e-04  time=85.3s
      epochs= 10000  min_dig= 3  mean_relerr=2.310e-03  time=119.6s
      epochs= 12000  min_dig= 3  mean_relerr=1.401e-03  time=141.2s
      epochs= 15000  min_dig= 4  mean_relerr=6.815e-04  time=178.6s
  hidden=[160, 160, 160, 160] omega0=25.0 lr=0.00015 N=1024
      epochs=  2000  min_dig= 4  mean_relerr=4.650e-04  time=24.3s
      epochs=  3000  min_dig= 4  mean_relerr=4.489e-04  time=36.1s
      epochs=  5000  min_dig= 4  mean_relerr=8.562e-04  time=60.6s
      epochs=  7000  min_dig= 4  mean_relerr=5.425e-04  time=84.8s
      epochs= 10000  min_dig= 4  mean_relerr=4.576e-04  time=120.6s
      epochs= 12000  min_dig= 4  mean_relerr=3.723e-04  time=141.7s
      epochs= 15000  min_dig= 3  mean_relerr=1.212e-03  time=178.4s
  hidden=[128, 128, 128, 128] omega0=35.0 lr=0.00015 N=512
      epochs=  2000  min_dig= 4  mean_relerr=5.489e-04  time=24.3s
      epochs=  3000  min_dig= 4  mean_relerr=3.737e-04  time=36.7s
      epochs=  5000  min_dig= 4  mean_relerr=4.853e-04  time=60.2s
      epochs=  7000  min_dig= 3  mean_relerr=1.057e-03  time=83.6s
      epochs= 10000  min_dig= 4  mean_relerr=6.382e-04  time=122.8s
      epochs= 12000  min_dig= 3  mean_relerr=4.760e-04  time=144.9s
      epochs= 15000  min_dig= 3  mean_relerr=9.958e-04  time=180.9s
  hidden=[96, 96, 96, 96] omega0=30.0 lr=0.00015 N=1024
      epochs=  2000  min_dig= 3  mean_relerr=5.801e-04  time=24.5s
      epochs=  3000  min_dig= 4  mean_relerr=5.294e-04  time=36.9s
      epochs=  5000  min_dig= 4  mean_relerr=3.748e-04  time=61.6s
      epochs=  7000  min_dig= 4  mean_relerr=4.939e-04  time=85.9s
      epochs= 10000  min_dig= 4  mean_relerr=6.939e-04  time=122.7s
      epochs= 12000  min_dig= 3  mean_relerr=1.184e-03  time=148.8s
      epochs= 15000  min_dig= 4  mean_relerr=8.931e-04  time=178.9s
  hidden=[128, 128, 128, 128] omega0=35.0 lr=0.0002 N=512
      epochs=  2000  min_dig= 3  mean_relerr=4.956e-04  time=24.3s
      epochs=  3000  min_dig= 4  mean_relerr=5.730e-04  time=36.2s
      epochs=  5000  min_dig= 4  mean_relerr=3.766e-04  time=59.2s
      epochs=  7000  min_dig= 3  mean_relerr=1.930e-03  time=83.3s
      epochs= 10000  min_dig= 3  mean_relerr=8.415e-04  time=121.0s
      epochs= 12000  min_dig= 3  mean_relerr=2.175e-03  time=146.8s
      epochs= 15000  min_dig= 3  mean_relerr=1.517e-03  time=185.0s
  hidden=[160, 160, 160, 160] omega0=30.0 lr=0.0002 N=1024
      epochs=  2000  min_dig= 3  mean_relerr=5.763e-04  time=23.9s
      epochs=  3000  min_dig= 4  mean_relerr=3.827e-04  time=35.8s
      epochs=  5000  min_dig= 4  mean_relerr=4.961e-04  time=60.7s
      epochs=  7000  min_dig= 4  mean_relerr=3.817e-04  time=84.6s
      epochs= 10000  min_dig= 4  mean_relerr=5.346e-04  time=118.6s
      epochs= 12000  min_dig= 4  mean_relerr=7.884e-04  time=141.1s
      epochs= 15000  min_dig= 4  mean_relerr=4.847e-04  time=183.1s
  hidden=[128, 128, 128, 128] omega0=30.0 lr=0.0002 N=1024
      epochs=  2000  min_dig= 4  mean_relerr=3.827e-04  time=23.7s
      epochs=  3000  min_dig= 3  mean_relerr=6.290e-04  time=36.4s
      epochs=  5000  min_dig= 3  mean_relerr=8.938e-04  time=60.5s
      epochs=  7000  min_dig= 3  mean_relerr=1.015e-03  time=86.1s
      epochs= 10000  min_dig= 4  mean_relerr=6.530e-04  time=119.9s
      epochs= 12000  min_dig= 3  mean_relerr=4.731e-03  time=144.9s
      epochs= 15000  min_dig= 3  mean_relerr=4.007e-03  time=178.6s
  hidden=[96, 96, 96, 96] omega0=35.0 lr=0.0002 N=512
      epochs=  2000  min_dig= 4  mean_relerr=9.197e-04  time=23.8s
      epochs=  3000  min_dig= 4  mean_relerr=4.731e-04  time=36.0s
      epochs=  5000  min_dig= 3  mean_relerr=7.681e-04  time=59.7s
      epochs=  7000  min_dig= 4  mean_relerr=3.831e-04  time=84.2s
      epochs= 10000  min_dig= 4  mean_relerr=8.917e-04  time=120.8s
      epochs= 12000  min_dig= 3  mean_relerr=1.624e-03  time=144.5s
      epochs= 15000  min_dig= 3  mean_relerr=1.947e-03  time=176.8s
  hidden=[160, 160, 160, 160] omega0=30.0 lr=0.00015 N=512
      epochs=  2000  min_dig= 3  mean_relerr=1.339e-03  time=23.3s
      epochs=  3000  min_dig= 4  mean_relerr=3.834e-04  time=35.7s
      epochs=  5000  min_dig= 4  mean_relerr=5.348e-04  time=61.1s
      epochs=  7000  min_dig= 3  mean_relerr=8.059e-04  time=85.0s
      epochs= 10000  min_dig= 4  mean_relerr=8.926e-04  time=118.6s
      epochs= 12000  min_dig= 3  mean_relerr=2.470e-03  time=143.6s
      epochs= 15000  min_dig= 3  mean_relerr=3.325e-03  time=179.8s
  hidden=[160, 160, 160, 160] omega0=25.0 lr=0.0002 N=1024
      epochs=  2000  min_dig= 4  mean_relerr=4.290e-04  time=24.0s
      epochs=  3000  min_dig= 4  mean_relerr=5.567e-04  time=35.9s
      epochs=  5000  min_dig= 3  mean_relerr=1.236e-03  time=60.2s
      epochs=  7000  min_dig= 4  mean_relerr=6.578e-04  time=84.7s
      epochs= 10000  min_dig= 4  mean_relerr=4.904e-04  time=121.5s
      epochs= 12000  min_dig= 4  mean_relerr=4.132e-04  time=145.6s
      epochs= 15000  min_dig= 3  mean_relerr=1.625e-03  time=182.2s
  hidden=[128, 128, 128, 128] omega0=30.0 lr=0.00015 N=512
      epochs=  2000  min_dig= 3  mean_relerr=9.729e-04  time=25.1s
      epochs=  3000  min_dig= 4  mean_relerr=5.129e-04  time=35.9s
      epochs=  5000  min_dig= 4  mean_relerr=4.173e-04  time=61.0s
      epochs=  7000  min_dig= 3  mean_relerr=1.436e-03  time=84.9s
      epochs= 10000  min_dig= 4  mean_relerr=5.777e-04  time=120.3s
      epochs= 12000  min_dig= 3  mean_relerr=1.641e-03  time=145.6s
      epochs= 15000  min_dig= 3  mean_relerr=1.161e-03  time=176.0s
  hidden=[128, 128, 128, 128] omega0=35.0 lr=0.0002 N=1024
      epochs=  2000  min_dig= 4  mean_relerr=4.552e-04  time=24.4s
      epochs=  3000  min_dig= 4  mean_relerr=4.245e-04  time=37.0s
      epochs=  5000  min_dig= 4  mean_relerr=4.373e-04  time=61.0s
      epochs=  7000  min_dig= 3  mean_relerr=1.104e-03  time=85.0s
      epochs= 10000  min_dig= 4  mean_relerr=7.981e-04  time=122.8s
      epochs= 12000  min_dig= 3  mean_relerr=1.331e-03  time=145.9s
      epochs= 15000  min_dig= 3  mean_relerr=1.701e-03  time=181.2s
  hidden=[128, 128, 128, 128] omega0=35.0 lr=0.00015 N=256
      epochs=  2000  min_dig= 4  mean_relerr=4.279e-04  time=24.1s
      epochs=  3000  min_dig= 3  mean_relerr=1.200e-03  time=36.1s
      epochs=  5000  min_dig= 3  mean_relerr=8.076e-04  time=60.4s
      epochs=  7000  min_dig= 3  mean_relerr=2.356e-03  time=84.1s
      epochs= 10000  min_dig= 3  mean_relerr=4.307e-03  time=120.5s
      epochs= 12000  min_dig= 3  mean_relerr=1.424e-03  time=147.0s
      epochs= 15000  min_dig= 3  mean_relerr=8.542e-03  time=178.9s
  hidden=[128, 128, 128, 128] omega0=30.0 lr=0.00015 N=256
      epochs=  2000  min_dig= 4  mean_relerr=4.285e-04  time=24.0s
      epochs=  3000  min_dig= 3  mean_relerr=1.296e-03  time=36.5s
      epochs=  5000  min_dig= 4  mean_relerr=6.347e-04  time=59.8s
      epochs=  7000  min_dig= 3  mean_relerr=1.364e-03  time=83.8s
      epochs= 10000  min_dig= 3  mean_relerr=1.369e-03  time=119.2s
      epochs= 12000  min_dig= 3  mean_relerr=1.753e-03  time=140.7s
      epochs= 15000  min_dig= 3  mean_relerr=4.116e-03  time=178.0s
  hidden=[160, 160, 160, 160] omega0=25.0 lr=0.00015 N=256
      epochs=  2000  min_dig= 3  mean_relerr=2.113e-03  time=23.6s
      epochs=  3000  min_dig= 3  mean_relerr=5.702e-04  time=35.0s
      epochs=  5000  min_dig= 4  mean_relerr=4.373e-04  time=59.3s
      epochs=  7000  min_dig= 4  mean_relerr=9.773e-04  time=82.9s
      epochs= 10000  min_dig= 3  mean_relerr=1.613e-03  time=118.2s
      epochs= 12000  min_dig= 3  mean_relerr=1.305e-03  time=144.7s
      epochs= 15000  min_dig= 4  mean_relerr=1.345e-03  time=174.8s
  hidden=[160, 160, 160, 160] omega0=25.0 lr=0.0002 N=512
      epochs=  2000  min_dig= 3  mean_relerr=6.824e-04  time=23.6s
      epochs=  3000  min_dig= 4  mean_relerr=4.416e-04  time=35.9s
      epochs=  5000  min_dig= 4  mean_relerr=5.190e-04  time=61.9s
      epochs=  7000  min_dig= 4  mean_relerr=8.091e-04  time=87.4s
      epochs= 10000  min_dig= 4  mean_relerr=7.328e-04  time=121.1s
      epochs= 12000  min_dig= 4  mean_relerr=1.055e-03  time=144.5s
      epochs= 15000  min_dig= 3  mean_relerr=5.991e-03  time=181.8s
  hidden=[96, 96, 96, 96] omega0=30.0 lr=0.00015 N=512
      epochs=  2000  min_dig= 3  mean_relerr=1.077e-03  time=23.5s
      epochs=  3000  min_dig= 4  mean_relerr=5.631e-04  time=35.6s
      epochs=  5000  min_dig= 4  mean_relerr=4.697e-04  time=59.2s
      epochs=  7000  min_dig= 3  mean_relerr=1.731e-03  time=84.0s
      epochs= 10000  min_dig= 3  mean_relerr=1.619e-03  time=119.6s
      epochs= 12000  min_dig= 4  mean_relerr=7.444e-04  time=144.7s
      epochs= 15000  min_dig= 3  mean_relerr=1.126e-03  time=180.0s
  hidden=[160, 160, 160, 160] omega0=35.0 lr=0.00015 N=256
      epochs=  2000  min_dig= 3  mean_relerr=8.450e-04  time=24.7s
      epochs=  3000  min_dig= 4  mean_relerr=5.011e-04  time=36.3s
      epochs=  5000  min_dig= 4  mean_relerr=5.818e-04  time=60.5s
      epochs=  7000  min_dig= 3  mean_relerr=2.682e-03  time=83.9s
      epochs= 10000  min_dig= 3  mean_relerr=2.221e-03  time=120.1s
      epochs= 12000  min_dig= 3  mean_relerr=5.446e-03  time=145.0s
      epochs= 15000  min_dig= 3  mean_relerr=1.126e-03  time=182.8s
  hidden=[160, 160, 160, 160] omega0=30.0 lr=0.00015 N=256
      epochs=  2000  min_dig= 3  mean_relerr=2.440e-03  time=23.7s
      epochs=  3000  min_dig= 4  mean_relerr=5.704e-04  time=35.3s
      epochs=  5000  min_dig= 4  mean_relerr=5.027e-04  time=58.2s
      epochs=  7000  min_dig= 3  mean_relerr=9.777e-04  time=83.3s
      epochs= 10000  min_dig= 3  mean_relerr=8.321e-04  time=121.0s
      epochs= 12000  min_dig= 3  mean_relerr=1.474e-03  time=144.7s
      epochs= 15000  min_dig= 4  mean_relerr=6.608e-04  time=179.2s
  hidden=[96, 96, 96, 96] omega0=30.0 lr=0.00025 N=512
      epochs=  2000  min_dig= 3  mean_relerr=7.898e-04  time=24.6s
      epochs=  3000  min_dig= 4  mean_relerr=5.194e-04  time=36.2s
      epochs=  5000  min_dig= 4  mean_relerr=8.834e-04  time=59.3s
      epochs=  7000  min_dig= 4  mean_relerr=9.041e-04  time=84.2s
      epochs= 10000  min_dig= 4  mean_relerr=6.566e-04  time=120.1s
      epochs= 12000  min_dig= 4  mean_relerr=9.053e-04  time=145.1s
      epochs= 15000  min_dig= 3  mean_relerr=1.418e-03  time=175.2s
  hidden=[128, 128, 128, 128] omega0=30.0 lr=0.00025 N=512
      epochs=  2000  min_dig= 4  mean_relerr=5.351e-04  time=23.7s
      epochs=  3000  min_dig= 3  mean_relerr=4.881e-04  time=36.0s
      epochs=  5000  min_dig= 4  mean_relerr=5.425e-04  time=59.5s
      epochs=  7000  min_dig= 3  mean_relerr=1.437e-03  time=84.5s
      epochs= 10000  min_dig= 3  mean_relerr=1.801e-03  time=122.3s
      epochs= 12000  min_dig= 3  mean_relerr=1.827e-03  time=147.5s
      epochs= 15000  min_dig= 3  mean_relerr=2.592e-03  time=178.1s
  hidden=[96, 96, 96, 96] omega0=25.0 lr=0.0002 N=512
      epochs=  2000  min_dig= 4  mean_relerr=6.011e-04  time=24.7s
      epochs=  3000  min_dig= 4  mean_relerr=5.474e-04  time=36.6s
      epochs=  5000  min_dig= 4  mean_relerr=1.403e-03  time=59.0s
      epochs=  7000  min_dig= 4  mean_relerr=6.137e-04  time=82.1s
      epochs= 10000  min_dig= 3  mean_relerr=1.273e-03  time=122.4s
      epochs= 12000  min_dig= 3  mean_relerr=1.448e-03  time=146.8s
      epochs= 15000  min_dig= 4  mean_relerr=6.654e-04  time=179.3s
  hidden=[128, 128, 128, 128] omega0=25.0 lr=0.00015 N=256
      epochs=  2000  min_dig= 4  mean_relerr=6.623e-04  time=24.1s
      epochs=  3000  min_dig= 3  mean_relerr=1.962e-03  time=35.8s
      epochs=  5000  min_dig= 4  mean_relerr=5.479e-04  time=59.1s
      epochs=  7000  min_dig= 3  mean_relerr=2.938e-03  time=81.9s
      epochs= 10000  min_dig= 4  mean_relerr=8.134e-04  time=118.6s
      epochs= 12000  min_dig= 3  mean_relerr=1.640e-03  time=144.5s
      epochs= 15000  min_dig= 3  mean_relerr=4.508e-03  time=177.4s
  hidden=[160, 160, 160, 160] omega0=30.0 lr=0.00025 N=512
      epochs=  2000  min_dig= 4  mean_relerr=7.954e-04  time=23.5s
      epochs=  3000  min_dig= 4  mean_relerr=5.537e-04  time=37.1s
      epochs=  5000  min_dig= 4  mean_relerr=6.737e-04  time=61.3s
      epochs=  7000  min_dig= 4  mean_relerr=5.501e-04  time=82.4s
      epochs= 10000  min_dig= 3  mean_relerr=1.367e-03  time=118.2s
      epochs= 12000  min_dig= 3  mean_relerr=1.584e-03  time=146.6s
      epochs= 15000  min_dig= 4  mean_relerr=1.265e-03  time=179.6s
  hidden=[160, 160, 160, 160] omega0=25.0 lr=0.00025 N=512
      epochs=  2000  min_dig= 3  mean_relerr=7.977e-04  time=23.4s
      epochs=  3000  min_dig= 4  mean_relerr=5.588e-04  time=35.4s
      epochs=  5000  min_dig= 4  mean_relerr=9.889e-04  time=60.3s
      epochs=  7000  min_dig= 3  mean_relerr=1.573e-03  time=86.0s
      epochs= 10000  min_dig= 3  mean_relerr=2.952e-03  time=121.4s
      epochs= 12000  min_dig= 3  mean_relerr=1.358e-03  time=143.2s
      epochs= 15000  min_dig= 3  mean_relerr=4.086e-03  time=182.2s
  hidden=[128, 128, 128, 128] omega0=25.0 lr=0.0002 N=256
      epochs=  2000  min_dig= 4  mean_relerr=5.869e-04  time=23.7s
      epochs=  3000  min_dig= 3  mean_relerr=8.987e-04  time=35.0s
      epochs=  5000  min_dig= 4  mean_relerr=6.577e-04  time=60.4s
      epochs=  7000  min_dig= 4  mean_relerr=9.974e-04  time=84.6s
      epochs= 10000  min_dig= 4  mean_relerr=8.258e-04  time=119.7s
      epochs= 12000  min_dig= 3  mean_relerr=4.245e-03  time=140.3s
      epochs= 15000  min_dig= 3  mean_relerr=7.435e-03  time=180.3s
  hidden=[128, 128, 128, 128] omega0=30.0 lr=0.0002 N=256
      epochs=  2000  min_dig= 3  mean_relerr=1.323e-03  time=24.5s
      epochs=  3000  min_dig= 3  mean_relerr=1.024e-03  time=36.3s
      epochs=  5000  min_dig= 4  mean_relerr=5.915e-04  time=60.8s
      epochs=  7000  min_dig= 3  mean_relerr=1.499e-03  time=84.9s
      epochs= 10000  min_dig= 3  mean_relerr=4.054e-03  time=120.4s
      epochs= 12000  min_dig= 3  mean_relerr=1.550e-03  time=142.7s
      epochs= 15000  min_dig= 2  mean_relerr=1.261e-02  time=181.7s
  hidden=[96, 96, 96, 96] omega0=35.0 lr=0.00015 N=256
      epochs=  2000  min_dig= 3  mean_relerr=2.120e-03  time=23.4s
      epochs=  3000  min_dig= 3  mean_relerr=3.089e-03  time=34.8s
      epochs=  5000  min_dig= 4  mean_relerr=7.462e-04  time=58.4s
      epochs=  7000  min_dig= 3  mean_relerr=1.659e-03  time=80.5s
      epochs= 10000  min_dig= 4  mean_relerr=6.067e-04  time=116.1s
      epochs= 12000  min_dig= 3  mean_relerr=3.350e-03  time=141.7s
      epochs= 15000  min_dig= 3  mean_relerr=1.374e-03  time=179.4s
  hidden=[160, 160, 160, 160] omega0=30.0 lr=0.0002 N=512
      epochs=  2000  min_dig= 4  mean_relerr=7.842e-04  time=23.8s
      epochs=  3000  min_dig= 3  mean_relerr=8.416e-04  time=36.5s
      epochs=  5000  min_dig= 4  mean_relerr=6.278e-04  time=60.7s
      epochs=  7000  min_dig= 4  mean_relerr=6.407e-04  time=84.1s
      epochs= 10000  min_dig= 4  mean_relerr=7.720e-04  time=120.9s
      epochs= 12000  min_dig= 3  mean_relerr=2.629e-03  time=145.5s
      epochs= 15000  min_dig= 3  mean_relerr=3.350e-03  time=180.0s
  hidden=[128, 128, 128, 128] omega0=25.0 lr=0.00025 N=256
      epochs=  2000  min_dig= 4  mean_relerr=1.038e-03  time=24.2s
      epochs=  3000  min_dig= 4  mean_relerr=6.466e-04  time=36.0s
      epochs=  5000  min_dig= 4  mean_relerr=8.342e-04  time=59.4s
      epochs=  7000  min_dig= 4  mean_relerr=1.043e-03  time=83.6s
      epochs= 10000  min_dig= 3  mean_relerr=7.822e-04  time=120.5s
      epochs= 12000  min_dig= 3  mean_relerr=2.837e-03  time=142.8s
      epochs= 15000  min_dig= 3  mean_relerr=1.057e-02  time=181.8s
  hidden=[96, 96, 96, 96] omega0=35.0 lr=0.00025 N=512
      epochs=  2000  min_dig= 3  mean_relerr=1.126e-03  time=24.3s
      epochs=  3000  min_dig= 4  mean_relerr=6.484e-04  time=36.8s
      epochs=  5000  min_dig= 3  mean_relerr=1.124e-03  time=60.5s
      epochs=  7000  min_dig= 4  mean_relerr=1.194e-03  time=85.6s
      epochs= 10000  min_dig= 4  mean_relerr=8.504e-04  time=120.1s
      epochs= 12000  min_dig= 3  mean_relerr=1.613e-03  time=144.3s
      epochs= 15000  min_dig= 4  mean_relerr=9.582e-04  time=179.5s
  hidden=[96, 96, 96, 96] omega0=25.0 lr=0.00015 N=512
      epochs=  2000  min_dig= 4  mean_relerr=1.442e-03  time=24.0s
      epochs=  3000  min_dig= 4  mean_relerr=8.304e-04  time=36.1s
      epochs=  5000  min_dig= 3  mean_relerr=8.274e-04  time=59.4s
      epochs=  7000  min_dig= 4  mean_relerr=8.323e-04  time=83.1s
      epochs= 10000  min_dig= 4  mean_relerr=6.588e-04  time=118.8s
      epochs= 12000  min_dig= 3  mean_relerr=1.424e-03  time=142.0s
      epochs= 15000  min_dig= 3  mean_relerr=1.538e-03  time=181.4s
  hidden=[160, 160, 160, 160] omega0=35.0 lr=0.0002 N=256
      epochs=  2000  min_dig= 4  mean_relerr=6.828e-04  time=23.8s
      epochs=  3000  min_dig= 4  mean_relerr=7.350e-04  time=35.0s
      epochs=  5000  min_dig= 3  mean_relerr=1.036e-03  time=58.6s
      epochs=  7000  min_dig= 3  mean_relerr=6.115e-03  time=83.7s
      epochs= 10000  min_dig= 3  mean_relerr=9.478e-04  time=119.7s
      epochs= 12000  min_dig= 3  mean_relerr=1.400e-03  time=143.8s
      epochs= 15000  min_dig= 3  mean_relerr=1.943e-03  time=178.7s
  hidden=[96, 96, 96, 96] omega0=25.0 lr=0.0002 N=256
      epochs=  2000  min_dig= 3  mean_relerr=2.011e-03  time=24.8s
      epochs=  3000  min_dig= 3  mean_relerr=2.398e-03  time=36.9s
      epochs=  5000  min_dig= 4  mean_relerr=6.934e-04  time=61.4s
      epochs=  7000  min_dig= 3  mean_relerr=1.363e-03  time=83.1s
      epochs= 10000  min_dig= 3  mean_relerr=3.455e-03  time=119.1s
      epochs= 12000  min_dig= 3  mean_relerr=1.165e-03  time=144.8s
      epochs= 15000  min_dig= 3  mean_relerr=7.925e-04  time=184.0s
  hidden=[128, 128, 128, 128] omega0=25.0 lr=0.00015 N=512
      epochs=  2000  min_dig= 3  mean_relerr=1.458e-03  time=24.3s
      epochs=  3000  min_dig= 4  mean_relerr=8.632e-04  time=36.4s
      epochs=  5000  min_dig= 3  mean_relerr=9.483e-04  time=60.9s
      epochs=  7000  min_dig= 3  mean_relerr=2.079e-03  time=86.3s
      epochs= 10000  min_dig= 4  mean_relerr=6.964e-04  time=120.9s
      epochs= 12000  min_dig= 3  mean_relerr=7.597e-04  time=145.5s
      epochs= 15000  min_dig= 3  mean_relerr=2.125e-03  time=177.6s
  hidden=[96, 96, 96, 96] omega0=25.0 lr=0.00015 N=256
      epochs=  2000  min_dig= 3  mean_relerr=1.651e-03  time=25.6s
      epochs=  3000  min_dig= 3  mean_relerr=4.015e-03  time=35.8s
      epochs=  5000  min_dig= 4  mean_relerr=7.292e-04  time=59.7s
      epochs=  7000  min_dig= 3  mean_relerr=1.114e-03  time=84.9s
      epochs= 10000  min_dig= 3  mean_relerr=1.546e-03  time=122.2s
      epochs= 12000  min_dig= 3  mean_relerr=6.704e-04  time=146.3s
      epochs= 15000  min_dig= 3  mean_relerr=9.172e-04  time=180.9s
  hidden=[96, 96, 96, 96] omega0=25.0 lr=0.00025 N=256
      epochs=  2000  min_dig= 4  mean_relerr=1.352e-03  time=23.4s
      epochs=  3000  min_dig= 3  mean_relerr=2.485e-03  time=35.7s
      epochs=  5000  min_dig= 4  mean_relerr=7.666e-04  time=58.2s
      epochs=  7000  min_dig= 3  mean_relerr=1.777e-03  time=82.3s
      epochs= 10000  min_dig= 3  mean_relerr=1.674e-03  time=119.7s
      epochs= 12000  min_dig= 3  mean_relerr=3.785e-03  time=140.8s
      epochs= 15000  min_dig= 3  mean_relerr=2.428e-03  time=176.5s
  hidden=[96, 96, 96, 96] omega0=25.0 lr=0.00025 N=512
      epochs=  2000  min_dig= 4  mean_relerr=7.787e-04  time=23.0s
      epochs=  3000  min_dig= 3  mean_relerr=8.192e-04  time=35.0s
      epochs=  5000  min_dig= 4  mean_relerr=1.465e-03  time=58.4s
      epochs=  7000  min_dig= 4  mean_relerr=1.038e-03  time=83.7s
      epochs= 10000  min_dig= 3  mean_relerr=1.209e-03  time=119.0s
      epochs= 12000  min_dig= 3  mean_relerr=2.109e-03  time=144.3s
      epochs= 15000  min_dig= 3  mean_relerr=1.275e-03  time=180.5s
  hidden=[128, 128, 128, 128] omega0=35.0 lr=0.0002 N=256
      epochs=  2000  min_dig= 3  mean_relerr=1.839e-03  time=24.1s
      epochs=  3000  min_dig= 3  mean_relerr=1.115e-03  time=36.2s
      epochs=  5000  min_dig= 4  mean_relerr=7.798e-04  time=59.0s
      epochs=  7000  min_dig= 3  mean_relerr=1.328e-03  time=83.1s
      epochs= 10000  min_dig= 3  mean_relerr=3.432e-03  time=120.9s
      epochs= 12000  min_dig= 3  mean_relerr=2.431e-03  time=145.8s
      epochs= 15000  min_dig= 2  mean_relerr=8.815e-03  time=180.2s
  hidden=[160, 160, 160, 160] omega0=25.0 lr=0.00025 N=256
      epochs=  2000  min_dig= 3  mean_relerr=1.050e-03  time=24.4s
      epochs=  3000  min_dig= 3  mean_relerr=1.102e-03  time=36.2s
      epochs=  5000  min_dig= 4  mean_relerr=8.129e-04  time=60.5s
      epochs=  7000  min_dig= 3  mean_relerr=1.351e-03  time=84.8s
      epochs= 10000  min_dig= 3  mean_relerr=2.299e-03  time=120.8s
      epochs= 12000  min_dig= 3  mean_relerr=2.398e-03  time=143.5s
      epochs= 15000  min_dig= 3  mean_relerr=2.399e-03  time=177.5s
  hidden=[96, 96, 96, 96] omega0=35.0 lr=0.00025 N=256
      epochs=  2000  min_dig= 4  mean_relerr=8.226e-04  time=24.1s
      epochs=  3000  min_dig= 3  mean_relerr=5.040e-03  time=36.3s
      epochs=  5000  min_dig= 4  mean_relerr=1.145e-03  time=59.9s
      epochs=  7000  min_dig= 3  mean_relerr=4.334e-03  time=84.1s
      epochs= 10000  min_dig= 3  mean_relerr=1.079e-03  time=121.6s
      epochs= 12000  min_dig= 3  mean_relerr=4.320e-03  time=141.2s
      epochs= 15000  min_dig= 4  mean_relerr=1.308e-03  time=178.8s
  hidden=[128, 128, 128, 128] omega0=35.0 lr=0.00025 N=256
      epochs=  2000  min_dig= 3  mean_relerr=4.313e-03  time=24.3s
      epochs=  3000  min_dig= 3  mean_relerr=3.087e-03  time=36.8s
      epochs=  5000  min_dig= 4  mean_relerr=8.361e-04  time=59.3s
      epochs=  7000  min_dig= 3  mean_relerr=1.587e-03  time=82.3s
      epochs= 10000  min_dig= 3  mean_relerr=1.350e-03  time=121.3s
      epochs= 12000  min_dig= 3  mean_relerr=2.255e-03  time=144.8s
      epochs= 15000  min_dig= 3  mean_relerr=3.656e-03  time=176.3s
  hidden=[96, 96, 96, 96] omega0=30.0 lr=0.00025 N=256
      epochs=  2000  min_dig= 3  mean_relerr=3.736e-03  time=23.3s
      epochs=  3000  min_dig= 3  mean_relerr=3.849e-03  time=36.7s
      epochs=  5000  min_dig= 3  mean_relerr=8.115e-04  time=59.8s
      epochs=  7000  min_dig= 3  mean_relerr=1.639e-03  time=83.2s
      epochs= 10000  min_dig= 3  mean_relerr=1.877e-03  time=117.7s
      epochs= 12000  min_dig= 4  mean_relerr=8.425e-04  time=143.0s
      epochs= 15000  min_dig= 3  mean_relerr=5.027e-03  time=180.8s
  hidden=[128, 128, 128, 128] omega0=30.0 lr=0.00025 N=256
      epochs=  2000  min_dig= 3  mean_relerr=3.422e-03  time=23.7s
      epochs=  3000  min_dig= 3  mean_relerr=3.055e-03  time=36.0s
      epochs=  5000  min_dig= 4  mean_relerr=9.183e-04  time=59.6s
      epochs=  7000  min_dig= 3  mean_relerr=1.407e-03  time=81.9s
      epochs= 10000  min_dig= 3  mean_relerr=3.159e-03  time=118.1s
      epochs= 12000  min_dig= 3  mean_relerr=4.305e-03  time=144.3s
      epochs= 15000  min_dig= 2  mean_relerr=1.210e-02  time=180.9s
  hidden=[160, 160, 160, 160] omega0=30.0 lr=0.0002 N=256
      epochs=  2000  min_dig= 3  mean_relerr=1.006e-03  time=23.5s
      epochs=  3000  min_dig= 3  mean_relerr=2.399e-03  time=35.8s
      epochs=  5000  min_dig= 3  mean_relerr=1.037e-03  time=60.6s
      epochs=  7000  min_dig= 3  mean_relerr=3.173e-03  time=83.7s
      epochs= 10000  min_dig= 3  mean_relerr=1.300e-03  time=120.1s
      epochs= 12000  min_dig= 3  mean_relerr=1.125e-03  time=145.5s
      epochs= 15000  min_dig= 4  mean_relerr=1.106e-03  time=180.2s
  hidden=[160, 160, 160, 160] omega0=35.0 lr=0.00025 N=256
      epochs=  2000  min_dig= 3  mean_relerr=1.389e-03  time=24.1s
      epochs=  3000  min_dig= 3  mean_relerr=9.141e-04  time=36.0s
      epochs=  5000  min_dig= 4  mean_relerr=1.176e-03  time=59.9s
      epochs=  7000  min_dig= 3  mean_relerr=3.047e-03  time=84.7s
      epochs= 10000  min_dig= 3  mean_relerr=1.591e-03  time=119.4s
      epochs= 12000  min_dig= 3  mean_relerr=1.635e-03  time=142.8s
      epochs= 15000  min_dig= 3  mean_relerr=2.237e-03  time=179.8s
  hidden=[96, 96, 96, 96] omega0=30.0 lr=0.00015 N=256
      epochs=  2000  min_dig= 4  mean_relerr=1.640e-03  time=23.4s
      epochs=  3000  min_dig= 3  mean_relerr=3.548e-03  time=35.9s
      epochs=  5000  min_dig= 3  mean_relerr=8.979e-04  time=61.2s
      epochs=  7000  min_dig= 3  mean_relerr=1.623e-03  time=84.0s
      epochs= 10000  min_dig= 4  mean_relerr=1.435e-03  time=117.6s
      epochs= 12000  min_dig= 3  mean_relerr=1.952e-03  time=142.1s
      epochs= 15000  min_dig= 3  mean_relerr=7.160e-04  time=181.7s
  hidden=[96, 96, 96, 96] omega0=30.0 lr=0.0002 N=256
      epochs=  2000  min_dig= 3  mean_relerr=2.854e-03  time=22.9s
      epochs=  3000  min_dig= 3  mean_relerr=4.119e-03  time=35.2s
      epochs=  5000  min_dig= 3  mean_relerr=6.931e-04  time=59.1s
      epochs=  7000  min_dig= 3  mean_relerr=1.517e-03  time=82.8s
      epochs= 10000  min_dig= 3  mean_relerr=1.186e-03  time=116.6s
      epochs= 12000  min_dig= 3  mean_relerr=1.438e-03  time=150.1s
      epochs= 15000  min_dig= 3  mean_relerr=1.831e-03  time=180.2s
  hidden=[96, 96, 96, 96] omega0=35.0 lr=0.0002 N=256
      epochs=  2000  min_dig= 3  mean_relerr=1.901e-03  time=23.3s
      epochs=  3000  min_dig= 3  mean_relerr=2.290e-03  time=35.3s
      epochs=  5000  min_dig= 3  mean_relerr=1.111e-03  time=58.5s
      epochs=  7000  min_dig= 3  mean_relerr=1.317e-03  time=82.1s
      epochs= 10000  min_dig= 3  mean_relerr=1.782e-03  time=116.1s
      epochs= 12000  min_dig= 3  mean_relerr=8.696e-04  time=139.6s
      epochs= 15000  min_dig= 3  mean_relerr=3.572e-03  time=176.1s
  hidden=[160, 160, 160, 160] omega0=25.0 lr=0.0002 N=256
      epochs=  2000  min_dig= 3  mean_relerr=3.319e-03  time=23.9s
      epochs=  3000  min_dig= 3  mean_relerr=9.914e-04  time=36.0s
      epochs=  5000  min_dig= 3  mean_relerr=1.725e-03  time=59.5s
      epochs=  7000  min_dig= 3  mean_relerr=1.320e-03  time=84.4s
      epochs= 10000  min_dig= 3  mean_relerr=3.733e-03  time=119.2s
      epochs= 12000  min_dig= 3  mean_relerr=1.768e-03  time=143.9s
      epochs= 15000  min_dig= 3  mean_relerr=2.098e-03  time=180.3s
  hidden=[160, 160, 160, 160] omega0=30.0 lr=0.00025 N=256
      epochs=  2000  min_dig= 3  mean_relerr=1.660e-03  time=24.1s
      epochs=  3000  min_dig= 3  mean_relerr=1.792e-03  time=35.7s
      epochs=  5000  min_dig= 3  mean_relerr=1.686e-03  time=60.2s
      epochs=  7000  min_dig= 3  mean_relerr=2.610e-03  time=84.2s
      epochs= 10000  min_dig= 3  mean_relerr=2.634e-03  time=118.9s
      epochs= 12000  min_dig= 3  mean_relerr=1.916e-03  time=142.3s
      epochs= 15000  min_dig= 3  mean_relerr=1.593e-03  time=178.5s
════════════════════════════════════════════════════════════════════════════════════════════════════════════════════════════════
  Full results saved -> /zfs/store1.hydra.local/user/g/gshipunv/integral/project-skuld/research/experiments/grid/7-siren-wire-kan-sweep-m3/../../results/grid/7-siren-wire-kan-sweep-m3/sweep_results_m3_2026-09-29_22-39.csv

