==================================================================
Job ID:     2445967
Script:     /lustre/projects/g/gshipunv/project-skuld/research/experiments/grid/13-sechiren-sweep-m2/super_test_sechiren_m2.py
Arguments:  --num-gpus 4
Log file:   /lustre/projects/g/gshipunv/project-skuld/research/results/grid/13-sechiren-sweep-m2/slurm-2445967.log
Python:     /zfs/store1.hydra.local/user/g/gshipunv/.conda/envs/jasher-lustre/bin/python
PYTHONPATH: /lustre/projects/g/gshipunv/project-skuld/research:/lustre/projects/g/gshipunv/project-skuld:/lustre/projects/g/gshipunv/project-skuld/research/experiments/grid/13-sechiren-sweep-m2:
==================================================================
SKULD is using device: cuda

========================================================================
  SECHIREN SWEEP m2  —  324 configs × 5 seeds = 1620 total runs
  GPU 2/4  —  processing runs [810:1215] = 405 runs, device=cuda
========================================================================

Computing scipy reference integrals (shared across all configs)...
Done.

[1/405] hidden=[48, 48, 48] omega0=15.0 lr=5e-05 epochs=2000 npp=256 seed=42 ...
  Epoch     1/2000  loss=4.2040e-01  lr=5.00e-05  (0.2s)
    -> I1=2 I2=2 I3=2 I4=3 I5=2 I6=2 I7=2 I8=3 min=2 mean=2.2 max=3 (27.7s)
[2/405] hidden=[48, 48, 48] omega0=15.0 lr=5e-05 epochs=2000 npp=256 seed=137 ...
  Epoch     1/2000  loss=3.2757e-01  lr=5.00e-05  (0.0s)
    -> I1=2 I2=2 I3=2 I4=3 I5=2 I6=2 I7=2 I8=2 min=2 mean=2.1 max=3 (25.6s)
[3/405] hidden=[48, 48, 48] omega0=15.0 lr=5e-05 epochs=2000 npp=256 seed=2024 ...
  Epoch     1/2000  loss=3.4693e-01  lr=5.00e-05  (0.0s)
    -> I1=3 I2=2 I3=3 I4=4 I5=3 I6=2 I7=2 I8=3 min=2 mean=2.8 max=4 (25.1s)
[4/405] hidden=[48, 48, 48] omega0=15.0 lr=5e-05 epochs=2000 npp=256 seed=7 ...
  Epoch     1/2000  loss=3.8664e-01  lr=5.00e-05  (0.0s)
    -> I1=2 I2=2 I3=3 I4=3 I5=2 I6=2 I7=3 I8=3 min=2 mean=2.5 max=3 (25.5s)
[5/405] hidden=[48, 48, 48] omega0=15.0 lr=5e-05 epochs=2000 npp=256 seed=999 ...
  Epoch     1/2000  loss=3.8083e-01  lr=5.00e-05  (0.0s)
    -> I1=2 I2=2 I3=3 I4=3 I5=2 I6=2 I7=2 I8=3 min=2 mean=2.4 max=3 (25.6s)
[6/405] hidden=[48, 48, 48] omega0=15.0 lr=5e-05 epochs=2000 npp=512 seed=42 ...
  Epoch     1/2000  loss=3.5174e-01  lr=5.00e-05  (0.0s)
    -> I1=2 I2=2 I3=3 I4=3 I5=2 I6=2 I7=2 I8=4 min=2 mean=2.5 max=4 (26.1s)
[7/405] hidden=[48, 48, 48] omega0=15.0 lr=5e-05 epochs=2000 npp=512 seed=137 ...
  Epoch     1/2000  loss=3.4413e-01  lr=5.00e-05  (0.0s)
    -> I1=2 I2=2 I3=2 I4=3 I5=2 I6=2 I7=2 I8=3 min=2 mean=2.2 max=3 (25.6s)
[8/405] hidden=[48, 48, 48] omega0=15.0 lr=5e-05 epochs=2000 npp=512 seed=2024 ...
  Epoch     1/2000  loss=3.8109e-01  lr=5.00e-05  (0.0s)
    -> I1=4 I2=2 I3=3 I4=3 I5=2 I6=2 I7=3 I8=3 min=2 mean=2.8 max=4 (25.7s)
[9/405] hidden=[48, 48, 48] omega0=15.0 lr=5e-05 epochs=2000 npp=512 seed=7 ...
  Epoch     1/2000  loss=3.3741e-01  lr=5.00e-05  (0.0s)
    -> I1=3 I2=2 I3=3 I4=3 I5=3 I6=2 I7=2 I8=4 min=2 mean=2.8 max=4 (26.3s)
[10/405] hidden=[48, 48, 48] omega0=15.0 lr=5e-05 epochs=2000 npp=512 seed=999 ...
  Epoch     1/2000  loss=4.1008e-01  lr=5.00e-05  (0.0s)
    -> I1=2 I2=2 I3=3 I4=4 I5=2 I6=2 I7=2 I8=3 min=2 mean=2.5 max=4 (26.7s)
[11/405] hidden=[48, 48, 48] omega0=15.0 lr=5e-05 epochs=2000 npp=1024 seed=42 ...
  Epoch     1/2000  loss=3.5381e-01  lr=5.00e-05  (0.0s)
    -> I1=4 I2=2 I3=3 I4=3 I5=3 I6=2 I7=2 I8=4 min=2 mean=2.9 max=4 (26.4s)
[12/405] hidden=[48, 48, 48] omega0=15.0 lr=5e-05 epochs=2000 npp=1024 seed=137 ...
  Epoch     1/2000  loss=3.7172e-01  lr=5.00e-05  (0.0s)
    -> I1=2 I2=2 I3=3 I4=3 I5=2 I6=2 I7=3 I8=3 min=2 mean=2.5 max=3 (26.6s)
[13/405] hidden=[48, 48, 48] omega0=15.0 lr=5e-05 epochs=2000 npp=1024 seed=2024 ...
  Epoch     1/2000  loss=3.7526e-01  lr=5.00e-05  (0.0s)
    -> I1=3 I2=2 I3=3 I4=4 I5=2 I6=2 I7=3 I8=3 min=2 mean=2.8 max=4 (26.2s)
[14/405] hidden=[48, 48, 48] omega0=15.0 lr=5e-05 epochs=2000 npp=1024 seed=7 ...
  Epoch     1/2000  loss=3.6805e-01  lr=5.00e-05  (0.0s)
    -> I1=2 I2=2 I3=4 I4=3 I5=3 I6=2 I7=2 I8=3 min=2 mean=2.6 max=4 (25.8s)
[15/405] hidden=[48, 48, 48] omega0=15.0 lr=5e-05 epochs=2000 npp=1024 seed=999 ...
  Epoch     1/2000  loss=3.6932e-01  lr=5.00e-05  (0.0s)
    -> I1=2 I2=2 I3=3 I4=4 I5=2 I6=2 I7=2 I8=3 min=2 mean=2.5 max=4 (25.7s)
[16/405] hidden=[48, 48, 48] omega0=15.0 lr=0.0001 epochs=2000 npp=256 seed=42 ...
  Epoch     1/2000  loss=4.2040e-01  lr=1.00e-04  (0.0s)
    -> I1=3 I2=3 I3=3 I4=4 I5=3 I6=6 I7=3 I8=4 min=3 mean=3.6 max=6 (25.0s)
[17/405] hidden=[48, 48, 48] omega0=15.0 lr=0.0001 epochs=2000 npp=256 seed=137 ...
  Epoch     1/2000  loss=3.2757e-01  lr=1.00e-04  (0.0s)
    -> I1=3 I2=3 I3=4 I4=3 I5=3 I6=3 I7=4 I8=3 min=3 mean=3.2 max=4 (25.7s)
[18/405] hidden=[48, 48, 48] omega0=15.0 lr=0.0001 epochs=2000 npp=256 seed=2024 ...
  Epoch     1/2000  loss=3.4693e-01  lr=1.00e-04  (0.0s)
    -> I1=2 I2=2 I3=3 I4=5 I5=2 I6=3 I7=3 I8=3 min=2 mean=2.9 max=5 (26.3s)
[19/405] hidden=[48, 48, 48] omega0=15.0 lr=0.0001 epochs=2000 npp=256 seed=7 ...
  Epoch     1/2000  loss=3.8664e-01  lr=1.00e-04  (0.0s)
    -> I1=3 I2=3 I3=3 I4=3 I5=3 I6=3 I7=3 I8=4 min=3 mean=3.1 max=4 (25.7s)
[20/405] hidden=[48, 48, 48] omega0=15.0 lr=0.0001 epochs=2000 npp=256 seed=999 ...
  Epoch     1/2000  loss=3.8083e-01  lr=1.00e-04  (0.0s)
    -> I1=3 I2=4 I3=3 I4=4 I5=2 I6=3 I7=2 I8=3 min=2 mean=3.0 max=4 (25.7s)
[21/405] hidden=[48, 48, 48] omega0=15.0 lr=0.0001 epochs=2000 npp=512 seed=42 ...
  Epoch     1/2000  loss=3.5174e-01  lr=1.00e-04  (0.0s)
    -> I1=3 I2=3 I3=3 I4=3 I5=3 I6=3 I7=3 I8=4 min=3 mean=3.1 max=4 (25.6s)
[22/405] hidden=[48, 48, 48] omega0=15.0 lr=0.0001 epochs=2000 npp=512 seed=137 ...
  Epoch     1/2000  loss=3.4413e-01  lr=1.00e-04  (0.0s)
    -> I1=3 I2=3 I3=3 I4=4 I5=2 I6=3 I7=3 I8=3 min=2 mean=3.0 max=4 (25.9s)
[23/405] hidden=[48, 48, 48] omega0=15.0 lr=0.0001 epochs=2000 npp=512 seed=2024 ...
  Epoch     1/2000  loss=3.8109e-01  lr=1.00e-04  (0.0s)
    -> I1=3 I2=3 I3=3 I4=4 I5=2 I6=3 I7=3 I8=3 min=2 mean=3.0 max=4 (25.6s)
[24/405] hidden=[48, 48, 48] omega0=15.0 lr=0.0001 epochs=2000 npp=512 seed=7 ...
  Epoch     1/2000  loss=3.3741e-01  lr=1.00e-04  (0.0s)
    -> I1=2 I2=3 I3=3 I4=3 I5=2 I6=4 I7=3 I8=4 min=2 mean=3.0 max=4 (25.7s)
[25/405] hidden=[48, 48, 48] omega0=15.0 lr=0.0001 epochs=2000 npp=512 seed=999 ...
  Epoch     1/2000  loss=4.1008e-01  lr=1.00e-04  (0.0s)
    -> I1=2 I2=4 I3=3 I4=4 I5=3 I6=3 I7=3 I8=3 min=2 mean=3.1 max=4 (25.7s)
[26/405] hidden=[48, 48, 48] omega0=15.0 lr=0.0001 epochs=2000 npp=1024 seed=42 ...
  Epoch     1/2000  loss=3.5381e-01  lr=1.00e-04  (0.0s)
    -> I1=3 I2=4 I3=3 I4=3 I5=4 I6=3 I7=3 I8=4 min=3 mean=3.4 max=4 (25.7s)
[27/405] hidden=[48, 48, 48] omega0=15.0 lr=0.0001 epochs=2000 npp=1024 seed=137 ...
  Epoch     1/2000  loss=3.7172e-01  lr=1.00e-04  (0.0s)
    -> I1=3 I2=3 I3=3 I4=3 I5=3 I6=4 I7=3 I8=3 min=3 mean=3.1 max=4 (25.7s)
[28/405] hidden=[48, 48, 48] omega0=15.0 lr=0.0001 epochs=2000 npp=1024 seed=2024 ...
  Epoch     1/2000  loss=3.7526e-01  lr=1.00e-04  (0.0s)
    -> I1=3 I2=3 I3=3 I4=4 I5=2 I6=3 I7=3 I8=3 min=2 mean=3.0 max=4 (25.6s)
[29/405] hidden=[48, 48, 48] omega0=15.0 lr=0.0001 epochs=2000 npp=1024 seed=7 ...
  Epoch     1/2000  loss=3.6805e-01  lr=1.00e-04  (0.0s)
    -> I1=2 I2=3 I3=2 I4=4 I5=3 I6=4 I7=3 I8=4 min=2 mean=3.1 max=4 (26.3s)
[30/405] hidden=[48, 48, 48] omega0=15.0 lr=0.0001 epochs=2000 npp=1024 seed=999 ...
  Epoch     1/2000  loss=3.6932e-01  lr=1.00e-04  (0.0s)
    -> I1=4 I2=4 I3=4 I4=4 I5=3 I6=3 I7=3 I8=3 min=3 mean=3.5 max=4 (26.6s)
[31/405] hidden=[48, 48, 48] omega0=15.0 lr=0.0002 epochs=2000 npp=256 seed=42 ...
  Epoch     1/2000  loss=4.2040e-01  lr=2.00e-04  (0.0s)
    -> I1=3 I2=4 I3=3 I4=4 I5=3 I6=3 I7=4 I8=4 min=3 mean=3.5 max=4 (25.2s)
[32/405] hidden=[48, 48, 48] omega0=15.0 lr=0.0002 epochs=2000 npp=256 seed=137 ...
  Epoch     1/2000  loss=3.2757e-01  lr=2.00e-04  (0.0s)
    -> I1=3 I2=3 I3=3 I4=3 I5=3 I6=3 I7=3 I8=4 min=3 mean=3.1 max=4 (25.1s)
[33/405] hidden=[48, 48, 48] omega0=15.0 lr=0.0002 epochs=2000 npp=256 seed=2024 ...
  Epoch     1/2000  loss=3.4693e-01  lr=2.00e-04  (0.0s)
    -> I1=2 I2=3 I3=3 I4=4 I5=2 I6=3 I7=3 I8=3 min=2 mean=2.9 max=4 (25.3s)
[34/405] hidden=[48, 48, 48] omega0=15.0 lr=0.0002 epochs=2000 npp=256 seed=7 ...
  Epoch     1/2000  loss=3.8664e-01  lr=2.00e-04  (0.0s)
    -> I1=4 I2=3 I3=3 I4=5 I5=2 I6=3 I7=3 I8=4 min=2 mean=3.4 max=5 (25.0s)
[35/405] hidden=[48, 48, 48] omega0=15.0 lr=0.0002 epochs=2000 npp=256 seed=999 ...
  Epoch     1/2000  loss=3.8083e-01  lr=2.00e-04  (0.0s)
    -> I1=3 I2=3 I3=5 I4=5 I5=3 I6=3 I7=3 I8=4 min=3 mean=3.6 max=5 (25.6s)
[36/405] hidden=[48, 48, 48] omega0=15.0 lr=0.0002 epochs=2000 npp=512 seed=42 ...
  Epoch     1/2000  loss=3.5174e-01  lr=2.00e-04  (0.0s)
    -> I1=3 I2=3 I3=3 I4=3 I5=3 I6=3 I7=4 I8=4 min=3 mean=3.2 max=4 (26.1s)
[37/405] hidden=[48, 48, 48] omega0=15.0 lr=0.0002 epochs=2000 npp=512 seed=137 ...
  Epoch     1/2000  loss=3.4413e-01  lr=2.00e-04  (0.0s)
    -> I1=3 I2=4 I3=4 I4=4 I5=3 I6=3 I7=3 I8=3 min=3 mean=3.4 max=4 (25.5s)
[38/405] hidden=[48, 48, 48] omega0=15.0 lr=0.0002 epochs=2000 npp=512 seed=2024 ...
  Epoch     1/2000  loss=3.8109e-01  lr=2.00e-04  (0.0s)
    -> I1=3 I2=3 I3=4 I4=4 I5=3 I6=3 I7=3 I8=4 min=3 mean=3.4 max=4 (25.6s)
[39/405] hidden=[48, 48, 48] omega0=15.0 lr=0.0002 epochs=2000 npp=512 seed=7 ...
  Epoch     1/2000  loss=3.3741e-01  lr=2.00e-04  (0.0s)
    -> I1=3 I2=3 I3=3 I4=3 I5=3 I6=3 I7=3 I8=4 min=3 mean=3.1 max=4 (25.5s)
[40/405] hidden=[48, 48, 48] omega0=15.0 lr=0.0002 epochs=2000 npp=512 seed=999 ...
  Epoch     1/2000  loss=4.1008e-01  lr=2.00e-04  (0.0s)
    -> I1=4 I2=4 I3=3 I4=4 I5=3 I6=4 I7=3 I8=3 min=3 mean=3.5 max=4 (25.8s)
[41/405] hidden=[48, 48, 48] omega0=15.0 lr=0.0002 epochs=2000 npp=1024 seed=42 ...
  Epoch     1/2000  loss=3.5381e-01  lr=2.00e-04  (0.0s)
    -> I1=3 I2=3 I3=3 I4=4 I5=3 I6=3 I7=3 I8=4 min=3 mean=3.2 max=4 (25.6s)
[42/405] hidden=[48, 48, 48] omega0=15.0 lr=0.0002 epochs=2000 npp=1024 seed=137 ...
  Epoch     1/2000  loss=3.7172e-01  lr=2.00e-04  (0.0s)
    -> I1=3 I2=4 I3=4 I4=4 I5=3 I6=3 I7=3 I8=4 min=3 mean=3.5 max=4 (25.6s)
[43/405] hidden=[48, 48, 48] omega0=15.0 lr=0.0002 epochs=2000 npp=1024 seed=2024 ...
  Epoch     1/2000  loss=3.7526e-01  lr=2.00e-04  (0.0s)
    -> I1=3 I2=4 I3=3 I4=4 I5=3 I6=4 I7=4 I8=4 min=3 mean=3.6 max=4 (25.6s)
[44/405] hidden=[48, 48, 48] omega0=15.0 lr=0.0002 epochs=2000 npp=1024 seed=7 ...
  Epoch     1/2000  loss=3.6805e-01  lr=2.00e-04  (0.0s)
    -> I1=3 I2=3 I3=4 I4=4 I5=3 I6=3 I7=4 I8=4 min=3 mean=3.5 max=4 (25.6s)
[45/405] hidden=[48, 48, 48] omega0=15.0 lr=0.0002 epochs=2000 npp=1024 seed=999 ...
  Epoch     1/2000  loss=3.6932e-01  lr=2.00e-04  (0.0s)
    -> I1=3 I2=3 I3=3 I4=4 I5=3 I6=4 I7=3 I8=4 min=3 mean=3.4 max=4 (25.6s)
[46/405] hidden=[48, 48, 48] omega0=15.0 lr=5e-05 epochs=3000 npp=256 seed=42 ...
  Epoch     1/3000  loss=4.2040e-01  lr=5.00e-05  (0.0s)
    -> I1=3 I2=2 I3=3 I4=4 I5=2 I6=2 I7=2 I8=3 min=2 mean=2.6 max=4 (37.5s)
[47/405] hidden=[48, 48, 48] omega0=15.0 lr=5e-05 epochs=3000 npp=256 seed=137 ...
  Epoch     1/3000  loss=3.2757e-01  lr=5.00e-05  (0.0s)
    -> I1=3 I2=2 I3=3 I4=3 I5=2 I6=2 I7=4 I8=3 min=2 mean=2.8 max=4 (38.0s)
[48/405] hidden=[48, 48, 48] omega0=15.0 lr=5e-05 epochs=3000 npp=256 seed=2024 ...
  Epoch     1/3000  loss=3.4693e-01  lr=5.00e-05  (0.0s)
    -> I1=3 I2=2 I3=4 I4=4 I5=3 I6=2 I7=3 I8=3 min=2 mean=3.0 max=4 (37.5s)
[49/405] hidden=[48, 48, 48] omega0=15.0 lr=5e-05 epochs=3000 npp=256 seed=7 ...
  Epoch     1/3000  loss=3.8664e-01  lr=5.00e-05  (0.0s)
    -> I1=3 I2=2 I3=3 I4=3 I5=2 I6=3 I7=3 I8=3 min=2 mean=2.8 max=3 (38.5s)
[50/405] hidden=[48, 48, 48] omega0=15.0 lr=5e-05 epochs=3000 npp=256 seed=999 ...
  Epoch     1/3000  loss=3.8083e-01  lr=5.00e-05  (0.0s)
    -> I1=2 I2=3 I3=3 I4=4 I5=2 I6=2 I7=2 I8=4 min=2 mean=2.8 max=4 (39.0s)
[51/405] hidden=[48, 48, 48] omega0=15.0 lr=5e-05 epochs=3000 npp=512 seed=42 ...
  Epoch     1/3000  loss=3.5174e-01  lr=5.00e-05  (0.0s)
    -> I1=3 I2=3 I3=3 I4=3 I5=3 I6=3 I7=2 I8=5 min=2 mean=3.1 max=5 (38.2s)
[52/405] hidden=[48, 48, 48] omega0=15.0 lr=5e-05 epochs=3000 npp=512 seed=137 ...
  Epoch     1/3000  loss=3.4413e-01  lr=5.00e-05  (0.0s)
    -> I1=3 I2=2 I3=2 I4=3 I5=2 I6=3 I7=3 I8=3 min=2 mean=2.6 max=3 (38.4s)
[53/405] hidden=[48, 48, 48] omega0=15.0 lr=5e-05 epochs=3000 npp=512 seed=2024 ...
  Epoch     1/3000  loss=3.8109e-01  lr=5.00e-05  (0.0s)
    -> I1=3 I2=2 I3=3 I4=4 I5=2 I6=2 I7=3 I8=3 min=2 mean=2.8 max=4 (38.7s)
[54/405] hidden=[48, 48, 48] omega0=15.0 lr=5e-05 epochs=3000 npp=512 seed=7 ...
  Epoch     1/3000  loss=3.3741e-01  lr=5.00e-05  (0.0s)
    -> I1=3 I2=2 I3=4 I4=3 I5=3 I6=2 I7=2 I8=3 min=2 mean=2.8 max=4 (38.4s)
[55/405] hidden=[48, 48, 48] omega0=15.0 lr=5e-05 epochs=3000 npp=512 seed=999 ...
  Epoch     1/3000  loss=4.1008e-01  lr=5.00e-05  (0.0s)
    -> I1=3 I2=4 I3=3 I4=4 I5=2 I6=3 I7=3 I8=4 min=2 mean=3.2 max=4 (38.3s)
[56/405] hidden=[48, 48, 48] omega0=15.0 lr=5e-05 epochs=3000 npp=1024 seed=42 ...
  Epoch     1/3000  loss=3.5381e-01  lr=5.00e-05  (0.0s)
    -> I1=3 I2=3 I3=4 I4=3 I5=3 I6=3 I7=2 I8=4 min=2 mean=3.1 max=4 (39.0s)
[57/405] hidden=[48, 48, 48] omega0=15.0 lr=5e-05 epochs=3000 npp=1024 seed=137 ...
  Epoch     1/3000  loss=3.7172e-01  lr=5.00e-05  (0.0s)
    -> I1=4 I2=2 I3=3 I4=3 I5=5 I6=3 I7=3 I8=3 min=2 mean=3.2 max=5 (38.6s)
[58/405] hidden=[48, 48, 48] omega0=15.0 lr=5e-05 epochs=3000 npp=1024 seed=2024 ...
  Epoch     1/3000  loss=3.7526e-01  lr=5.00e-05  (0.0s)
    -> I1=3 I2=2 I3=3 I4=4 I5=3 I6=2 I7=4 I8=3 min=2 mean=3.0 max=4 (38.6s)
[59/405] hidden=[48, 48, 48] omega0=15.0 lr=5e-05 epochs=3000 npp=1024 seed=7 ...
  Epoch     1/3000  loss=3.6805e-01  lr=5.00e-05  (0.0s)
    -> I1=4 I2=2 I3=4 I4=3 I5=2 I6=2 I7=3 I8=3 min=2 mean=2.9 max=4 (38.7s)
[60/405] hidden=[48, 48, 48] omega0=15.0 lr=5e-05 epochs=3000 npp=1024 seed=999 ...
  Epoch     1/3000  loss=3.6932e-01  lr=5.00e-05  (0.0s)
    -> I1=2 I2=3 I3=4 I4=6 I5=2 I6=3 I7=3 I8=3 min=2 mean=3.2 max=6 (38.7s)
[61/405] hidden=[48, 48, 48] omega0=15.0 lr=0.0001 epochs=3000 npp=256 seed=42 ...
  Epoch     1/3000  loss=4.2040e-01  lr=1.00e-04  (0.0s)
    -> I1=3 I2=3 I3=3 I4=3 I5=3 I6=3 I7=3 I8=4 min=3 mean=3.1 max=4 (37.5s)
[62/405] hidden=[48, 48, 48] omega0=15.0 lr=0.0001 epochs=3000 npp=256 seed=137 ...
  Epoch     1/3000  loss=3.2757e-01  lr=1.00e-04  (0.0s)
    -> I1=3 I2=3 I3=3 I4=3 I5=3 I6=4 I7=3 I8=4 min=3 mean=3.2 max=4 (37.6s)
[63/405] hidden=[48, 48, 48] omega0=15.0 lr=0.0001 epochs=3000 npp=256 seed=2024 ...
  Epoch     1/3000  loss=3.4693e-01  lr=1.00e-04  (0.0s)
    -> I1=3 I2=3 I3=3 I4=4 I5=2 I6=3 I7=3 I8=3 min=2 mean=3.0 max=4 (37.5s)
[64/405] hidden=[48, 48, 48] omega0=15.0 lr=0.0001 epochs=3000 npp=256 seed=7 ...
  Epoch     1/3000  loss=3.8664e-01  lr=1.00e-04  (0.0s)
    -> I1=3 I2=4 I3=3 I4=4 I5=3 I6=4 I7=3 I8=4 min=3 mean=3.5 max=4 (37.6s)
[65/405] hidden=[48, 48, 48] omega0=15.0 lr=0.0001 epochs=3000 npp=256 seed=999 ...
  Epoch     1/3000  loss=3.8083e-01  lr=1.00e-04  (0.0s)
    -> I1=3 I2=3 I3=4 I4=4 I5=4 I6=3 I7=3 I8=3 min=3 mean=3.4 max=4 (37.4s)
[66/405] hidden=[48, 48, 48] omega0=15.0 lr=0.0001 epochs=3000 npp=512 seed=42 ...
  Epoch     1/3000  loss=3.5174e-01  lr=1.00e-04  (0.0s)
    -> I1=3 I2=4 I3=3 I4=4 I5=4 I6=4 I7=3 I8=4 min=3 mean=3.6 max=4 (38.2s)
[67/405] hidden=[48, 48, 48] omega0=15.0 lr=0.0001 epochs=3000 npp=512 seed=137 ...
  Epoch     1/3000  loss=3.4413e-01  lr=1.00e-04  (0.0s)
    -> I1=3 I2=3 I3=3 I4=4 I5=3 I6=3 I7=3 I8=3 min=3 mean=3.1 max=4 (38.3s)
[68/405] hidden=[48, 48, 48] omega0=15.0 lr=0.0001 epochs=3000 npp=512 seed=2024 ...
  Epoch     1/3000  loss=3.8109e-01  lr=1.00e-04  (0.0s)
    -> I1=3 I2=3 I3=3 I4=4 I5=3 I6=3 I7=3 I8=3 min=3 mean=3.1 max=4 (38.3s)
[69/405] hidden=[48, 48, 48] omega0=15.0 lr=0.0001 epochs=3000 npp=512 seed=7 ...
  Epoch     1/3000  loss=3.3741e-01  lr=1.00e-04  (0.0s)
    -> I1=2 I2=4 I3=4 I4=4 I5=3 I6=3 I7=3 I8=4 min=2 mean=3.4 max=4 (38.6s)
[70/405] hidden=[48, 48, 48] omega0=15.0 lr=0.0001 epochs=3000 npp=512 seed=999 ...
  Epoch     1/3000  loss=4.1008e-01  lr=1.00e-04  (0.0s)
    -> I1=2 I2=3 I3=3 I4=4 I5=3 I6=3 I7=3 I8=4 min=2 mean=3.1 max=4 (38.4s)
[71/405] hidden=[48, 48, 48] omega0=15.0 lr=0.0001 epochs=3000 npp=1024 seed=42 ...
  Epoch     1/3000  loss=3.5381e-01  lr=1.00e-04  (0.0s)
    -> I1=3 I2=4 I3=3 I4=4 I5=3 I6=3 I7=3 I8=3 min=3 mean=3.2 max=4 (38.7s)
[72/405] hidden=[48, 48, 48] omega0=15.0 lr=0.0001 epochs=3000 npp=1024 seed=137 ...
  Epoch     1/3000  loss=3.7172e-01  lr=1.00e-04  (0.0s)
    -> I1=3 I2=4 I3=3 I4=4 I5=3 I6=3 I7=4 I8=4 min=3 mean=3.5 max=4 (38.6s)
[73/405] hidden=[48, 48, 48] omega0=15.0 lr=0.0001 epochs=3000 npp=1024 seed=2024 ...
  Epoch     1/3000  loss=3.7526e-01  lr=1.00e-04  (0.0s)
    -> I1=3 I2=3 I3=3 I4=4 I5=3 I6=3 I7=4 I8=4 min=3 mean=3.4 max=4 (38.8s)
[74/405] hidden=[48, 48, 48] omega0=15.0 lr=0.0001 epochs=3000 npp=1024 seed=7 ...
  Epoch     1/3000  loss=3.6805e-01  lr=1.00e-04  (0.0s)
    -> I1=2 I2=3 I3=3 I4=4 I5=3 I6=3 I7=3 I8=4 min=2 mean=3.1 max=4 (38.7s)
[75/405] hidden=[48, 48, 48] omega0=15.0 lr=0.0001 epochs=3000 npp=1024 seed=999 ...
  Epoch     1/3000  loss=3.6932e-01  lr=1.00e-04  (0.0s)
    -> I1=4 I2=3 I3=3 I4=4 I5=3 I6=5 I7=3 I8=4 min=3 mean=3.6 max=5 (38.7s)
[76/405] hidden=[48, 48, 48] omega0=15.0 lr=0.0002 epochs=3000 npp=256 seed=42 ...
  Epoch     1/3000  loss=4.2040e-01  lr=2.00e-04  (0.0s)
    -> I1=2 I2=3 I3=3 I4=4 I5=3 I6=3 I7=3 I8=4 min=2 mean=3.1 max=4 (37.8s)
[77/405] hidden=[48, 48, 48] omega0=15.0 lr=0.0002 epochs=3000 npp=256 seed=137 ...
  Epoch     1/3000  loss=3.2757e-01  lr=2.00e-04  (0.0s)
    -> I1=3 I2=3 I3=4 I4=6 I5=4 I6=3 I7=4 I8=4 min=3 mean=3.9 max=6 (37.7s)
[78/405] hidden=[48, 48, 48] omega0=15.0 lr=0.0002 epochs=3000 npp=256 seed=2024 ...
  Epoch     1/3000  loss=3.4693e-01  lr=2.00e-04  (0.0s)
    -> I1=4 I2=4 I3=3 I4=5 I5=3 I6=4 I7=3 I8=4 min=3 mean=3.8 max=5 (37.7s)
[79/405] hidden=[48, 48, 48] omega0=15.0 lr=0.0002 epochs=3000 npp=256 seed=7 ...
  Epoch     1/3000  loss=3.8664e-01  lr=2.00e-04  (0.0s)
    -> I1=3 I2=3 I3=4 I4=4 I5=3 I6=3 I7=3 I8=4 min=3 mean=3.4 max=4 (37.6s)
[80/405] hidden=[48, 48, 48] omega0=15.0 lr=0.0002 epochs=3000 npp=256 seed=999 ...
  Epoch     1/3000  loss=3.8083e-01  lr=2.00e-04  (0.0s)
    -> I1=3 I2=3 I3=4 I4=4 I5=3 I6=4 I7=4 I8=4 min=3 mean=3.6 max=4 (37.5s)
[81/405] hidden=[48, 48, 48] omega0=15.0 lr=0.0002 epochs=3000 npp=512 seed=42 ...
  Epoch     1/3000  loss=3.5174e-01  lr=2.00e-04  (0.0s)
    -> I1=3 I2=4 I3=4 I4=4 I5=3 I6=3 I7=4 I8=4 min=3 mean=3.6 max=4 (38.3s)
[82/405] hidden=[48, 48, 48] omega0=15.0 lr=0.0002 epochs=3000 npp=512 seed=137 ...
  Epoch     1/3000  loss=3.4413e-01  lr=2.00e-04  (0.0s)
    -> I1=3 I2=3 I3=3 I4=4 I5=3 I6=3 I7=3 I8=3 min=3 mean=3.1 max=4 (38.7s)
[83/405] hidden=[48, 48, 48] omega0=15.0 lr=0.0002 epochs=3000 npp=512 seed=2024 ...
  Epoch     1/3000  loss=3.8109e-01  lr=2.00e-04  (0.0s)
    -> I1=3 I2=4 I3=4 I4=5 I5=3 I6=3 I7=3 I8=4 min=3 mean=3.6 max=5 (38.4s)
[84/405] hidden=[48, 48, 48] omega0=15.0 lr=0.0002 epochs=3000 npp=512 seed=7 ...
  Epoch     1/3000  loss=3.3741e-01  lr=2.00e-04  (0.0s)
    -> I1=3 I2=3 I3=5 I4=4 I5=3 I6=3 I7=3 I8=4 min=3 mean=3.5 max=5 (38.3s)
[85/405] hidden=[48, 48, 48] omega0=15.0 lr=0.0002 epochs=3000 npp=512 seed=999 ...
  Epoch     1/3000  loss=4.1008e-01  lr=2.00e-04  (0.0s)
    -> I1=3 I2=3 I3=4 I4=4 I5=3 I6=3 I7=3 I8=4 min=3 mean=3.4 max=4 (38.5s)
[86/405] hidden=[48, 48, 48] omega0=15.0 lr=0.0002 epochs=3000 npp=1024 seed=42 ...
  Epoch     1/3000  loss=3.5381e-01  lr=2.00e-04  (0.0s)
    -> I1=4 I2=3 I3=4 I4=4 I5=3 I6=3 I7=3 I8=6 min=3 mean=3.8 max=6 (38.8s)
[87/405] hidden=[48, 48, 48] omega0=15.0 lr=0.0002 epochs=3000 npp=1024 seed=137 ...
  Epoch     1/3000  loss=3.7172e-01  lr=2.00e-04  (0.0s)
    -> I1=3 I2=3 I3=3 I4=4 I5=3 I6=3 I7=3 I8=4 min=3 mean=3.2 max=4 (38.4s)
[88/405] hidden=[48, 48, 48] omega0=15.0 lr=0.0002 epochs=3000 npp=1024 seed=2024 ...
  Epoch     1/3000  loss=3.7526e-01  lr=2.00e-04  (0.0s)
    -> I1=3 I2=4 I3=4 I4=5 I5=3 I6=4 I7=3 I8=4 min=3 mean=3.8 max=5 (38.7s)
[89/405] hidden=[48, 48, 48] omega0=15.0 lr=0.0002 epochs=3000 npp=1024 seed=7 ...
  Epoch     1/3000  loss=3.6805e-01  lr=2.00e-04  (0.0s)
    -> I1=4 I2=3 I3=4 I4=4 I5=3 I6=3 I7=4 I8=4 min=3 mean=3.6 max=4 (38.7s)
[90/405] hidden=[48, 48, 48] omega0=15.0 lr=0.0002 epochs=3000 npp=1024 seed=999 ...
  Epoch     1/3000  loss=3.6932e-01  lr=2.00e-04  (0.0s)
    -> I1=3 I2=3 I3=4 I4=4 I5=3 I6=4 I7=3 I8=4 min=3 mean=3.5 max=4 (38.8s)
[91/405] hidden=[48, 48, 48] omega0=15.0 lr=5e-05 epochs=4000 npp=256 seed=42 ...
  Epoch     1/4000  loss=4.2040e-01  lr=5.00e-05  (0.0s)
    -> I1=3 I2=3 I3=4 I4=4 I5=3 I6=3 I7=3 I8=3 min=3 mean=3.2 max=4 (50.1s)
[92/405] hidden=[48, 48, 48] omega0=15.0 lr=5e-05 epochs=4000 npp=256 seed=137 ...
  Epoch     1/4000  loss=3.2757e-01  lr=5.00e-05  (0.0s)
    -> I1=3 I2=3 I3=3 I4=3 I5=2 I6=3 I7=3 I8=3 min=2 mean=2.9 max=3 (50.2s)
[93/405] hidden=[48, 48, 48] omega0=15.0 lr=5e-05 epochs=4000 npp=256 seed=2024 ...
  Epoch     1/4000  loss=3.4693e-01  lr=5.00e-05  (0.0s)
    -> I1=4 I2=3 I3=3 I4=4 I5=3 I6=3 I7=3 I8=3 min=3 mean=3.2 max=4 (49.9s)
[94/405] hidden=[48, 48, 48] omega0=15.0 lr=5e-05 epochs=4000 npp=256 seed=7 ...
  Epoch     1/4000  loss=3.8664e-01  lr=5.00e-05  (0.0s)
    -> I1=3 I2=3 I3=3 I4=3 I5=2 I6=4 I7=4 I8=3 min=2 mean=3.1 max=4 (50.1s)
[95/405] hidden=[48, 48, 48] omega0=15.0 lr=5e-05 epochs=4000 npp=256 seed=999 ...
  Epoch     1/4000  loss=3.8083e-01  lr=5.00e-05  (0.0s)
    -> I1=4 I2=3 I3=3 I4=5 I5=3 I6=3 I7=3 I8=4 min=3 mean=3.5 max=5 (49.9s)
[96/405] hidden=[48, 48, 48] omega0=15.0 lr=5e-05 epochs=4000 npp=512 seed=42 ...
  Epoch     1/4000  loss=3.5174e-01  lr=5.00e-05  (0.0s)
    -> I1=3 I2=3 I3=3 I4=4 I5=3 I6=3 I7=2 I8=4 min=2 mean=3.1 max=4 (51.5s)
[97/405] hidden=[48, 48, 48] omega0=15.0 lr=5e-05 epochs=4000 npp=512 seed=137 ...
  Epoch     1/4000  loss=3.4413e-01  lr=5.00e-05  (0.0s)
    -> I1=3 I2=3 I3=3 I4=3 I5=3 I6=3 I7=3 I8=3 min=3 mean=3.0 max=3 (51.1s)
[98/405] hidden=[48, 48, 48] omega0=15.0 lr=5e-05 epochs=4000 npp=512 seed=2024 ...
  Epoch     1/4000  loss=3.8109e-01  lr=5.00e-05  (0.0s)
    -> I1=3 I2=3 I3=3 I4=4 I5=2 I6=3 I7=3 I8=3 min=2 mean=3.0 max=4 (51.5s)
[99/405] hidden=[48, 48, 48] omega0=15.0 lr=5e-05 epochs=4000 npp=512 seed=7 ...
  Epoch     1/4000  loss=3.3741e-01  lr=5.00e-05  (0.0s)
    -> I1=3 I2=2 I3=3 I4=3 I5=4 I6=3 I7=2 I8=3 min=2 mean=2.9 max=4 (51.5s)
[100/405] hidden=[48, 48, 48] omega0=15.0 lr=5e-05 epochs=4000 npp=512 seed=999 ...
  Epoch     1/4000  loss=4.1008e-01  lr=5.00e-05  (0.0s)
    -> I1=3 I2=3 I3=3 I4=4 I5=2 I6=3 I7=3 I8=4 min=2 mean=3.1 max=4 (51.5s)
[101/405] hidden=[48, 48, 48] omega0=15.0 lr=5e-05 epochs=4000 npp=1024 seed=42 ...
  Epoch     1/4000  loss=3.5381e-01  lr=5.00e-05  (0.0s)
    -> I1=3 I2=4 I3=3 I4=3 I5=3 I6=4 I7=3 I8=4 min=3 mean=3.4 max=4 (51.4s)
[102/405] hidden=[48, 48, 48] omega0=15.0 lr=5e-05 epochs=4000 npp=1024 seed=137 ...
  Epoch     1/4000  loss=3.7172e-01  lr=5.00e-05  (0.0s)
    -> I1=3 I2=3 I3=3 I4=3 I5=3 I6=3 I7=4 I8=3 min=3 mean=3.1 max=4 (51.6s)
[103/405] hidden=[48, 48, 48] omega0=15.0 lr=5e-05 epochs=4000 npp=1024 seed=2024 ...
  Epoch     1/4000  loss=3.7526e-01  lr=5.00e-05  (0.0s)
    -> I1=3 I2=3 I3=4 I4=4 I5=3 I6=3 I7=3 I8=3 min=3 mean=3.2 max=4 (51.5s)
[104/405] hidden=[48, 48, 48] omega0=15.0 lr=5e-05 epochs=4000 npp=1024 seed=7 ...
  Epoch     1/4000  loss=3.6805e-01  lr=5.00e-05  (0.0s)
    -> I1=3 I2=3 I3=3 I4=3 I5=2 I6=3 I7=3 I8=4 min=2 mean=3.0 max=4 (51.3s)
[105/405] hidden=[48, 48, 48] omega0=15.0 lr=5e-05 epochs=4000 npp=1024 seed=999 ...
  Epoch     1/4000  loss=3.6932e-01  lr=5.00e-05  (0.0s)
    -> I1=3 I2=3 I3=4 I4=4 I5=2 I6=4 I7=3 I8=4 min=2 mean=3.4 max=4 (51.7s)
[106/405] hidden=[48, 48, 48] omega0=15.0 lr=0.0001 epochs=4000 npp=256 seed=42 ...
  Epoch     1/4000  loss=4.2040e-01  lr=1.00e-04  (0.0s)
    -> I1=3 I2=4 I3=3 I4=4 I5=4 I6=3 I7=3 I8=4 min=3 mean=3.5 max=4 (49.8s)
[107/405] hidden=[48, 48, 48] omega0=15.0 lr=0.0001 epochs=4000 npp=256 seed=137 ...
  Epoch     1/4000  loss=3.2757e-01  lr=1.00e-04  (0.0s)
    -> I1=4 I2=3 I3=3 I4=3 I5=4 I6=4 I7=4 I8=4 min=3 mean=3.6 max=4 (50.0s)
[108/405] hidden=[48, 48, 48] omega0=15.0 lr=0.0001 epochs=4000 npp=256 seed=2024 ...
  Epoch     1/4000  loss=3.4693e-01  lr=1.00e-04  (0.0s)
    -> I1=2 I2=4 I3=4 I4=5 I5=3 I6=3 I7=3 I8=3 min=2 mean=3.4 max=5 (50.0s)
[109/405] hidden=[48, 48, 48] omega0=15.0 lr=0.0001 epochs=4000 npp=256 seed=7 ...
  Epoch     1/4000  loss=3.8664e-01  lr=1.00e-04  (0.0s)
    -> I1=3 I2=4 I3=3 I4=4 I5=3 I6=3 I7=3 I8=4 min=3 mean=3.4 max=4 (49.9s)
[110/405] hidden=[48, 48, 48] omega0=15.0 lr=0.0001 epochs=4000 npp=256 seed=999 ...
  Epoch     1/4000  loss=3.8083e-01  lr=1.00e-04  (0.0s)
    -> I1=3 I2=3 I3=3 I4=4 I5=4 I6=4 I7=3 I8=3 min=3 mean=3.4 max=4 (50.2s)
[111/405] hidden=[48, 48, 48] omega0=15.0 lr=0.0001 epochs=4000 npp=512 seed=42 ...
  Epoch     1/4000  loss=3.5174e-01  lr=1.00e-04  (0.0s)
    -> I1=3 I2=4 I3=3 I4=4 I5=4 I6=4 I7=3 I8=4 min=3 mean=3.6 max=4 (51.4s)
[112/405] hidden=[48, 48, 48] omega0=15.0 lr=0.0001 epochs=4000 npp=512 seed=137 ...
  Epoch     1/4000  loss=3.4413e-01  lr=1.00e-04  (0.0s)
    -> I1=3 I2=6 I3=4 I4=4 I5=3 I6=3 I7=4 I8=3 min=3 mean=3.8 max=6 (51.4s)
[113/405] hidden=[48, 48, 48] omega0=15.0 lr=0.0001 epochs=4000 npp=512 seed=2024 ...
  Epoch     1/4000  loss=3.8109e-01  lr=1.00e-04  (0.0s)
    -> I1=3 I2=3 I3=3 I4=4 I5=3 I6=5 I7=4 I8=3 min=3 mean=3.5 max=5 (51.1s)
[114/405] hidden=[48, 48, 48] omega0=15.0 lr=0.0001 epochs=4000 npp=512 seed=7 ...
  Epoch     1/4000  loss=3.3741e-01  lr=1.00e-04  (0.0s)
    -> I1=3 I2=4 I3=5 I4=5 I5=3 I6=3 I7=3 I8=4 min=3 mean=3.8 max=5 (51.4s)
[115/405] hidden=[48, 48, 48] omega0=15.0 lr=0.0001 epochs=4000 npp=512 seed=999 ...
  Epoch     1/4000  loss=4.1008e-01  lr=1.00e-04  (0.0s)
    -> I1=3 I2=3 I3=3 I4=6 I5=3 I6=3 I7=3 I8=4 min=3 mean=3.5 max=6 (51.5s)
[116/405] hidden=[48, 48, 48] omega0=15.0 lr=0.0001 epochs=4000 npp=1024 seed=42 ...
  Epoch     1/4000  loss=3.5381e-01  lr=1.00e-04  (0.0s)
    -> I1=3 I2=3 I3=3 I4=4 I5=3 I6=3 I7=4 I8=4 min=3 mean=3.4 max=4 (51.4s)
[117/405] hidden=[48, 48, 48] omega0=15.0 lr=0.0001 epochs=4000 npp=1024 seed=137 ...
  Epoch     1/4000  loss=3.7172e-01  lr=1.00e-04  (0.0s)
    -> I1=3 I2=4 I3=3 I4=4 I5=3 I6=3 I7=3 I8=4 min=3 mean=3.4 max=4 (51.4s)
[118/405] hidden=[48, 48, 48] omega0=15.0 lr=0.0001 epochs=4000 npp=1024 seed=2024 ...
  Epoch     1/4000  loss=3.7526e-01  lr=1.00e-04  (0.0s)
    -> I1=3 I2=3 I3=3 I4=4 I5=3 I6=3 I7=3 I8=4 min=3 mean=3.2 max=4 (51.5s)
[119/405] hidden=[48, 48, 48] omega0=15.0 lr=0.0001 epochs=4000 npp=1024 seed=7 ...
  Epoch     1/4000  loss=3.6805e-01  lr=1.00e-04  (0.0s)
    -> I1=3 I2=3 I3=3 I4=4 I5=4 I6=4 I7=3 I8=5 min=3 mean=3.6 max=5 (51.4s)
[120/405] hidden=[48, 48, 48] omega0=15.0 lr=0.0001 epochs=4000 npp=1024 seed=999 ...
  Epoch     1/4000  loss=3.6932e-01  lr=1.00e-04  (0.0s)
    -> I1=3 I2=3 I3=4 I4=4 I5=3 I6=4 I7=3 I8=4 min=3 mean=3.5 max=4 (51.4s)
[121/405] hidden=[48, 48, 48] omega0=15.0 lr=0.0002 epochs=4000 npp=256 seed=42 ...
  Epoch     1/4000  loss=4.2040e-01  lr=2.00e-04  (0.0s)
    -> I1=3 I2=3 I3=4 I4=4 I5=3 I6=3 I7=3 I8=4 min=3 mean=3.4 max=4 (50.3s)
[122/405] hidden=[48, 48, 48] omega0=15.0 lr=0.0002 epochs=4000 npp=256 seed=137 ...
  Epoch     1/4000  loss=3.2757e-01  lr=2.00e-04  (0.0s)
    -> I1=3 I2=3 I3=3 I4=4 I5=3 I6=3 I7=3 I8=4 min=3 mean=3.2 max=4 (50.3s)
[123/405] hidden=[48, 48, 48] omega0=15.0 lr=0.0002 epochs=4000 npp=256 seed=2024 ...
  Epoch     1/4000  loss=3.4693e-01  lr=2.00e-04  (0.0s)
    -> I1=3 I2=3 I3=4 I4=4 I5=3 I6=3 I7=4 I8=3 min=3 mean=3.4 max=4 (50.2s)
[124/405] hidden=[48, 48, 48] omega0=15.0 lr=0.0002 epochs=4000 npp=256 seed=7 ...
  Epoch     1/4000  loss=3.8664e-01  lr=2.00e-04  (0.0s)
    -> I1=3 I2=4 I3=4 I4=4 I5=3 I6=4 I7=3 I8=4 min=3 mean=3.6 max=4 (50.3s)
[125/405] hidden=[48, 48, 48] omega0=15.0 lr=0.0002 epochs=4000 npp=256 seed=999 ...
  Epoch     1/4000  loss=3.8083e-01  lr=2.00e-04  (0.0s)
    -> I1=3 I2=3 I3=5 I4=4 I5=3 I6=4 I7=5 I8=4 min=3 mean=3.9 max=5 (50.2s)
[126/405] hidden=[48, 48, 48] omega0=15.0 lr=0.0002 epochs=4000 npp=512 seed=42 ...
  Epoch     1/4000  loss=3.5174e-01  lr=2.00e-04  (0.0s)
    -> I1=4 I2=4 I3=3 I4=4 I5=3 I6=3 I7=3 I8=4 min=3 mean=3.5 max=4 (51.3s)
[127/405] hidden=[48, 48, 48] omega0=15.0 lr=0.0002 epochs=4000 npp=512 seed=137 ...
  Epoch     1/4000  loss=3.4413e-01  lr=2.00e-04  (0.0s)
    -> I1=3 I2=3 I3=3 I4=4 I5=3 I6=3 I7=3 I8=3 min=3 mean=3.1 max=4 (51.7s)
[128/405] hidden=[48, 48, 48] omega0=15.0 lr=0.0002 epochs=4000 npp=512 seed=2024 ...
  Epoch     1/4000  loss=3.8109e-01  lr=2.00e-04  (0.0s)
    -> I1=3 I2=4 I3=4 I4=4 I5=3 I6=4 I7=4 I8=5 min=3 mean=3.9 max=5 (51.2s)
[129/405] hidden=[48, 48, 48] omega0=15.0 lr=0.0002 epochs=4000 npp=512 seed=7 ...
  Epoch     1/4000  loss=3.3741e-01  lr=2.00e-04  (0.0s)
    -> I1=3 I2=3 I3=4 I4=4 I5=3 I6=4 I7=4 I8=4 min=3 mean=3.6 max=4 (51.2s)
[130/405] hidden=[48, 48, 48] omega0=15.0 lr=0.0002 epochs=4000 npp=512 seed=999 ...
  Epoch     1/4000  loss=4.1008e-01  lr=2.00e-04  (0.0s)
    -> I1=4 I2=4 I3=4 I4=5 I5=3 I6=4 I7=3 I8=4 min=3 mean=3.9 max=5 (51.3s)
[131/405] hidden=[48, 48, 48] omega0=15.0 lr=0.0002 epochs=4000 npp=1024 seed=42 ...
  Epoch     1/4000  loss=3.5381e-01  lr=2.00e-04  (0.0s)
    -> I1=4 I2=4 I3=3 I4=4 I5=3 I6=5 I7=4 I8=4 min=3 mean=3.9 max=5 (51.4s)
[132/405] hidden=[48, 48, 48] omega0=15.0 lr=0.0002 epochs=4000 npp=1024 seed=137 ...
  Epoch     1/4000  loss=3.7172e-01  lr=2.00e-04  (0.0s)
    -> I1=3 I2=4 I3=4 I4=4 I5=3 I6=3 I7=3 I8=4 min=3 mean=3.5 max=4 (51.5s)
[133/405] hidden=[48, 48, 48] omega0=15.0 lr=0.0002 epochs=4000 npp=1024 seed=2024 ...
  Epoch     1/4000  loss=3.7526e-01  lr=2.00e-04  (0.0s)
    -> I1=4 I2=4 I3=4 I4=4 I5=3 I6=4 I7=3 I8=4 min=3 mean=3.8 max=4 (51.6s)
[134/405] hidden=[48, 48, 48] omega0=15.0 lr=0.0002 epochs=4000 npp=1024 seed=7 ...
  Epoch     1/4000  loss=3.6805e-01  lr=2.00e-04  (0.0s)
    -> I1=3 I2=4 I3=4 I4=4 I5=3 I6=4 I7=4 I8=4 min=3 mean=3.8 max=4 (51.5s)
[135/405] hidden=[48, 48, 48] omega0=15.0 lr=0.0002 epochs=4000 npp=1024 seed=999 ...
  Epoch     1/4000  loss=3.6932e-01  lr=2.00e-04  (0.0s)
    -> I1=3 I2=3 I3=4 I4=4 I5=3 I6=3 I7=3 I8=5 min=3 mean=3.5 max=5 (51.4s)
[136/405] hidden=[48, 48, 48] omega0=20.0 lr=5e-05 epochs=2000 npp=256 seed=42 ...
  Epoch     1/2000  loss=4.2040e-01  lr=5.00e-05  (0.0s)
    -> I1=2 I2=2 I3=3 I4=4 I5=2 I6=2 I7=4 I8=3 min=2 mean=2.8 max=4 (25.1s)
[137/405] hidden=[48, 48, 48] omega0=20.0 lr=5e-05 epochs=2000 npp=256 seed=137 ...
  Epoch     1/2000  loss=3.2757e-01  lr=5.00e-05  (0.0s)
    -> I1=3 I2=2 I3=3 I4=3 I5=2 I6=2 I7=2 I8=6 min=2 mean=2.9 max=6 (25.0s)
[138/405] hidden=[48, 48, 48] omega0=20.0 lr=5e-05 epochs=2000 npp=256 seed=2024 ...
  Epoch     1/2000  loss=3.4693e-01  lr=5.00e-05  (0.0s)
    -> I1=2 I2=1 I3=2 I4=2 I5=2 I6=2 I7=2 I8=3 min=1 mean=2.0 max=3 (25.2s)
[139/405] hidden=[48, 48, 48] omega0=20.0 lr=5e-05 epochs=2000 npp=256 seed=7 ...
  Epoch     1/2000  loss=3.8664e-01  lr=5.00e-05  (0.0s)
    -> I1=2 I2=2 I3=3 I4=3 I5=2 I6=2 I7=3 I8=3 min=2 mean=2.5 max=3 (25.0s)
[140/405] hidden=[48, 48, 48] omega0=20.0 lr=5e-05 epochs=2000 npp=256 seed=999 ...
  Epoch     1/2000  loss=3.8083e-01  lr=5.00e-05  (0.0s)
    -> I1=2 I2=2 I3=2 I4=3 I5=3 I6=2 I7=3 I8=4 min=2 mean=2.6 max=4 (25.3s)
[141/405] hidden=[48, 48, 48] omega0=20.0 lr=5e-05 epochs=2000 npp=512 seed=42 ...
  Epoch     1/2000  loss=3.5174e-01  lr=5.00e-05  (0.0s)
    -> I1=2 I2=2 I3=3 I4=3 I5=3 I6=2 I7=3 I8=3 min=2 mean=2.6 max=3 (25.8s)
[142/405] hidden=[48, 48, 48] omega0=20.0 lr=5e-05 epochs=2000 npp=512 seed=137 ...
  Epoch     1/2000  loss=3.4413e-01  lr=5.00e-05  (0.0s)
    -> I1=2 I2=2 I3=3 I4=3 I5=2 I6=2 I7=2 I8=3 min=2 mean=2.4 max=3 (25.8s)
[143/405] hidden=[48, 48, 48] omega0=20.0 lr=5e-05 epochs=2000 npp=512 seed=2024 ...
  Epoch     1/2000  loss=3.8109e-01  lr=5.00e-05  (0.0s)
    -> I1=2 I2=2 I3=2 I4=3 I5=2 I6=2 I7=2 I8=2 min=2 mean=2.1 max=3 (25.7s)
[144/405] hidden=[48, 48, 48] omega0=20.0 lr=5e-05 epochs=2000 npp=512 seed=7 ...
  Epoch     1/2000  loss=3.3741e-01  lr=5.00e-05  (0.0s)
    -> I1=2 I2=2 I3=3 I4=3 I5=2 I6=2 I7=3 I8=3 min=2 mean=2.5 max=3 (25.6s)
[145/405] hidden=[48, 48, 48] omega0=20.0 lr=5e-05 epochs=2000 npp=512 seed=999 ...
  Epoch     1/2000  loss=4.1008e-01  lr=5.00e-05  (0.0s)
    -> I1=2 I2=2 I3=3 I4=4 I5=2 I6=2 I7=3 I8=3 min=2 mean=2.6 max=4 (25.7s)
[146/405] hidden=[48, 48, 48] omega0=20.0 lr=5e-05 epochs=2000 npp=1024 seed=42 ...
  Epoch     1/2000  loss=3.5381e-01  lr=5.00e-05  (0.0s)
    -> I1=3 I2=2 I3=3 I4=3 I5=2 I6=2 I7=3 I8=3 min=2 mean=2.6 max=3 (26.0s)
[147/405] hidden=[48, 48, 48] omega0=20.0 lr=5e-05 epochs=2000 npp=1024 seed=137 ...
  Epoch     1/2000  loss=3.7172e-01  lr=5.00e-05  (0.0s)
    -> I1=3 I2=2 I3=5 I4=3 I5=2 I6=2 I7=3 I8=4 min=2 mean=3.0 max=5 (26.0s)
[148/405] hidden=[48, 48, 48] omega0=20.0 lr=5e-05 epochs=2000 npp=1024 seed=2024 ...
  Epoch     1/2000  loss=3.7526e-01  lr=5.00e-05  (0.0s)
    -> I1=3 I2=2 I3=2 I4=3 I5=4 I6=2 I7=2 I8=3 min=2 mean=2.6 max=4 (26.0s)
[149/405] hidden=[48, 48, 48] omega0=20.0 lr=5e-05 epochs=2000 npp=1024 seed=7 ...
  Epoch     1/2000  loss=3.6805e-01  lr=5.00e-05  (0.0s)
    -> I1=3 I2=2 I3=4 I4=3 I5=2 I6=2 I7=3 I8=3 min=2 mean=2.8 max=4 (25.7s)
[150/405] hidden=[48, 48, 48] omega0=20.0 lr=5e-05 epochs=2000 npp=1024 seed=999 ...
  Epoch     1/2000  loss=3.6932e-01  lr=5.00e-05  (0.0s)
    -> I1=2 I2=2 I3=4 I4=3 I5=2 I6=2 I7=2 I8=4 min=2 mean=2.6 max=4 (25.8s)
[151/405] hidden=[48, 48, 48] omega0=20.0 lr=0.0001 epochs=2000 npp=256 seed=42 ...
  Epoch     1/2000  loss=4.2040e-01  lr=1.00e-04  (0.0s)
    -> I1=3 I2=2 I3=3 I4=3 I5=2 I6=3 I7=4 I8=3 min=2 mean=2.9 max=4 (25.2s)
[152/405] hidden=[48, 48, 48] omega0=20.0 lr=0.0001 epochs=2000 npp=256 seed=137 ...
  Epoch     1/2000  loss=3.2757e-01  lr=1.00e-04  (0.0s)
    -> I1=3 I2=3 I3=3 I4=4 I5=3 I6=3 I7=3 I8=3 min=3 mean=3.1 max=4 (25.2s)
[153/405] hidden=[48, 48, 48] omega0=20.0 lr=0.0001 epochs=2000 npp=256 seed=2024 ...
  Epoch     1/2000  loss=3.4693e-01  lr=1.00e-04  (0.0s)
    -> I1=3 I2=2 I3=3 I4=4 I5=3 I6=2 I7=3 I8=3 min=2 mean=2.9 max=4 (25.5s)
[154/405] hidden=[48, 48, 48] omega0=20.0 lr=0.0001 epochs=2000 npp=256 seed=7 ...
  Epoch     1/2000  loss=3.8664e-01  lr=1.00e-04  (0.0s)
    -> I1=2 I2=3 I3=3 I4=3 I5=3 I6=3 I7=4 I8=3 min=2 mean=3.0 max=4 (25.3s)
[155/405] hidden=[48, 48, 48] omega0=20.0 lr=0.0001 epochs=2000 npp=256 seed=999 ...
  Epoch     1/2000  loss=3.8083e-01  lr=1.00e-04  (0.0s)
    -> I1=4 I2=3 I3=2 I4=4 I5=3 I6=3 I7=3 I8=3 min=2 mean=3.1 max=4 (25.0s)
[156/405] hidden=[48, 48, 48] omega0=20.0 lr=0.0001 epochs=2000 npp=512 seed=42 ...
  Epoch     1/2000  loss=3.5174e-01  lr=1.00e-04  (0.0s)
    -> I1=3 I2=2 I3=3 I4=3 I5=2 I6=4 I7=5 I8=4 min=2 mean=3.2 max=5 (25.9s)
[157/405] hidden=[48, 48, 48] omega0=20.0 lr=0.0001 epochs=2000 npp=512 seed=137 ...
  Epoch     1/2000  loss=3.4413e-01  lr=1.00e-04  (0.0s)
    -> I1=3 I2=3 I3=4 I4=4 I5=2 I6=3 I7=3 I8=4 min=2 mean=3.2 max=4 (25.8s)
[158/405] hidden=[48, 48, 48] omega0=20.0 lr=0.0001 epochs=2000 npp=512 seed=2024 ...
  Epoch     1/2000  loss=3.8109e-01  lr=1.00e-04  (0.0s)
    -> I1=2 I2=3 I3=3 I4=3 I5=3 I6=2 I7=3 I8=3 min=2 mean=2.8 max=3 (25.6s)
[159/405] hidden=[48, 48, 48] omega0=20.0 lr=0.0001 epochs=2000 npp=512 seed=7 ...
  Epoch     1/2000  loss=3.3741e-01  lr=1.00e-04  (0.0s)
    -> I1=3 I2=3 I3=3 I4=3 I5=2 I6=3 I7=4 I8=3 min=2 mean=3.0 max=4 (25.6s)
[160/405] hidden=[48, 48, 48] omega0=20.0 lr=0.0001 epochs=2000 npp=512 seed=999 ...
  Epoch     1/2000  loss=4.1008e-01  lr=1.00e-04  (0.0s)
    -> I1=4 I2=3 I3=3 I4=3 I5=2 I6=2 I7=3 I8=3 min=2 mean=2.9 max=4 (25.7s)
[161/405] hidden=[48, 48, 48] omega0=20.0 lr=0.0001 epochs=2000 npp=1024 seed=42 ...
  Epoch     1/2000  loss=3.5381e-01  lr=1.00e-04  (0.0s)
    -> I1=4 I2=3 I3=4 I4=4 I5=3 I6=3 I7=3 I8=4 min=3 mean=3.5 max=4 (25.6s)
[162/405] hidden=[48, 48, 48] omega0=20.0 lr=0.0001 epochs=2000 npp=1024 seed=137 ...
  Epoch     1/2000  loss=3.7172e-01  lr=1.00e-04  (0.0s)
    -> I1=3 I2=3 I3=3 I4=4 I5=2 I6=4 I7=5 I8=4 min=2 mean=3.5 max=5 (25.8s)
[163/405] hidden=[48, 48, 48] omega0=20.0 lr=0.0001 epochs=2000 npp=1024 seed=2024 ...
  Epoch     1/2000  loss=3.7526e-01  lr=1.00e-04  (0.0s)
    -> I1=3 I2=3 I3=3 I4=3 I5=3 I6=2 I7=4 I8=3 min=2 mean=3.0 max=4 (25.5s)
[164/405] hidden=[48, 48, 48] omega0=20.0 lr=0.0001 epochs=2000 npp=1024 seed=7 ...
  Epoch     1/2000  loss=3.6805e-01  lr=1.00e-04  (0.0s)
    -> I1=4 I2=3 I3=3 I4=5 I5=3 I6=3 I7=3 I8=4 min=3 mean=3.5 max=5 (25.7s)
[165/405] hidden=[48, 48, 48] omega0=20.0 lr=0.0001 epochs=2000 npp=1024 seed=999 ...
  Epoch     1/2000  loss=3.6932e-01  lr=1.00e-04  (0.0s)
    -> I1=3 I2=3 I3=3 I4=3 I5=3 I6=3 I7=2 I8=4 min=2 mean=3.0 max=4 (25.8s)
[166/405] hidden=[48, 48, 48] omega0=20.0 lr=0.0002 epochs=2000 npp=256 seed=42 ...
  Epoch     1/2000  loss=4.2040e-01  lr=2.00e-04  (0.0s)
    -> I1=2 I2=3 I3=3 I4=4 I5=3 I6=4 I7=3 I8=4 min=2 mean=3.2 max=4 (25.1s)
[167/405] hidden=[48, 48, 48] omega0=20.0 lr=0.0002 epochs=2000 npp=256 seed=137 ...
  Epoch     1/2000  loss=3.2757e-01  lr=2.00e-04  (0.0s)
    -> I1=3 I2=4 I3=3 I4=4 I5=3 I6=4 I7=4 I8=4 min=3 mean=3.6 max=4 (25.2s)
[168/405] hidden=[48, 48, 48] omega0=20.0 lr=0.0002 epochs=2000 npp=256 seed=2024 ...
  Epoch     1/2000  loss=3.4693e-01  lr=2.00e-04  (0.0s)
    -> I1=3 I2=3 I3=3 I4=4 I5=3 I6=3 I7=4 I8=4 min=3 mean=3.4 max=4 (25.1s)
[169/405] hidden=[48, 48, 48] omega0=20.0 lr=0.0002 epochs=2000 npp=256 seed=7 ...
  Epoch     1/2000  loss=3.8664e-01  lr=2.00e-04  (0.0s)
    -> I1=3 I2=3 I3=3 I4=4 I5=3 I6=4 I7=4 I8=3 min=3 mean=3.4 max=4 (25.0s)
[170/405] hidden=[48, 48, 48] omega0=20.0 lr=0.0002 epochs=2000 npp=256 seed=999 ...
  Epoch     1/2000  loss=3.8083e-01  lr=2.00e-04  (0.0s)
    -> I1=4 I2=4 I3=3 I4=4 I5=3 I6=3 I7=3 I8=4 min=3 mean=3.5 max=4 (24.9s)
[171/405] hidden=[48, 48, 48] omega0=20.0 lr=0.0002 epochs=2000 npp=512 seed=42 ...
  Epoch     1/2000  loss=3.5174e-01  lr=2.00e-04  (0.0s)
    -> I1=3 I2=4 I3=3 I4=4 I5=3 I6=3 I7=3 I8=4 min=3 mean=3.4 max=4 (25.6s)
[172/405] hidden=[48, 48, 48] omega0=20.0 lr=0.0002 epochs=2000 npp=512 seed=137 ...
  Epoch     1/2000  loss=3.4413e-01  lr=2.00e-04  (0.0s)
    -> I1=3 I2=3 I3=4 I4=4 I5=3 I6=3 I7=4 I8=4 min=3 mean=3.5 max=4 (25.9s)
[173/405] hidden=[48, 48, 48] omega0=20.0 lr=0.0002 epochs=2000 npp=512 seed=2024 ...
  Epoch     1/2000  loss=3.8109e-01  lr=2.00e-04  (0.0s)
    -> I1=3 I2=4 I3=3 I4=5 I5=2 I6=3 I7=3 I8=3 min=2 mean=3.2 max=5 (25.7s)
[174/405] hidden=[48, 48, 48] omega0=20.0 lr=0.0002 epochs=2000 npp=512 seed=7 ...
  Epoch     1/2000  loss=3.3741e-01  lr=2.00e-04  (0.0s)
    -> I1=3 I2=4 I3=3 I4=4 I5=4 I6=4 I7=3 I8=5 min=3 mean=3.8 max=5 (25.8s)
[175/405] hidden=[48, 48, 48] omega0=20.0 lr=0.0002 epochs=2000 npp=512 seed=999 ...
  Epoch     1/2000  loss=4.1008e-01  lr=2.00e-04  (0.0s)
    -> I1=3 I2=4 I3=3 I4=3 I5=3 I6=3 I7=3 I8=4 min=3 mean=3.2 max=4 (25.6s)
[176/405] hidden=[48, 48, 48] omega0=20.0 lr=0.0002 epochs=2000 npp=1024 seed=42 ...
  Epoch     1/2000  loss=3.5381e-01  lr=2.00e-04  (0.0s)
    -> I1=4 I2=4 I3=4 I4=4 I5=4 I6=3 I7=3 I8=4 min=3 mean=3.8 max=4 (25.6s)
[177/405] hidden=[48, 48, 48] omega0=20.0 lr=0.0002 epochs=2000 npp=1024 seed=137 ...
  Epoch     1/2000  loss=3.7172e-01  lr=2.00e-04  (0.0s)
    -> I1=4 I2=4 I3=3 I4=4 I5=3 I6=3 I7=3 I8=4 min=3 mean=3.5 max=4 (25.8s)
[178/405] hidden=[48, 48, 48] omega0=20.0 lr=0.0002 epochs=2000 npp=1024 seed=2024 ...
  Epoch     1/2000  loss=3.7526e-01  lr=2.00e-04  (0.0s)
    -> I1=3 I2=4 I3=3 I4=4 I5=6 I6=3 I7=4 I8=4 min=3 mean=3.9 max=6 (25.8s)
[179/405] hidden=[48, 48, 48] omega0=20.0 lr=0.0002 epochs=2000 npp=1024 seed=7 ...
  Epoch     1/2000  loss=3.6805e-01  lr=2.00e-04  (0.0s)
    -> I1=3 I2=3 I3=4 I4=4 I5=3 I6=4 I7=4 I8=4 min=3 mean=3.6 max=4 (25.9s)
[180/405] hidden=[48, 48, 48] omega0=20.0 lr=0.0002 epochs=2000 npp=1024 seed=999 ...
  Epoch     1/2000  loss=3.6932e-01  lr=2.00e-04  (0.0s)
    -> I1=3 I2=4 I3=4 I4=4 I5=3 I6=3 I7=3 I8=4 min=3 mean=3.5 max=4 (25.8s)
[181/405] hidden=[48, 48, 48] omega0=20.0 lr=5e-05 epochs=3000 npp=256 seed=42 ...
  Epoch     1/3000  loss=4.2040e-01  lr=5.00e-05  (0.0s)
    -> I1=3 I2=2 I3=3 I4=4 I5=3 I6=3 I7=3 I8=3 min=2 mean=3.0 max=4 (37.5s)
[182/405] hidden=[48, 48, 48] omega0=20.0 lr=5e-05 epochs=3000 npp=256 seed=137 ...
  Epoch     1/3000  loss=3.2757e-01  lr=5.00e-05  (0.0s)
    -> I1=3 I2=3 I3=3 I4=4 I5=2 I6=2 I7=3 I8=3 min=2 mean=2.9 max=4 (37.2s)
[183/405] hidden=[48, 48, 48] omega0=20.0 lr=5e-05 epochs=3000 npp=256 seed=2024 ...
  Epoch     1/3000  loss=3.4693e-01  lr=5.00e-05  (0.0s)
    -> I1=2 I2=2 I3=2 I4=3 I5=3 I6=2 I7=2 I8=3 min=2 mean=2.4 max=3 (37.9s)
[184/405] hidden=[48, 48, 48] omega0=20.0 lr=5e-05 epochs=3000 npp=256 seed=7 ...
  Epoch     1/3000  loss=3.8664e-01  lr=5.00e-05  (0.0s)
    -> I1=3 I2=3 I3=3 I4=3 I5=4 I6=3 I7=4 I8=3 min=3 mean=3.2 max=4 (37.3s)
[185/405] hidden=[48, 48, 48] omega0=20.0 lr=5e-05 epochs=3000 npp=256 seed=999 ...
  Epoch     1/3000  loss=3.8083e-01  lr=5.00e-05  (0.0s)
    -> I1=2 I2=2 I3=2 I4=3 I5=3 I6=2 I7=3 I8=3 min=2 mean=2.5 max=3 (37.4s)
[186/405] hidden=[48, 48, 48] omega0=20.0 lr=5e-05 epochs=3000 npp=512 seed=42 ...
  Epoch     1/3000  loss=3.5174e-01  lr=5.00e-05  (0.0s)
    -> I1=3 I2=2 I3=3 I4=3 I5=3 I6=3 I7=3 I8=4 min=2 mean=3.0 max=4 (38.4s)
[187/405] hidden=[48, 48, 48] omega0=20.0 lr=5e-05 epochs=3000 npp=512 seed=137 ...
  Epoch     1/3000  loss=3.4413e-01  lr=5.00e-05  (0.0s)
    -> I1=2 I2=3 I3=3 I4=4 I5=2 I6=3 I7=4 I8=4 min=2 mean=3.1 max=4 (38.8s)
[188/405] hidden=[48, 48, 48] omega0=20.0 lr=5e-05 epochs=3000 npp=512 seed=2024 ...
  Epoch     1/3000  loss=3.8109e-01  lr=5.00e-05  (0.0s)
    -> I1=3 I2=2 I3=3 I4=3 I5=3 I6=2 I7=3 I8=3 min=2 mean=2.8 max=3 (38.6s)
[189/405] hidden=[48, 48, 48] omega0=20.0 lr=5e-05 epochs=3000 npp=512 seed=7 ...
  Epoch     1/3000  loss=3.3741e-01  lr=5.00e-05  (0.0s)
    -> I1=2 I2=3 I3=3 I4=3 I5=2 I6=3 I7=3 I8=3 min=2 mean=2.8 max=3 (38.6s)
[190/405] hidden=[48, 48, 48] omega0=20.0 lr=5e-05 epochs=3000 npp=512 seed=999 ...
  Epoch     1/3000  loss=4.1008e-01  lr=5.00e-05  (0.0s)
    -> I1=3 I2=3 I3=3 I4=4 I5=2 I6=2 I7=3 I8=3 min=2 mean=2.9 max=4 (38.5s)
[191/405] hidden=[48, 48, 48] omega0=20.0 lr=5e-05 epochs=3000 npp=1024 seed=42 ...
  Epoch     1/3000  loss=3.5381e-01  lr=5.00e-05  (0.0s)
    -> I1=3 I2=2 I3=3 I4=4 I5=2 I6=4 I7=3 I8=3 min=2 mean=3.0 max=4 (38.8s)
[192/405] hidden=[48, 48, 48] omega0=20.0 lr=5e-05 epochs=3000 npp=1024 seed=137 ...
  Epoch     1/3000  loss=3.7172e-01  lr=5.00e-05  (0.0s)
    -> I1=3 I2=3 I3=3 I4=3 I5=4 I6=3 I7=3 I8=3 min=3 mean=3.1 max=4 (38.6s)
[193/405] hidden=[48, 48, 48] omega0=20.0 lr=5e-05 epochs=3000 npp=1024 seed=2024 ...
  Epoch     1/3000  loss=3.7526e-01  lr=5.00e-05  (0.0s)
    -> I1=3 I2=2 I3=3 I4=4 I5=3 I6=2 I7=3 I8=3 min=2 mean=2.9 max=4 (38.8s)
[194/405] hidden=[48, 48, 48] omega0=20.0 lr=5e-05 epochs=3000 npp=1024 seed=7 ...
  Epoch     1/3000  loss=3.6805e-01  lr=5.00e-05  (0.0s)
    -> I1=3 I2=3 I3=4 I4=3 I5=2 I6=3 I7=3 I8=3 min=2 mean=3.0 max=4 (38.6s)
[195/405] hidden=[48, 48, 48] omega0=20.0 lr=5e-05 epochs=3000 npp=1024 seed=999 ...
  Epoch     1/3000  loss=3.6932e-01  lr=5.00e-05  (0.0s)
    -> I1=2 I2=3 I3=3 I4=3 I5=3 I6=2 I7=3 I8=4 min=2 mean=2.9 max=4 (38.5s)
[196/405] hidden=[48, 48, 48] omega0=20.0 lr=0.0001 epochs=3000 npp=256 seed=42 ...
  Epoch     1/3000  loss=4.2040e-01  lr=1.00e-04  (0.0s)
    -> I1=3 I2=3 I3=4 I4=4 I5=3 I6=4 I7=3 I8=4 min=3 mean=3.5 max=4 (37.5s)
[197/405] hidden=[48, 48, 48] omega0=20.0 lr=0.0001 epochs=3000 npp=256 seed=137 ...
  Epoch     1/3000  loss=3.2757e-01  lr=1.00e-04  (0.0s)
    -> I1=3 I2=4 I3=3 I4=4 I5=3 I6=4 I7=3 I8=4 min=3 mean=3.5 max=4 (37.6s)
[198/405] hidden=[48, 48, 48] omega0=20.0 lr=0.0001 epochs=3000 npp=256 seed=2024 ...
  Epoch     1/3000  loss=3.4693e-01  lr=1.00e-04  (0.0s)
    -> I1=4 I2=4 I3=3 I4=3 I5=3 I6=3 I7=3 I8=4 min=3 mean=3.4 max=4 (37.5s)
[199/405] hidden=[48, 48, 48] omega0=20.0 lr=0.0001 epochs=3000 npp=256 seed=7 ...
  Epoch     1/3000  loss=3.8664e-01  lr=1.00e-04  (0.0s)
    -> I1=2 I2=3 I3=4 I4=4 I5=3 I6=4 I7=4 I8=3 min=2 mean=3.4 max=4 (37.5s)
[200/405] hidden=[48, 48, 48] omega0=20.0 lr=0.0001 epochs=3000 npp=256 seed=999 ...
  Epoch     1/3000  loss=3.8083e-01  lr=1.00e-04  (0.0s)
    -> I1=3 I2=3 I3=3 I4=4 I5=3 I6=3 I7=4 I8=4 min=3 mean=3.4 max=4 (37.7s)
[201/405] hidden=[48, 48, 48] omega0=20.0 lr=0.0001 epochs=3000 npp=512 seed=42 ...
  Epoch     1/3000  loss=3.5174e-01  lr=1.00e-04  (0.0s)
    -> I1=3 I2=3 I3=3 I4=4 I5=3 I6=3 I7=4 I8=4 min=3 mean=3.4 max=4 (38.9s)
[202/405] hidden=[48, 48, 48] omega0=20.0 lr=0.0001 epochs=3000 npp=512 seed=137 ...
  Epoch     1/3000  loss=3.4413e-01  lr=1.00e-04  (0.0s)
    -> I1=3 I2=4 I3=3 I4=4 I5=2 I6=3 I7=3 I8=4 min=2 mean=3.2 max=4 (38.4s)
[203/405] hidden=[48, 48, 48] omega0=20.0 lr=0.0001 epochs=3000 npp=512 seed=2024 ...
  Epoch     1/3000  loss=3.8109e-01  lr=1.00e-04  (0.0s)
    -> I1=3 I2=3 I3=5 I4=4 I5=3 I6=3 I7=3 I8=4 min=3 mean=3.5 max=5 (38.4s)
[204/405] hidden=[48, 48, 48] omega0=20.0 lr=0.0001 epochs=3000 npp=512 seed=7 ...
  Epoch     1/3000  loss=3.3741e-01  lr=1.00e-04  (0.0s)
    -> I1=4 I2=5 I3=4 I4=3 I5=2 I6=3 I7=3 I8=4 min=2 mean=3.5 max=5 (38.6s)
[205/405] hidden=[48, 48, 48] omega0=20.0 lr=0.0001 epochs=3000 npp=512 seed=999 ...
  Epoch     1/3000  loss=4.1008e-01  lr=1.00e-04  (0.0s)
    -> I1=3 I2=4 I3=3 I4=4 I5=3 I6=3 I7=3 I8=3 min=3 mean=3.2 max=4 (38.4s)
[206/405] hidden=[48, 48, 48] omega0=20.0 lr=0.0001 epochs=3000 npp=1024 seed=42 ...
  Epoch     1/3000  loss=3.5381e-01  lr=1.00e-04  (0.0s)
    -> I1=3 I2=4 I3=3 I4=4 I5=3 I6=3 I7=3 I8=4 min=3 mean=3.4 max=4 (38.7s)
[207/405] hidden=[48, 48, 48] omega0=20.0 lr=0.0001 epochs=3000 npp=1024 seed=137 ...
  Epoch     1/3000  loss=3.7172e-01  lr=1.00e-04  (0.0s)
    -> I1=2 I2=4 I3=3 I4=4 I5=3 I6=3 I7=3 I8=4 min=2 mean=3.2 max=4 (38.6s)
[208/405] hidden=[48, 48, 48] omega0=20.0 lr=0.0001 epochs=3000 npp=1024 seed=2024 ...
  Epoch     1/3000  loss=3.7526e-01  lr=1.00e-04  (0.0s)
    -> I1=4 I2=3 I3=4 I4=4 I5=4 I6=3 I7=3 I8=4 min=3 mean=3.6 max=4 (38.7s)
[209/405] hidden=[48, 48, 48] omega0=20.0 lr=0.0001 epochs=3000 npp=1024 seed=7 ...
  Epoch     1/3000  loss=3.6805e-01  lr=1.00e-04  (0.0s)
    -> I1=4 I2=3 I3=3 I4=5 I5=3 I6=4 I7=3 I8=4 min=3 mean=3.6 max=5 (38.6s)
[210/405] hidden=[48, 48, 48] omega0=20.0 lr=0.0001 epochs=3000 npp=1024 seed=999 ...
  Epoch     1/3000  loss=3.6932e-01  lr=1.00e-04  (0.0s)
    -> I1=3 I2=3 I3=4 I4=4 I5=2 I6=3 I7=3 I8=5 min=2 mean=3.4 max=5 (38.6s)
[211/405] hidden=[48, 48, 48] omega0=20.0 lr=0.0002 epochs=3000 npp=256 seed=42 ...
  Epoch     1/3000  loss=4.2040e-01  lr=2.00e-04  (0.0s)
    -> I1=3 I2=5 I3=5 I4=4 I5=4 I6=3 I7=3 I8=4 min=3 mean=3.9 max=5 (37.7s)
[212/405] hidden=[48, 48, 48] omega0=20.0 lr=0.0002 epochs=3000 npp=256 seed=137 ...
  Epoch     1/3000  loss=3.2757e-01  lr=2.00e-04  (0.0s)
    -> I1=3 I2=3 I3=3 I4=5 I5=3 I6=3 I7=3 I8=4 min=3 mean=3.4 max=5 (37.7s)
[213/405] hidden=[48, 48, 48] omega0=20.0 lr=0.0002 epochs=3000 npp=256 seed=2024 ...
  Epoch     1/3000  loss=3.4693e-01  lr=2.00e-04  (0.0s)
    -> I1=3 I2=3 I3=3 I4=3 I5=3 I6=3 I7=3 I8=4 min=3 mean=3.1 max=4 (37.6s)
[214/405] hidden=[48, 48, 48] omega0=20.0 lr=0.0002 epochs=3000 npp=256 seed=7 ...
  Epoch     1/3000  loss=3.8664e-01  lr=2.00e-04  (0.0s)
    -> I1=3 I2=3 I3=3 I4=4 I5=3 I6=3 I7=4 I8=4 min=3 mean=3.4 max=4 (37.7s)
[215/405] hidden=[48, 48, 48] omega0=20.0 lr=0.0002 epochs=3000 npp=256 seed=999 ...
  Epoch     1/3000  loss=3.8083e-01  lr=2.00e-04  (0.0s)
    -> I1=3 I2=3 I3=4 I4=4 I5=3 I6=3 I7=3 I8=4 min=3 mean=3.4 max=4 (37.8s)
[216/405] hidden=[48, 48, 48] omega0=20.0 lr=0.0002 epochs=3000 npp=512 seed=42 ...
  Epoch     1/3000  loss=3.5174e-01  lr=2.00e-04  (0.0s)
    -> I1=4 I2=4 I3=4 I4=4 I5=3 I6=3 I7=4 I8=4 min=3 mean=3.8 max=4 (38.7s)
[217/405] hidden=[48, 48, 48] omega0=20.0 lr=0.0002 epochs=3000 npp=512 seed=137 ...
  Epoch     1/3000  loss=3.4413e-01  lr=2.00e-04  (0.0s)
    -> I1=4 I2=3 I3=4 I4=6 I5=2 I6=3 I7=3 I8=4 min=2 mean=3.6 max=6 (38.4s)
[218/405] hidden=[48, 48, 48] omega0=20.0 lr=0.0002 epochs=3000 npp=512 seed=2024 ...
  Epoch     1/3000  loss=3.8109e-01  lr=2.00e-04  (0.0s)
    -> I1=4 I2=4 I3=4 I4=4 I5=3 I6=3 I7=3 I8=4 min=3 mean=3.6 max=4 (38.6s)
[219/405] hidden=[48, 48, 48] omega0=20.0 lr=0.0002 epochs=3000 npp=512 seed=7 ...
  Epoch     1/3000  loss=3.3741e-01  lr=2.00e-04  (0.0s)
    -> I1=3 I2=3 I3=3 I4=4 I5=3 I6=3 I7=3 I8=4 min=3 mean=3.2 max=4 (38.3s)
[220/405] hidden=[48, 48, 48] omega0=20.0 lr=0.0002 epochs=3000 npp=512 seed=999 ...
  Epoch     1/3000  loss=4.1008e-01  lr=2.00e-04  (0.0s)
    -> I1=3 I2=5 I3=4 I4=5 I5=3 I6=4 I7=3 I8=4 min=3 mean=3.9 max=5 (38.4s)
[221/405] hidden=[48, 48, 48] omega0=20.0 lr=0.0002 epochs=3000 npp=1024 seed=42 ...
  Epoch     1/3000  loss=3.5381e-01  lr=2.00e-04  (0.0s)
    -> I1=3 I2=5 I3=4 I4=4 I5=4 I6=4 I7=4 I8=4 min=3 mean=4.0 max=5 (38.5s)
[222/405] hidden=[48, 48, 48] omega0=20.0 lr=0.0002 epochs=3000 npp=1024 seed=137 ...
  Epoch     1/3000  loss=3.7172e-01  lr=2.00e-04  (0.0s)
    -> I1=3 I2=3 I3=4 I4=4 I5=3 I6=3 I7=3 I8=4 min=3 mean=3.4 max=4 (38.5s)
[223/405] hidden=[48, 48, 48] omega0=20.0 lr=0.0002 epochs=3000 npp=1024 seed=2024 ...
  Epoch     1/3000  loss=3.7526e-01  lr=2.00e-04  (0.0s)
    -> I1=5 I2=4 I3=4 I4=4 I5=3 I6=3 I7=5 I8=5 min=3 mean=4.1 max=5 (38.6s)
[224/405] hidden=[48, 48, 48] omega0=20.0 lr=0.0002 epochs=3000 npp=1024 seed=7 ...
  Epoch     1/3000  loss=3.6805e-01  lr=2.00e-04  (0.0s)
    -> I1=3 I2=3 I3=3 I4=4 I5=3 I6=3 I7=3 I8=4 min=3 mean=3.2 max=4 (38.6s)
[225/405] hidden=[48, 48, 48] omega0=20.0 lr=0.0002 epochs=3000 npp=1024 seed=999 ...
  Epoch     1/3000  loss=3.6932e-01  lr=2.00e-04  (0.0s)
    -> I1=4 I2=4 I3=4 I4=4 I5=4 I6=5 I7=4 I8=4 min=4 mean=4.1 max=5 (38.8s)
[226/405] hidden=[48, 48, 48] omega0=20.0 lr=5e-05 epochs=4000 npp=256 seed=42 ...
  Epoch     1/4000  loss=4.2040e-01  lr=5.00e-05  (0.0s)
    -> I1=2 I2=2 I3=4 I4=4 I5=4 I6=3 I7=4 I8=3 min=2 mean=3.2 max=4 (50.4s)
[227/405] hidden=[48, 48, 48] omega0=20.0 lr=5e-05 epochs=4000 npp=256 seed=137 ...
  Epoch     1/4000  loss=3.2757e-01  lr=5.00e-05  (0.0s)
    -> I1=2 I2=4 I3=3 I4=4 I5=2 I6=3 I7=3 I8=3 min=2 mean=3.0 max=4 (50.3s)
[228/405] hidden=[48, 48, 48] omega0=20.0 lr=5e-05 epochs=4000 npp=256 seed=2024 ...
  Epoch     1/4000  loss=3.4693e-01  lr=5.00e-05  (0.0s)
    -> I1=3 I2=2 I3=3 I4=3 I5=4 I6=2 I7=4 I8=4 min=2 mean=3.1 max=4 (50.3s)
[229/405] hidden=[48, 48, 48] omega0=20.0 lr=5e-05 epochs=4000 npp=256 seed=7 ...
  Epoch     1/4000  loss=3.8664e-01  lr=5.00e-05  (0.0s)
    -> I1=3 I2=5 I3=3 I4=4 I5=3 I6=3 I7=3 I8=3 min=3 mean=3.4 max=5 (50.1s)
[230/405] hidden=[48, 48, 48] omega0=20.0 lr=5e-05 epochs=4000 npp=256 seed=999 ...
  Epoch     1/4000  loss=3.8083e-01  lr=5.00e-05  (0.0s)
    -> I1=4 I2=3 I3=3 I4=3 I5=3 I6=3 I7=3 I8=4 min=3 mean=3.2 max=4 (50.2s)
[231/405] hidden=[48, 48, 48] omega0=20.0 lr=5e-05 epochs=4000 npp=512 seed=42 ...
  Epoch     1/4000  loss=3.5174e-01  lr=5.00e-05  (0.0s)
    -> I1=3 I2=3 I3=3 I4=4 I5=3 I6=3 I7=4 I8=5 min=3 mean=3.5 max=5 (51.2s)
[232/405] hidden=[48, 48, 48] omega0=20.0 lr=5e-05 epochs=4000 npp=512 seed=137 ...
  Epoch     1/4000  loss=3.4413e-01  lr=5.00e-05  (0.0s)
    -> I1=3 I2=4 I3=3 I4=4 I5=4 I6=4 I7=4 I8=4 min=3 mean=3.8 max=4 (51.5s)
[233/405] hidden=[48, 48, 48] omega0=20.0 lr=5e-05 epochs=4000 npp=512 seed=2024 ...
  Epoch     1/4000  loss=3.8109e-01  lr=5.00e-05  (0.0s)
    -> I1=4 I2=3 I3=3 I4=4 I5=3 I6=2 I7=3 I8=4 min=2 mean=3.2 max=4 (51.4s)
[234/405] hidden=[48, 48, 48] omega0=20.0 lr=5e-05 epochs=4000 npp=512 seed=7 ...
  Epoch     1/4000  loss=3.3741e-01  lr=5.00e-05  (0.0s)
    -> I1=3 I2=4 I3=3 I4=4 I5=3 I6=4 I7=3 I8=3 min=3 mean=3.4 max=4 (51.5s)
[235/405] hidden=[48, 48, 48] omega0=20.0 lr=5e-05 epochs=4000 npp=512 seed=999 ...
  Epoch     1/4000  loss=4.1008e-01  lr=5.00e-05  (0.0s)
    -> I1=2 I2=3 I3=3 I4=3 I5=3 I6=2 I7=3 I8=3 min=2 mean=2.8 max=3 (51.3s)
[236/405] hidden=[48, 48, 48] omega0=20.0 lr=5e-05 epochs=4000 npp=1024 seed=42 ...
  Epoch     1/4000  loss=3.5381e-01  lr=5.00e-05  (0.0s)
    -> I1=3 I2=3 I3=3 I4=4 I5=2 I6=3 I7=4 I8=4 min=2 mean=3.2 max=4 (51.5s)
[237/405] hidden=[48, 48, 48] omega0=20.0 lr=5e-05 epochs=4000 npp=1024 seed=137 ...
  Epoch     1/4000  loss=3.7172e-01  lr=5.00e-05  (0.0s)
    -> I1=4 I2=3 I3=3 I4=4 I5=3 I6=3 I7=3 I8=4 min=3 mean=3.4 max=4 (51.3s)
[238/405] hidden=[48, 48, 48] omega0=20.0 lr=5e-05 epochs=4000 npp=1024 seed=2024 ...
  Epoch     1/4000  loss=3.7526e-01  lr=5.00e-05  (0.0s)
    -> I1=3 I2=3 I3=4 I4=4 I5=3 I6=2 I7=3 I8=5 min=2 mean=3.4 max=5 (51.5s)
[239/405] hidden=[48, 48, 48] omega0=20.0 lr=5e-05 epochs=4000 npp=1024 seed=7 ...
  Epoch     1/4000  loss=3.6805e-01  lr=5.00e-05  (0.0s)
    -> I1=3 I2=3 I3=4 I4=3 I5=3 I6=3 I7=3 I8=3 min=3 mean=3.1 max=4 (51.4s)
[240/405] hidden=[48, 48, 48] omega0=20.0 lr=5e-05 epochs=4000 npp=1024 seed=999 ...
  Epoch     1/4000  loss=3.6932e-01  lr=5.00e-05  (0.0s)
    -> I1=3 I2=3 I3=3 I4=3 I5=3 I6=3 I7=3 I8=5 min=3 mean=3.2 max=5 (51.6s)
[241/405] hidden=[48, 48, 48] omega0=20.0 lr=0.0001 epochs=4000 npp=256 seed=42 ...
  Epoch     1/4000  loss=4.2040e-01  lr=1.00e-04  (0.0s)
    -> I1=3 I2=4 I3=4 I4=4 I5=3 I6=3 I7=4 I8=4 min=3 mean=3.6 max=4 (50.0s)
[242/405] hidden=[48, 48, 48] omega0=20.0 lr=0.0001 epochs=4000 npp=256 seed=137 ...
  Epoch     1/4000  loss=3.2757e-01  lr=1.00e-04  (0.0s)
    -> I1=3 I2=4 I3=3 I4=4 I5=4 I6=3 I7=3 I8=4 min=3 mean=3.5 max=4 (50.2s)
[243/405] hidden=[48, 48, 48] omega0=20.0 lr=0.0001 epochs=4000 npp=256 seed=2024 ...
  Epoch     1/4000  loss=3.4693e-01  lr=1.00e-04  (0.0s)
    -> I1=3 I2=3 I3=3 I4=3 I5=3 I6=3 I7=4 I8=4 min=3 mean=3.2 max=4 (50.2s)
[244/405] hidden=[48, 48, 48] omega0=20.0 lr=0.0001 epochs=4000 npp=256 seed=7 ...
  Epoch     1/4000  loss=3.8664e-01  lr=1.00e-04  (0.0s)
    -> I1=3 I2=3 I3=3 I4=4 I5=3 I6=3 I7=3 I8=4 min=3 mean=3.2 max=4 (50.2s)
[245/405] hidden=[48, 48, 48] omega0=20.0 lr=0.0001 epochs=4000 npp=256 seed=999 ...
  Epoch     1/4000  loss=3.8083e-01  lr=1.00e-04  (0.0s)
    -> I1=3 I2=3 I3=3 I4=4 I5=3 I6=3 I7=3 I8=4 min=3 mean=3.2 max=4 (49.8s)
[246/405] hidden=[48, 48, 48] omega0=20.0 lr=0.0001 epochs=4000 npp=512 seed=42 ...
  Epoch     1/4000  loss=3.5174e-01  lr=1.00e-04  (0.0s)
    -> I1=3 I2=4 I3=3 I4=4 I5=3 I6=4 I7=4 I8=5 min=3 mean=3.8 max=5 (51.1s)
[247/405] hidden=[48, 48, 48] omega0=20.0 lr=0.0001 epochs=4000 npp=512 seed=137 ...
  Epoch     1/4000  loss=3.4413e-01  lr=1.00e-04  (0.0s)
    -> I1=3 I2=3 I3=3 I4=5 I5=3 I6=4 I7=3 I8=4 min=3 mean=3.5 max=5 (51.2s)
[248/405] hidden=[48, 48, 48] omega0=20.0 lr=0.0001 epochs=4000 npp=512 seed=2024 ...
  Epoch     1/4000  loss=3.8109e-01  lr=1.00e-04  (0.0s)
    -> I1=3 I2=3 I3=4 I4=4 I5=3 I6=3 I7=4 I8=5 min=3 mean=3.6 max=5 (51.1s)
[249/405] hidden=[48, 48, 48] omega0=20.0 lr=0.0001 epochs=4000 npp=512 seed=7 ...
  Epoch     1/4000  loss=3.3741e-01  lr=1.00e-04  (0.0s)
    -> I1=4 I2=3 I3=4 I4=4 I5=3 I6=3 I7=4 I8=6 min=3 mean=3.9 max=6 (51.4s)
[250/405] hidden=[48, 48, 48] omega0=20.0 lr=0.0001 epochs=4000 npp=512 seed=999 ...
  Epoch     1/4000  loss=4.1008e-01  lr=1.00e-04  (0.0s)
    -> I1=3 I2=4 I3=3 I4=4 I5=4 I6=3 I7=3 I8=4 min=3 mean=3.5 max=4 (51.3s)
[251/405] hidden=[48, 48, 48] omega0=20.0 lr=0.0001 epochs=4000 npp=1024 seed=42 ...
  Epoch     1/4000  loss=3.5381e-01  lr=1.00e-04  (0.0s)
    -> I1=3 I2=4 I3=3 I4=4 I5=3 I6=3 I7=3 I8=5 min=3 mean=3.5 max=5 (52.1s)
[252/405] hidden=[48, 48, 48] omega0=20.0 lr=0.0001 epochs=4000 npp=1024 seed=137 ...
  Epoch     1/4000  loss=3.7172e-01  lr=1.00e-04  (0.0s)
    -> I1=3 I2=3 I3=4 I4=4 I5=3 I6=4 I7=4 I8=4 min=3 mean=3.6 max=4 (51.8s)
[253/405] hidden=[48, 48, 48] omega0=20.0 lr=0.0001 epochs=4000 npp=1024 seed=2024 ...
  Epoch     1/4000  loss=3.7526e-01  lr=1.00e-04  (0.0s)
    -> I1=3 I2=3 I3=4 I4=4 I5=4 I6=3 I7=4 I8=4 min=3 mean=3.6 max=4 (51.5s)
[254/405] hidden=[48, 48, 48] omega0=20.0 lr=0.0001 epochs=4000 npp=1024 seed=7 ...
  Epoch     1/4000  loss=3.6805e-01  lr=1.00e-04  (0.0s)
    -> I1=3 I2=3 I3=3 I4=4 I5=3 I6=4 I7=4 I8=4 min=3 mean=3.5 max=4 (51.5s)
[255/405] hidden=[48, 48, 48] omega0=20.0 lr=0.0001 epochs=4000 npp=1024 seed=999 ...
  Epoch     1/4000  loss=3.6932e-01  lr=1.00e-04  (0.0s)
    -> I1=3 I2=3 I3=4 I4=4 I5=3 I6=4 I7=3 I8=4 min=3 mean=3.5 max=4 (51.3s)
[256/405] hidden=[48, 48, 48] omega0=20.0 lr=0.0002 epochs=4000 npp=256 seed=42 ...
  Epoch     1/4000  loss=4.2040e-01  lr=2.00e-04  (0.0s)
    -> I1=3 I2=3 I3=4 I4=4 I5=3 I6=3 I7=3 I8=5 min=3 mean=3.5 max=5 (50.4s)
[257/405] hidden=[48, 48, 48] omega0=20.0 lr=0.0002 epochs=4000 npp=256 seed=137 ...
  Epoch     1/4000  loss=3.2757e-01  lr=2.00e-04  (0.0s)
    -> I1=3 I2=3 I3=4 I4=5 I5=3 I6=3 I7=3 I8=4 min=3 mean=3.5 max=5 (50.2s)
[258/405] hidden=[48, 48, 48] omega0=20.0 lr=0.0002 epochs=4000 npp=256 seed=2024 ...
  Epoch     1/4000  loss=3.4693e-01  lr=2.00e-04  (0.0s)
    -> I1=4 I2=3 I3=3 I4=4 I5=3 I6=3 I7=3 I8=4 min=3 mean=3.4 max=4 (50.1s)
[259/405] hidden=[48, 48, 48] omega0=20.0 lr=0.0002 epochs=4000 npp=256 seed=7 ...
  Epoch     1/4000  loss=3.8664e-01  lr=2.00e-04  (0.0s)
    -> I1=3 I2=3 I3=3 I4=4 I5=3 I6=3 I7=3 I8=5 min=3 mean=3.4 max=5 (50.2s)
[260/405] hidden=[48, 48, 48] omega0=20.0 lr=0.0002 epochs=4000 npp=256 seed=999 ...
  Epoch     1/4000  loss=3.8083e-01  lr=2.00e-04  (0.0s)
    -> I1=4 I2=4 I3=4 I4=4 I5=3 I6=4 I7=4 I8=5 min=3 mean=4.0 max=5 (50.1s)
[261/405] hidden=[48, 48, 48] omega0=20.0 lr=0.0002 epochs=4000 npp=512 seed=42 ...
  Epoch     1/4000  loss=3.5174e-01  lr=2.00e-04  (0.0s)
    -> I1=3 I2=3 I3=4 I4=4 I5=3 I6=3 I7=3 I8=4 min=3 mean=3.4 max=4 (50.9s)
[262/405] hidden=[48, 48, 48] omega0=20.0 lr=0.0002 epochs=4000 npp=512 seed=137 ...
  Epoch     1/4000  loss=3.4413e-01  lr=2.00e-04  (0.0s)
    -> I1=3 I2=4 I3=3 I4=4 I5=3 I6=3 I7=3 I8=4 min=3 mean=3.4 max=4 (51.5s)
[263/405] hidden=[48, 48, 48] omega0=20.0 lr=0.0002 epochs=4000 npp=512 seed=2024 ...
  Epoch     1/4000  loss=3.8109e-01  lr=2.00e-04  (0.0s)
    -> I1=4 I2=3 I3=3 I4=4 I5=3 I6=4 I7=3 I8=3 min=3 mean=3.4 max=4 (51.0s)
[264/405] hidden=[48, 48, 48] omega0=20.0 lr=0.0002 epochs=4000 npp=512 seed=7 ...
  Epoch     1/4000  loss=3.3741e-01  lr=2.00e-04  (0.0s)
    -> I1=3 I2=4 I3=4 I4=4 I5=4 I6=4 I7=3 I8=5 min=3 mean=3.9 max=5 (50.9s)
[265/405] hidden=[48, 48, 48] omega0=20.0 lr=0.0002 epochs=4000 npp=512 seed=999 ...
  Epoch     1/4000  loss=4.1008e-01  lr=2.00e-04  (0.0s)
    -> I1=3 I2=4 I3=3 I4=4 I5=3 I6=3 I7=3 I8=4 min=3 mean=3.4 max=4 (51.0s)
[266/405] hidden=[48, 48, 48] omega0=20.0 lr=0.0002 epochs=4000 npp=1024 seed=42 ...
  Epoch     1/4000  loss=3.5381e-01  lr=2.00e-04  (0.0s)
    -> I1=3 I2=4 I3=3 I4=4 I5=4 I6=4 I7=4 I8=5 min=3 mean=3.9 max=5 (51.6s)
[267/405] hidden=[48, 48, 48] omega0=20.0 lr=0.0002 epochs=4000 npp=1024 seed=137 ...
  Epoch     1/4000  loss=3.7172e-01  lr=2.00e-04  (0.0s)
    -> I1=3 I2=4 I3=3 I4=5 I5=3 I6=3 I7=3 I8=4 min=3 mean=3.5 max=5 (51.8s)
[268/405] hidden=[48, 48, 48] omega0=20.0 lr=0.0002 epochs=4000 npp=1024 seed=2024 ...
  Epoch     1/4000  loss=3.7526e-01  lr=2.00e-04  (0.0s)
    -> I1=3 I2=5 I3=4 I4=4 I5=3 I6=3 I7=4 I8=4 min=3 mean=3.8 max=5 (51.4s)
[269/405] hidden=[48, 48, 48] omega0=20.0 lr=0.0002 epochs=4000 npp=1024 seed=7 ...
  Epoch     1/4000  loss=3.6805e-01  lr=2.00e-04  (0.0s)
    -> I1=3 I2=3 I3=3 I4=4 I5=3 I6=4 I7=3 I8=5 min=3 mean=3.5 max=5 (51.2s)
[270/405] hidden=[48, 48, 48] omega0=20.0 lr=0.0002 epochs=4000 npp=1024 seed=999 ...
  Epoch     1/4000  loss=3.6932e-01  lr=2.00e-04  (0.0s)
    -> I1=3 I2=3 I3=4 I4=5 I5=4 I6=4 I7=3 I8=4 min=3 mean=3.8 max=5 (51.5s)
[271/405] hidden=[48, 48, 48] omega0=25.0 lr=5e-05 epochs=2000 npp=256 seed=42 ...
  Epoch     1/2000  loss=4.2040e-01  lr=5.00e-05  (0.0s)
    -> I1=3 I2=2 I3=4 I4=3 I5=2 I6=2 I7=3 I8=3 min=2 mean=2.8 max=4 (25.2s)
[272/405] hidden=[48, 48, 48] omega0=25.0 lr=5e-05 epochs=2000 npp=256 seed=137 ...
  Epoch     1/2000  loss=3.2757e-01  lr=5.00e-05  (0.0s)
    -> I1=3 I2=2 I3=3 I4=3 I5=2 I6=2 I7=3 I8=3 min=2 mean=2.6 max=3 (25.0s)
[273/405] hidden=[48, 48, 48] omega0=25.0 lr=5e-05 epochs=2000 npp=256 seed=2024 ...
  Epoch     1/2000  loss=3.4693e-01  lr=5.00e-05  (0.0s)
    -> I1=2 I2=1 I3=3 I4=3 I5=2 I6=2 I7=2 I8=2 min=1 mean=2.1 max=3 (25.1s)
[274/405] hidden=[48, 48, 48] omega0=25.0 lr=5e-05 epochs=2000 npp=256 seed=7 ...
  Epoch     1/2000  loss=3.8664e-01  lr=5.00e-05  (0.0s)
    -> I1=2 I2=2 I3=4 I4=3 I5=2 I6=2 I7=2 I8=3 min=2 mean=2.5 max=4 (25.1s)
[275/405] hidden=[48, 48, 48] omega0=25.0 lr=5e-05 epochs=2000 npp=256 seed=999 ...
  Epoch     1/2000  loss=3.8083e-01  lr=5.00e-05  (0.0s)
    -> I1=3 I2=2 I3=2 I4=3 I5=3 I6=2 I7=3 I8=3 min=2 mean=2.6 max=3 (25.0s)
[276/405] hidden=[48, 48, 48] omega0=25.0 lr=5e-05 epochs=2000 npp=512 seed=42 ...
  Epoch     1/2000  loss=3.5174e-01  lr=5.00e-05  (0.0s)
    -> I1=2 I2=2 I3=3 I4=4 I5=2 I6=2 I7=5 I8=3 min=2 mean=2.9 max=5 (25.6s)
[277/405] hidden=[48, 48, 48] omega0=25.0 lr=5e-05 epochs=2000 npp=512 seed=137 ...
  Epoch     1/2000  loss=3.4413e-01  lr=5.00e-05  (0.0s)
    -> I1=3 I2=2 I3=2 I4=3 I5=2 I6=2 I7=3 I8=4 min=2 mean=2.6 max=4 (25.5s)
[278/405] hidden=[48, 48, 48] omega0=25.0 lr=5e-05 epochs=2000 npp=512 seed=2024 ...
  Epoch     1/2000  loss=3.8109e-01  lr=5.00e-05  (0.0s)
    -> I1=2 I2=2 I3=3 I4=3 I5=2 I6=2 I7=2 I8=2 min=2 mean=2.2 max=3 (25.6s)
[279/405] hidden=[48, 48, 48] omega0=25.0 lr=5e-05 epochs=2000 npp=512 seed=7 ...
  Epoch     1/2000  loss=3.3741e-01  lr=5.00e-05  (0.0s)
    -> I1=3 I2=2 I3=2 I4=3 I5=2 I6=2 I7=3 I8=3 min=2 mean=2.5 max=3 (25.5s)
[280/405] hidden=[48, 48, 48] omega0=25.0 lr=5e-05 epochs=2000 npp=512 seed=999 ...
  Epoch     1/2000  loss=4.1008e-01  lr=5.00e-05  (0.0s)
    -> I1=2 I2=2 I3=4 I4=4 I5=2 I6=2 I7=3 I8=4 min=2 mean=2.9 max=4 (25.6s)
[281/405] hidden=[48, 48, 48] omega0=25.0 lr=5e-05 epochs=2000 npp=1024 seed=42 ...
  Epoch     1/2000  loss=3.5381e-01  lr=5.00e-05  (0.0s)
    -> I1=2 I2=2 I3=3 I4=4 I5=2 I6=2 I7=3 I8=3 min=2 mean=2.6 max=4 (25.6s)
[282/405] hidden=[48, 48, 48] omega0=25.0 lr=5e-05 epochs=2000 npp=1024 seed=137 ...
  Epoch     1/2000  loss=3.7172e-01  lr=5.00e-05  (0.0s)
    -> I1=3 I2=2 I3=2 I4=3 I5=2 I6=2 I7=2 I8=3 min=2 mean=2.4 max=3 (25.7s)
[283/405] hidden=[48, 48, 48] omega0=25.0 lr=5e-05 epochs=2000 npp=1024 seed=2024 ...
  Epoch     1/2000  loss=3.7526e-01  lr=5.00e-05  (0.0s)
    -> I1=3 I2=2 I3=4 I4=3 I5=3 I6=2 I7=2 I8=2 min=2 mean=2.6 max=4 (25.6s)
[284/405] hidden=[48, 48, 48] omega0=25.0 lr=5e-05 epochs=2000 npp=1024 seed=7 ...
  Epoch     1/2000  loss=3.6805e-01  lr=5.00e-05  (0.0s)
    -> I1=2 I2=2 I3=3 I4=3 I5=3 I6=2 I7=3 I8=3 min=2 mean=2.6 max=3 (25.7s)
[285/405] hidden=[48, 48, 48] omega0=25.0 lr=5e-05 epochs=2000 npp=1024 seed=999 ...
  Epoch     1/2000  loss=3.6932e-01  lr=5.00e-05  (0.0s)
    -> I1=2 I2=2 I3=3 I4=4 I5=2 I6=2 I7=3 I8=3 min=2 mean=2.6 max=4 (25.7s)
[286/405] hidden=[48, 48, 48] omega0=25.0 lr=0.0001 epochs=2000 npp=256 seed=42 ...
  Epoch     1/2000  loss=4.2040e-01  lr=1.00e-04  (0.0s)
    -> I1=3 I2=3 I3=3 I4=4 I5=3 I6=2 I7=3 I8=3 min=2 mean=3.0 max=4 (25.0s)
[287/405] hidden=[48, 48, 48] omega0=25.0 lr=0.0001 epochs=2000 npp=256 seed=137 ...
  Epoch     1/2000  loss=3.2757e-01  lr=1.00e-04  (0.0s)
    -> I1=3 I2=4 I3=3 I4=4 I5=4 I6=3 I7=3 I8=3 min=3 mean=3.4 max=4 (25.5s)
[288/405] hidden=[48, 48, 48] omega0=25.0 lr=0.0001 epochs=2000 npp=256 seed=2024 ...
  Epoch     1/2000  loss=3.4693e-01  lr=1.00e-04  (0.0s)
    -> I1=2 I2=2 I3=4 I4=3 I5=3 I6=2 I7=3 I8=3 min=2 mean=2.8 max=4 (25.7s)
[289/405] hidden=[48, 48, 48] omega0=25.0 lr=0.0001 epochs=2000 npp=256 seed=7 ...
  Epoch     1/2000  loss=3.8664e-01  lr=1.00e-04  (0.0s)
    -> I1=2 I2=3 I3=3 I4=4 I5=2 I6=2 I7=3 I8=3 min=2 mean=2.8 max=4 (25.2s)
[290/405] hidden=[48, 48, 48] omega0=25.0 lr=0.0001 epochs=2000 npp=256 seed=999 ...
  Epoch     1/2000  loss=3.8083e-01  lr=1.00e-04  (0.0s)
    -> I1=3 I2=3 I3=3 I4=3 I5=2 I6=2 I7=3 I8=3 min=2 mean=2.8 max=3 (25.4s)
[291/405] hidden=[48, 48, 48] omega0=25.0 lr=0.0001 epochs=2000 npp=512 seed=42 ...
  Epoch     1/2000  loss=3.5174e-01  lr=1.00e-04  (0.0s)
    -> I1=3 I2=3 I3=3 I4=4 I5=3 I6=2 I7=5 I8=3 min=2 mean=3.2 max=5 (26.0s)
[292/405] hidden=[48, 48, 48] omega0=25.0 lr=0.0001 epochs=2000 npp=512 seed=137 ...
  Epoch     1/2000  loss=3.4413e-01  lr=1.00e-04  (0.0s)
    -> I1=3 I2=3 I3=4 I4=3 I5=3 I6=3 I7=3 I8=4 min=3 mean=3.2 max=4 (25.8s)
[293/405] hidden=[48, 48, 48] omega0=25.0 lr=0.0001 epochs=2000 npp=512 seed=2024 ...
  Epoch     1/2000  loss=3.8109e-01  lr=1.00e-04  (0.0s)
    -> I1=3 I2=2 I3=3 I4=4 I5=3 I6=2 I7=3 I8=3 min=2 mean=2.9 max=4 (25.8s)
[294/405] hidden=[48, 48, 48] omega0=25.0 lr=0.0001 epochs=2000 npp=512 seed=7 ...
  Epoch     1/2000  loss=3.3741e-01  lr=1.00e-04  (0.0s)
    -> I1=2 I2=3 I3=4 I4=3 I5=3 I6=3 I7=3 I8=3 min=2 mean=3.0 max=4 (25.8s)
[295/405] hidden=[48, 48, 48] omega0=25.0 lr=0.0001 epochs=2000 npp=512 seed=999 ...
  Epoch     1/2000  loss=4.1008e-01  lr=1.00e-04  (0.0s)
    -> I1=2 I2=3 I3=3 I4=4 I5=3 I6=2 I7=3 I8=3 min=2 mean=2.9 max=4 (25.7s)
[296/405] hidden=[48, 48, 48] omega0=25.0 lr=0.0001 epochs=2000 npp=1024 seed=42 ...
  Epoch     1/2000  loss=3.5381e-01  lr=1.00e-04  (0.0s)
    -> I1=3 I2=3 I3=4 I4=3 I5=3 I6=3 I7=3 I8=3 min=3 mean=3.1 max=4 (25.8s)
[297/405] hidden=[48, 48, 48] omega0=25.0 lr=0.0001 epochs=2000 npp=1024 seed=137 ...
  Epoch     1/2000  loss=3.7172e-01  lr=1.00e-04  (0.0s)
    -> I1=4 I2=3 I3=4 I4=5 I5=3 I6=4 I7=3 I8=3 min=3 mean=3.6 max=5 (25.8s)
[298/405] hidden=[48, 48, 48] omega0=25.0 lr=0.0001 epochs=2000 npp=1024 seed=2024 ...
  Epoch     1/2000  loss=3.7526e-01  lr=1.00e-04  (0.0s)
    -> I1=3 I2=3 I3=4 I4=4 I5=3 I6=2 I7=3 I8=4 min=2 mean=3.2 max=4 (25.7s)
[299/405] hidden=[48, 48, 48] omega0=25.0 lr=0.0001 epochs=2000 npp=1024 seed=7 ...
  Epoch     1/2000  loss=3.6805e-01  lr=1.00e-04  (0.0s)
    -> I1=3 I2=3 I3=3 I4=4 I5=3 I6=3 I7=4 I8=3 min=3 mean=3.2 max=4 (25.7s)
[300/405] hidden=[48, 48, 48] omega0=25.0 lr=0.0001 epochs=2000 npp=1024 seed=999 ...
  Epoch     1/2000  loss=3.6932e-01  lr=1.00e-04  (0.0s)
    -> I1=3 I2=4 I3=3 I4=4 I5=3 I6=2 I7=4 I8=3 min=2 mean=3.2 max=4 (25.8s)
[301/405] hidden=[48, 48, 48] omega0=25.0 lr=0.0002 epochs=2000 npp=256 seed=42 ...
  Epoch     1/2000  loss=4.2040e-01  lr=2.00e-04  (0.0s)
    -> I1=3 I2=3 I3=3 I4=4 I5=3 I6=3 I7=3 I8=3 min=3 mean=3.1 max=4 (25.1s)
[302/405] hidden=[48, 48, 48] omega0=25.0 lr=0.0002 epochs=2000 npp=256 seed=137 ...
  Epoch     1/2000  loss=3.2757e-01  lr=2.00e-04  (0.0s)
    -> I1=3 I2=4 I3=3 I4=4 I5=3 I6=4 I7=3 I8=4 min=3 mean=3.5 max=4 (25.1s)
[303/405] hidden=[48, 48, 48] omega0=25.0 lr=0.0002 epochs=2000 npp=256 seed=2024 ...
  Epoch     1/2000  loss=3.4693e-01  lr=2.00e-04  (0.0s)
    -> I1=2 I2=3 I3=3 I4=4 I5=3 I6=3 I7=3 I8=3 min=2 mean=3.0 max=4 (25.2s)
[304/405] hidden=[48, 48, 48] omega0=25.0 lr=0.0002 epochs=2000 npp=256 seed=7 ...
  Epoch     1/2000  loss=3.8664e-01  lr=2.00e-04  (0.0s)
    -> I1=3 I2=3 I3=3 I4=5 I5=3 I6=3 I7=4 I8=3 min=3 mean=3.4 max=5 (25.2s)
[305/405] hidden=[48, 48, 48] omega0=25.0 lr=0.0002 epochs=2000 npp=256 seed=999 ...
  Epoch     1/2000  loss=3.8083e-01  lr=2.00e-04  (0.0s)
    -> I1=3 I2=4 I3=3 I4=4 I5=3 I6=3 I7=3 I8=4 min=3 mean=3.4 max=4 (25.2s)
[306/405] hidden=[48, 48, 48] omega0=25.0 lr=0.0002 epochs=2000 npp=512 seed=42 ...
  Epoch     1/2000  loss=3.5174e-01  lr=2.00e-04  (0.0s)
    -> I1=3 I2=3 I3=4 I4=4 I5=3 I6=3 I7=3 I8=3 min=3 mean=3.2 max=4 (25.7s)
[307/405] hidden=[48, 48, 48] omega0=25.0 lr=0.0002 epochs=2000 npp=512 seed=137 ...
  Epoch     1/2000  loss=3.4413e-01  lr=2.00e-04  (0.0s)
    -> I1=3 I2=3 I3=3 I4=4 I5=2 I6=3 I7=4 I8=3 min=2 mean=3.1 max=4 (25.7s)
[308/405] hidden=[48, 48, 48] omega0=25.0 lr=0.0002 epochs=2000 npp=512 seed=2024 ...
  Epoch     1/2000  loss=3.8109e-01  lr=2.00e-04  (0.0s)
    -> I1=3 I2=3 I3=4 I4=4 I5=4 I6=3 I7=3 I8=3 min=3 mean=3.4 max=4 (25.8s)
[309/405] hidden=[48, 48, 48] omega0=25.0 lr=0.0002 epochs=2000 npp=512 seed=7 ...
  Epoch     1/2000  loss=3.3741e-01  lr=2.00e-04  (0.0s)
    -> I1=4 I2=5 I3=3 I4=4 I5=3 I6=3 I7=4 I8=3 min=3 mean=3.6 max=5 (25.8s)
[310/405] hidden=[48, 48, 48] omega0=25.0 lr=0.0002 epochs=2000 npp=512 seed=999 ...
  Epoch     1/2000  loss=4.1008e-01  lr=2.00e-04  (0.0s)
    -> I1=3 I2=3 I3=3 I4=4 I5=4 I6=3 I7=3 I8=4 min=3 mean=3.4 max=4 (25.9s)
[311/405] hidden=[48, 48, 48] omega0=25.0 lr=0.0002 epochs=2000 npp=1024 seed=42 ...
  Epoch     1/2000  loss=3.5381e-01  lr=2.00e-04  (0.0s)
    -> I1=3 I2=3 I3=4 I4=4 I5=3 I6=4 I7=3 I8=5 min=3 mean=3.6 max=5 (25.9s)
[312/405] hidden=[48, 48, 48] omega0=25.0 lr=0.0002 epochs=2000 npp=1024 seed=137 ...
  Epoch     1/2000  loss=3.7172e-01  lr=2.00e-04  (0.0s)
    -> I1=3 I2=4 I3=3 I4=4 I5=4 I6=4 I7=5 I8=3 min=3 mean=3.8 max=5 (26.1s)
[313/405] hidden=[48, 48, 48] omega0=25.0 lr=0.0002 epochs=2000 npp=1024 seed=2024 ...
  Epoch     1/2000  loss=3.7526e-01  lr=2.00e-04  (0.0s)
    -> I1=4 I2=3 I3=5 I4=4 I5=3 I6=3 I7=3 I8=5 min=3 mean=3.8 max=5 (26.0s)
[314/405] hidden=[48, 48, 48] omega0=25.0 lr=0.0002 epochs=2000 npp=1024 seed=7 ...
  Epoch     1/2000  loss=3.6805e-01  lr=2.00e-04  (0.0s)
    -> I1=3 I2=4 I3=4 I4=4 I5=3 I6=4 I7=3 I8=3 min=3 mean=3.5 max=4 (26.0s)
[315/405] hidden=[48, 48, 48] omega0=25.0 lr=0.0002 epochs=2000 npp=1024 seed=999 ...
  Epoch     1/2000  loss=3.6932e-01  lr=2.00e-04  (0.0s)
    -> I1=3 I2=3 I3=3 I4=5 I5=3 I6=3 I7=3 I8=4 min=3 mean=3.4 max=5 (25.8s)
[316/405] hidden=[48, 48, 48] omega0=25.0 lr=5e-05 epochs=3000 npp=256 seed=42 ...
  Epoch     1/3000  loss=4.2040e-01  lr=5.00e-05  (0.0s)
    -> I1=3 I2=3 I3=3 I4=3 I5=2 I6=2 I7=3 I8=3 min=2 mean=2.8 max=3 (38.1s)
[317/405] hidden=[48, 48, 48] omega0=25.0 lr=5e-05 epochs=3000 npp=256 seed=137 ...
  Epoch     1/3000  loss=3.2757e-01  lr=5.00e-05  (0.0s)
    -> I1=3 I2=2 I3=4 I4=3 I5=3 I6=3 I7=3 I8=4 min=2 mean=3.1 max=4 (38.2s)
[318/405] hidden=[48, 48, 48] omega0=25.0 lr=5e-05 epochs=3000 npp=256 seed=2024 ...
  Epoch     1/3000  loss=3.4693e-01  lr=5.00e-05  (0.0s)
    -> I1=2 I2=2 I3=3 I4=3 I5=3 I6=2 I7=2 I8=3 min=2 mean=2.5 max=3 (38.3s)
[319/405] hidden=[48, 48, 48] omega0=25.0 lr=5e-05 epochs=3000 npp=256 seed=7 ...
  Epoch     1/3000  loss=3.8664e-01  lr=5.00e-05  (0.0s)
    -> I1=3 I2=2 I3=4 I4=3 I5=2 I6=2 I7=3 I8=3 min=2 mean=2.8 max=4 (38.0s)
[320/405] hidden=[48, 48, 48] omega0=25.0 lr=5e-05 epochs=3000 npp=256 seed=999 ...
  Epoch     1/3000  loss=3.8083e-01  lr=5.00e-05  (0.0s)
    -> I1=2 I2=3 I3=2 I4=3 I5=2 I6=2 I7=3 I8=3 min=2 mean=2.5 max=3 (38.4s)
[321/405] hidden=[48, 48, 48] omega0=25.0 lr=5e-05 epochs=3000 npp=512 seed=42 ...
  Epoch     1/3000  loss=3.5174e-01  lr=5.00e-05  (0.0s)
    -> I1=3 I2=3 I3=3 I4=4 I5=3 I6=2 I7=3 I8=3 min=2 mean=3.0 max=4 (38.9s)
[322/405] hidden=[48, 48, 48] omega0=25.0 lr=5e-05 epochs=3000 npp=512 seed=137 ...
  Epoch     1/3000  loss=3.4413e-01  lr=5.00e-05  (0.0s)
    -> I1=3 I2=3 I3=3 I4=3 I5=2 I6=3 I7=3 I8=4 min=2 mean=3.0 max=4 (38.6s)
[323/405] hidden=[48, 48, 48] omega0=25.0 lr=5e-05 epochs=3000 npp=512 seed=2024 ...
  Epoch     1/3000  loss=3.8109e-01  lr=5.00e-05  (0.0s)
    -> I1=2 I2=2 I3=4 I4=5 I5=3 I6=2 I7=2 I8=3 min=2 mean=2.9 max=5 (38.4s)
[324/405] hidden=[48, 48, 48] omega0=25.0 lr=5e-05 epochs=3000 npp=512 seed=7 ...
  Epoch     1/3000  loss=3.3741e-01  lr=5.00e-05  (0.0s)
    -> I1=3 I2=2 I3=3 I4=3 I5=3 I6=3 I7=3 I8=3 min=2 mean=2.9 max=3 (38.4s)
[325/405] hidden=[48, 48, 48] omega0=25.0 lr=5e-05 epochs=3000 npp=512 seed=999 ...
  Epoch     1/3000  loss=4.1008e-01  lr=5.00e-05  (0.0s)
    -> I1=2 I2=3 I3=4 I4=4 I5=5 I6=2 I7=3 I8=4 min=2 mean=3.4 max=5 (39.5s)
[326/405] hidden=[48, 48, 48] omega0=25.0 lr=5e-05 epochs=3000 npp=1024 seed=42 ...
  Epoch     1/3000  loss=3.5381e-01  lr=5.00e-05  (0.0s)
    -> I1=3 I2=3 I3=3 I4=5 I5=3 I6=3 I7=4 I8=3 min=3 mean=3.4 max=5 (38.8s)
[327/405] hidden=[48, 48, 48] omega0=25.0 lr=5e-05 epochs=3000 npp=1024 seed=137 ...
  Epoch     1/3000  loss=3.7172e-01  lr=5.00e-05  (0.0s)
    -> I1=3 I2=3 I3=2 I4=3 I5=2 I6=3 I7=3 I8=3 min=2 mean=2.8 max=3 (39.1s)
[328/405] hidden=[48, 48, 48] omega0=25.0 lr=5e-05 epochs=3000 npp=1024 seed=2024 ...
  Epoch     1/3000  loss=3.7526e-01  lr=5.00e-05  (0.0s)
    -> I1=3 I2=2 I3=3 I4=3 I5=3 I6=2 I7=2 I8=3 min=2 mean=2.6 max=3 (39.3s)
[329/405] hidden=[48, 48, 48] omega0=25.0 lr=5e-05 epochs=3000 npp=1024 seed=7 ...
  Epoch     1/3000  loss=3.6805e-01  lr=5.00e-05  (0.0s)
    -> I1=3 I2=3 I3=3 I4=3 I5=3 I6=3 I7=3 I8=4 min=3 mean=3.1 max=4 (39.2s)
[330/405] hidden=[48, 48, 48] omega0=25.0 lr=5e-05 epochs=3000 npp=1024 seed=999 ...
  Epoch     1/3000  loss=3.6932e-01  lr=5.00e-05  (0.0s)
    -> I1=2 I2=3 I3=3 I4=4 I5=3 I6=2 I7=3 I8=3 min=2 mean=2.9 max=4 (39.1s)
[331/405] hidden=[48, 48, 48] omega0=25.0 lr=0.0001 epochs=3000 npp=256 seed=42 ...
  Epoch     1/3000  loss=4.2040e-01  lr=1.00e-04  (0.0s)
    -> I1=3 I2=4 I3=3 I4=5 I5=3 I6=3 I7=3 I8=4 min=3 mean=3.5 max=5 (37.8s)
[332/405] hidden=[48, 48, 48] omega0=25.0 lr=0.0001 epochs=3000 npp=256 seed=137 ...
  Epoch     1/3000  loss=3.2757e-01  lr=1.00e-04  (0.0s)
    -> I1=3 I2=3 I3=3 I4=4 I5=3 I6=3 I7=3 I8=3 min=3 mean=3.1 max=4 (37.7s)
[333/405] hidden=[48, 48, 48] omega0=25.0 lr=0.0001 epochs=3000 npp=256 seed=2024 ...
  Epoch     1/3000  loss=3.4693e-01  lr=1.00e-04  (0.0s)
    -> I1=3 I2=3 I3=4 I4=3 I5=3 I6=4 I7=3 I8=3 min=3 mean=3.2 max=4 (37.7s)
[334/405] hidden=[48, 48, 48] omega0=25.0 lr=0.0001 epochs=3000 npp=256 seed=7 ...
  Epoch     1/3000  loss=3.8664e-01  lr=1.00e-04  (0.0s)
    -> I1=3 I2=3 I3=3 I4=5 I5=3 I6=3 I7=3 I8=3 min=3 mean=3.2 max=5 (37.5s)
[335/405] hidden=[48, 48, 48] omega0=25.0 lr=0.0001 epochs=3000 npp=256 seed=999 ...
  Epoch     1/3000  loss=3.8083e-01  lr=1.00e-04  (0.0s)
    -> I1=3 I2=3 I3=3 I4=4 I5=3 I6=3 I7=3 I8=3 min=3 mean=3.1 max=4 (37.6s)
[336/405] hidden=[48, 48, 48] omega0=25.0 lr=0.0001 epochs=3000 npp=512 seed=42 ...
  Epoch     1/3000  loss=3.5174e-01  lr=1.00e-04  (0.0s)
    -> I1=3 I2=3 I3=3 I4=4 I5=3 I6=4 I7=3 I8=6 min=3 mean=3.6 max=6 (38.5s)
[337/405] hidden=[48, 48, 48] omega0=25.0 lr=0.0001 epochs=3000 npp=512 seed=137 ...
  Epoch     1/3000  loss=3.4413e-01  lr=1.00e-04  (0.0s)
    -> I1=3 I2=3 I3=4 I4=4 I5=3 I6=3 I7=4 I8=4 min=3 mean=3.5 max=4 (38.7s)
[338/405] hidden=[48, 48, 48] omega0=25.0 lr=0.0001 epochs=3000 npp=512 seed=2024 ...
  Epoch     1/3000  loss=3.8109e-01  lr=1.00e-04  (0.0s)
    -> I1=3 I2=3 I3=3 I4=4 I5=3 I6=3 I7=3 I8=3 min=3 mean=3.1 max=4 (38.6s)
[339/405] hidden=[48, 48, 48] omega0=25.0 lr=0.0001 epochs=3000 npp=512 seed=7 ...
  Epoch     1/3000  loss=3.3741e-01  lr=1.00e-04  (0.0s)
    -> I1=3 I2=4 I3=4 I4=4 I5=3 I6=4 I7=3 I8=4 min=3 mean=3.6 max=4 (38.5s)
[340/405] hidden=[48, 48, 48] omega0=25.0 lr=0.0001 epochs=3000 npp=512 seed=999 ...
  Epoch     1/3000  loss=4.1008e-01  lr=1.00e-04  (0.0s)
    -> I1=3 I2=3 I3=3 I4=4 I5=3 I6=3 I7=3 I8=4 min=3 mean=3.2 max=4 (38.4s)
[341/405] hidden=[48, 48, 48] omega0=25.0 lr=0.0001 epochs=3000 npp=1024 seed=42 ...
  Epoch     1/3000  loss=3.5381e-01  lr=1.00e-04  (0.0s)
    -> I1=3 I2=4 I3=3 I4=5 I5=3 I6=3 I7=4 I8=4 min=3 mean=3.6 max=5 (39.0s)
[342/405] hidden=[48, 48, 48] omega0=25.0 lr=0.0001 epochs=3000 npp=1024 seed=137 ...
  Epoch     1/3000  loss=3.7172e-01  lr=1.00e-04  (0.0s)
    -> I1=3 I2=3 I3=4 I4=4 I5=4 I6=4 I7=3 I8=4 min=3 mean=3.6 max=4 (38.8s)
[343/405] hidden=[48, 48, 48] omega0=25.0 lr=0.0001 epochs=3000 npp=1024 seed=2024 ...
  Epoch     1/3000  loss=3.7526e-01  lr=1.00e-04  (0.0s)
    -> I1=4 I2=4 I3=3 I4=4 I5=4 I6=3 I7=4 I8=5 min=3 mean=3.9 max=5 (38.8s)
[344/405] hidden=[48, 48, 48] omega0=25.0 lr=0.0001 epochs=3000 npp=1024 seed=7 ...
  Epoch     1/3000  loss=3.6805e-01  lr=1.00e-04  (0.0s)
    -> I1=3 I2=4 I3=3 I4=4 I5=3 I6=3 I7=3 I8=4 min=3 mean=3.4 max=4 (38.8s)
[345/405] hidden=[48, 48, 48] omega0=25.0 lr=0.0001 epochs=3000 npp=1024 seed=999 ...
  Epoch     1/3000  loss=3.6932e-01  lr=1.00e-04  (0.0s)
    -> I1=3 I2=3 I3=4 I4=4 I5=4 I6=3 I7=3 I8=5 min=3 mean=3.6 max=5 (38.8s)
[346/405] hidden=[48, 48, 48] omega0=25.0 lr=0.0002 epochs=3000 npp=256 seed=42 ...
  Epoch     1/3000  loss=4.2040e-01  lr=2.00e-04  (0.0s)
    -> I1=3 I2=4 I3=3 I4=4 I5=3 I6=3 I7=3 I8=4 min=3 mean=3.4 max=4 (38.5s)
[347/405] hidden=[48, 48, 48] omega0=25.0 lr=0.0002 epochs=3000 npp=256 seed=137 ...
  Epoch     1/3000  loss=3.2757e-01  lr=2.00e-04  (0.0s)
    -> I1=4 I2=4 I3=3 I4=4 I5=3 I6=4 I7=3 I8=4 min=3 mean=3.6 max=4 (38.5s)
[348/405] hidden=[48, 48, 48] omega0=25.0 lr=0.0002 epochs=3000 npp=256 seed=2024 ...
  Epoch     1/3000  loss=3.4693e-01  lr=2.00e-04  (0.0s)
    -> I1=3 I2=3 I3=3 I4=3 I5=3 I6=4 I7=4 I8=4 min=3 mean=3.4 max=4 (38.4s)
[349/405] hidden=[48, 48, 48] omega0=25.0 lr=0.0002 epochs=3000 npp=256 seed=7 ...
  Epoch     1/3000  loss=3.8664e-01  lr=2.00e-04  (0.0s)
    -> I1=3 I2=3 I3=3 I4=4 I5=3 I6=4 I7=3 I8=4 min=3 mean=3.4 max=4 (37.6s)
[350/405] hidden=[48, 48, 48] omega0=25.0 lr=0.0002 epochs=3000 npp=256 seed=999 ...
  Epoch     1/3000  loss=3.8083e-01  lr=2.00e-04  (0.0s)
    -> I1=3 I2=4 I3=3 I4=4 I5=3 I6=3 I7=3 I8=4 min=3 mean=3.4 max=4 (37.6s)
[351/405] hidden=[48, 48, 48] omega0=25.0 lr=0.0002 epochs=3000 npp=512 seed=42 ...
  Epoch     1/3000  loss=3.5174e-01  lr=2.00e-04  (0.0s)
    -> I1=3 I2=4 I3=4 I4=4 I5=4 I6=4 I7=3 I8=4 min=3 mean=3.8 max=4 (38.1s)
[352/405] hidden=[48, 48, 48] omega0=25.0 lr=0.0002 epochs=3000 npp=512 seed=137 ...
  Epoch     1/3000  loss=3.4413e-01  lr=2.00e-04  (0.0s)
    -> I1=4 I2=3 I3=4 I4=5 I5=3 I6=3 I7=3 I8=4 min=3 mean=3.6 max=5 (38.5s)
[353/405] hidden=[48, 48, 48] omega0=25.0 lr=0.0002 epochs=3000 npp=512 seed=2024 ...
  Epoch     1/3000  loss=3.8109e-01  lr=2.00e-04  (0.0s)
    -> I1=3 I2=5 I3=5 I4=5 I5=3 I6=4 I7=3 I8=3 min=3 mean=3.9 max=5 (38.4s)
[354/405] hidden=[48, 48, 48] omega0=25.0 lr=0.0002 epochs=3000 npp=512 seed=7 ...
  Epoch     1/3000  loss=3.3741e-01  lr=2.00e-04  (0.0s)
    -> I1=3 I2=5 I3=3 I4=4 I5=3 I6=4 I7=3 I8=4 min=3 mean=3.6 max=5 (38.5s)
[355/405] hidden=[48, 48, 48] omega0=25.0 lr=0.0002 epochs=3000 npp=512 seed=999 ...
  Epoch     1/3000  loss=4.1008e-01  lr=2.00e-04  (0.0s)
    -> I1=3 I2=3 I3=3 I4=4 I5=3 I6=3 I7=3 I8=4 min=3 mean=3.2 max=4 (38.2s)
[356/405] hidden=[48, 48, 48] omega0=25.0 lr=0.0002 epochs=3000 npp=1024 seed=42 ...
  Epoch     1/3000  loss=3.5381e-01  lr=2.00e-04  (0.0s)
    -> I1=4 I2=4 I3=4 I4=4 I5=3 I6=5 I7=5 I8=5 min=3 mean=4.2 max=5 (38.6s)
[357/405] hidden=[48, 48, 48] omega0=25.0 lr=0.0002 epochs=3000 npp=1024 seed=137 ...
  Epoch     1/3000  loss=3.7172e-01  lr=2.00e-04  (0.0s)
    -> I1=3 I2=3 I3=3 I4=4 I5=4 I6=3 I7=4 I8=4 min=3 mean=3.5 max=4 (38.4s)
[358/405] hidden=[48, 48, 48] omega0=25.0 lr=0.0002 epochs=3000 npp=1024 seed=2024 ...
  Epoch     1/3000  loss=3.7526e-01  lr=2.00e-04  (0.0s)
    -> I1=4 I2=4 I3=3 I4=4 I5=3 I6=4 I7=3 I8=4 min=3 mean=3.6 max=4 (38.3s)
[359/405] hidden=[48, 48, 48] omega0=25.0 lr=0.0002 epochs=3000 npp=1024 seed=7 ...
  Epoch     1/3000  loss=3.6805e-01  lr=2.00e-04  (0.0s)
    -> I1=3 I2=4 I3=3 I4=4 I5=4 I6=4 I7=4 I8=4 min=3 mean=3.8 max=4 (38.5s)
[360/405] hidden=[48, 48, 48] omega0=25.0 lr=0.0002 epochs=3000 npp=1024 seed=999 ...
  Epoch     1/3000  loss=3.6932e-01  lr=2.00e-04  (0.0s)
    -> I1=3 I2=3 I3=3 I4=5 I5=4 I6=4 I7=3 I8=4 min=3 mean=3.6 max=5 (38.5s)
[361/405] hidden=[48, 48, 48] omega0=25.0 lr=5e-05 epochs=4000 npp=256 seed=42 ...
  Epoch     1/4000  loss=4.2040e-01  lr=5.00e-05  (0.0s)
    -> I1=2 I2=3 I3=3 I4=4 I5=3 I6=3 I7=3 I8=3 min=2 mean=3.0 max=4 (50.5s)
[362/405] hidden=[48, 48, 48] omega0=25.0 lr=5e-05 epochs=4000 npp=256 seed=137 ...
  Epoch     1/4000  loss=3.2757e-01  lr=5.00e-05  (0.0s)
    -> I1=3 I2=3 I3=3 I4=5 I5=4 I6=4 I7=3 I8=4 min=3 mean=3.6 max=5 (50.1s)
[363/405] hidden=[48, 48, 48] omega0=25.0 lr=5e-05 epochs=4000 npp=256 seed=2024 ...
  Epoch     1/4000  loss=3.4693e-01  lr=5.00e-05  (0.0s)
    -> I1=3 I2=2 I3=3 I4=4 I5=3 I6=2 I7=2 I8=4 min=2 mean=2.9 max=4 (50.1s)
[364/405] hidden=[48, 48, 48] omega0=25.0 lr=5e-05 epochs=4000 npp=256 seed=7 ...
  Epoch     1/4000  loss=3.8664e-01  lr=5.00e-05  (0.0s)
    -> I1=3 I2=3 I3=4 I4=3 I5=2 I6=3 I7=3 I8=3 min=2 mean=3.0 max=4 (50.3s)
[365/405] hidden=[48, 48, 48] omega0=25.0 lr=5e-05 epochs=4000 npp=256 seed=999 ...
  Epoch     1/4000  loss=3.8083e-01  lr=5.00e-05  (0.0s)
    -> I1=2 I2=3 I3=3 I4=4 I5=2 I6=2 I7=3 I8=3 min=2 mean=2.8 max=4 (49.9s)
[366/405] hidden=[48, 48, 48] omega0=25.0 lr=5e-05 epochs=4000 npp=512 seed=42 ...
  Epoch     1/4000  loss=3.5174e-01  lr=5.00e-05  (0.0s)
    -> I1=3 I2=3 I3=4 I4=4 I5=3 I6=2 I7=3 I8=3 min=2 mean=3.1 max=4 (50.9s)
[367/405] hidden=[48, 48, 48] omega0=25.0 lr=5e-05 epochs=4000 npp=512 seed=137 ...
  Epoch     1/4000  loss=3.4413e-01  lr=5.00e-05  (0.0s)
    -> I1=3 I2=3 I3=3 I4=3 I5=3 I6=3 I7=3 I8=4 min=3 mean=3.1 max=4 (51.1s)
[368/405] hidden=[48, 48, 48] omega0=25.0 lr=5e-05 epochs=4000 npp=512 seed=2024 ...
  Epoch     1/4000  loss=3.8109e-01  lr=5.00e-05  (0.0s)
    -> I1=3 I2=3 I3=3 I4=4 I5=2 I6=2 I7=3 I8=3 min=2 mean=2.9 max=4 (51.2s)
[369/405] hidden=[48, 48, 48] omega0=25.0 lr=5e-05 epochs=4000 npp=512 seed=7 ...
  Epoch     1/4000  loss=3.3741e-01  lr=5.00e-05  (0.0s)
    -> I1=3 I2=3 I3=3 I4=3 I5=3 I6=3 I7=4 I8=3 min=3 mean=3.1 max=4 (51.4s)
[370/405] hidden=[48, 48, 48] omega0=25.0 lr=5e-05 epochs=4000 npp=512 seed=999 ...
  Epoch     1/4000  loss=4.1008e-01  lr=5.00e-05  (0.0s)
    -> I1=3 I2=3 I3=4 I4=5 I5=3 I6=2 I7=3 I8=4 min=2 mean=3.4 max=5 (51.1s)
[371/405] hidden=[48, 48, 48] omega0=25.0 lr=5e-05 epochs=4000 npp=1024 seed=42 ...
  Epoch     1/4000  loss=3.5381e-01  lr=5.00e-05  (0.0s)
    -> I1=5 I2=4 I3=3 I4=4 I5=3 I6=3 I7=4 I8=3 min=3 mean=3.6 max=5 (51.4s)
[372/405] hidden=[48, 48, 48] omega0=25.0 lr=5e-05 epochs=4000 npp=1024 seed=137 ...
  Epoch     1/4000  loss=3.7172e-01  lr=5.00e-05  (0.0s)
    -> I1=3 I2=4 I3=3 I4=4 I5=2 I6=4 I7=3 I8=4 min=2 mean=3.4 max=4 (51.8s)
[373/405] hidden=[48, 48, 48] omega0=25.0 lr=5e-05 epochs=4000 npp=1024 seed=2024 ...
  Epoch     1/4000  loss=3.7526e-01  lr=5.00e-05  (0.0s)
    -> I1=3 I2=3 I3=3 I4=4 I5=4 I6=2 I7=3 I8=3 min=2 mean=3.1 max=4 (51.4s)
[374/405] hidden=[48, 48, 48] omega0=25.0 lr=5e-05 epochs=4000 npp=1024 seed=7 ...
  Epoch     1/4000  loss=3.6805e-01  lr=5.00e-05  (0.0s)
    -> I1=3 I2=4 I3=3 I4=4 I5=3 I6=3 I7=3 I8=4 min=3 mean=3.4 max=4 (51.4s)
[375/405] hidden=[48, 48, 48] omega0=25.0 lr=5e-05 epochs=4000 npp=1024 seed=999 ...
  Epoch     1/4000  loss=3.6932e-01  lr=5.00e-05  (0.0s)
    -> I1=3 I2=3 I3=4 I4=3 I5=3 I6=2 I7=3 I8=4 min=2 mean=3.1 max=4 (51.2s)
[376/405] hidden=[48, 48, 48] omega0=25.0 lr=0.0001 epochs=4000 npp=256 seed=42 ...
  Epoch     1/4000  loss=4.2040e-01  lr=1.00e-04  (0.0s)
    -> I1=3 I2=4 I3=3 I4=5 I5=3 I6=3 I7=3 I8=4 min=3 mean=3.5 max=5 (50.1s)
[377/405] hidden=[48, 48, 48] omega0=25.0 lr=0.0001 epochs=4000 npp=256 seed=137 ...
  Epoch     1/4000  loss=3.2757e-01  lr=1.00e-04  (0.0s)
    -> I1=3 I2=4 I3=3 I4=4 I5=4 I6=3 I7=4 I8=3 min=3 mean=3.5 max=4 (50.3s)
[378/405] hidden=[48, 48, 48] omega0=25.0 lr=0.0001 epochs=4000 npp=256 seed=2024 ...
  Epoch     1/4000  loss=3.4693e-01  lr=1.00e-04  (0.0s)
    -> I1=3 I2=5 I3=3 I4=3 I5=3 I6=4 I7=3 I8=4 min=3 mean=3.5 max=5 (49.9s)
[379/405] hidden=[48, 48, 48] omega0=25.0 lr=0.0001 epochs=4000 npp=256 seed=7 ...
  Epoch     1/4000  loss=3.8664e-01  lr=1.00e-04  (0.0s)
    -> I1=3 I2=3 I3=3 I4=5 I5=3 I6=3 I7=3 I8=3 min=3 mean=3.2 max=5 (50.4s)
[380/405] hidden=[48, 48, 48] omega0=25.0 lr=0.0001 epochs=4000 npp=256 seed=999 ...
  Epoch     1/4000  loss=3.8083e-01  lr=1.00e-04  (0.0s)
    -> I1=3 I2=4 I3=3 I4=4 I5=3 I6=3 I7=3 I8=3 min=3 mean=3.2 max=4 (50.0s)
[381/405] hidden=[48, 48, 48] omega0=25.0 lr=0.0001 epochs=4000 npp=512 seed=42 ...
  Epoch     1/4000  loss=3.5174e-01  lr=1.00e-04  (0.0s)
    -> I1=4 I2=4 I3=3 I4=4 I5=3 I6=4 I7=3 I8=5 min=3 mean=3.8 max=5 (51.2s)
[382/405] hidden=[48, 48, 48] omega0=25.0 lr=0.0001 epochs=4000 npp=512 seed=137 ...
  Epoch     1/4000  loss=3.4413e-01  lr=1.00e-04  (0.0s)
    -> I1=3 I2=3 I3=3 I4=4 I5=3 I6=4 I7=4 I8=4 min=3 mean=3.5 max=4 (51.4s)
[383/405] hidden=[48, 48, 48] omega0=25.0 lr=0.0001 epochs=4000 npp=512 seed=2024 ...
  Epoch     1/4000  loss=3.8109e-01  lr=1.00e-04  (0.0s)
    -> I1=4 I2=3 I3=3 I4=4 I5=3 I6=3 I7=3 I8=4 min=3 mean=3.4 max=4 (51.5s)
[384/405] hidden=[48, 48, 48] omega0=25.0 lr=0.0001 epochs=4000 npp=512 seed=7 ...
  Epoch     1/4000  loss=3.3741e-01  lr=1.00e-04  (0.0s)
    -> I1=3 I2=4 I3=4 I4=4 I5=3 I6=4 I7=3 I8=4 min=3 mean=3.6 max=4 (51.3s)
[385/405] hidden=[48, 48, 48] omega0=25.0 lr=0.0001 epochs=4000 npp=512 seed=999 ...
  Epoch     1/4000  loss=4.1008e-01  lr=1.00e-04  (0.0s)
    -> I1=4 I2=3 I3=3 I4=4 I5=3 I6=4 I7=3 I8=5 min=3 mean=3.6 max=5 (51.4s)
[386/405] hidden=[48, 48, 48] omega0=25.0 lr=0.0001 epochs=4000 npp=1024 seed=42 ...
  Epoch     1/4000  loss=3.5381e-01  lr=1.00e-04  (0.0s)
    -> I1=3 I2=4 I3=4 I4=5 I5=3 I6=4 I7=4 I8=4 min=3 mean=3.9 max=5 (51.2s)
[387/405] hidden=[48, 48, 48] omega0=25.0 lr=0.0001 epochs=4000 npp=1024 seed=137 ...
  Epoch     1/4000  loss=3.7172e-01  lr=1.00e-04  (0.0s)
    -> I1=3 I2=4 I3=4 I4=4 I5=5 I6=4 I7=4 I8=4 min=3 mean=4.0 max=5 (51.6s)
[388/405] hidden=[48, 48, 48] omega0=25.0 lr=0.0001 epochs=4000 npp=1024 seed=2024 ...
  Epoch     1/4000  loss=3.7526e-01  lr=1.00e-04  (0.0s)
    -> I1=3 I2=4 I3=3 I4=4 I5=4 I6=4 I7=5 I8=4 min=3 mean=3.9 max=5 (51.9s)
[389/405] hidden=[48, 48, 48] omega0=25.0 lr=0.0001 epochs=4000 npp=1024 seed=7 ...
  Epoch     1/4000  loss=3.6805e-01  lr=1.00e-04  (0.0s)
    -> I1=4 I2=4 I3=4 I4=5 I5=3 I6=4 I7=3 I8=4 min=3 mean=3.9 max=5 (52.1s)
[390/405] hidden=[48, 48, 48] omega0=25.0 lr=0.0001 epochs=4000 npp=1024 seed=999 ...
  Epoch     1/4000  loss=3.6932e-01  lr=1.00e-04  (0.0s)
    -> I1=4 I2=4 I3=4 I4=4 I5=3 I6=4 I7=3 I8=4 min=3 mean=3.8 max=4 (51.3s)
[391/405] hidden=[48, 48, 48] omega0=25.0 lr=0.0002 epochs=4000 npp=256 seed=42 ...
  Epoch     1/4000  loss=4.2040e-01  lr=2.00e-04  (0.0s)
    -> I1=3 I2=3 I3=5 I4=4 I5=4 I6=4 I7=3 I8=4 min=3 mean=3.8 max=5 (50.4s)
[392/405] hidden=[48, 48, 48] omega0=25.0 lr=0.0002 epochs=4000 npp=256 seed=137 ...
  Epoch     1/4000  loss=3.2757e-01  lr=2.00e-04  (0.0s)
    -> I1=3 I2=3 I3=3 I4=4 I5=3 I6=3 I7=3 I8=3 min=3 mean=3.1 max=4 (50.0s)
[393/405] hidden=[48, 48, 48] omega0=25.0 lr=0.0002 epochs=4000 npp=256 seed=2024 ...
  Epoch     1/4000  loss=3.4693e-01  lr=2.00e-04  (0.0s)
    -> I1=5 I2=3 I3=4 I4=4 I5=3 I6=3 I7=3 I8=3 min=3 mean=3.5 max=5 (50.0s)
[394/405] hidden=[48, 48, 48] omega0=25.0 lr=0.0002 epochs=4000 npp=256 seed=7 ...
  Epoch     1/4000  loss=3.8664e-01  lr=2.00e-04  (0.0s)
    -> I1=3 I2=3 I3=4 I4=4 I5=3 I6=4 I7=4 I8=4 min=3 mean=3.6 max=4 (49.9s)
[395/405] hidden=[48, 48, 48] omega0=25.0 lr=0.0002 epochs=4000 npp=256 seed=999 ...
  Epoch     1/4000  loss=3.8083e-01  lr=2.00e-04  (0.0s)
    -> I1=3 I2=4 I3=4 I4=4 I5=3 I6=4 I7=3 I8=4 min=3 mean=3.6 max=4 (49.7s)
[396/405] hidden=[48, 48, 48] omega0=25.0 lr=0.0002 epochs=4000 npp=512 seed=42 ...
  Epoch     1/4000  loss=3.5174e-01  lr=2.00e-04  (0.0s)
    -> I1=4 I2=4 I3=5 I4=4 I5=3 I6=4 I7=5 I8=4 min=3 mean=4.1 max=5 (51.3s)
[397/405] hidden=[48, 48, 48] omega0=25.0 lr=0.0002 epochs=4000 npp=512 seed=137 ...
  Epoch     1/4000  loss=3.4413e-01  lr=2.00e-04  (0.0s)
    -> I1=3 I2=4 I3=4 I4=4 I5=4 I6=3 I7=3 I8=4 min=3 mean=3.6 max=4 (51.2s)
[398/405] hidden=[48, 48, 48] omega0=25.0 lr=0.0002 epochs=4000 npp=512 seed=2024 ...
  Epoch     1/4000  loss=3.8109e-01  lr=2.00e-04  (0.0s)
    -> I1=3 I2=6 I3=4 I4=4 I5=3 I6=3 I7=5 I8=4 min=3 mean=4.0 max=6 (51.1s)
[399/405] hidden=[48, 48, 48] omega0=25.0 lr=0.0002 epochs=4000 npp=512 seed=7 ...
  Epoch     1/4000  loss=3.3741e-01  lr=2.00e-04  (0.0s)
    -> I1=3 I2=4 I3=4 I4=4 I5=4 I6=4 I7=3 I8=4 min=3 mean=3.8 max=4 (51.1s)
[400/405] hidden=[48, 48, 48] omega0=25.0 lr=0.0002 epochs=4000 npp=512 seed=999 ...
  Epoch     1/4000  loss=4.1008e-01  lr=2.00e-04  (0.0s)
    -> I1=3 I2=4 I3=3 I4=5 I5=4 I6=3 I7=3 I8=4 min=3 mean=3.6 max=5 (51.0s)
[401/405] hidden=[48, 48, 48] omega0=25.0 lr=0.0002 epochs=4000 npp=1024 seed=42 ...
  Epoch     1/4000  loss=3.5381e-01  lr=2.00e-04  (0.0s)
    -> I1=4 I2=4 I3=4 I4=4 I5=3 I6=4 I7=5 I8=4 min=3 mean=4.0 max=5 (51.2s)
[402/405] hidden=[48, 48, 48] omega0=25.0 lr=0.0002 epochs=4000 npp=1024 seed=137 ...
  Epoch     1/4000  loss=3.7172e-01  lr=2.00e-04  (0.0s)
    -> I1=3 I2=4 I3=4 I4=4 I5=3 I6=3 I7=3 I8=4 min=3 mean=3.5 max=4 (51.5s)
[403/405] hidden=[48, 48, 48] omega0=25.0 lr=0.0002 epochs=4000 npp=1024 seed=2024 ...
  Epoch     1/4000  loss=3.7526e-01  lr=2.00e-04  (0.0s)
    -> I1=3 I2=4 I3=4 I4=4 I5=3 I6=4 I7=4 I8=4 min=3 mean=3.8 max=4 (51.2s)
[404/405] hidden=[48, 48, 48] omega0=25.0 lr=0.0002 epochs=4000 npp=1024 seed=7 ...
  Epoch     1/4000  loss=3.6805e-01  lr=2.00e-04  (0.0s)
    -> I1=3 I2=4 I3=3 I4=5 I5=3 I6=4 I7=3 I8=5 min=3 mean=3.8 max=5 (51.4s)
[405/405] hidden=[48, 48, 48] omega0=25.0 lr=0.0002 epochs=4000 npp=1024 seed=999 ...
  Epoch     1/4000  loss=3.6932e-01  lr=2.00e-04  (0.0s)
    -> I1=3 I2=4 I3=4 I4=4 I5=3 I6=4 I7=3 I8=5 min=3 mean=3.8 max=5 (50.8s)

============================================================================================================================================
  RANKED RESULTS (best first) — GPU 2
============================================================================================================================================
    # hidden           omega0       lr epochs   npp  seed   min_loss mean_relerr  I1  I2  I3  I4  I5  I6  I7  I8  min  mean  max   time
--------------------------------------------------------------------------------------------------------------------------------------------
    1 [48, 48, 48]       20.0  2.0e-04   3000  1024   999  1.615e-03   1.851e-03   4   4   4   4   4   5   4   4    4   4.1    5   38.8
    2 [48, 48, 48]       20.0  2.0e-04   4000  1024    42  8.654e-04   1.477e-03   3   4   3   4   4   4   4   5    3   3.9    5   51.6
    3 [48, 48, 48]       15.0  2.0e-04   4000   512  2024  8.415e-04   1.807e-03   3   4   4   4   3   4   4   5    3   3.9    5   51.2
    4 [48, 48, 48]       20.0  2.0e-04   3000  1024    42  1.312e-03   1.890e-03   3   5   4   4   4   4   4   4    3   4.0    5   38.5
    5 [48, 48, 48]       20.0  2.0e-04   4000   512     7  1.220e-03   1.902e-03   3   4   4   4   4   4   3   5    3   3.9    5   50.9
    6 [48, 48, 48]       25.0  2.0e-04   3000  1024    42  1.310e-03   1.950e-03   4   4   4   4   3   5   5   5    3   4.2    5   38.6
    7 [48, 48, 48]       20.0  2.0e-04   3000  1024  2024  1.787e-03   1.971e-03   5   4   4   4   3   3   5   5    3   4.1    5   38.6
    8 [48, 48, 48]       20.0  2.0e-04   4000   256   999  1.839e-03   2.018e-03   4   4   4   4   3   4   4   5    3   4.0    5   50.1
    9 [48, 48, 48]       25.0  1.0e-04   4000  1024   137  2.276e-03   2.072e-03   3   4   4   4   5   4   4   4    3   4.0    5   51.6
   10 [48, 48, 48]       15.0  2.0e-04   4000  1024  2024  7.488e-04   2.091e-03   4   4   4   4   3   4   3   4    3   3.8    4   51.6
   11 [48, 48, 48]       15.0  2.0e-04   4000  1024    42  9.547e-04   2.102e-03   4   4   3   4   3   5   4   4    3   3.9    5   51.4
   12 [48, 48, 48]       25.0  1.0e-04   4000  1024  2024  2.170e-03   2.110e-03   3   4   3   4   4   4   5   4    3   3.9    5   51.9
   13 [48, 48, 48]       25.0  2.0e-04   3000  1024     7  1.498e-03   2.197e-03   3   4   3   4   4   4   4   4    3   3.8    4   38.5
   14 [48, 48, 48]       25.0  2.0e-04   4000  1024    42  8.542e-04   2.251e-03   4   4   4   4   3   4   5   4    3   4.0    5   51.2
   15 [48, 48, 48]       25.0  1.0e-04   4000  1024     7  1.863e-03   2.253e-03   4   4   4   5   3   4   3   4    3   3.9    5   52.1
   16 [48, 48, 48]       25.0  2.0e-04   4000  1024     7  9.653e-04   2.407e-03   3   4   3   5   3   4   3   5    3   3.8    5   51.4
   17 [48, 48, 48]       25.0  1.0e-04   4000  1024    42  1.705e-03   2.427e-03   3   4   4   5   3   4   4   4    3   3.9    5   51.2
   18 [48, 48, 48]       25.0  2.0e-04   3000   512    42  1.689e-03   2.473e-03   3   4   4   4   4   4   3   4    3   3.8    4   38.1
   19 [48, 48, 48]       25.0  1.0e-04   4000  1024   999  2.468e-03   2.525e-03   4   4   4   4   3   4   3   4    3   3.8    4   51.3
   20 [48, 48, 48]       20.0  2.0e-04   4000  1024  2024  1.163e-03   2.603e-03   3   5   4   4   3   3   4   4    3   3.8    5   51.4
   21 [48, 48, 48]       20.0  2.0e-04   3000   256    42  1.878e-03   2.615e-03   3   5   5   4   4   3   3   4    3   3.9    5   37.7
   22 [48, 48, 48]       15.0  2.0e-04   4000  1024     7  9.751e-04   2.638e-03   3   4   4   4   3   4   4   4    3   3.8    4   51.5
   23 [48, 48, 48]       20.0  2.0e-04   2000   512     7  2.989e-03   2.644e-03   3   4   3   4   4   4   3   5    3   3.8    5   25.8
   24 [48, 48, 48]       15.0  2.0e-04   3000  1024    42  1.408e-03   2.662e-03   4   3   4   4   3   3   3   6    3   3.8    6   38.8
   25 [48, 48, 48]       20.0  1.0e-04   4000   512    42  2.249e-03   2.686e-03   3   4   3   4   3   4   4   5    3   3.8    5   51.1
   26 [48, 48, 48]       25.0  2.0e-04   4000   512    42  1.131e-03   2.704e-03   4   4   5   4   3   4   5   4    3   4.1    5   51.3
   27 [48, 48, 48]       20.0  2.0e-04   4000  1024   999  1.055e-03   2.762e-03   3   3   4   5   4   4   3   4    3   3.8    5   51.5
   28 [48, 48, 48]       20.0  1.0e-04   4000  1024     7  2.038e-03   2.793e-03   3   3   3   4   3   4   4   4    3   3.5    4   51.5
   29 [48, 48, 48]       15.0  2.0e-04   3000   256   999  2.387e-03   2.805e-03   3   3   4   4   3   4   4   4    3   3.6    4   37.5
   30 [48, 48, 48]       15.0  2.0e-04   3000   512  2024  1.329e-03   2.821e-03   3   4   4   5   3   3   3   4    3   3.6    5   38.4
   31 [48, 48, 48]       15.0  2.0e-04   4000   512    42  1.151e-03   2.853e-03   4   4   3   4   3   3   3   4    3   3.5    4   51.3
   32 [48, 48, 48]       25.0  1.0e-04   3000  1024   137  3.622e-03   2.862e-03   3   3   4   4   4   4   3   4    3   3.6    4   38.8
   33 [48, 48, 48]       25.0  2.0e-04   4000  1024  2024  9.469e-04   2.887e-03   3   4   4   4   3   4   4   4    3   3.8    4   51.2
   34 [48, 48, 48]       25.0  2.0e-04   4000  1024   999  1.206e-03   2.947e-03   3   4   4   4   3   4   3   5    3   3.8    5   50.8
   35 [48, 48, 48]       20.0  1.0e-04   4000  1024  2024  2.437e-03   2.964e-03   3   3   4   4   4   3   4   4    3   3.6    4   51.5
   36 [48, 48, 48]       25.0  2.0e-04   4000   256     7  1.527e-03   2.966e-03   3   3   4   4   3   4   4   4    3   3.6    4   49.9
   37 [48, 48, 48]       20.0  2.0e-04   3000   512   999  2.052e-03   3.003e-03   3   5   4   5   3   4   3   4    3   3.9    5   38.4
   38 [48, 48, 48]       15.0  2.0e-04   3000  1024     7  1.528e-03   3.006e-03   4   3   4   4   3   3   4   4    3   3.6    4   38.7
   39 [48, 48, 48]       25.0  2.0e-04   4000   512  2024  1.034e-03   3.010e-03   3   6   4   4   3   3   5   4    3   4.0    6   51.1
   40 [48, 48, 48]       25.0  2.0e-04   3000   512  2024  1.703e-03   3.010e-03   3   5   5   5   3   4   3   3    3   3.9    5   38.4
   41 [48, 48, 48]       15.0  2.0e-04   3000  1024  2024  1.099e-03   3.015e-03   3   4   4   5   3   4   3   4    3   3.8    5   38.7
   42 [48, 48, 48]       15.0  2.0e-04   4000   512   999  1.445e-03   3.018e-03   4   4   4   5   3   4   3   4    3   3.9    5   51.3
   43 [48, 48, 48]       20.0  2.0e-04   2000  1024    42  2.254e-03   3.031e-03   4   4   4   4   4   3   3   4    3   3.8    4   25.6
   44 [48, 48, 48]       15.0  2.0e-04   4000  1024   137  6.444e-04   3.039e-03   3   4   4   4   3   3   3   4    3   3.5    4   51.5
   45 [48, 48, 48]       20.0  2.0e-04   4000  1024     7  1.024e-03   3.059e-03   3   3   3   4   3   4   3   5    3   3.5    5   51.2
   46 [48, 48, 48]       25.0  2.0e-04   4000   512   137  1.506e-03   3.068e-03   3   4   4   4   4   3   3   4    3   3.6    4   51.2
   47 [48, 48, 48]       25.0  2.0e-04   2000  1024    42  2.294e-03   3.073e-03   3   3   4   4   3   4   3   5    3   3.6    5   25.9
   48 [48, 48, 48]       25.0  1.0e-04   3000  1024     7  2.771e-03   3.111e-03   3   4   3   4   3   3   3   4    3   3.4    4   38.8
   49 [48, 48, 48]       20.0  2.0e-04   2000   256   137  3.648e-03   3.141e-03   3   4   3   4   3   4   4   4    3   3.6    4   25.2
   50 [48, 48, 48]       15.0  2.0e-04   2000   512  2024  2.288e-03   3.200e-03   3   3   4   4   3   3   3   4    3   3.4    4   25.6
   51 [48, 48, 48]       20.0  2.0e-04   2000   256   999  3.963e-03   3.201e-03   4   4   3   4   3   3   3   4    3   3.5    4   24.9
   52 [48, 48, 48]       25.0  1.0e-04   3000  1024   999  3.871e-03   3.207e-03   3   3   4   4   4   3   3   5    3   3.6    5   38.8
   53 [48, 48, 48]       20.0  1.0e-04   4000   512     7  2.594e-03   3.212e-03   4   3   4   4   3   3   4   6    3   3.9    6   51.4
   54 [48, 48, 48]       20.0  2.0e-04   3000   512    42  1.676e-03   3.231e-03   4   4   4   4   3   3   4   4    3   3.8    4   38.7
   55 [48, 48, 48]       25.0  2.0e-04   3000   512   137  2.233e-03   3.231e-03   4   3   4   5   3   3   3   4    3   3.6    5   38.5
   56 [48, 48, 48]       20.0  1.0e-04   3000  1024     7  2.976e-03   3.236e-03   4   3   3   5   3   4   3   4    3   3.6    5   38.6
   57 [48, 48, 48]       15.0  2.0e-04   4000   512     7  1.299e-03   3.253e-03   3   3   4   4   3   4   4   4    3   3.6    4   51.2
   58 [48, 48, 48]       20.0  1.0e-04   4000   512  2024  2.578e-03   3.285e-03   3   3   4   4   3   3   4   5    3   3.6    5   51.1
   59 [48, 48, 48]       20.0  2.0e-04   3000  1024   137  1.354e-03   3.317e-03   3   3   4   4   3   3   3   4    3   3.4    4   38.5
   60 [48, 48, 48]       15.0  1.0e-04   4000   512     7  2.865e-03   3.318e-03   3   4   5   5   3   3   3   4    3   3.8    5   51.4
   61 [48, 48, 48]       15.0  2.0e-04   3000   512    42  1.715e-03   3.338e-03   3   4   4   4   3   3   4   4    3   3.6    4   38.3
   62 [48, 48, 48]       15.0  2.0e-04   2000  1024     7  2.724e-03   3.360e-03   3   3   4   4   3   3   4   4    3   3.5    4   25.6
   63 [48, 48, 48]       15.0  2.0e-04   4000   256     7  1.735e-03   3.364e-03   3   4   4   4   3   4   3   4    3   3.6    4   50.3
   64 [48, 48, 48]       20.0  1.0e-04   4000   256    42  2.915e-03   3.380e-03   3   4   4   4   3   3   4   4    3   3.6    4   50.0
   65 [48, 48, 48]       20.0  2.0e-04   4000  1024   137  8.892e-04   3.407e-03   3   4   3   5   3   3   3   4    3   3.5    5   51.8
   66 [48, 48, 48]       20.0  1.0e-04   4000  1024    42  1.648e-03   3.427e-03   3   4   3   4   3   3   3   5    3   3.5    5   52.1
   67 [48, 48, 48]       25.0  2.0e-04   4000   512     7  1.213e-03   3.439e-03   3   4   4   4   4   4   3   4    3   3.8    4   51.1
   68 [48, 48, 48]       20.0  2.0e-04   4000   256   137  1.420e-03   3.469e-03   3   3   4   5   3   3   3   4    3   3.5    5   50.2
   69 [48, 48, 48]       15.0  2.0e-04   2000   256    42  3.578e-03   3.479e-03   3   4   3   4   3   3   4   4    3   3.5    4   25.2
   70 [48, 48, 48]       25.0  2.0e-04   3000  1024   999  1.812e-03   3.512e-03   3   3   3   5   4   4   3   4    3   3.6    5   38.5
   71 [48, 48, 48]       20.0  2.0e-04   2000  1024   137  2.522e-03   3.545e-03   4   4   3   4   3   3   3   4    3   3.5    4   25.8
   72 [48, 48, 48]       25.0  1.0e-04   4000   512     7  2.613e-03   3.548e-03   3   4   4   4   3   4   3   4    3   3.6    4   51.3
   73 [48, 48, 48]       25.0  5.0e-05   4000  1024    42  3.911e-03   3.591e-03   5   4   3   4   3   3   4   3    3   3.6    5   51.4
   74 [48, 48, 48]       15.0  2.0e-04   3000   512   999  2.027e-03   3.591e-03   3   3   4   4   3   3   3   4    3   3.4    4   38.5
   75 [48, 48, 48]       20.0  2.0e-04   2000  1024     7  2.768e-03   3.606e-03   3   3   4   4   3   4   4   4    3   3.6    4   25.9
   76 [48, 48, 48]       20.0  5.0e-05   4000   512   137  5.192e-03   3.609e-03   3   4   3   4   4   4   4   4    3   3.8    4   51.5
   77 [48, 48, 48]       25.0  2.0e-04   4000   256   999  1.790e-03   3.655e-03   3   4   4   4   3   4   3   4    3   3.6    4   49.7
   78 [48, 48, 48]       15.0  2.0e-04   2000  1024  2024  1.943e-03   3.678e-03   3   4   3   4   3   4   4   4    3   3.6    4   25.6
   79 [48, 48, 48]       25.0  2.0e-04   3000  1024  2024  1.348e-03   3.687e-03   4   4   3   4   3   4   3   4    3   3.6    4   38.3
   80 [48, 48, 48]       15.0  1.0e-04   4000   256   137  2.083e-03   3.703e-03   4   3   3   3   4   4   4   4    3   3.6    4   50.0
   81 [48, 48, 48]       25.0  2.0e-04   2000  1024   137  3.118e-03   3.728e-03   3   4   3   4   4   4   5   3    3   3.8    5   26.1
   82 [48, 48, 48]       20.0  2.0e-04   3000   512  2024  2.045e-03   3.737e-03   4   4   4   4   3   3   3   4    3   3.6    4   38.6
   83 [48, 48, 48]       25.0  2.0e-04   3000   256   137  2.360e-03   3.761e-03   4   4   3   4   3   4   3   4    3   3.6    4   38.5
   84 [48, 48, 48]       25.0  1.0e-04   3000  1024  2024  3.284e-03   3.761e-03   4   4   3   4   4   3   4   5    3   3.9    5   38.8
   85 [48, 48, 48]       20.0  2.0e-04   3000   256   137  2.109e-03   3.763e-03   3   3   3   5   3   3   3   4    3   3.4    5   37.7
   86 [48, 48, 48]       25.0  2.0e-04   2000  1024  2024  2.622e-03   3.830e-03   4   3   5   4   3   3   3   5    3   3.8    5   26.0
   87 [48, 48, 48]       25.0  2.0e-04   4000   256    42  1.486e-03   3.859e-03   3   3   5   4   4   4   3   4    3   3.8    5   50.4
   88 [48, 48, 48]       15.0  2.0e-04   4000   256   999  1.715e-03   3.881e-03   3   3   5   4   3   4   5   4    3   3.9    5   50.2
   89 [48, 48, 48]       25.0  2.0e-04   4000   512   999  1.480e-03   3.906e-03   3   4   3   5   4   3   3   4    3   3.6    5   51.0
   90 [48, 48, 48]       25.0  2.0e-04   2000  1024     7  2.704e-03   3.912e-03   3   4   4   4   3   4   3   3    3   3.5    4   26.0
   91 [48, 48, 48]       25.0  1.0e-04   4000   512  2024  2.291e-03   3.931e-03   4   3   3   4   3   3   3   4    3   3.4    4   51.5
   92 [48, 48, 48]       25.0  1.0e-04   4000   512   137  2.938e-03   3.932e-03   3   3   3   4   3   4   4   4    3   3.5    4   51.4
   93 [48, 48, 48]       15.0  1.0e-04   4000   512    42  2.159e-03   3.949e-03   3   4   3   4   4   4   3   4    3   3.6    4   51.4
   94 [48, 48, 48]       25.0  1.0e-04   3000  1024    42  2.640e-03   3.987e-03   3   4   3   5   3   3   4   4    3   3.6    5   39.0
   95 [48, 48, 48]       25.0  1.0e-04   3000   512   137  4.696e-03   4.003e-03   3   3   4   4   3   3   4   4    3   3.5    4   38.7
   96 [48, 48, 48]       20.0  1.0e-04   4000  1024   137  1.903e-03   4.051e-03   3   3   4   4   3   4   4   4    3   3.6    4   51.8
   97 [48, 48, 48]       20.0  2.0e-04   4000   512   999  1.363e-03   4.058e-03   3   4   3   4   3   3   3   4    3   3.4    4   51.0
   98 [48, 48, 48]       15.0  1.0e-04   4000  1024   137  1.343e-03   4.062e-03   3   4   3   4   3   3   3   4    3   3.4    4   51.4
   99 [48, 48, 48]       15.0  2.0e-04   3000   256     7  2.662e-03   4.066e-03   3   3   4   4   3   3   3   4    3   3.4    4   37.6
  100 [48, 48, 48]       20.0  2.0e-04   3000   256     7  2.084e-03   4.067e-03   3   3   3   4   3   3   4   4    3   3.4    4   37.7
  101 [48, 48, 48]       20.0  1.0e-04   4000   256   137  2.643e-03   4.067e-03   3   4   3   4   4   3   3   4    3   3.5    4   50.2
  102 [48, 48, 48]       15.0  2.0e-04   4000   256    42  1.651e-03   4.083e-03   3   3   4   4   3   3   3   4    3   3.4    4   50.3
  103 [48, 48, 48]       20.0  2.0e-04   4000   512    42  1.175e-03   4.105e-03   3   3   4   4   3   3   3   4    3   3.4    4   50.9
  104 [48, 48, 48]       20.0  1.0e-04   4000   512   999  3.106e-03   4.118e-03   3   4   3   4   4   3   3   4    3   3.5    4   51.3
  105 [48, 48, 48]       25.0  5.0e-05   4000   256   137  7.275e-03   4.129e-03   3   3   3   5   4   4   3   4    3   3.6    5   50.1
  106 [48, 48, 48]       25.0  2.0e-04   4000  1024   137  1.105e-03   4.154e-03   3   4   4   4   3   3   3   4    3   3.5    4   51.5
  107 [48, 48, 48]       15.0  2.0e-04   2000  1024   137  1.930e-03   4.285e-03   3   4   4   4   3   3   3   4    3   3.5    4   25.6
  108 [48, 48, 48]       20.0  2.0e-04   4000   256    42  1.329e-03   4.287e-03   3   3   4   4   3   3   3   5    3   3.5    5   50.4
  109 [48, 48, 48]       25.0  1.0e-04   2000  1024   137  6.436e-03   4.303e-03   4   3   4   5   3   4   3   3    3   3.6    5   25.8
  110 [48, 48, 48]       20.0  1.0e-04   3000   256    42  4.192e-03   4.330e-03   3   3   4   4   3   4   3   4    3   3.5    4   37.5
  111 [48, 48, 48]       25.0  1.0e-04   4000   512   999  3.172e-03   4.376e-03   4   3   3   4   3   4   3   5    3   3.6    5   51.4
  112 [48, 48, 48]       20.0  2.0e-04   2000  1024   999  2.793e-03   4.379e-03   3   4   4   4   3   3   3   4    3   3.5    4   25.8
  113 [48, 48, 48]       15.0  2.0e-04   3000   256   137  1.685e-03   4.385e-03   3   3   4   6   4   3   4   4    3   3.9    6   37.7
  114 [48, 48, 48]       25.0  1.0e-04   4000   512    42  2.205e-03   4.387e-03   4   4   3   4   3   4   3   5    3   3.8    5   51.2
  115 [48, 48, 48]       20.0  2.0e-04   2000   256     7  3.502e-03   4.422e-03   3   3   3   4   3   4   4   3    3   3.4    4   25.0
  116 [48, 48, 48]       15.0  1.0e-04   3000  1024  2024  2.229e-03   4.461e-03   3   3   3   4   3   3   4   4    3   3.4    4   38.8
  117 [48, 48, 48]       15.0  2.0e-04   3000  1024   999  1.708e-03   4.461e-03   3   3   4   4   3   4   3   4    3   3.5    4   38.8
  118 [48, 48, 48]       20.0  2.0e-04   3000   256   999  2.588e-03   4.489e-03   3   3   4   4   3   3   3   4    3   3.4    4   37.8
  119 [48, 48, 48]       20.0  1.0e-04   3000  1024    42  2.568e-03   4.509e-03   3   4   3   4   3   3   3   4    3   3.4    4   38.7
  120 [48, 48, 48]       20.0  1.0e-04   3000   512    42  3.245e-03   4.541e-03   3   3   3   4   3   3   4   4    3   3.4    4   38.9
  121 [48, 48, 48]       15.0  2.0e-04   3000   256  2024  1.733e-03   4.545e-03   4   4   3   5   3   4   3   4    3   3.8    5   37.7
  122 [48, 48, 48]       25.0  2.0e-04   3000   512     7  1.810e-03   4.549e-03   3   5   3   4   3   4   3   4    3   3.6    5   38.5
  123 [48, 48, 48]       20.0  1.0e-04   4000   256     7  2.869e-03   4.553e-03   3   3   3   4   3   3   3   4    3   3.2    4   50.2
  124 [48, 48, 48]       20.0  1.0e-04   4000  1024   999  2.257e-03   4.554e-03   3   3   4   4   3   4   3   4    3   3.5    4   51.3
  125 [48, 48, 48]       25.0  2.0e-04   3000  1024   137  1.747e-03   4.654e-03   3   3   3   4   4   3   4   4    3   3.5    4   38.4
  126 [48, 48, 48]       20.0  1.0e-04   4000   512   137  2.456e-03   4.665e-03   3   3   3   5   3   4   3   4    3   3.5    5   51.2
  127 [48, 48, 48]       20.0  2.0e-04   3000  1024     7  1.573e-03   4.707e-03   3   3   3   4   3   3   3   4    3   3.2    4   38.6
  128 [48, 48, 48]       20.0  2.0e-04   4000   256  2024  1.050e-03   4.724e-03   4   3   3   4   3   3   3   4    3   3.4    4   50.1
  129 [48, 48, 48]       25.0  5.0e-05   4000   512   137  6.275e-03   4.725e-03   3   3   3   3   3   3   3   4    3   3.1    4   51.1
  130 [48, 48, 48]       20.0  2.0e-04   4000   512  2024  1.368e-03   4.766e-03   4   3   3   4   3   4   3   3    3   3.4    4   51.0
  131 [48, 48, 48]       15.0  1.0e-04   4000  1024  2024  1.412e-03   4.767e-03   3   3   3   4   3   3   3   4    3   3.2    4   51.5
  132 [48, 48, 48]       25.0  1.0e-04   3000   512     7  4.072e-03   4.795e-03   3   4   4   4   3   4   3   4    3   3.6    4   38.5
  133 [48, 48, 48]       25.0  2.0e-04   2000  1024   999  3.192e-03   4.804e-03   3   3   3   5   3   3   3   4    3   3.4    5   25.8
  134 [48, 48, 48]       15.0  1.0e-04   4000  1024    42  2.007e-03   4.843e-03   3   3   3   4   3   3   4   4    3   3.4    4   51.4
  135 [48, 48, 48]       15.0  2.0e-04   4000  1024   999  1.132e-03   4.875e-03   3   3   4   4   3   3   3   5    3   3.5    5   51.4
  136 [48, 48, 48]       15.0  1.0e-04   4000   256    42  2.819e-03   4.896e-03   3   4   3   4   4   3   3   4    3   3.5    4   49.8
  137 [48, 48, 48]       25.0  2.0e-04   4000   256  2024  1.084e-03   4.932e-03   5   3   4   4   3   3   3   3    3   3.5    5   50.0
  138 [48, 48, 48]       15.0  1.0e-04   3000  1024   137  2.190e-03   4.973e-03   3   4   3   4   3   3   4   4    3   3.5    4   38.6
  139 [48, 48, 48]       25.0  1.0e-04   4000   256    42  2.745e-03   4.992e-03   3   4   3   5   3   3   3   4    3   3.5    5   50.1
  140 [48, 48, 48]       25.0  1.0e-04   4000   256     7  3.106e-03   5.026e-03   3   3   3   5   3   3   3   3    3   3.2    5   50.4
  141 [48, 48, 48]       25.0  2.0e-04   3000   256    42  1.992e-03   5.027e-03   3   4   3   4   3   3   3   4    3   3.4    4   38.5
  142 [48, 48, 48]       15.0  2.0e-04   4000   256   137  1.079e-03   5.031e-03   3   3   3   4   3   3   3   4    3   3.2    4   50.3
  143 [48, 48, 48]       15.0  1.0e-04   4000  1024     7  2.216e-03   5.044e-03   3   3   3   4   4   4   3   5    3   3.6    5   51.4
  144 [48, 48, 48]       20.0  2.0e-04   2000  1024  2024  3.188e-03   5.054e-03   3   4   3   4   6   3   4   4    3   3.9    6   25.8
  145 [48, 48, 48]       15.0  1.0e-04   3000   512    42  3.251e-03   5.061e-03   3   4   3   4   4   4   3   4    3   3.6    4   38.2
  146 [48, 48, 48]       25.0  2.0e-04   2000   256     7  3.684e-03   5.104e-03   3   3   3   5   3   3   4   3    3   3.4    5   25.2
  147 [48, 48, 48]       25.0  2.0e-04   3000   512   999  2.010e-03   5.108e-03   3   3   3   4   3   3   3   4    3   3.2    4   38.2
  148 [48, 48, 48]       15.0  1.0e-04   4000   512   999  2.903e-03   5.109e-03   3   3   3   6   3   3   3   4    3   3.5    6   51.5
  149 [48, 48, 48]       25.0  2.0e-04   2000   512     7  3.155e-03   5.128e-03   4   5   3   4   3   3   4   3    3   3.6    5   25.8
  150 [48, 48, 48]       25.0  2.0e-04   3000   256     7  2.197e-03   5.132e-03   3   3   3   4   3   4   3   4    3   3.4    4   37.6
  151 [48, 48, 48]       15.0  2.0e-04   3000   512     7  2.050e-03   5.132e-03   3   3   5   4   3   3   3   4    3   3.5    5   38.3
  152 [48, 48, 48]       15.0  2.0e-04   2000   512    42  2.971e-03   5.189e-03   3   3   3   3   3   3   4   4    3   3.2    4   26.1
  153 [48, 48, 48]       25.0  2.0e-04   3000   256   999  2.676e-03   5.259e-03   3   4   3   4   3   3   3   4    3   3.4    4   37.6
  154 [48, 48, 48]       15.0  1.0e-04   4000   512  2024  1.788e-03   5.326e-03   3   3   3   4   3   5   4   3    3   3.5    5   51.1
  155 [48, 48, 48]       25.0  1.0e-04   4000   256  2024  2.903e-03   5.327e-03   3   5   3   3   3   4   3   4    3   3.5    5   49.9
  156 [48, 48, 48]       15.0  2.0e-04   4000   256  2024  1.096e-03   5.343e-03   3   3   4   4   3   3   4   3    3   3.4    4   50.2
  157 [48, 48, 48]       20.0  5.0e-05   4000  1024   137  4.708e-03   5.362e-03   4   3   3   4   3   3   3   4    3   3.4    4   51.3
  158 [48, 48, 48]       15.0  2.0e-04   2000   256   999  3.951e-03   5.372e-03   3   3   5   5   3   3   3   4    3   3.6    5   25.6
  159 [48, 48, 48]       25.0  2.0e-04   2000   512   999  3.570e-03   5.389e-03   3   3   3   4   4   3   3   4    3   3.4    4   25.9
  160 [48, 48, 48]       25.0  2.0e-04   3000   256  2024  1.689e-03   5.523e-03   3   3   3   3   3   4   4   4    3   3.4    4   38.4
  161 [48, 48, 48]       20.0  2.0e-04   4000   256     7  1.393e-03   5.564e-03   3   3   3   4   3   3   3   5    3   3.4    5   50.2
  162 [48, 48, 48]       15.0  2.0e-04   3000  1024   137  1.026e-03   5.599e-03   3   3   3   4   3   3   3   4    3   3.2    4   38.4
  163 [48, 48, 48]       15.0  2.0e-04   2000   512   137  2.394e-03   5.611e-03   3   4   4   4   3   3   3   3    3   3.4    4   25.5
  164 [48, 48, 48]       20.0  2.0e-04   2000   512    42  2.688e-03   5.664e-03   3   4   3   4   3   3   3   4    3   3.4    4   25.6
  165 [48, 48, 48]       20.0  2.0e-04   3000   512     7  1.805e-03   5.736e-03   3   3   3   4   3   3   3   4    3   3.2    4   38.3
  166 [48, 48, 48]       20.0  1.0e-04   4000   256  2024  2.579e-03   5.739e-03   3   3   3   3   3   3   4   4    3   3.2    4   50.2
  167 [48, 48, 48]       25.0  2.0e-04   4000   256   137  1.712e-03   5.751e-03   3   3   3   4   3   3   3   3    3   3.1    4   50.0
  168 [48, 48, 48]       25.0  1.0e-04   3000   256  2024  4.426e-03   5.756e-03   3   3   4   3   3   4   3   3    3   3.2    4   37.7
  169 [48, 48, 48]       15.0  1.0e-04   4000  1024   999  2.283e-03   5.758e-03   3   3   4   4   3   4   3   4    3   3.5    4   51.4
  170 [48, 48, 48]       15.0  1.0e-04   3000  1024   999  3.331e-03   5.774e-03   4   3   3   4   3   5   3   4    3   3.6    5   38.7
  171 [48, 48, 48]       15.0  1.0e-04   4000   256     7  3.620e-03   5.779e-03   3   4   3   4   3   3   3   4    3   3.4    4   49.9
  172 [48, 48, 48]       20.0  1.0e-04   2000  1024     7  5.395e-03   5.790e-03   4   3   3   5   3   3   3   4    3   3.5    5   25.7
  173 [48, 48, 48]       15.0  1.0e-04   3000   256     7  5.084e-03   5.856e-03   3   4   3   4   3   4   3   4    3   3.5    4   37.6
  174 [48, 48, 48]       15.0  2.0e-04   2000  1024   999  2.934e-03   5.863e-03   3   3   3   4   3   4   3   4    3   3.4    4   25.6
  175 [48, 48, 48]       20.0  2.0e-04   2000   256  2024  2.958e-03   5.905e-03   3   3   3   4   3   3   4   4    3   3.4    4   25.1
  176 [48, 48, 48]       15.0  1.0e-04   4000   512   137  1.859e-03   5.948e-03   3   6   4   4   3   3   4   3    3   3.8    6   51.4
  177 [48, 48, 48]       20.0  1.0e-04   3000  1024  2024  3.839e-03   5.967e-03   4   3   4   4   4   3   3   4    3   3.6    4   38.7
  178 [48, 48, 48]       15.0  2.0e-04   2000  1024    42  2.312e-03   5.971e-03   3   3   3   4   3   3   3   4    3   3.2    4   25.6
  179 [48, 48, 48]       25.0  2.0e-04   2000   512  2024  3.152e-03   5.985e-03   3   3   4   4   4   3   3   3    3   3.4    4   25.8
  180 [48, 48, 48]       25.0  2.0e-04   2000   256   137  3.768e-03   6.007e-03   3   4   3   4   3   4   3   4    3   3.5    4   25.1
  181 [48, 48, 48]       20.0  2.0e-04   3000   256  2024  1.639e-03   6.009e-03   3   3   3   3   3   3   3   4    3   3.1    4   37.6
  182 [48, 48, 48]       15.0  1.0e-04   3000  1024    42  2.804e-03   6.024e-03   3   4   3   4   3   3   3   3    3   3.2    4   38.7
  183 [48, 48, 48]       15.0  2.0e-04   2000   256   137  2.800e-03   6.071e-03   3   3   3   3   3   3   3   4    3   3.1    4   25.1
  184 [48, 48, 48]       15.0  2.0e-04   4000   512   137  8.893e-04   6.134e-03   3   3   3   4   3   3   3   3    3   3.1    4   51.7
  185 [48, 48, 48]       20.0  1.0e-04   3000   256   137  3.874e-03   6.178e-03   3   4   3   4   3   4   3   4    3   3.5    4   37.6
  186 [48, 48, 48]       20.0  2.0e-04   2000   512   999  3.496e-03   6.222e-03   3   4   3   3   3   3   3   4    3   3.2    4   25.6
  187 [48, 48, 48]       20.0  5.0e-05   4000  1024     7  4.742e-03   6.236e-03   3   3   4   3   3   3   3   3    3   3.1    4   51.4
  188 [48, 48, 48]       20.0  2.0e-04   4000   512   137  1.218e-03   6.257e-03   3   4   3   4   3   3   3   4    3   3.4    4   51.5
  189 [48, 48, 48]       20.0  1.0e-04   4000   256   999  3.315e-03   6.316e-03   3   3   3   4   3   3   3   4    3   3.2    4   49.8
  190 [48, 48, 48]       25.0  5.0e-05   4000  1024     7  4.637e-03   6.325e-03   3   4   3   4   3   3   3   4    3   3.4    4   51.4
  191 [48, 48, 48]       15.0  1.0e-04   3000   256   137  3.335e-03   6.352e-03   3   3   3   3   3   4   3   4    3   3.2    4   37.6
  192 [48, 48, 48]       20.0  1.0e-04   3000   512  2024  4.077e-03   6.415e-03   3   3   5   4   3   3   3   4    3   3.5    5   38.4
  193 [48, 48, 48]       15.0  2.0e-04   2000   512   999  3.411e-03   6.417e-03   4   4   3   4   3   4   3   3    3   3.5    4   25.8
  194 [48, 48, 48]       20.0  5.0e-05   4000   512    42  4.569e-03   6.535e-03   3   3   3   4   3   3   4   5    3   3.5    5   51.2
  195 [48, 48, 48]       25.0  1.0e-04   2000   256   137  8.498e-03   6.535e-03   3   4   3   4   4   3   3   3    3   3.4    4   25.5
  196 [48, 48, 48]       20.0  2.0e-04   2000   512   137  3.419e-03   6.554e-03   3   3   4   4   3   3   4   4    3   3.5    4   25.9
  197 [48, 48, 48]       15.0  1.0e-04   4000   256   999  3.299e-03   6.608e-03   3   3   3   4   4   4   3   3    3   3.4    4   50.2
  198 [48, 48, 48]       15.0  1.0e-04   2000  1024   999  5.756e-03   6.808e-03   4   4   4   4   3   3   3   3    3   3.5    4   26.6
  199 [48, 48, 48]       25.0  1.0e-04   3000   512    42  3.207e-03   6.858e-03   3   3   3   4   3   4   3   6    3   3.6    6   38.5
  200 [48, 48, 48]       25.0  1.0e-04   2000   512   137  8.105e-03   6.888e-03   3   3   4   3   3   3   3   4    3   3.2    4   25.8
  201 [48, 48, 48]       15.0  2.0e-04   3000   512   137  1.404e-03   6.908e-03   3   3   3   4   3   3   3   3    3   3.1    4   38.7
  202 [48, 48, 48]       20.0  1.0e-04   3000   256  2024  4.022e-03   7.134e-03   4   4   3   3   3   3   3   4    3   3.4    4   37.5
  203 [48, 48, 48]       25.0  2.0e-04   2000   256   999  4.303e-03   7.286e-03   3   4   3   4   3   3   3   4    3   3.4    4   25.2
  204 [48, 48, 48]       15.0  5.0e-05   4000  1024    42  4.319e-03   7.370e-03   3   4   3   3   3   4   3   4    3   3.4    4   51.4
  205 [48, 48, 48]       20.0  1.0e-04   2000  1024    42  4.430e-03   7.385e-03   4   3   4   4   3   3   3   4    3   3.5    4   25.6
  206 [48, 48, 48]       25.0  1.0e-04   3000   512  2024  3.473e-03   7.432e-03   3   3   3   4   3   3   3   3    3   3.1    4   38.6
  207 [48, 48, 48]       15.0  1.0e-04   3000   256    42  3.938e-03   7.567e-03   3   3   3   3   3   3   3   4    3   3.1    4   37.5
  208 [48, 48, 48]       15.0  2.0e-04   2000   512     7  3.488e-03   7.715e-03   3   3   3   3   3   3   3   4    3   3.1    4   25.5
  209 [48, 48, 48]       20.0  5.0e-05   4000   256     7  6.149e-03   7.727e-03   3   5   3   4   3   3   3   3    3   3.4    5   50.1
  210 [48, 48, 48]       20.0  1.0e-04   3000   512   999  4.572e-03   7.730e-03   3   4   3   4   3   3   3   3    3   3.2    4   38.4
  211 [48, 48, 48]       15.0  1.0e-04   3000   512  2024  2.912e-03   7.841e-03   3   3   3   4   3   3   3   3    3   3.1    4   38.3
  212 [48, 48, 48]       25.0  1.0e-04   3000   512   999  4.617e-03   7.884e-03   3   3   3   4   3   3   3   4    3   3.2    4   38.4
  213 [48, 48, 48]       15.0  5.0e-05   4000  1024   137  3.403e-03   7.923e-03   3   3   3   3   3   3   4   3    3   3.1    4   51.6
  214 [48, 48, 48]       25.0  1.0e-04   4000   256   999  3.613e-03   7.992e-03   3   4   3   4   3   3   3   3    3   3.2    4   50.0
  215 [48, 48, 48]       15.0  1.0e-04   3000   512   137  2.901e-03   8.039e-03   3   3   3   4   3   3   3   3    3   3.1    4   38.3
  216 [48, 48, 48]       25.0  1.0e-04   3000   256    42  3.883e-03   8.186e-03   3   4   3   5   3   3   3   4    3   3.5    5   37.8
  217 [48, 48, 48]       15.0  1.0e-04   2000  1024    42  4.505e-03   8.205e-03   3   4   3   3   4   3   3   4    3   3.4    4   25.7
  218 [48, 48, 48]       25.0  1.0e-04   4000   256   137  3.491e-03   8.308e-03   3   4   3   4   4   3   4   3    3   3.5    4   50.3
  219 [48, 48, 48]       15.0  1.0e-04   3000   256   999  4.592e-03   8.378e-03   3   3   4   4   4   3   3   3    3   3.4    4   37.4
  220 [48, 48, 48]       20.0  5.0e-05   3000  1024   137  7.274e-03   8.539e-03   3   3   3   3   4   3   3   3    3   3.1    4   38.6
  221 [48, 48, 48]       15.0  5.0e-05   4000   256    42  6.190e-03   8.573e-03   3   3   4   4   3   3   3   3    3   3.2    4   50.1
  222 [48, 48, 48]       20.0  1.0e-04   3000   256   999  4.638e-03   8.573e-03   3   3   3   4   3   3   4   4    3   3.4    4   37.7
  223 [48, 48, 48]       25.0  1.0e-04   3000   256   137  4.993e-03   8.623e-03   3   3   3   4   3   3   3   3    3   3.1    4   37.7
  224 [48, 48, 48]       25.0  2.0e-04   2000   512    42  2.760e-03   8.733e-03   3   3   4   4   3   3   3   3    3   3.2    4   25.7
  225 [48, 48, 48]       25.0  5.0e-05   4000   512     7  5.396e-03   8.757e-03   3   3   3   3   3   3   4   3    3   3.1    4   51.4
  226 [48, 48, 48]       15.0  1.0e-04   2000   256    42  6.647e-03   8.858e-03   3   3   3   4   3   6   3   4    3   3.6    6   25.0
  227 [48, 48, 48]       15.0  1.0e-04   2000   256     7  8.024e-03   8.953e-03   3   3   3   3   3   3   3   4    3   3.1    4   25.7
  228 [48, 48, 48]       25.0  1.0e-04   2000  1024     7  5.167e-03   8.987e-03   3   3   3   4   3   3   4   3    3   3.2    4   25.7
  229 [48, 48, 48]       15.0  1.0e-04   2000   512    42  5.672e-03   9.034e-03   3   3   3   3   3   3   3   4    3   3.1    4   25.6
  230 [48, 48, 48]       15.0  5.0e-05   4000   256   999  6.480e-03   9.112e-03   4   3   3   5   3   3   3   4    3   3.5    5   49.9
  231 [48, 48, 48]       25.0  2.0e-04   2000   256    42  3.143e-03   9.228e-03   3   3   3   4   3   3   3   3    3   3.1    4   25.1
  232 [48, 48, 48]       25.0  1.0e-04   2000  1024    42  4.701e-03   9.269e-03   3   3   4   3   3   3   3   3    3   3.1    4   25.8
  233 [48, 48, 48]       25.0  1.0e-04   3000   256     7  4.435e-03   9.272e-03   3   3   3   5   3   3   3   3    3   3.2    5   37.5
  234 [48, 48, 48]       20.0  1.0e-04   2000   256   137  7.466e-03   9.482e-03   3   3   3   4   3   3   3   3    3   3.1    4   25.2
  235 [48, 48, 48]       25.0  5.0e-05   3000  1024    42  6.009e-03   9.822e-03   3   3   3   5   3   3   4   3    3   3.4    5   38.8
  236 [48, 48, 48]       15.0  1.0e-04   2000  1024   137  4.173e-03   9.970e-03   3   3   3   3   3   4   3   3    3   3.1    4   25.7
  237 [48, 48, 48]       20.0  5.0e-05   4000  1024   999  5.009e-03   1.042e-02   3   3   3   3   3   3   3   5    3   3.2    5   51.6
  238 [48, 48, 48]       25.0  1.0e-04   3000   256   999  4.864e-03   1.048e-02   3   3   3   4   3   3   3   3    3   3.1    4   37.6
  239 [48, 48, 48]       15.0  5.0e-05   4000  1024  2024  3.335e-03   1.059e-02   3   3   4   4   3   3   3   3    3   3.2    4   51.5
  240 [48, 48, 48]       20.0  5.0e-05   4000   256   999  6.384e-03   1.062e-02   4   3   3   3   3   3   3   4    3   3.2    4   50.2
  241 [48, 48, 48]       20.0  5.0e-05   4000   512     7  5.930e-03   1.177e-02   3   4   3   4   3   4   3   3    3   3.4    4   51.5
  242 [48, 48, 48]       15.0  5.0e-05   4000   512   137  4.509e-03   1.240e-02   3   3   3   3   3   3   3   3    3   3.0    3   51.1
  243 [48, 48, 48]       25.0  5.0e-05   3000  1024     7  7.351e-03   1.285e-02   3   3   3   3   3   3   3   4    3   3.1    4   39.2
  244 [48, 48, 48]       20.0  5.0e-05   3000   256     7  9.512e-03   1.324e-02   3   3   3   3   4   3   4   3    3   3.2    4   37.3
  245 [48, 48, 48]       15.0  1.0e-04   2000   256   137  5.642e-03   1.497e-02   3   3   4   3   3   3   4   3    3   3.2    4   25.7
  246 [48, 48, 48]       15.0  5.0e-05   4000   256  2024  5.439e-03   1.566e-02   4   3   3   4   3   3   3   3    3   3.2    4   49.9
  247 [48, 48, 48]       20.0  1.0e-04   3000   512     7  3.849e-03   4.654e-03   4   5   4   3   2   3   3   4    2   3.5    5   38.6
  248 [48, 48, 48]       20.0  2.0e-04   3000   512   137  1.978e-03   5.322e-03   4   3   4   6   2   3   3   4    2   3.6    6   38.4
  249 [48, 48, 48]       15.0  2.0e-04   2000   256     7  4.240e-03   5.710e-03   4   3   3   5   2   3   3   4    2   3.4    5   25.0
  250 [48, 48, 48]       20.0  1.0e-04   3000   256     7  4.201e-03   5.795e-03   2   3   4   4   3   4   4   3    2   3.4    4   37.5
  251 [48, 48, 48]       20.0  1.0e-04   3000   512   137  3.736e-03   5.964e-03   3   4   3   4   2   3   3   4    2   3.2    4   38.4
  252 [48, 48, 48]       20.0  1.0e-04   2000  1024   137  5.214e-03   5.982e-03   3   3   3   4   2   4   5   4    2   3.5    5   25.8
  253 [48, 48, 48]       20.0  1.0e-04   3000  1024   137  3.013e-03   6.073e-03   2   4   3   4   3   3   3   4    2   3.2    4   38.6
  254 [48, 48, 48]       15.0  5.0e-05   4000  1024   999  4.952e-03   6.157e-03   3   3   4   4   2   4   3   4    2   3.4    4   51.7
  255 [48, 48, 48]       20.0  2.0e-04   2000   256    42  3.332e-03   6.491e-03   2   3   3   4   3   4   3   4    2   3.2    4   25.1
  256 [48, 48, 48]       20.0  5.0e-05   4000  1024    42  3.654e-03   6.756e-03   3   3   3   4   2   3   4   4    2   3.2    4   51.5
  257 [48, 48, 48]       20.0  1.0e-04   2000   512   137  6.469e-03   6.758e-03   3   3   4   4   2   3   3   4    2   3.2    4   25.8
  258 [48, 48, 48]       20.0  1.0e-04   3000  1024   999  3.633e-03   7.083e-03   3   3   4   4   2   3   3   5    2   3.4    5   38.6
  259 [48, 48, 48]       15.0  1.0e-04   3000   512     7  4.404e-03   7.390e-03   2   4   4   4   3   3   3   4    2   3.4    4   38.6
  260 [48, 48, 48]       15.0  1.0e-04   4000   256  2024  2.260e-03   7.417e-03   2   4   4   5   3   3   3   3    2   3.4    5   50.0
  261 [48, 48, 48]       25.0  2.0e-04   2000   512   137  3.871e-03   7.675e-03   3   3   3   4   2   3   4   3    2   3.1    4   25.7
  262 [48, 48, 48]       25.0  2.0e-04   2000   256  2024  3.014e-03   7.847e-03   2   3   3   4   3   3   3   3    2   3.0    4   25.2
  263 [48, 48, 48]       20.0  2.0e-04   2000   512  2024  3.487e-03   8.284e-03   3   4   3   5   2   3   3   3    2   3.2    5   25.7
  264 [48, 48, 48]       15.0  5.0e-05   4000   512   999  5.619e-03   8.724e-03   3   3   3   4   2   3   3   4    2   3.1    4   51.5
  265 [48, 48, 48]       15.0  2.0e-04   3000   256    42  2.299e-03   8.738e-03   2   3   3   4   3   3   3   4    2   3.1    4   37.8
  266 [48, 48, 48]       15.0  1.0e-04   3000  1024     7  3.451e-03   8.745e-03   2   3   3   4   3   3   3   4    2   3.1    4   38.7
  267 [48, 48, 48]       25.0  5.0e-05   4000  1024   999  5.316e-03   8.919e-03   3   3   4   3   3   2   3   4    2   3.1    4   51.2
  268 [48, 48, 48]       15.0  1.0e-04   2000   512     7  7.026e-03   9.144e-03   2   3   3   3   2   4   3   4    2   3.0    4   25.7
  269 [48, 48, 48]       20.0  1.0e-04   2000   512    42  5.438e-03   9.404e-03   3   2   3   3   2   4   5   4    2   3.2    5   25.9
  270 [48, 48, 48]       25.0  5.0e-05   4000   512   999  6.590e-03   9.553e-03   3   3   4   5   3   2   3   4    2   3.4    5   51.1
  271 [48, 48, 48]       20.0  5.0e-05   3000   512   137  7.951e-03   9.628e-03   2   3   3   4   2   3   4   4    2   3.1    4   38.8
  272 [48, 48, 48]       15.0  1.0e-04   3000   512   999  3.858e-03   9.761e-03   2   3   3   4   3   3   3   4    2   3.1    4   38.4
  273 [48, 48, 48]       15.0  5.0e-05   4000   512    42  5.570e-03   9.780e-03   3   3   3   4   3   3   2   4    2   3.1    4   51.5
  274 [48, 48, 48]       25.0  5.0e-05   4000  1024   137  5.313e-03   9.959e-03   3   4   3   4   2   4   3   4    2   3.4    4   51.8
  275 [48, 48, 48]       25.0  5.0e-05   4000   512    42  4.963e-03   1.014e-02   3   3   4   4   3   2   3   3    2   3.1    4   50.9
  276 [48, 48, 48]       15.0  5.0e-05   4000   256     7  7.470e-03   1.036e-02   3   3   3   3   2   4   4   3    2   3.1    4   50.1
  277 [48, 48, 48]       25.0  5.0e-05   3000   512   137  9.290e-03   1.038e-02   3   3   3   3   2   3   3   4    2   3.0    4   38.6
  278 [48, 48, 48]       20.0  5.0e-05   4000  1024  2024  5.717e-03   1.042e-02   3   3   4   4   3   2   3   5    2   3.4    5   51.5
  279 [48, 48, 48]       15.0  1.0e-04   2000   512   999  6.428e-03   1.051e-02   2   4   3   4   3   3   3   3    2   3.1    4   25.7
  280 [48, 48, 48]       20.0  5.0e-05   4000   256    42  5.762e-03   1.073e-02   2   2   4   4   4   3   4   3    2   3.2    4   50.4
  281 [48, 48, 48]       25.0  1.0e-04   2000   512     7  7.121e-03   1.087e-02   2   3   4   3   3   3   3   3    2   3.0    4   25.8
  282 [48, 48, 48]       15.0  1.0e-04   2000  1024  2024  4.173e-03   1.111e-02   3   3   3   4   2   3   3   3    2   3.0    4   25.6
  283 [48, 48, 48]       25.0  1.0e-04   2000  1024  2024  6.101e-03   1.117e-02   3   3   4   4   3   2   3   4    2   3.2    4   25.7
  284 [48, 48, 48]       15.0  2.0e-04   2000   256  2024  2.854e-03   1.123e-02   2   3   3   4   2   3   3   3    2   2.9    4   25.3
  285 [48, 48, 48]       20.0  1.0e-04   2000   256    42  7.007e-03   1.127e-02   3   2   3   3   2   3   4   3    2   2.9    4   25.2
  286 [48, 48, 48]       15.0  5.0e-05   3000  1024   999  7.170e-03   1.168e-02   2   3   4   6   2   3   3   3    2   3.2    6   38.7
  287 [48, 48, 48]       15.0  5.0e-05   3000   512   999  8.349e-03   1.169e-02   3   4   3   4   2   3   3   4    2   3.2    4   38.3
  288 [48, 48, 48]       20.0  1.0e-04   2000   512     7  6.196e-03   1.186e-02   3   3   3   3   2   3   4   3    2   3.0    4   25.6
  289 [48, 48, 48]       15.0  1.0e-04   2000  1024     7  5.904e-03   1.199e-02   2   3   2   4   3   4   3   4    2   3.1    4   26.3
  290 [48, 48, 48]       20.0  5.0e-05   3000  1024    42  5.709e-03   1.209e-02   3   2   3   4   2   4   3   3    2   3.0    4   38.8
  291 [48, 48, 48]       20.0  1.0e-04   2000   256     7  6.802e-03   1.222e-02   2   3   3   3   3   3   4   3    2   3.0    4   25.3
  292 [48, 48, 48]       25.0  1.0e-04   2000  1024   999  6.631e-03   1.247e-02   3   4   3   4   3   2   4   3    2   3.2    4   25.8
  293 [48, 48, 48]       25.0  1.0e-04   2000   512    42  5.722e-03   1.249e-02   3   3   3   4   3   2   5   3    2   3.2    5   26.0
  294 [48, 48, 48]       20.0  5.0e-05   3000  1024     7  7.086e-03   1.257e-02   3   3   4   3   2   3   3   3    2   3.0    4   38.6
  295 [48, 48, 48]       15.0  5.0e-05   4000  1024     7  4.939e-03   1.258e-02   3   3   3   3   2   3   3   4    2   3.0    4   51.3
  296 [48, 48, 48]       15.0  1.0e-04   3000   256  2024  3.447e-03   1.274e-02   3   3   3   4   2   3   3   3    2   3.0    4   37.5
  297 [48, 48, 48]       20.0  5.0e-05   3000   512    42  7.180e-03   1.284e-02   3   2   3   3   3   3   3   4    2   3.0    4   38.4
  298 [48, 48, 48]       15.0  5.0e-05   3000  1024    42  6.186e-03   1.307e-02   3   3   4   3   3   3   2   4    2   3.1    4   39.0
  299 [48, 48, 48]       20.0  1.0e-04   2000  1024   999  6.498e-03   1.314e-02   3   3   3   3   3   3   2   4    2   3.0    4   25.8
  300 [48, 48, 48]       20.0  5.0e-05   4000   256   137  6.093e-03   1.322e-02   2   4   3   4   2   3   3   3    2   3.0    4   50.3
  301 [48, 48, 48]       20.0  1.0e-04   2000   256   999  7.571e-03   1.336e-02   4   3   2   4   3   3   3   3    2   3.1    4   25.0
  302 [48, 48, 48]       20.0  5.0e-05   4000   512  2024  6.676e-03   1.350e-02   4   3   3   4   3   2   3   4    2   3.2    4   51.4
  303 [48, 48, 48]       15.0  1.0e-04   2000   512  2024  5.102e-03   1.362e-02   3   3   3   4   2   3   3   3    2   3.0    4   25.6
  304 [48, 48, 48]       15.0  1.0e-04   2000   256   999  7.314e-03   1.370e-02   3   4   3   4   2   3   2   3    2   3.0    4   25.7
  305 [48, 48, 48]       25.0  1.0e-04   2000   256    42  6.443e-03   1.371e-02   3   3   3   4   3   2   3   3    2   3.0    4   25.0
  306 [48, 48, 48]       15.0  5.0e-05   3000  1024   137  5.359e-03   1.393e-02   4   2   3   3   5   3   3   3    2   3.2    5   38.6
  307 [48, 48, 48]       15.0  1.0e-04   2000   512   137  5.004e-03   1.395e-02   3   3   3   4   2   3   3   3    2   3.0    4   25.9
  308 [48, 48, 48]       20.0  5.0e-05   4000   512   999  6.240e-03   1.427e-02   2   3   3   3   3   2   3   3    2   2.8    3   51.3
  309 [48, 48, 48]       25.0  5.0e-05   4000  1024  2024  5.608e-03   1.444e-02   3   3   3   4   4   2   3   3    2   3.1    4   51.4
  310 [48, 48, 48]       15.0  5.0e-05   4000   512     7  6.217e-03   1.463e-02   3   2   3   3   4   3   2   3    2   2.9    4   51.5
  311 [48, 48, 48]       25.0  5.0e-05   3000   256   137  1.043e-02   1.480e-02   3   2   4   3   3   3   3   4    2   3.1    4   38.2
  312 [48, 48, 48]       15.0  5.0e-05   3000   512    42  7.809e-03   1.517e-02   3   3   3   3   3   3   2   5    2   3.1    5   38.2
  313 [48, 48, 48]       20.0  5.0e-05   3000   256    42  8.381e-03   1.551e-02   3   2   3   4   3   3   3   3    2   3.0    4   37.5
  314 [48, 48, 48]       15.0  5.0e-05   4000   512  2024  4.385e-03   1.551e-02   3   3   3   4   2   3   3   3    2   3.0    4   51.5
  315 [48, 48, 48]       15.0  5.0e-05   4000   256   137  4.922e-03   1.620e-02   3   3   3   3   2   3   3   3    2   2.9    3   50.2
  316 [48, 48, 48]       20.0  1.0e-04   2000   512   999  7.929e-03   1.643e-02   4   3   3   3   2   2   3   3    2   2.9    4   25.7
  317 [48, 48, 48]       20.0  1.0e-04   2000   256  2024  6.931e-03   1.702e-02   3   2   3   4   3   2   3   3    2   2.9    4   25.5
  318 [48, 48, 48]       20.0  1.0e-04   2000  1024  2024  7.005e-03   1.718e-02   3   3   3   3   3   2   4   3    2   3.0    4   25.5
  319 [48, 48, 48]       15.0  5.0e-05   3000  1024  2024  5.364e-03   1.745e-02   3   2   3   4   3   2   4   3    2   3.0    4   38.6
  320 [48, 48, 48]       25.0  5.0e-05   4000   256    42  6.293e-03   1.754e-02   2   3   3   4   3   3   3   3    2   3.0    4   50.5
  321 [48, 48, 48]       25.0  5.0e-05   3000   512     7  7.857e-03   1.783e-02   3   2   3   3   3   3   3   3    2   2.9    3   38.4
  322 [48, 48, 48]       25.0  5.0e-05   4000   256     7  6.522e-03   1.790e-02   3   3   4   3   2   3   3   3    2   3.0    4   50.3
  323 [48, 48, 48]       20.0  5.0e-05   4000   256  2024  7.431e-03   1.791e-02   3   2   3   3   4   2   4   4    2   3.1    4   50.3
  324 [48, 48, 48]       25.0  5.0e-05   3000   512    42  8.036e-03   1.795e-02   3   3   3   4   3   2   3   3    2   3.0    4   38.9
  325 [48, 48, 48]       25.0  5.0e-05   4000   256   999  7.153e-03   1.817e-02   2   3   3   4   2   2   3   3    2   2.8    4   49.9
  326 [48, 48, 48]       20.0  5.0e-05   3000   256   137  9.240e-03   1.818e-02   3   3   3   4   2   2   3   3    2   2.9    4   37.2
  327 [48, 48, 48]       20.0  5.0e-05   3000  1024   999  7.833e-03   1.834e-02   2   3   3   3   3   2   3   4    2   2.9    4   38.5
  328 [48, 48, 48]       25.0  1.0e-04   2000   512  2024  6.767e-03   1.849e-02   3   2   3   4   3   2   3   3    2   2.9    4   25.8
  329 [48, 48, 48]       20.0  1.0e-04   2000   512  2024  7.532e-03   1.863e-02   2   3   3   3   3   2   3   3    2   2.8    3   25.6
  330 [48, 48, 48]       25.0  5.0e-05   3000  1024   137  8.411e-03   1.867e-02   3   3   2   3   2   3   3   3    2   2.8    3   39.1
  331 [48, 48, 48]       25.0  5.0e-05   3000  1024   999  8.500e-03   1.885e-02   2   3   3   4   3   2   3   3    2   2.9    4   39.1
  332 [48, 48, 48]       25.0  1.0e-04   2000   512   999  8.072e-03   1.902e-02   2   3   3   4   3   2   3   3    2   2.9    4   25.7
  333 [48, 48, 48]       15.0  5.0e-05   3000   256    42  8.570e-03   1.931e-02   3   2   3   4   2   2   2   3    2   2.6    4   37.5
  334 [48, 48, 48]       15.0  5.0e-05   3000   256   999  9.297e-03   1.933e-02   2   3   3   4   2   2   2   4    2   2.8    4   39.0
  335 [48, 48, 48]       25.0  1.0e-04   2000   256  2024  7.940e-03   1.960e-02   2   2   4   3   3   2   3   3    2   2.8    4   25.7
  336 [48, 48, 48]       25.0  1.0e-04   2000   256     7  7.549e-03   1.973e-02   2   3   3   4   2   2   3   3    2   2.8    4   25.2
  337 [48, 48, 48]       25.0  5.0e-05   4000   256  2024  7.887e-03   2.098e-02   3   2   3   4   3   2   2   4    2   2.9    4   50.1
  338 [48, 48, 48]       20.0  5.0e-05   3000   512   999  9.243e-03   2.100e-02   3   3   3   4   2   2   3   3    2   2.9    4   38.5
  339 [48, 48, 48]       25.0  1.0e-04   2000   256   999  8.018e-03   2.111e-02   3   3   3   3   2   2   3   3    2   2.8    3   25.4
  340 [48, 48, 48]       25.0  5.0e-05   4000   512  2024  7.138e-03   2.160e-02   3   3   3   4   2   2   3   3    2   2.9    4   51.2
  341 [48, 48, 48]       25.0  5.0e-05   3000   512   999  9.331e-03   2.160e-02   2   3   4   4   5   2   3   4    2   3.4    5   39.5
  342 [48, 48, 48]       20.0  5.0e-05   3000   512     7  8.961e-03   2.211e-02   2   3   3   3   2   3   3   3    2   2.8    3   38.6
  343 [48, 48, 48]       15.0  1.0e-04   2000   256  2024  5.751e-03   2.231e-02   2   2   3   5   2   3   3   3    2   2.9    5   26.3
  344 [48, 48, 48]       15.0  5.0e-05   3000   256     7  1.137e-02   2.247e-02   3   2   3   3   2   3   3   3    2   2.8    3   38.5
  345 [48, 48, 48]       15.0  5.0e-05   3000   512   137  6.552e-03   2.304e-02   3   2   2   3   2   3   3   3    2   2.6    3   38.4
  346 [48, 48, 48]       25.0  5.0e-05   3000   256    42  9.053e-03   2.321e-02   3   3   3   3   2   2   3   3    2   2.8    3   38.1
  347 [48, 48, 48]       20.0  5.0e-05   3000   256   999  9.222e-03   2.352e-02   2   2   2   3   3   2   3   3    2   2.5    3   37.4
  348 [48, 48, 48]       15.0  5.0e-05   3000  1024     7  8.304e-03   2.371e-02   4   2   4   3   2   2   3   3    2   2.9    4   38.7
  349 [48, 48, 48]       15.0  5.0e-05   3000   512  2024  6.811e-03   2.415e-02   3   2   3   4   2   2   3   3    2   2.8    4   38.7
  350 [48, 48, 48]       15.0  5.0e-05   3000   256  2024  8.880e-03   2.466e-02   3   2   4   4   3   2   3   3    2   3.0    4   37.5
  351 [48, 48, 48]       20.0  5.0e-05   3000  1024  2024  9.269e-03   2.820e-02   3   2   3   4   3   2   3   3    2   2.9    4   38.8
  352 [48, 48, 48]       15.0  5.0e-05   3000   256   137  7.750e-03   2.829e-02   3   2   3   3   2   2   4   3    2   2.8    4   38.0
  353 [48, 48, 48]       25.0  5.0e-05   3000   256     7  9.275e-03   2.863e-02   3   2   4   3   2   2   3   3    2   2.8    4   38.0
  354 [48, 48, 48]       15.0  5.0e-05   3000   512     7  9.623e-03   2.997e-02   3   2   4   3   3   2   2   3    2   2.8    4   38.4
  355 [48, 48, 48]       20.0  5.0e-05   2000  1024    42  1.096e-02   3.142e-02   3   2   3   3   2   2   3   3    2   2.6    3   26.0
  356 [48, 48, 48]       25.0  5.0e-05   3000  1024  2024  9.508e-03   3.322e-02   3   2   3   3   3   2   2   3    2   2.6    3   39.3
  357 [48, 48, 48]       15.0  5.0e-05   2000  1024    42  1.125e-02   3.338e-02   4   2   3   3   3   2   2   4    2   2.9    4   26.4
  358 [48, 48, 48]       20.0  5.0e-05   3000   512  2024  1.100e-02   3.367e-02   3   2   3   3   3   2   3   3    2   2.8    3   38.6
  359 [48, 48, 48]       25.0  5.0e-05   3000   256   999  1.092e-02   3.609e-02   2   3   2   3   2   2   3   3    2   2.5    3   38.4
  360 [48, 48, 48]       20.0  5.0e-05   2000   512    42  1.326e-02   3.644e-02   2   2   3   3   3   2   3   3    2   2.6    3   25.8
  361 [48, 48, 48]       20.0  5.0e-05   2000  1024   137  1.430e-02   3.699e-02   3   2   5   3   2   2   3   4    2   3.0    5   26.0
  362 [48, 48, 48]       15.0  5.0e-05   2000  1024   999  1.359e-02   3.738e-02   2   2   3   4   2   2   2   3    2   2.5    4   25.7
  363 [48, 48, 48]       25.0  5.0e-05   2000   512   137  1.673e-02   3.887e-02   3   2   2   3   2   2   3   4    2   2.6    4   25.5
  364 [48, 48, 48]       15.0  5.0e-05   2000   512   999  1.544e-02   3.985e-02   2   2   3   4   2   2   2   3    2   2.5    4   26.7
  365 [48, 48, 48]       25.0  5.0e-05   3000   512  2024  1.218e-02   4.036e-02   2   2   4   5   3   2   2   3    2   2.9    5   38.4
  366 [48, 48, 48]       15.0  5.0e-05   2000   512    42  1.353e-02   4.206e-02   2   2   3   3   2   2   2   4    2   2.5    4   26.1
  367 [48, 48, 48]       20.0  5.0e-05   2000  1024     7  1.288e-02   4.261e-02   3   2   4   3   2   2   3   3    2   2.8    4   25.7
  368 [48, 48, 48]       25.0  5.0e-05   2000  1024    42  1.175e-02   4.266e-02   2   2   3   4   2   2   3   3    2   2.6    4   25.6
  369 [48, 48, 48]       15.0  5.0e-05   2000  1024  2024  1.098e-02   4.267e-02   3   2   3   4   2   2   3   3    2   2.8    4   26.2
  370 [48, 48, 48]       20.0  5.0e-05   2000   256    42  1.458e-02   4.268e-02   2   2   3   4   2   2   4   3    2   2.8    4   25.1
  371 [48, 48, 48]       20.0  5.0e-05   2000  1024   999  1.498e-02   4.271e-02   2   2   4   3   2   2   2   4    2   2.6    4   25.8
  372 [48, 48, 48]       20.0  5.0e-05   2000   256   137  1.904e-02   4.308e-02   3   2   3   3   2   2   2   6    2   2.9    6   25.0
  373 [48, 48, 48]       15.0  5.0e-05   2000  1024   137  1.057e-02   4.335e-02   2   2   3   3   2   2   3   3    2   2.5    3   26.6
  374 [48, 48, 48]       15.0  5.0e-05   2000   256   999  1.709e-02   4.419e-02   2   2   3   3   2   2   2   3    2   2.4    3   25.6
  375 [48, 48, 48]       25.0  5.0e-05   2000  1024   137  1.512e-02   4.569e-02   3   2   2   3   2   2   2   3    2   2.4    3   25.7
  376 [48, 48, 48]       25.0  5.0e-05   2000   256   137  1.985e-02   4.598e-02   3   2   3   3   2   2   3   3    2   2.6    3   25.0
  377 [48, 48, 48]       20.0  5.0e-05   2000   512     7  1.601e-02   4.658e-02   2   2   3   3   2   2   3   3    2   2.5    3   25.6
  378 [48, 48, 48]       15.0  5.0e-05   2000   256     7  1.993e-02   4.693e-02   2   2   3   3   2   2   3   3    2   2.5    3   25.5
  379 [48, 48, 48]       25.0  5.0e-05   2000  1024     7  1.575e-02   4.736e-02   2   2   3   3   3   2   3   3    2   2.6    3   25.7
  380 [48, 48, 48]       15.0  5.0e-05   2000   512  2024  1.277e-02   4.855e-02   4   2   3   3   2   2   3   3    2   2.8    4   25.7
  381 [48, 48, 48]       20.0  5.0e-05   2000   256     7  1.654e-02   4.878e-02   2   2   3   3   2   2   3   3    2   2.5    3   25.0
  382 [48, 48, 48]       20.0  5.0e-05   3000   256  2024  1.316e-02   4.917e-02   2   2   2   3   3   2   2   3    2   2.4    3   37.9
  383 [48, 48, 48]       25.0  5.0e-05   3000   256  2024  1.194e-02   4.982e-02   2   2   3   3   3   2   2   3    2   2.5    3   38.3
  384 [48, 48, 48]       15.0  5.0e-05   2000   256  2024  1.576e-02   4.983e-02   3   2   3   4   3   2   2   3    2   2.8    4   25.1
  385 [48, 48, 48]       20.0  5.0e-05   2000   512   137  1.584e-02   5.039e-02   2   2   3   3   2   2   2   3    2   2.4    3   25.8
  386 [48, 48, 48]       20.0  5.0e-05   2000   512   999  1.768e-02   5.129e-02   2   2   3   4   2   2   3   3    2   2.6    4   25.7
  387 [48, 48, 48]       25.0  5.0e-05   2000  1024   999  1.664e-02   5.174e-02   2   2   3   4   2   2   3   3    2   2.6    4   25.7
  388 [48, 48, 48]       25.0  5.0e-05   2000   512    42  1.569e-02   5.238e-02   2   2   3   4   2   2   5   3    2   2.9    5   25.6
  389 [48, 48, 48]       25.0  5.0e-05   2000   256    42  1.725e-02   5.329e-02   3   2   4   3   2   2   3   3    2   2.8    4   25.2
  390 [48, 48, 48]       15.0  5.0e-05   2000   256    42  1.485e-02   5.369e-02   2   2   2   3   2   2   2   3    2   2.2    3   27.7
  391 [48, 48, 48]       25.0  5.0e-05   2000   512   999  1.934e-02   5.387e-02   2   2   4   4   2   2   3   4    2   2.9    4   25.6
  392 [48, 48, 48]       15.0  5.0e-05   2000   512   137  1.171e-02   5.447e-02   2   2   2   3   2   2   2   3    2   2.2    3   25.6
  393 [48, 48, 48]       20.0  5.0e-05   2000   256   999  1.825e-02   5.453e-02   2   2   2   3   3   2   3   4    2   2.6    4   25.3
  394 [48, 48, 48]       15.0  5.0e-05   2000  1024     7  1.677e-02   5.509e-02   2   2   4   3   3   2   2   3    2   2.6    4   25.8
  395 [48, 48, 48]       15.0  5.0e-05   2000   512     7  1.793e-02   5.753e-02   3   2   3   3   3   2   2   4    2   2.8    4   26.3
  396 [48, 48, 48]       15.0  5.0e-05   2000   256   137  1.412e-02   5.786e-02   2   2   2   3   2   2   2   2    2   2.1    3   25.6
  397 [48, 48, 48]       25.0  5.0e-05   2000   512     7  1.606e-02   5.792e-02   3   2   2   3   2   2   3   3    2   2.5    3   25.5
  398 [48, 48, 48]       25.0  5.0e-05   2000   256   999  1.939e-02   6.361e-02   3   2   2   3   3   2   3   3    2   2.6    3   25.0
  399 [48, 48, 48]       25.0  5.0e-05   2000   256     7  1.944e-02   6.485e-02   2   2   4   3   2   2   2   3    2   2.5    4   25.1
  400 [48, 48, 48]       20.0  5.0e-05   2000  1024  2024  1.975e-02   8.339e-02   3   2   2   3   4   2   2   3    2   2.6    4   26.0
  401 [48, 48, 48]       25.0  5.0e-05   2000  1024  2024  2.092e-02   8.622e-02   3   2   4   3   3   2   2   2    2   2.6    4   25.6
  402 [48, 48, 48]       20.0  5.0e-05   2000   512  2024  2.241e-02   9.988e-02   2   2   2   3   2   2   2   2    2   2.1    3   25.7
  403 [48, 48, 48]       25.0  5.0e-05   2000   512  2024  2.523e-02   9.999e-02   2   2   3   3   2   2   2   2    2   2.2    3   25.6
  404 [48, 48, 48]       25.0  5.0e-05   2000   256  2024  2.867e-02   1.133e-01   2   1   3   3   2   2   2   2    1   2.1    3   25.1
  405 [48, 48, 48]       20.0  5.0e-05   2000   256  2024  2.633e-02   1.228e-01   2   1   2   2   2   2   2   3    1   2.0    3   25.2
============================================================================================================================================

  BEST CONFIG (GPU 2):
    hidden_sizes = [48, 48, 48]
    omega_0      = 20.0
    lr           = 0.0002
    n_epochs     = 3000
    n_per_param  = 1024
    seed         = 999
    -> min 4 digits, mean 4.1 digits, max 5 digits, mean rel. err 1.851e-03

============================================================================================================================================
  PER-CONFIG SUMMARY (seed-averaged) — GPU 2
============================================================================================================================================
  hidden=[48, 48, 48] omega0=25.0 lr=0.0001 epochs=4000 npp=1024
      min_dig=3  mean_dig=3.9  max_dig=5  mean_relerr=2.277e-03  n_seeds=5
  hidden=[48, 48, 48] omega0=20.0 lr=0.0002 epochs=4000 npp=1024
      min_dig=3  mean_dig=3.7  max_dig=5  mean_relerr=2.662e-03  n_seeds=5
  hidden=[48, 48, 48] omega0=20.0 lr=0.0002 epochs=3000 npp=1024
      min_dig=3  mean_dig=3.8  max_dig=5  mean_relerr=2.747e-03  n_seeds=5
  hidden=[48, 48, 48] omega0=25.0 lr=0.0002 epochs=4000 npp=1024
      min_dig=3  mean_dig=3.8  max_dig=5  mean_relerr=2.929e-03  n_seeds=5
  hidden=[48, 48, 48] omega0=15.0 lr=0.0002 epochs=4000 npp=1024
      min_dig=3  mean_dig=3.7  max_dig=5  mean_relerr=2.949e-03  n_seeds=5
  hidden=[48, 48, 48] omega0=25.0 lr=0.0002 epochs=3000 npp=1024
      min_dig=3  mean_dig=3.8  max_dig=5  mean_relerr=3.200e-03  n_seeds=5
  hidden=[48, 48, 48] omega0=25.0 lr=0.0002 epochs=4000 npp=512
      min_dig=3  mean_dig=3.8  max_dig=6  mean_relerr=3.226e-03  n_seeds=5
  hidden=[48, 48, 48] omega0=25.0 lr=0.0001 epochs=3000 npp=1024
      min_dig=3  mean_dig=3.6  max_dig=5  mean_relerr=3.386e-03  n_seeds=5
  hidden=[48, 48, 48] omega0=15.0 lr=0.0002 epochs=4000 npp=512
      min_dig=3  mean_dig=3.6  max_dig=5  mean_relerr=3.413e-03  n_seeds=5
  hidden=[48, 48, 48] omega0=20.0 lr=0.0001 epochs=4000 npp=1024
      min_dig=3  mean_dig=3.5  max_dig=5  mean_relerr=3.558e-03  n_seeds=5
  hidden=[48, 48, 48] omega0=20.0 lr=0.0001 epochs=4000 npp=512
      min_dig=3  mean_dig=3.6  max_dig=6  mean_relerr=3.593e-03  n_seeds=5
  hidden=[48, 48, 48] omega0=25.0 lr=0.0002 epochs=3000 npp=512
      min_dig=3  mean_dig=3.6  max_dig=5  mean_relerr=3.674e-03  n_seeds=5
  hidden=[48, 48, 48] omega0=15.0 lr=0.0002 epochs=3000 npp=1024
      min_dig=3  mean_dig=3.6  max_dig=6  mean_relerr=3.749e-03  n_seeds=5
  hidden=[48, 48, 48] omega0=25.0 lr=0.0002 epochs=2000 npp=1024
      min_dig=3  mean_dig=3.6  max_dig=5  mean_relerr=3.869e-03  n_seeds=5
  hidden=[48, 48, 48] omega0=20.0 lr=0.0002 epochs=2000 npp=1024
      min_dig=3  mean_dig=3.6  max_dig=6  mean_relerr=3.923e-03  n_seeds=5
  hidden=[48, 48, 48] omega0=20.0 lr=0.0002 epochs=4000 npp=256
      min_dig=3  mean_dig=3.5  max_dig=5  mean_relerr=4.013e-03  n_seeds=5
  hidden=[48, 48, 48] omega0=25.0 lr=0.0001 epochs=4000 npp=512
      min_dig=3  mean_dig=3.6  max_dig=5  mean_relerr=4.035e-03  n_seeds=5
  hidden=[48, 48, 48] omega0=20.0 lr=0.0002 epochs=3000 npp=256
      min_dig=3  mean_dig=3.4  max_dig=5  mean_relerr=4.189e-03  n_seeds=5
  hidden=[48, 48, 48] omega0=20.0 lr=0.0002 epochs=4000 npp=512
      min_dig=3  mean_dig=3.5  max_dig=5  mean_relerr=4.218e-03  n_seeds=5
  hidden=[48, 48, 48] omega0=25.0 lr=0.0002 epochs=4000 npp=256
      min_dig=3  mean_dig=3.5  max_dig=5  mean_relerr=4.232e-03  n_seeds=5
  hidden=[48, 48, 48] omega0=15.0 lr=0.0002 epochs=4000 npp=256
      min_dig=3  mean_dig=3.5  max_dig=5  mean_relerr=4.340e-03  n_seeds=5
  hidden=[48, 48, 48] omega0=15.0 lr=0.0002 epochs=3000 npp=512
      min_dig=3  mean_dig=3.5  max_dig=5  mean_relerr=4.358e-03  n_seeds=5
  hidden=[48, 48, 48] omega0=15.0 lr=0.0002 epochs=2000 npp=1024
      min_dig=3  mean_dig=3.5  max_dig=4  mean_relerr=4.631e-03  n_seeds=5
  hidden=[48, 48, 48] omega0=15.0 lr=0.0001 epochs=4000 npp=512
      min_dig=3  mean_dig=3.6  max_dig=6  mean_relerr=4.730e-03  n_seeds=5
  hidden=[48, 48, 48] omega0=20.0 lr=0.0001 epochs=4000 npp=256
      min_dig=3  mean_dig=3.4  max_dig=4  mean_relerr=4.811e-03  n_seeds=5
  hidden=[48, 48, 48] omega0=15.0 lr=0.0001 epochs=4000 npp=1024
      min_dig=3  mean_dig=3.4  max_dig=5  mean_relerr=4.895e-03  n_seeds=5
  hidden=[48, 48, 48] omega0=25.0 lr=0.0002 epochs=3000 npp=256
      min_dig=3  mean_dig=3.4  max_dig=4  mean_relerr=4.940e-03  n_seeds=5
  hidden=[48, 48, 48] omega0=15.0 lr=0.0002 epochs=2000 npp=512
      min_dig=3  mean_dig=3.3  max_dig=4  mean_relerr=5.626e-03  n_seeds=5
  hidden=[48, 48, 48] omega0=25.0 lr=0.0001 epochs=3000 npp=512
      min_dig=3  mean_dig=3.4  max_dig=6  mean_relerr=6.195e-03  n_seeds=5
  hidden=[48, 48, 48] omega0=25.0 lr=0.0001 epochs=4000 npp=256
      min_dig=3  mean_dig=3.4  max_dig=5  mean_relerr=6.329e-03  n_seeds=5
  hidden=[48, 48, 48] omega0=25.0 lr=0.0001 epochs=3000 npp=256
      min_dig=3  mean_dig=3.2  max_dig=5  mean_relerr=8.464e-03  n_seeds=5
  hidden=[48, 48, 48] omega0=20.0 lr=0.0002 epochs=3000 npp=512
      min_dig=2  mean_dig=3.6  max_dig=6  mean_relerr=4.206e-03  n_seeds=5
  hidden=[48, 48, 48] omega0=20.0 lr=0.0002 epochs=2000 npp=256
      min_dig=2  mean_dig=3.4  max_dig=4  mean_relerr=4.632e-03  n_seeds=5
  hidden=[48, 48, 48] omega0=15.0 lr=0.0002 epochs=3000 npp=256
      min_dig=2  mean_dig=3.5  max_dig=6  mean_relerr=4.908e-03  n_seeds=5
  hidden=[48, 48, 48] omega0=20.0 lr=0.0001 epochs=3000 npp=1024
      min_dig=2  mean_dig=3.5  max_dig=5  mean_relerr=5.374e-03  n_seeds=5
  hidden=[48, 48, 48] omega0=15.0 lr=0.0001 epochs=4000 npp=256
      min_dig=2  mean_dig=3.5  max_dig=5  mean_relerr=5.681e-03  n_seeds=5
  hidden=[48, 48, 48] omega0=20.0 lr=0.0001 epochs=3000 npp=512
      min_dig=2  mean_dig=3.4  max_dig=5  mean_relerr=5.861e-03  n_seeds=5
  hidden=[48, 48, 48] omega0=20.0 lr=0.0002 epochs=2000 npp=512
      min_dig=2  mean_dig=3.4  max_dig=5  mean_relerr=5.874e-03  n_seeds=5
  hidden=[48, 48, 48] omega0=15.0 lr=0.0001 epochs=3000 npp=1024
      min_dig=2  mean_dig=3.4  max_dig=5  mean_relerr=5.995e-03  n_seeds=5
  hidden=[48, 48, 48] omega0=15.0 lr=0.0002 epochs=2000 npp=256
      min_dig=2  mean_dig=3.3  max_dig=5  mean_relerr=6.372e-03  n_seeds=5
  hidden=[48, 48, 48] omega0=20.0 lr=0.0001 epochs=3000 npp=256
      min_dig=2  mean_dig=3.4  max_dig=4  mean_relerr=6.402e-03  n_seeds=5
  hidden=[48, 48, 48] omega0=25.0 lr=0.0002 epochs=2000 npp=512
      min_dig=2  mean_dig=3.4  max_dig=5  mean_relerr=6.582e-03  n_seeds=5
  hidden=[48, 48, 48] omega0=25.0 lr=0.0002 epochs=2000 npp=256
      min_dig=2  mean_dig=3.3  max_dig=5  mean_relerr=7.094e-03  n_seeds=5
  hidden=[48, 48, 48] omega0=15.0 lr=0.0001 epochs=3000 npp=512
      min_dig=2  mean_dig=3.3  max_dig=4  mean_relerr=7.618e-03  n_seeds=5
  hidden=[48, 48, 48] omega0=20.0 lr=5e-05 epochs=4000 npp=1024
      min_dig=2  mean_dig=3.3  max_dig=5  mean_relerr=7.840e-03  n_seeds=5
  hidden=[48, 48, 48] omega0=15.0 lr=0.0001 epochs=3000 npp=256
      min_dig=2  mean_dig=3.2  max_dig=4  mean_relerr=8.178e-03  n_seeds=5
  hidden=[48, 48, 48] omega0=25.0 lr=5e-05 epochs=4000 npp=1024
      min_dig=2  mean_dig=3.3  max_dig=5  mean_relerr=8.647e-03  n_seeds=5
  hidden=[48, 48, 48] omega0=15.0 lr=5e-05 epochs=4000 npp=1024
      min_dig=2  mean_dig=3.2  max_dig=4  mean_relerr=8.926e-03  n_seeds=5
  hidden=[48, 48, 48] omega0=25.0 lr=0.0001 epochs=2000 npp=1024
      min_dig=2  mean_dig=3.3  max_dig=5  mean_relerr=9.240e-03  n_seeds=5
  hidden=[48, 48, 48] omega0=15.0 lr=0.0001 epochs=2000 npp=1024
      min_dig=2  mean_dig=3.2  max_dig=4  mean_relerr=9.618e-03  n_seeds=5
  hidden=[48, 48, 48] omega0=20.0 lr=0.0001 epochs=2000 npp=1024
      min_dig=2  mean_dig=3.3  max_dig=5  mean_relerr=9.897e-03  n_seeds=5
  hidden=[48, 48, 48] omega0=20.0 lr=5e-05 epochs=4000 npp=512
      min_dig=2  mean_dig=3.3  max_dig=5  mean_relerr=9.935e-03  n_seeds=5
  hidden=[48, 48, 48] omega0=25.0 lr=5e-05 epochs=4000 npp=512
      min_dig=2  mean_dig=3.1  max_dig=5  mean_relerr=1.096e-02  n_seeds=5
  hidden=[48, 48, 48] omega0=15.0 lr=0.0001 epochs=2000 npp=512
      min_dig=2  mean_dig=3.0  max_dig=4  mean_relerr=1.125e-02  n_seeds=5
  hidden=[48, 48, 48] omega0=15.0 lr=5e-05 epochs=4000 npp=256
      min_dig=2  mean_dig=3.2  max_dig=5  mean_relerr=1.198e-02  n_seeds=5
  hidden=[48, 48, 48] omega0=20.0 lr=5e-05 epochs=4000 npp=256
      min_dig=2  mean_dig=3.2  max_dig=5  mean_relerr=1.204e-02  n_seeds=5
  hidden=[48, 48, 48] omega0=15.0 lr=5e-05 epochs=4000 npp=512
      min_dig=2  mean_dig=3.0  max_dig=4  mean_relerr=1.221e-02  n_seeds=5
  hidden=[48, 48, 48] omega0=20.0 lr=0.0001 epochs=2000 npp=512
      min_dig=2  mean_dig=3.0  max_dig=5  mean_relerr=1.262e-02  n_seeds=5
  hidden=[48, 48, 48] omega0=20.0 lr=0.0001 epochs=2000 npp=256
      min_dig=2  mean_dig=3.0  max_dig=4  mean_relerr=1.267e-02  n_seeds=5
  hidden=[48, 48, 48] omega0=25.0 lr=0.0001 epochs=2000 npp=512
      min_dig=2  mean_dig=3.0  max_dig=5  mean_relerr=1.355e-02  n_seeds=5
  hidden=[48, 48, 48] omega0=15.0 lr=0.0001 epochs=2000 npp=256
      min_dig=2  mean_dig=3.2  max_dig=6  mean_relerr=1.376e-02  n_seeds=5
  hidden=[48, 48, 48] omega0=25.0 lr=5e-05 epochs=4000 npp=256
      min_dig=2  mean_dig=3.0  max_dig=5  mean_relerr=1.575e-02  n_seeds=5
  hidden=[48, 48, 48] omega0=20.0 lr=5e-05 epochs=3000 npp=1024
      min_dig=2  mean_dig=3.0  max_dig=4  mean_relerr=1.595e-02  n_seeds=5
  hidden=[48, 48, 48] omega0=15.0 lr=5e-05 epochs=3000 npp=1024
      min_dig=2  mean_dig=3.1  max_dig=6  mean_relerr=1.597e-02  n_seeds=5
  hidden=[48, 48, 48] omega0=25.0 lr=0.0001 epochs=2000 npp=256
      min_dig=2  mean_dig=2.9  max_dig=4  mean_relerr=1.614e-02  n_seeds=5
  hidden=[48, 48, 48] omega0=25.0 lr=5e-05 epochs=3000 npp=1024
      min_dig=2  mean_dig=3.0  max_dig=5  mean_relerr=1.868e-02  n_seeds=5
  hidden=[48, 48, 48] omega0=20.0 lr=5e-05 epochs=3000 npp=512
      min_dig=2  mean_dig=2.9  max_dig=4  mean_relerr=1.985e-02  n_seeds=5
  hidden=[48, 48, 48] omega0=15.0 lr=5e-05 epochs=3000 npp=512
      min_dig=2  mean_dig=2.9  max_dig=5  mean_relerr=2.080e-02  n_seeds=5
  hidden=[48, 48, 48] omega0=25.0 lr=5e-05 epochs=3000 npp=512
      min_dig=2  mean_dig=3.0  max_dig=5  mean_relerr=2.162e-02  n_seeds=5
  hidden=[48, 48, 48] omega0=15.0 lr=5e-05 epochs=3000 npp=256
      min_dig=2  mean_dig=2.8  max_dig=4  mean_relerr=2.281e-02  n_seeds=5
  hidden=[48, 48, 48] omega0=20.0 lr=5e-05 epochs=3000 npp=256
      min_dig=2  mean_dig=2.8  max_dig=4  mean_relerr=2.392e-02  n_seeds=5
  hidden=[48, 48, 48] omega0=25.0 lr=5e-05 epochs=3000 npp=256
      min_dig=2  mean_dig=2.7  max_dig=4  mean_relerr=3.051e-02  n_seeds=5
  hidden=[48, 48, 48] omega0=15.0 lr=5e-05 epochs=2000 npp=1024
      min_dig=2  mean_dig=2.6  max_dig=4  mean_relerr=4.237e-02  n_seeds=5
  hidden=[48, 48, 48] omega0=20.0 lr=5e-05 epochs=2000 npp=1024
      min_dig=2  mean_dig=2.7  max_dig=5  mean_relerr=4.742e-02  n_seeds=5
  hidden=[48, 48, 48] omega0=15.0 lr=5e-05 epochs=2000 npp=512
      min_dig=2  mean_dig=2.5  max_dig=4  mean_relerr=4.849e-02  n_seeds=5
  hidden=[48, 48, 48] omega0=15.0 lr=5e-05 epochs=2000 npp=256
      min_dig=2  mean_dig=2.4  max_dig=4  mean_relerr=5.050e-02  n_seeds=5
  hidden=[48, 48, 48] omega0=25.0 lr=5e-05 epochs=2000 npp=1024
      min_dig=2  mean_dig=2.6  max_dig=4  mean_relerr=5.473e-02  n_seeds=5
  hidden=[48, 48, 48] omega0=20.0 lr=5e-05 epochs=2000 npp=512
      min_dig=2  mean_dig=2.5  max_dig=4  mean_relerr=5.692e-02  n_seeds=5
  hidden=[48, 48, 48] omega0=25.0 lr=5e-05 epochs=2000 npp=512
      min_dig=2  mean_dig=2.6  max_dig=5  mean_relerr=6.061e-02  n_seeds=5
  hidden=[48, 48, 48] omega0=20.0 lr=5e-05 epochs=2000 npp=256
      min_dig=1  mean_dig=2.5  max_dig=6  mean_relerr=6.237e-02  n_seeds=5
  hidden=[48, 48, 48] omega0=25.0 lr=5e-05 epochs=2000 npp=256
      min_dig=1  mean_dig=2.5  max_dig=4  mean_relerr=6.820e-02  n_seeds=5
============================================================================================================================================
  Results saved -> /lustre/projects/g/gshipunv/project-skuld/research/results/grid/13-sechiren-sweep-m2/results_gpu2.csv

