==================================================================
Job ID:     2445965
Script:     /lustre/projects/g/gshipunv/project-skuld/research/experiments/grid/13-sechiren-sweep-m2/super_test_sechiren_m2.py
Arguments:  --num-gpus 4
Log file:   /lustre/projects/g/gshipunv/project-skuld/research/results/grid/13-sechiren-sweep-m2/slurm-2445965.log
Python:     /zfs/store1.hydra.local/user/g/gshipunv/.conda/envs/jasher-lustre/bin/python
PYTHONPATH: /lustre/projects/g/gshipunv/project-skuld/research:/lustre/projects/g/gshipunv/project-skuld:/lustre/projects/g/gshipunv/project-skuld/research/experiments/grid/13-sechiren-sweep-m2:
==================================================================
SKULD is using device: cuda

========================================================================
  SECHIREN SWEEP m2  —  324 configs × 5 seeds = 1620 total runs
  GPU 0/4  —  processing runs [0:405] = 405 runs, device=cuda
========================================================================

Computing scipy reference integrals (shared across all configs)...
Done.

[1/405] hidden=[16, 16, 16] omega0=15.0 lr=5e-05 epochs=2000 npp=256 seed=42 ...
  Epoch     1/2000  loss=3.3646e-01  lr=5.00e-05  (0.2s)
    -> I1=1 I2=1 I3=2 I4=2 I5=1 I6=1 I7=2 I8=2 min=1 mean=1.5 max=2 (26.2s)
[2/405] hidden=[16, 16, 16] omega0=15.0 lr=5e-05 epochs=2000 npp=256 seed=137 ...
  Epoch     1/2000  loss=3.7379e-01  lr=5.00e-05  (0.0s)
    -> I1=1 I2=1 I3=2 I4=2 I5=1 I6=1 I7=3 I8=2 min=1 mean=1.6 max=3 (25.1s)
[3/405] hidden=[16, 16, 16] omega0=15.0 lr=5e-05 epochs=2000 npp=256 seed=2024 ...
  Epoch     1/2000  loss=3.6207e-01  lr=5.00e-05  (0.0s)
    -> I1=1 I2=1 I3=2 I4=2 I5=2 I6=1 I7=3 I8=2 min=1 mean=1.8 max=3 (25.0s)
[4/405] hidden=[16, 16, 16] omega0=15.0 lr=5e-05 epochs=2000 npp=256 seed=7 ...
  Epoch     1/2000  loss=4.6747e-01  lr=5.00e-05  (0.0s)
    -> I1=1 I2=1 I3=2 I4=2 I5=1 I6=1 I7=2 I8=2 min=1 mean=1.5 max=2 (25.2s)
[5/405] hidden=[16, 16, 16] omega0=15.0 lr=5e-05 epochs=2000 npp=256 seed=999 ...
  Epoch     1/2000  loss=4.0854e-01  lr=5.00e-05  (0.0s)
    -> I1=1 I2=1 I3=2 I4=2 I5=1 I6=2 I7=2 I8=2 min=1 mean=1.6 max=2 (25.1s)
[6/405] hidden=[16, 16, 16] omega0=15.0 lr=5e-05 epochs=2000 npp=512 seed=42 ...
  Epoch     1/2000  loss=3.4156e-01  lr=5.00e-05  (0.0s)
    -> I1=1 I2=1 I3=2 I4=2 I5=1 I6=1 I7=3 I8=2 min=1 mean=1.6 max=3 (25.4s)
[7/405] hidden=[16, 16, 16] omega0=15.0 lr=5e-05 epochs=2000 npp=512 seed=137 ...
  Epoch     1/2000  loss=3.5241e-01  lr=5.00e-05  (0.0s)
    -> I1=1 I2=1 I3=2 I4=2 I5=1 I6=1 I7=3 I8=2 min=1 mean=1.6 max=3 (25.7s)
[8/405] hidden=[16, 16, 16] omega0=15.0 lr=5e-05 epochs=2000 npp=512 seed=2024 ...
  Epoch     1/2000  loss=3.8785e-01  lr=5.00e-05  (0.0s)
    -> I1=1 I2=1 I3=2 I4=2 I5=2 I6=1 I7=3 I8=2 min=1 mean=1.8 max=3 (25.3s)
[9/405] hidden=[16, 16, 16] omega0=15.0 lr=5e-05 epochs=2000 npp=512 seed=7 ...
  Epoch     1/2000  loss=3.8905e-01  lr=5.00e-05  (0.0s)
    -> I1=1 I2=1 I3=2 I4=2 I5=1 I6=1 I7=2 I8=2 min=1 mean=1.5 max=2 (25.8s)
[10/405] hidden=[16, 16, 16] omega0=15.0 lr=5e-05 epochs=2000 npp=512 seed=999 ...
  Epoch     1/2000  loss=3.6539e-01  lr=5.00e-05  (0.0s)
    -> I1=1 I2=1 I3=2 I4=2 I5=1 I6=2 I7=2 I8=2 min=1 mean=1.6 max=2 (25.5s)
[11/405] hidden=[16, 16, 16] omega0=15.0 lr=5e-05 epochs=2000 npp=1024 seed=42 ...
  Epoch     1/2000  loss=3.3154e-01  lr=5.00e-05  (0.0s)
    -> I1=1 I2=1 I3=3 I4=2 I5=1 I6=1 I7=2 I8=2 min=1 mean=1.6 max=3 (26.4s)
[12/405] hidden=[16, 16, 16] omega0=15.0 lr=5e-05 epochs=2000 npp=1024 seed=137 ...
  Epoch     1/2000  loss=3.6443e-01  lr=5.00e-05  (0.0s)
    -> I1=2 I2=1 I3=2 I4=3 I5=2 I6=1 I7=2 I8=3 min=1 mean=2.0 max=3 (26.0s)
[13/405] hidden=[16, 16, 16] omega0=15.0 lr=5e-05 epochs=2000 npp=1024 seed=2024 ...
  Epoch     1/2000  loss=3.8475e-01  lr=5.00e-05  (0.0s)
    -> I1=1 I2=1 I3=2 I4=2 I5=2 I6=1 I7=3 I8=2 min=1 mean=1.8 max=3 (26.3s)
[14/405] hidden=[16, 16, 16] omega0=15.0 lr=5e-05 epochs=2000 npp=1024 seed=7 ...
  Epoch     1/2000  loss=4.0764e-01  lr=5.00e-05  (0.0s)
    -> I1=1 I2=1 I3=2 I4=2 I5=1 I6=1 I7=3 I8=2 min=1 mean=1.6 max=3 (26.3s)
[15/405] hidden=[16, 16, 16] omega0=15.0 lr=5e-05 epochs=2000 npp=1024 seed=999 ...
  Epoch     1/2000  loss=3.8221e-01  lr=5.00e-05  (0.0s)
    -> I1=1 I2=1 I3=2 I4=3 I5=1 I6=2 I7=2 I8=3 min=1 mean=1.9 max=3 (26.1s)
[16/405] hidden=[16, 16, 16] omega0=15.0 lr=0.0001 epochs=2000 npp=256 seed=42 ...
  Epoch     1/2000  loss=3.3646e-01  lr=1.00e-04  (0.0s)
    -> I1=2 I2=2 I3=2 I4=3 I5=1 I6=2 I7=2 I8=2 min=1 mean=2.0 max=3 (25.1s)
[17/405] hidden=[16, 16, 16] omega0=15.0 lr=0.0001 epochs=2000 npp=256 seed=137 ...
  Epoch     1/2000  loss=3.7379e-01  lr=1.00e-04  (0.0s)
    -> I1=2 I2=2 I3=2 I4=3 I5=2 I6=2 I7=4 I8=3 min=2 mean=2.5 max=4 (25.2s)
[18/405] hidden=[16, 16, 16] omega0=15.0 lr=0.0001 epochs=2000 npp=256 seed=2024 ...
  Epoch     1/2000  loss=3.6207e-01  lr=1.00e-04  (0.0s)
    -> I1=2 I2=2 I3=2 I4=3 I5=2 I6=2 I7=2 I8=3 min=2 mean=2.2 max=3 (24.9s)
[19/405] hidden=[16, 16, 16] omega0=15.0 lr=0.0001 epochs=2000 npp=256 seed=7 ...
  Epoch     1/2000  loss=4.6747e-01  lr=1.00e-04  (0.0s)
    -> I1=2 I2=2 I3=2 I4=3 I5=2 I6=2 I7=2 I8=2 min=2 mean=2.1 max=3 (25.2s)
[20/405] hidden=[16, 16, 16] omega0=15.0 lr=0.0001 epochs=2000 npp=256 seed=999 ...
  Epoch     1/2000  loss=4.0854e-01  lr=1.00e-04  (0.0s)
    -> I1=2 I2=2 I3=2 I4=3 I5=2 I6=2 I7=2 I8=3 min=2 mean=2.2 max=3 (25.1s)
[21/405] hidden=[16, 16, 16] omega0=15.0 lr=0.0001 epochs=2000 npp=512 seed=42 ...
  Epoch     1/2000  loss=3.4156e-01  lr=1.00e-04  (0.0s)
    -> I1=2 I2=2 I3=3 I4=5 I5=1 I6=2 I7=2 I8=3 min=1 mean=2.5 max=5 (25.5s)
[22/405] hidden=[16, 16, 16] omega0=15.0 lr=0.0001 epochs=2000 npp=512 seed=137 ...
  Epoch     1/2000  loss=3.5241e-01  lr=1.00e-04  (0.0s)
    -> I1=2 I2=2 I3=2 I4=2 I5=2 I6=2 I7=2 I8=3 min=2 mean=2.1 max=3 (25.6s)
[23/405] hidden=[16, 16, 16] omega0=15.0 lr=0.0001 epochs=2000 npp=512 seed=2024 ...
  Epoch     1/2000  loss=3.8785e-01  lr=1.00e-04  (0.0s)
    -> I1=2 I2=2 I3=2 I4=3 I5=3 I6=2 I7=2 I8=4 min=2 mean=2.5 max=4 (25.3s)
[24/405] hidden=[16, 16, 16] omega0=15.0 lr=0.0001 epochs=2000 npp=512 seed=7 ...
  Epoch     1/2000  loss=3.8905e-01  lr=1.00e-04  (0.0s)
    -> I1=3 I2=2 I3=2 I4=3 I5=2 I6=2 I7=2 I8=2 min=2 mean=2.2 max=3 (25.3s)
[25/405] hidden=[16, 16, 16] omega0=15.0 lr=0.0001 epochs=2000 npp=512 seed=999 ...
  Epoch     1/2000  loss=3.6539e-01  lr=1.00e-04  (0.0s)
    -> I1=2 I2=2 I3=2 I4=3 I5=2 I6=2 I7=2 I8=4 min=2 mean=2.4 max=4 (25.5s)
[26/405] hidden=[16, 16, 16] omega0=15.0 lr=0.0001 epochs=2000 npp=1024 seed=42 ...
  Epoch     1/2000  loss=3.3154e-01  lr=1.00e-04  (0.0s)
    -> I1=2 I2=2 I3=2 I4=4 I5=2 I6=2 I7=2 I8=3 min=2 mean=2.4 max=4 (26.3s)
[27/405] hidden=[16, 16, 16] omega0=15.0 lr=0.0001 epochs=2000 npp=1024 seed=137 ...
  Epoch     1/2000  loss=3.6443e-01  lr=1.00e-04  (0.0s)
    -> I1=2 I2=2 I3=2 I4=3 I5=2 I6=2 I7=2 I8=3 min=2 mean=2.2 max=3 (26.1s)
[28/405] hidden=[16, 16, 16] omega0=15.0 lr=0.0001 epochs=2000 npp=1024 seed=2024 ...
  Epoch     1/2000  loss=3.8475e-01  lr=1.00e-04  (0.0s)
    -> I1=2 I2=2 I3=3 I4=3 I5=2 I6=2 I7=2 I8=3 min=2 mean=2.4 max=3 (26.0s)
[29/405] hidden=[16, 16, 16] omega0=15.0 lr=0.0001 epochs=2000 npp=1024 seed=7 ...
  Epoch     1/2000  loss=4.0764e-01  lr=1.00e-04  (0.0s)
    -> I1=2 I2=2 I3=2 I4=3 I5=3 I6=2 I7=2 I8=2 min=2 mean=2.2 max=3 (26.1s)
[30/405] hidden=[16, 16, 16] omega0=15.0 lr=0.0001 epochs=2000 npp=1024 seed=999 ...
  Epoch     1/2000  loss=3.8221e-01  lr=1.00e-04  (0.0s)
    -> I1=2 I2=2 I3=2 I4=3 I5=3 I6=2 I7=2 I8=3 min=2 mean=2.4 max=3 (26.0s)
[31/405] hidden=[16, 16, 16] omega0=15.0 lr=0.0002 epochs=2000 npp=256 seed=42 ...
  Epoch     1/2000  loss=3.3646e-01  lr=2.00e-04  (0.0s)
    -> I1=2 I2=4 I3=3 I4=3 I5=3 I6=2 I7=2 I8=3 min=2 mean=2.8 max=4 (25.0s)
[32/405] hidden=[16, 16, 16] omega0=15.0 lr=0.0002 epochs=2000 npp=256 seed=137 ...
  Epoch     1/2000  loss=3.7379e-01  lr=2.00e-04  (0.0s)
    -> I1=2 I2=3 I3=3 I4=3 I5=2 I6=3 I7=3 I8=4 min=2 mean=2.9 max=4 (25.0s)
[33/405] hidden=[16, 16, 16] omega0=15.0 lr=0.0002 epochs=2000 npp=256 seed=2024 ...
  Epoch     1/2000  loss=3.6207e-01  lr=2.00e-04  (0.0s)
    -> I1=2 I2=2 I3=2 I4=3 I5=4 I6=3 I7=3 I8=3 min=2 mean=2.8 max=4 (24.9s)
[34/405] hidden=[16, 16, 16] omega0=15.0 lr=0.0002 epochs=2000 npp=256 seed=7 ...
  Epoch     1/2000  loss=4.6747e-01  lr=2.00e-04  (0.0s)
    -> I1=2 I2=3 I3=2 I4=4 I5=2 I6=2 I7=2 I8=3 min=2 mean=2.5 max=4 (24.9s)
[35/405] hidden=[16, 16, 16] omega0=15.0 lr=0.0002 epochs=2000 npp=256 seed=999 ...
  Epoch     1/2000  loss=4.0854e-01  lr=2.00e-04  (0.0s)
    -> I1=2 I2=2 I3=4 I4=3 I5=3 I6=2 I7=2 I8=3 min=2 mean=2.6 max=4 (25.1s)
[36/405] hidden=[16, 16, 16] omega0=15.0 lr=0.0002 epochs=2000 npp=512 seed=42 ...
  Epoch     1/2000  loss=3.4156e-01  lr=2.00e-04  (0.0s)
    -> I1=4 I2=2 I3=3 I4=4 I5=2 I6=3 I7=3 I8=3 min=2 mean=3.0 max=4 (25.3s)
[37/405] hidden=[16, 16, 16] omega0=15.0 lr=0.0002 epochs=2000 npp=512 seed=137 ...
  Epoch     1/2000  loss=3.5241e-01  lr=2.00e-04  (0.0s)
    -> I1=2 I2=2 I3=3 I4=3 I5=2 I6=2 I7=4 I8=3 min=2 mean=2.6 max=4 (25.3s)
[38/405] hidden=[16, 16, 16] omega0=15.0 lr=0.0002 epochs=2000 npp=512 seed=2024 ...
  Epoch     1/2000  loss=3.8785e-01  lr=2.00e-04  (0.0s)
    -> I1=2 I2=2 I3=3 I4=4 I5=2 I6=3 I7=2 I8=4 min=2 mean=2.8 max=4 (25.3s)
[39/405] hidden=[16, 16, 16] omega0=15.0 lr=0.0002 epochs=2000 npp=512 seed=7 ...
  Epoch     1/2000  loss=3.8905e-01  lr=2.00e-04  (0.0s)
    -> I1=2 I2=3 I3=2 I4=3 I5=2 I6=2 I7=3 I8=3 min=2 mean=2.5 max=3 (25.3s)
[40/405] hidden=[16, 16, 16] omega0=15.0 lr=0.0002 epochs=2000 npp=512 seed=999 ...
  Epoch     1/2000  loss=3.6539e-01  lr=2.00e-04  (0.0s)
    -> I1=2 I2=2 I3=2 I4=4 I5=3 I6=3 I7=2 I8=3 min=2 mean=2.6 max=4 (25.2s)
[41/405] hidden=[16, 16, 16] omega0=15.0 lr=0.0002 epochs=2000 npp=1024 seed=42 ...
  Epoch     1/2000  loss=3.3154e-01  lr=2.00e-04  (0.0s)
    -> I1=3 I2=2 I3=2 I4=3 I5=2 I6=3 I7=2 I8=3 min=2 mean=2.5 max=3 (26.3s)
[42/405] hidden=[16, 16, 16] omega0=15.0 lr=0.0002 epochs=2000 npp=1024 seed=137 ...
  Epoch     1/2000  loss=3.6443e-01  lr=2.00e-04  (0.0s)
    -> I1=2 I2=2 I3=2 I4=5 I5=2 I6=3 I7=2 I8=3 min=2 mean=2.6 max=5 (26.2s)
[43/405] hidden=[16, 16, 16] omega0=15.0 lr=0.0002 epochs=2000 npp=1024 seed=2024 ...
  Epoch     1/2000  loss=3.8475e-01  lr=2.00e-04  (0.0s)
    -> I1=2 I2=2 I3=2 I4=3 I5=2 I6=3 I7=2 I8=4 min=2 mean=2.5 max=4 (26.2s)
[44/405] hidden=[16, 16, 16] omega0=15.0 lr=0.0002 epochs=2000 npp=1024 seed=7 ...
  Epoch     1/2000  loss=4.0764e-01  lr=2.00e-04  (0.0s)
    -> I1=2 I2=2 I3=2 I4=3 I5=2 I6=2 I7=3 I8=4 min=2 mean=2.5 max=4 (26.1s)
[45/405] hidden=[16, 16, 16] omega0=15.0 lr=0.0002 epochs=2000 npp=1024 seed=999 ...
  Epoch     1/2000  loss=3.8221e-01  lr=2.00e-04  (0.0s)
    -> I1=2 I2=2 I3=3 I4=4 I5=2 I6=3 I7=2 I8=3 min=2 mean=2.6 max=4 (26.3s)
[46/405] hidden=[16, 16, 16] omega0=15.0 lr=5e-05 epochs=3000 npp=256 seed=42 ...
  Epoch     1/3000  loss=3.3646e-01  lr=5.00e-05  (0.0s)
    -> I1=2 I2=2 I3=2 I4=2 I5=1 I6=2 I7=2 I8=3 min=1 mean=2.0 max=3 (37.4s)
[47/405] hidden=[16, 16, 16] omega0=15.0 lr=5e-05 epochs=3000 npp=256 seed=137 ...
  Epoch     1/3000  loss=3.7379e-01  lr=5.00e-05  (0.0s)
    -> I1=4 I2=2 I3=2 I4=2 I5=2 I6=2 I7=2 I8=3 min=2 mean=2.4 max=4 (37.4s)
[48/405] hidden=[16, 16, 16] omega0=15.0 lr=5e-05 epochs=3000 npp=256 seed=2024 ...
  Epoch     1/3000  loss=3.6207e-01  lr=5.00e-05  (0.0s)
    -> I1=2 I2=2 I3=2 I4=3 I5=2 I6=2 I7=2 I8=3 min=2 mean=2.2 max=3 (37.6s)
[49/405] hidden=[16, 16, 16] omega0=15.0 lr=5e-05 epochs=3000 npp=256 seed=7 ...
  Epoch     1/3000  loss=4.6747e-01  lr=5.00e-05  (0.0s)
    -> I1=2 I2=2 I3=2 I4=3 I5=2 I6=2 I7=2 I8=2 min=2 mean=2.1 max=3 (37.8s)
[50/405] hidden=[16, 16, 16] omega0=15.0 lr=5e-05 epochs=3000 npp=256 seed=999 ...
  Epoch     1/3000  loss=4.0854e-01  lr=5.00e-05  (0.0s)
    -> I1=1 I2=2 I3=2 I4=3 I5=2 I6=2 I7=2 I8=3 min=1 mean=2.1 max=3 (37.6s)
[51/405] hidden=[16, 16, 16] omega0=15.0 lr=5e-05 epochs=3000 npp=512 seed=42 ...
  Epoch     1/3000  loss=3.4156e-01  lr=5.00e-05  (0.0s)
    -> I1=2 I2=2 I3=5 I4=3 I5=1 I6=2 I7=3 I8=3 min=1 mean=2.6 max=5 (38.4s)
[52/405] hidden=[16, 16, 16] omega0=15.0 lr=5e-05 epochs=3000 npp=512 seed=137 ...
  Epoch     1/3000  loss=3.5241e-01  lr=5.00e-05  (0.0s)
    -> I1=2 I2=2 I3=2 I4=2 I5=3 I6=2 I7=2 I8=3 min=2 mean=2.2 max=3 (38.0s)
[53/405] hidden=[16, 16, 16] omega0=15.0 lr=5e-05 epochs=3000 npp=512 seed=2024 ...
  Epoch     1/3000  loss=3.8785e-01  lr=5.00e-05  (0.0s)
    -> I1=2 I2=2 I3=2 I4=3 I5=2 I6=2 I7=2 I8=3 min=2 mean=2.2 max=3 (38.1s)
[54/405] hidden=[16, 16, 16] omega0=15.0 lr=5e-05 epochs=3000 npp=512 seed=7 ...
  Epoch     1/3000  loss=3.8905e-01  lr=5.00e-05  (0.0s)
    -> I1=3 I2=2 I3=2 I4=3 I5=2 I6=1 I7=2 I8=2 min=1 mean=2.1 max=3 (38.1s)
[55/405] hidden=[16, 16, 16] omega0=15.0 lr=5e-05 epochs=3000 npp=512 seed=999 ...
  Epoch     1/3000  loss=3.6539e-01  lr=5.00e-05  (0.0s)
    -> I1=2 I2=2 I3=2 I4=3 I5=2 I6=2 I7=2 I8=3 min=2 mean=2.2 max=3 (37.8s)
[56/405] hidden=[16, 16, 16] omega0=15.0 lr=5e-05 epochs=3000 npp=1024 seed=42 ...
  Epoch     1/3000  loss=3.3154e-01  lr=5.00e-05  (0.0s)
    -> I1=2 I2=2 I3=2 I4=3 I5=1 I6=2 I7=2 I8=3 min=1 mean=2.1 max=3 (39.4s)
[57/405] hidden=[16, 16, 16] omega0=15.0 lr=5e-05 epochs=3000 npp=1024 seed=137 ...
  Epoch     1/3000  loss=3.6443e-01  lr=5.00e-05  (0.0s)
    -> I1=2 I2=2 I3=2 I4=3 I5=2 I6=2 I7=2 I8=3 min=2 mean=2.2 max=3 (39.2s)
[58/405] hidden=[16, 16, 16] omega0=15.0 lr=5e-05 epochs=3000 npp=1024 seed=2024 ...
  Epoch     1/3000  loss=3.8475e-01  lr=5.00e-05  (0.0s)
    -> I1=2 I2=2 I3=2 I4=4 I5=3 I6=2 I7=2 I8=3 min=2 mean=2.5 max=4 (39.3s)
[59/405] hidden=[16, 16, 16] omega0=15.0 lr=5e-05 epochs=3000 npp=1024 seed=7 ...
  Epoch     1/3000  loss=4.0764e-01  lr=5.00e-05  (0.0s)
    -> I1=2 I2=2 I3=3 I4=3 I5=3 I6=2 I7=2 I8=2 min=2 mean=2.4 max=3 (39.2s)
[60/405] hidden=[16, 16, 16] omega0=15.0 lr=5e-05 epochs=3000 npp=1024 seed=999 ...
  Epoch     1/3000  loss=3.8221e-01  lr=5.00e-05  (0.0s)
    -> I1=2 I2=2 I3=2 I4=3 I5=2 I6=2 I7=2 I8=3 min=2 mean=2.2 max=3 (39.1s)
[61/405] hidden=[16, 16, 16] omega0=15.0 lr=0.0001 epochs=3000 npp=256 seed=42 ...
  Epoch     1/3000  loss=3.3646e-01  lr=1.00e-04  (0.0s)
    -> I1=2 I2=2 I3=2 I4=3 I5=1 I6=2 I7=2 I8=3 min=1 mean=2.1 max=3 (37.4s)
[62/405] hidden=[16, 16, 16] omega0=15.0 lr=0.0001 epochs=3000 npp=256 seed=137 ...
  Epoch     1/3000  loss=3.7379e-01  lr=1.00e-04  (0.0s)
    -> I1=2 I2=2 I3=3 I4=3 I5=2 I6=2 I7=2 I8=3 min=2 mean=2.4 max=3 (37.5s)
[63/405] hidden=[16, 16, 16] omega0=15.0 lr=0.0001 epochs=3000 npp=256 seed=2024 ...
  Epoch     1/3000  loss=3.6207e-01  lr=1.00e-04  (0.0s)
    -> I1=2 I2=2 I3=3 I4=3 I5=2 I6=2 I7=2 I8=3 min=2 mean=2.4 max=3 (37.5s)
[64/405] hidden=[16, 16, 16] omega0=15.0 lr=0.0001 epochs=3000 npp=256 seed=7 ...
  Epoch     1/3000  loss=4.6747e-01  lr=1.00e-04  (0.0s)
    -> I1=2 I2=2 I3=3 I4=3 I5=2 I6=2 I7=2 I8=2 min=2 mean=2.2 max=3 (37.4s)
[65/405] hidden=[16, 16, 16] omega0=15.0 lr=0.0001 epochs=3000 npp=256 seed=999 ...
  Epoch     1/3000  loss=4.0854e-01  lr=1.00e-04  (0.0s)
    -> I1=2 I2=2 I3=3 I4=3 I5=2 I6=2 I7=2 I8=3 min=2 mean=2.4 max=3 (37.0s)
[66/405] hidden=[16, 16, 16] omega0=15.0 lr=0.0001 epochs=3000 npp=512 seed=42 ...
  Epoch     1/3000  loss=3.4156e-01  lr=1.00e-04  (0.0s)
    -> I1=2 I2=2 I3=2 I4=3 I5=2 I6=2 I7=2 I8=3 min=2 mean=2.2 max=3 (37.6s)
[67/405] hidden=[16, 16, 16] omega0=15.0 lr=0.0001 epochs=3000 npp=512 seed=137 ...
  Epoch     1/3000  loss=3.5241e-01  lr=1.00e-04  (0.0s)
    -> I1=2 I2=2 I3=2 I4=2 I5=2 I6=2 I7=3 I8=2 min=2 mean=2.1 max=3 (37.6s)
[68/405] hidden=[16, 16, 16] omega0=15.0 lr=0.0001 epochs=3000 npp=512 seed=2024 ...
  Epoch     1/3000  loss=3.8785e-01  lr=1.00e-04  (0.0s)
    -> I1=2 I2=2 I3=4 I4=3 I5=3 I6=2 I7=2 I8=4 min=2 mean=2.8 max=4 (37.6s)
[69/405] hidden=[16, 16, 16] omega0=15.0 lr=0.0001 epochs=3000 npp=512 seed=7 ...
  Epoch     1/3000  loss=3.8905e-01  lr=1.00e-04  (0.0s)
    -> I1=2 I2=3 I3=2 I4=3 I5=2 I6=2 I7=3 I8=3 min=2 mean=2.5 max=3 (37.4s)
[70/405] hidden=[16, 16, 16] omega0=15.0 lr=0.0001 epochs=3000 npp=512 seed=999 ...
  Epoch     1/3000  loss=3.6539e-01  lr=1.00e-04  (0.0s)
    -> I1=2 I2=2 I3=3 I4=5 I5=4 I6=3 I7=2 I8=3 min=2 mean=3.0 max=5 (37.9s)
[71/405] hidden=[16, 16, 16] omega0=15.0 lr=0.0001 epochs=3000 npp=1024 seed=42 ...
  Epoch     1/3000  loss=3.3154e-01  lr=1.00e-04  (0.0s)
    -> I1=2 I2=2 I3=2 I4=4 I5=3 I6=2 I7=2 I8=3 min=2 mean=2.5 max=4 (38.8s)
[72/405] hidden=[16, 16, 16] omega0=15.0 lr=0.0001 epochs=3000 npp=1024 seed=137 ...
  Epoch     1/3000  loss=3.6443e-01  lr=1.00e-04  (0.0s)
    -> I1=2 I2=2 I3=2 I4=2 I5=2 I6=2 I7=2 I8=2 min=2 mean=2.0 max=2 (38.9s)
[73/405] hidden=[16, 16, 16] omega0=15.0 lr=0.0001 epochs=3000 npp=1024 seed=2024 ...
  Epoch     1/3000  loss=3.8475e-01  lr=1.00e-04  (0.0s)
    -> I1=3 I2=2 I3=3 I4=4 I5=2 I6=2 I7=2 I8=3 min=2 mean=2.6 max=4 (39.1s)
[74/405] hidden=[16, 16, 16] omega0=15.0 lr=0.0001 epochs=3000 npp=1024 seed=7 ...
  Epoch     1/3000  loss=4.0764e-01  lr=1.00e-04  (0.0s)
    -> I1=2 I2=2 I3=2 I4=3 I5=2 I6=2 I7=2 I8=5 min=2 mean=2.5 max=5 (38.6s)
[75/405] hidden=[16, 16, 16] omega0=15.0 lr=0.0001 epochs=3000 npp=1024 seed=999 ...
  Epoch     1/3000  loss=3.8221e-01  lr=1.00e-04  (0.0s)
    -> I1=2 I2=2 I3=3 I4=3 I5=3 I6=2 I7=2 I8=3 min=2 mean=2.5 max=3 (39.3s)
[76/405] hidden=[16, 16, 16] omega0=15.0 lr=0.0002 epochs=3000 npp=256 seed=42 ...
  Epoch     1/3000  loss=3.3646e-01  lr=2.00e-04  (0.0s)
    -> I1=3 I2=4 I3=3 I4=3 I5=3 I6=3 I7=3 I8=3 min=3 mean=3.1 max=4 (37.5s)
[77/405] hidden=[16, 16, 16] omega0=15.0 lr=0.0002 epochs=3000 npp=256 seed=137 ...
  Epoch     1/3000  loss=3.7379e-01  lr=2.00e-04  (0.0s)
    -> I1=2 I2=3 I3=3 I4=3 I5=2 I6=3 I7=2 I8=5 min=2 mean=2.9 max=5 (37.2s)
[78/405] hidden=[16, 16, 16] omega0=15.0 lr=0.0002 epochs=3000 npp=256 seed=2024 ...
  Epoch     1/3000  loss=3.6207e-01  lr=2.00e-04  (0.0s)
    -> I1=3 I2=2 I3=2 I4=4 I5=2 I6=2 I7=2 I8=4 min=2 mean=2.6 max=4 (37.8s)
[79/405] hidden=[16, 16, 16] omega0=15.0 lr=0.0002 epochs=3000 npp=256 seed=7 ...
  Epoch     1/3000  loss=4.6747e-01  lr=2.00e-04  (0.0s)
    -> I1=3 I2=3 I3=2 I4=3 I5=2 I6=3 I7=2 I8=3 min=2 mean=2.6 max=3 (37.5s)
[80/405] hidden=[16, 16, 16] omega0=15.0 lr=0.0002 epochs=3000 npp=256 seed=999 ...
  Epoch     1/3000  loss=4.0854e-01  lr=2.00e-04  (0.0s)
    -> I1=2 I2=3 I3=3 I4=4 I5=3 I6=3 I7=3 I8=3 min=2 mean=3.0 max=4 (36.8s)
[81/405] hidden=[16, 16, 16] omega0=15.0 lr=0.0002 epochs=3000 npp=512 seed=42 ...
  Epoch     1/3000  loss=3.4156e-01  lr=2.00e-04  (0.0s)
    -> I1=3 I2=2 I3=3 I4=3 I5=3 I6=3 I7=3 I8=4 min=2 mean=3.0 max=4 (38.4s)
[82/405] hidden=[16, 16, 16] omega0=15.0 lr=0.0002 epochs=3000 npp=512 seed=137 ...
  Epoch     1/3000  loss=3.5241e-01  lr=2.00e-04  (0.0s)
    -> I1=2 I2=3 I3=3 I4=3 I5=2 I6=3 I7=2 I8=4 min=2 mean=2.8 max=4 (38.0s)
[83/405] hidden=[16, 16, 16] omega0=15.0 lr=0.0002 epochs=3000 npp=512 seed=2024 ...
  Epoch     1/3000  loss=3.8785e-01  lr=2.00e-04  (0.0s)
    -> I1=2 I2=3 I3=2 I4=4 I5=3 I6=3 I7=2 I8=3 min=2 mean=2.8 max=4 (38.2s)
[84/405] hidden=[16, 16, 16] omega0=15.0 lr=0.0002 epochs=3000 npp=512 seed=7 ...
  Epoch     1/3000  loss=3.8905e-01  lr=2.00e-04  (0.0s)
    -> I1=2 I2=3 I3=3 I4=4 I5=2 I6=2 I7=3 I8=2 min=2 mean=2.6 max=4 (38.2s)
[85/405] hidden=[16, 16, 16] omega0=15.0 lr=0.0002 epochs=3000 npp=512 seed=999 ...
  Epoch     1/3000  loss=3.6539e-01  lr=2.00e-04  (0.0s)
    -> I1=2 I2=3 I3=2 I4=4 I5=3 I6=3 I7=2 I8=3 min=2 mean=2.8 max=4 (38.3s)
[86/405] hidden=[16, 16, 16] omega0=15.0 lr=0.0002 epochs=3000 npp=1024 seed=42 ...
  Epoch     1/3000  loss=3.3154e-01  lr=2.00e-04  (0.0s)
    -> I1=3 I2=3 I3=3 I4=3 I5=2 I6=3 I7=3 I8=3 min=2 mean=2.9 max=3 (38.9s)
[87/405] hidden=[16, 16, 16] omega0=15.0 lr=0.0002 epochs=3000 npp=1024 seed=137 ...
  Epoch     1/3000  loss=3.6443e-01  lr=2.00e-04  (0.0s)
    -> I1=2 I2=2 I3=2 I4=4 I5=2 I6=3 I7=2 I8=3 min=2 mean=2.5 max=4 (39.2s)
[88/405] hidden=[16, 16, 16] omega0=15.0 lr=0.0002 epochs=3000 npp=1024 seed=2024 ...
  Epoch     1/3000  loss=3.8475e-01  lr=2.00e-04  (0.0s)
    -> I1=3 I2=3 I3=2 I4=3 I5=2 I6=3 I7=2 I8=3 min=2 mean=2.6 max=3 (38.9s)
[89/405] hidden=[16, 16, 16] omega0=15.0 lr=0.0002 epochs=3000 npp=1024 seed=7 ...
  Epoch     1/3000  loss=4.0764e-01  lr=2.00e-04  (0.0s)
    -> I1=3 I2=3 I3=2 I4=3 I5=2 I6=3 I7=3 I8=3 min=2 mean=2.8 max=3 (39.0s)
[90/405] hidden=[16, 16, 16] omega0=15.0 lr=0.0002 epochs=3000 npp=1024 seed=999 ...
  Epoch     1/3000  loss=3.8221e-01  lr=2.00e-04  (0.0s)
    -> I1=2 I2=3 I3=3 I4=5 I5=2 I6=4 I7=2 I8=3 min=2 mean=3.0 max=5 (39.0s)
[91/405] hidden=[16, 16, 16] omega0=15.0 lr=5e-05 epochs=4000 npp=256 seed=42 ...
  Epoch     1/4000  loss=3.3646e-01  lr=5.00e-05  (0.0s)
    -> I1=2 I2=2 I3=3 I4=3 I5=1 I6=2 I7=2 I8=3 min=1 mean=2.2 max=3 (49.8s)
[92/405] hidden=[16, 16, 16] omega0=15.0 lr=5e-05 epochs=4000 npp=256 seed=137 ...
  Epoch     1/4000  loss=3.7379e-01  lr=5.00e-05  (0.0s)
    -> I1=3 I2=2 I3=3 I4=2 I5=2 I6=2 I7=2 I8=3 min=2 mean=2.4 max=3 (49.8s)
[93/405] hidden=[16, 16, 16] omega0=15.0 lr=5e-05 epochs=4000 npp=256 seed=2024 ...
  Epoch     1/4000  loss=3.6207e-01  lr=5.00e-05  (0.0s)
    -> I1=2 I2=2 I3=2 I4=3 I5=3 I6=2 I7=2 I8=4 min=2 mean=2.5 max=4 (49.8s)
[94/405] hidden=[16, 16, 16] omega0=15.0 lr=5e-05 epochs=4000 npp=256 seed=7 ...
  Epoch     1/4000  loss=4.6747e-01  lr=5.00e-05  (0.0s)
    -> I1=2 I2=2 I3=2 I4=3 I5=2 I6=2 I7=2 I8=2 min=2 mean=2.1 max=3 (49.8s)
[95/405] hidden=[16, 16, 16] omega0=15.0 lr=5e-05 epochs=4000 npp=256 seed=999 ...
  Epoch     1/4000  loss=4.0854e-01  lr=5.00e-05  (0.0s)
    -> I1=2 I2=2 I3=2 I4=4 I5=2 I6=2 I7=2 I8=4 min=2 mean=2.5 max=4 (50.0s)
[96/405] hidden=[16, 16, 16] omega0=15.0 lr=5e-05 epochs=4000 npp=512 seed=42 ...
  Epoch     1/4000  loss=3.4156e-01  lr=5.00e-05  (0.0s)
    -> I1=2 I2=2 I3=2 I4=3 I5=1 I6=2 I7=3 I8=3 min=1 mean=2.2 max=3 (50.7s)
[97/405] hidden=[16, 16, 16] omega0=15.0 lr=5e-05 epochs=4000 npp=512 seed=137 ...
  Epoch     1/4000  loss=3.5241e-01  lr=5.00e-05  (0.0s)
    -> I1=2 I2=2 I3=2 I4=2 I5=2 I6=2 I7=3 I8=3 min=2 mean=2.2 max=3 (50.4s)
[98/405] hidden=[16, 16, 16] omega0=15.0 lr=5e-05 epochs=4000 npp=512 seed=2024 ...
  Epoch     1/4000  loss=3.8785e-01  lr=5.00e-05  (0.0s)
    -> I1=2 I2=2 I3=3 I4=3 I5=3 I6=2 I7=2 I8=4 min=2 mean=2.6 max=4 (50.5s)
[99/405] hidden=[16, 16, 16] omega0=15.0 lr=5e-05 epochs=4000 npp=512 seed=7 ...
  Epoch     1/4000  loss=3.8905e-01  lr=5.00e-05  (0.0s)
    -> I1=2 I2=2 I3=2 I4=3 I5=2 I6=2 I7=2 I8=2 min=2 mean=2.1 max=3 (51.1s)
[100/405] hidden=[16, 16, 16] omega0=15.0 lr=5e-05 epochs=4000 npp=512 seed=999 ...
  Epoch     1/4000  loss=3.6539e-01  lr=5.00e-05  (0.0s)
    -> I1=3 I2=2 I3=2 I4=3 I5=2 I6=2 I7=2 I8=3 min=2 mean=2.4 max=3 (50.8s)
[101/405] hidden=[16, 16, 16] omega0=15.0 lr=5e-05 epochs=4000 npp=1024 seed=42 ...
  Epoch     1/4000  loss=3.3154e-01  lr=5.00e-05  (0.0s)
    -> I1=2 I2=2 I3=4 I4=3 I5=2 I6=2 I7=2 I8=3 min=2 mean=2.5 max=4 (51.5s)
[102/405] hidden=[16, 16, 16] omega0=15.0 lr=5e-05 epochs=4000 npp=1024 seed=137 ...
  Epoch     1/4000  loss=3.6443e-01  lr=5.00e-05  (0.0s)
    -> I1=2 I2=2 I3=2 I4=3 I5=2 I6=2 I7=2 I8=3 min=2 mean=2.2 max=3 (51.9s)
[103/405] hidden=[16, 16, 16] omega0=15.0 lr=5e-05 epochs=4000 npp=1024 seed=2024 ...
  Epoch     1/4000  loss=3.8475e-01  lr=5.00e-05  (0.0s)
    -> I1=2 I2=2 I3=3 I4=3 I5=3 I6=2 I7=2 I8=3 min=2 mean=2.5 max=3 (52.1s)
[104/405] hidden=[16, 16, 16] omega0=15.0 lr=5e-05 epochs=4000 npp=1024 seed=7 ...
  Epoch     1/4000  loss=4.0764e-01  lr=5.00e-05  (0.0s)
    -> I1=3 I2=2 I3=2 I4=4 I5=3 I6=2 I7=2 I8=3 min=2 mean=2.6 max=4 (51.6s)
[105/405] hidden=[16, 16, 16] omega0=15.0 lr=5e-05 epochs=4000 npp=1024 seed=999 ...
  Epoch     1/4000  loss=3.8221e-01  lr=5.00e-05  (0.0s)
    -> I1=2 I2=2 I3=2 I4=3 I5=3 I6=2 I7=2 I8=3 min=2 mean=2.4 max=3 (52.3s)
[106/405] hidden=[16, 16, 16] omega0=15.0 lr=0.0001 epochs=4000 npp=256 seed=42 ...
  Epoch     1/4000  loss=3.3646e-01  lr=1.00e-04  (0.0s)
    -> I1=3 I2=3 I3=2 I4=3 I5=2 I6=2 I7=2 I8=4 min=2 mean=2.6 max=4 (50.3s)
[107/405] hidden=[16, 16, 16] omega0=15.0 lr=0.0001 epochs=4000 npp=256 seed=137 ...
  Epoch     1/4000  loss=3.7379e-01  lr=1.00e-04  (0.0s)
    -> I1=2 I2=2 I3=3 I4=3 I5=2 I6=2 I7=2 I8=3 min=2 mean=2.4 max=3 (49.7s)
[108/405] hidden=[16, 16, 16] omega0=15.0 lr=0.0001 epochs=4000 npp=256 seed=2024 ...
  Epoch     1/4000  loss=3.6207e-01  lr=1.00e-04  (0.0s)
    -> I1=2 I2=2 I3=2 I4=3 I5=2 I6=2 I7=2 I8=3 min=2 mean=2.2 max=3 (50.0s)
[109/405] hidden=[16, 16, 16] omega0=15.0 lr=0.0001 epochs=4000 npp=256 seed=7 ...
  Epoch     1/4000  loss=4.6747e-01  lr=1.00e-04  (0.0s)
    -> I1=2 I2=2 I3=2 I4=3 I5=2 I6=3 I7=2 I8=3 min=2 mean=2.4 max=3 (50.0s)
[110/405] hidden=[16, 16, 16] omega0=15.0 lr=0.0001 epochs=4000 npp=256 seed=999 ...
  Epoch     1/4000  loss=4.0854e-01  lr=1.00e-04  (0.0s)
    -> I1=2 I2=2 I3=3 I4=4 I5=2 I6=2 I7=2 I8=3 min=2 mean=2.5 max=4 (50.2s)
[111/405] hidden=[16, 16, 16] omega0=15.0 lr=0.0001 epochs=4000 npp=512 seed=42 ...
  Epoch     1/4000  loss=3.4156e-01  lr=1.00e-04  (0.0s)
    -> I1=2 I2=2 I3=2 I4=3 I5=2 I6=3 I7=2 I8=4 min=2 mean=2.5 max=4 (50.9s)
[112/405] hidden=[16, 16, 16] omega0=15.0 lr=0.0001 epochs=4000 npp=512 seed=137 ...
  Epoch     1/4000  loss=3.5241e-01  lr=1.00e-04  (0.0s)
    -> I1=2 I2=3 I3=3 I4=2 I5=2 I6=2 I7=3 I8=3 min=2 mean=2.5 max=3 (51.0s)
[113/405] hidden=[16, 16, 16] omega0=15.0 lr=0.0001 epochs=4000 npp=512 seed=2024 ...
  Epoch     1/4000  loss=3.8785e-01  lr=1.00e-04  (0.0s)
    -> I1=2 I2=2 I3=3 I4=3 I5=3 I6=2 I7=2 I8=3 min=2 mean=2.5 max=3 (50.4s)
[114/405] hidden=[16, 16, 16] omega0=15.0 lr=0.0001 epochs=4000 npp=512 seed=7 ...
  Epoch     1/4000  loss=3.8905e-01  lr=1.00e-04  (0.0s)
    -> I1=2 I2=3 I3=2 I4=3 I5=2 I6=4 I7=4 I8=3 min=2 mean=2.9 max=4 (50.8s)
[115/405] hidden=[16, 16, 16] omega0=15.0 lr=0.0001 epochs=4000 npp=512 seed=999 ...
  Epoch     1/4000  loss=3.6539e-01  lr=1.00e-04  (0.0s)
    -> I1=2 I2=2 I3=3 I4=5 I5=3 I6=3 I7=2 I8=3 min=2 mean=2.9 max=5 (50.7s)
[116/405] hidden=[16, 16, 16] omega0=15.0 lr=0.0001 epochs=4000 npp=1024 seed=42 ...
  Epoch     1/4000  loss=3.3154e-01  lr=1.00e-04  (0.0s)
    -> I1=2 I2=3 I3=2 I4=3 I5=2 I6=2 I7=3 I8=3 min=2 mean=2.5 max=3 (52.1s)
[117/405] hidden=[16, 16, 16] omega0=15.0 lr=0.0001 epochs=4000 npp=1024 seed=137 ...
  Epoch     1/4000  loss=3.6443e-01  lr=1.00e-04  (0.0s)
    -> I1=2 I2=2 I3=2 I4=2 I5=2 I6=2 I7=3 I8=3 min=2 mean=2.2 max=3 (52.0s)
[118/405] hidden=[16, 16, 16] omega0=15.0 lr=0.0001 epochs=4000 npp=1024 seed=2024 ...
  Epoch     1/4000  loss=3.8475e-01  lr=1.00e-04  (0.0s)
    -> I1=2 I2=3 I3=2 I4=3 I5=2 I6=2 I7=2 I8=3 min=2 mean=2.4 max=3 (52.3s)
[119/405] hidden=[16, 16, 16] omega0=15.0 lr=0.0001 epochs=4000 npp=1024 seed=7 ...
  Epoch     1/4000  loss=4.0764e-01  lr=1.00e-04  (0.0s)
    -> I1=3 I2=3 I3=2 I4=3 I5=3 I6=4 I7=2 I8=3 min=2 mean=2.9 max=4 (52.0s)
[120/405] hidden=[16, 16, 16] omega0=15.0 lr=0.0001 epochs=4000 npp=1024 seed=999 ...
  Epoch     1/4000  loss=3.8221e-01  lr=1.00e-04  (0.0s)
    -> I1=2 I2=2 I3=2 I4=3 I5=2 I6=4 I7=3 I8=3 min=2 mean=2.6 max=4 (52.2s)
[121/405] hidden=[16, 16, 16] omega0=15.0 lr=0.0002 epochs=4000 npp=256 seed=42 ...
  Epoch     1/4000  loss=3.3646e-01  lr=2.00e-04  (0.0s)
    -> I1=3 I2=5 I3=5 I4=3 I5=3 I6=3 I7=3 I8=3 min=3 mean=3.5 max=5 (50.1s)
[122/405] hidden=[16, 16, 16] omega0=15.0 lr=0.0002 epochs=4000 npp=256 seed=137 ...
  Epoch     1/4000  loss=3.7379e-01  lr=2.00e-04  (0.0s)
    -> I1=2 I2=3 I3=3 I4=3 I5=2 I6=3 I7=3 I8=4 min=2 mean=2.9 max=4 (50.4s)
[123/405] hidden=[16, 16, 16] omega0=15.0 lr=0.0002 epochs=4000 npp=256 seed=2024 ...
  Epoch     1/4000  loss=3.6207e-01  lr=2.00e-04  (0.0s)
    -> I1=2 I2=3 I3=3 I4=4 I5=2 I6=3 I7=2 I8=4 min=2 mean=2.9 max=4 (50.0s)
[124/405] hidden=[16, 16, 16] omega0=15.0 lr=0.0002 epochs=4000 npp=256 seed=7 ...
  Epoch     1/4000  loss=4.6747e-01  lr=2.00e-04  (0.0s)
    -> I1=3 I2=3 I3=2 I4=3 I5=2 I6=3 I7=2 I8=3 min=2 mean=2.6 max=3 (49.8s)
[125/405] hidden=[16, 16, 16] omega0=15.0 lr=0.0002 epochs=4000 npp=256 seed=999 ...
  Epoch     1/4000  loss=4.0854e-01  lr=2.00e-04  (0.0s)
    -> I1=2 I2=3 I3=4 I4=3 I5=3 I6=3 I7=2 I8=3 min=2 mean=2.9 max=4 (50.0s)
[126/405] hidden=[16, 16, 16] omega0=15.0 lr=0.0002 epochs=4000 npp=512 seed=42 ...
  Epoch     1/4000  loss=3.4156e-01  lr=2.00e-04  (0.0s)
    -> I1=2 I2=3 I3=3 I4=3 I5=2 I6=4 I7=3 I8=3 min=2 mean=2.9 max=4 (50.9s)
[127/405] hidden=[16, 16, 16] omega0=15.0 lr=0.0002 epochs=4000 npp=512 seed=137 ...
  Epoch     1/4000  loss=3.5241e-01  lr=2.00e-04  (0.0s)
    -> I1=2 I2=3 I3=2 I4=3 I5=3 I6=3 I7=2 I8=4 min=2 mean=2.8 max=4 (50.9s)
[128/405] hidden=[16, 16, 16] omega0=15.0 lr=0.0002 epochs=4000 npp=512 seed=2024 ...
  Epoch     1/4000  loss=3.8785e-01  lr=2.00e-04  (0.0s)
    -> I1=2 I2=3 I3=2 I4=4 I5=2 I6=4 I7=2 I8=4 min=2 mean=2.9 max=4 (50.6s)
[129/405] hidden=[16, 16, 16] omega0=15.0 lr=0.0002 epochs=4000 npp=512 seed=7 ...
  Epoch     1/4000  loss=3.8905e-01  lr=2.00e-04  (0.0s)
    -> I1=3 I2=2 I3=4 I4=3 I5=3 I6=3 I7=3 I8=2 min=2 mean=2.9 max=4 (50.8s)
[130/405] hidden=[16, 16, 16] omega0=15.0 lr=0.0002 epochs=4000 npp=512 seed=999 ...
  Epoch     1/4000  loss=3.6539e-01  lr=2.00e-04  (0.0s)
    -> I1=2 I2=3 I3=3 I4=4 I5=3 I6=3 I7=2 I8=3 min=2 mean=2.9 max=4 (50.7s)
[131/405] hidden=[16, 16, 16] omega0=15.0 lr=0.0002 epochs=4000 npp=1024 seed=42 ...
  Epoch     1/4000  loss=3.3154e-01  lr=2.00e-04  (0.0s)
    -> I1=3 I2=3 I3=3 I4=3 I5=2 I6=3 I7=3 I8=3 min=2 mean=2.9 max=3 (51.9s)
[132/405] hidden=[16, 16, 16] omega0=15.0 lr=0.0002 epochs=4000 npp=1024 seed=137 ...
  Epoch     1/4000  loss=3.6443e-01  lr=2.00e-04  (0.0s)
    -> I1=3 I2=3 I3=2 I4=4 I5=2 I6=3 I7=3 I8=3 min=2 mean=2.9 max=4 (51.9s)
[133/405] hidden=[16, 16, 16] omega0=15.0 lr=0.0002 epochs=4000 npp=1024 seed=2024 ...
  Epoch     1/4000  loss=3.8475e-01  lr=2.00e-04  (0.0s)
    -> I1=2 I2=3 I3=3 I4=3 I5=2 I6=3 I7=2 I8=3 min=2 mean=2.6 max=3 (52.1s)
[134/405] hidden=[16, 16, 16] omega0=15.0 lr=0.0002 epochs=4000 npp=1024 seed=7 ...
  Epoch     1/4000  loss=4.0764e-01  lr=2.00e-04  (0.0s)
    -> I1=2 I2=3 I3=2 I4=3 I5=3 I6=3 I7=3 I8=4 min=2 mean=2.9 max=4 (52.1s)
[135/405] hidden=[16, 16, 16] omega0=15.0 lr=0.0002 epochs=4000 npp=1024 seed=999 ...
  Epoch     1/4000  loss=3.8221e-01  lr=2.00e-04  (0.0s)
    -> I1=2 I2=3 I3=3 I4=4 I5=2 I6=3 I7=2 I8=3 min=2 mean=2.8 max=4 (52.0s)
[136/405] hidden=[16, 16, 16] omega0=20.0 lr=5e-05 epochs=2000 npp=256 seed=42 ...
  Epoch     1/2000  loss=3.3646e-01  lr=5.00e-05  (0.0s)
    -> I1=1 I2=1 I3=2 I4=2 I5=1 I6=1 I7=1 I8=2 min=1 mean=1.4 max=2 (25.1s)
[137/405] hidden=[16, 16, 16] omega0=20.0 lr=5e-05 epochs=2000 npp=256 seed=137 ...
  Epoch     1/2000  loss=3.7379e-01  lr=5.00e-05  (0.0s)
    -> I1=1 I2=1 I3=1 I4=2 I5=1 I6=1 I7=2 I8=2 min=1 mean=1.4 max=2 (25.0s)
[138/405] hidden=[16, 16, 16] omega0=20.0 lr=5e-05 epochs=2000 npp=256 seed=2024 ...
  Epoch     1/2000  loss=3.6207e-01  lr=5.00e-05  (0.0s)
    -> I1=1 I2=1 I3=2 I4=2 I5=1 I6=1 I7=2 I8=2 min=1 mean=1.5 max=2 (24.9s)
[139/405] hidden=[16, 16, 16] omega0=20.0 lr=5e-05 epochs=2000 npp=256 seed=7 ...
  Epoch     1/2000  loss=4.6747e-01  lr=5.00e-05  (0.0s)
    -> I1=1 I2=1 I3=2 I4=2 I5=1 I6=1 I7=2 I8=2 min=1 mean=1.5 max=2 (24.6s)
[140/405] hidden=[16, 16, 16] omega0=20.0 lr=5e-05 epochs=2000 npp=256 seed=999 ...
  Epoch     1/2000  loss=4.0854e-01  lr=5.00e-05  (0.0s)
    -> I1=1 I2=1 I3=1 I4=2 I5=1 I6=1 I7=2 I8=2 min=1 mean=1.4 max=2 (25.0s)
[141/405] hidden=[16, 16, 16] omega0=20.0 lr=5e-05 epochs=2000 npp=512 seed=42 ...
  Epoch     1/2000  loss=3.4156e-01  lr=5.00e-05  (0.0s)
    -> I1=1 I2=1 I3=2 I4=2 I5=1 I6=1 I7=1 I8=2 min=1 mean=1.4 max=2 (25.4s)
[142/405] hidden=[16, 16, 16] omega0=20.0 lr=5e-05 epochs=2000 npp=512 seed=137 ...
  Epoch     1/2000  loss=3.5241e-01  lr=5.00e-05  (0.0s)
    -> I1=1 I2=1 I3=2 I4=2 I5=1 I6=1 I7=1 I8=2 min=1 mean=1.4 max=2 (25.2s)
[143/405] hidden=[16, 16, 16] omega0=20.0 lr=5e-05 epochs=2000 npp=512 seed=2024 ...
  Epoch     1/2000  loss=3.8785e-01  lr=5.00e-05  (0.0s)
    -> I1=1 I2=1 I3=2 I4=2 I5=1 I6=1 I7=2 I8=2 min=1 mean=1.5 max=2 (25.6s)
[144/405] hidden=[16, 16, 16] omega0=20.0 lr=5e-05 epochs=2000 npp=512 seed=7 ...
  Epoch     1/2000  loss=3.8905e-01  lr=5.00e-05  (0.0s)
    -> I1=1 I2=1 I3=2 I4=2 I5=1 I6=1 I7=1 I8=2 min=1 mean=1.4 max=2 (24.9s)
[145/405] hidden=[16, 16, 16] omega0=20.0 lr=5e-05 epochs=2000 npp=512 seed=999 ...
  Epoch     1/2000  loss=3.6539e-01  lr=5.00e-05  (0.0s)
    -> I1=1 I2=1 I3=1 I4=2 I5=1 I6=1 I7=2 I8=2 min=1 mean=1.4 max=2 (25.5s)
[146/405] hidden=[16, 16, 16] omega0=20.0 lr=5e-05 epochs=2000 npp=1024 seed=42 ...
  Epoch     1/2000  loss=3.3154e-01  lr=5.00e-05  (0.0s)
    -> I1=1 I2=1 I3=2 I4=2 I5=1 I6=1 I7=2 I8=2 min=1 mean=1.5 max=2 (25.9s)
[147/405] hidden=[16, 16, 16] omega0=20.0 lr=5e-05 epochs=2000 npp=1024 seed=137 ...
  Epoch     1/2000  loss=3.6443e-01  lr=5.00e-05  (0.0s)
    -> I1=1 I2=1 I3=2 I4=2 I5=1 I6=1 I7=2 I8=2 min=1 mean=1.5 max=2 (26.1s)
[148/405] hidden=[16, 16, 16] omega0=20.0 lr=5e-05 epochs=2000 npp=1024 seed=2024 ...
  Epoch     1/2000  loss=3.8475e-01  lr=5.00e-05  (0.0s)
    -> I1=1 I2=1 I3=2 I4=2 I5=1 I6=1 I7=2 I8=2 min=1 mean=1.5 max=2 (26.0s)
[149/405] hidden=[16, 16, 16] omega0=20.0 lr=5e-05 epochs=2000 npp=1024 seed=7 ...
  Epoch     1/2000  loss=4.0764e-01  lr=5.00e-05  (0.0s)
    -> I1=1 I2=1 I3=2 I4=2 I5=1 I6=1 I7=1 I8=2 min=1 mean=1.4 max=2 (25.8s)
[150/405] hidden=[16, 16, 16] omega0=20.0 lr=5e-05 epochs=2000 npp=1024 seed=999 ...
  Epoch     1/2000  loss=3.8221e-01  lr=5.00e-05  (0.0s)
    -> I1=1 I2=1 I3=2 I4=2 I5=1 I6=1 I7=2 I8=2 min=1 mean=1.5 max=2 (26.0s)
[151/405] hidden=[16, 16, 16] omega0=20.0 lr=0.0001 epochs=2000 npp=256 seed=42 ...
  Epoch     1/2000  loss=3.3646e-01  lr=1.00e-04  (0.0s)
    -> I1=2 I2=2 I3=2 I4=3 I5=2 I6=2 I7=2 I8=2 min=2 mean=2.1 max=3 (25.1s)
[152/405] hidden=[16, 16, 16] omega0=20.0 lr=0.0001 epochs=2000 npp=256 seed=137 ...
  Epoch     1/2000  loss=3.7379e-01  lr=1.00e-04  (0.0s)
    -> I1=2 I2=2 I3=2 I4=3 I5=2 I6=2 I7=2 I8=3 min=2 mean=2.2 max=3 (24.9s)
[153/405] hidden=[16, 16, 16] omega0=20.0 lr=0.0001 epochs=2000 npp=256 seed=2024 ...
  Epoch     1/2000  loss=3.6207e-01  lr=1.00e-04  (0.0s)
    -> I1=3 I2=2 I3=3 I4=3 I5=3 I6=2 I7=2 I8=3 min=2 mean=2.6 max=3 (24.9s)
[154/405] hidden=[16, 16, 16] omega0=20.0 lr=0.0001 epochs=2000 npp=256 seed=7 ...
  Epoch     1/2000  loss=4.6747e-01  lr=1.00e-04  (0.0s)
    -> I1=2 I2=2 I3=2 I4=3 I5=1 I6=2 I7=2 I8=2 min=1 mean=2.0 max=3 (25.3s)
[155/405] hidden=[16, 16, 16] omega0=20.0 lr=0.0001 epochs=2000 npp=256 seed=999 ...
  Epoch     1/2000  loss=4.0854e-01  lr=1.00e-04  (0.0s)
    -> I1=3 I2=2 I3=3 I4=3 I5=1 I6=2 I7=2 I8=3 min=1 mean=2.4 max=3 (24.8s)
[156/405] hidden=[16, 16, 16] omega0=20.0 lr=0.0001 epochs=2000 npp=512 seed=42 ...
  Epoch     1/2000  loss=3.4156e-01  lr=1.00e-04  (0.0s)
    -> I1=2 I2=2 I3=3 I4=3 I5=2 I6=2 I7=2 I8=2 min=2 mean=2.2 max=3 (25.3s)
[157/405] hidden=[16, 16, 16] omega0=20.0 lr=0.0001 epochs=2000 npp=512 seed=137 ...
  Epoch     1/2000  loss=3.5241e-01  lr=1.00e-04  (0.0s)
    -> I1=2 I2=2 I3=2 I4=3 I5=2 I6=2 I7=2 I8=3 min=2 mean=2.2 max=3 (25.5s)
[158/405] hidden=[16, 16, 16] omega0=20.0 lr=0.0001 epochs=2000 npp=512 seed=2024 ...
  Epoch     1/2000  loss=3.8785e-01  lr=1.00e-04  (0.0s)
    -> I1=2 I2=2 I3=3 I4=3 I5=3 I6=2 I7=2 I8=4 min=2 mean=2.6 max=4 (25.5s)
[159/405] hidden=[16, 16, 16] omega0=20.0 lr=0.0001 epochs=2000 npp=512 seed=7 ...
  Epoch     1/2000  loss=3.8905e-01  lr=1.00e-04  (0.0s)
    -> I1=2 I2=2 I3=2 I4=3 I5=1 I6=2 I7=2 I8=3 min=1 mean=2.1 max=3 (25.1s)
[160/405] hidden=[16, 16, 16] omega0=20.0 lr=0.0001 epochs=2000 npp=512 seed=999 ...
  Epoch     1/2000  loss=3.6539e-01  lr=1.00e-04  (0.0s)
    -> I1=2 I2=2 I3=2 I4=5 I5=2 I6=2 I7=3 I8=4 min=2 mean=2.8 max=5 (25.1s)
[161/405] hidden=[16, 16, 16] omega0=20.0 lr=0.0001 epochs=2000 npp=1024 seed=42 ...
  Epoch     1/2000  loss=3.3154e-01  lr=1.00e-04  (0.0s)
    -> I1=1 I2=2 I3=3 I4=3 I5=2 I6=2 I7=2 I8=2 min=1 mean=2.1 max=3 (25.8s)
[162/405] hidden=[16, 16, 16] omega0=20.0 lr=0.0001 epochs=2000 npp=1024 seed=137 ...
  Epoch     1/2000  loss=3.6443e-01  lr=1.00e-04  (0.0s)
    -> I1=3 I2=2 I3=2 I4=2 I5=2 I6=2 I7=2 I8=2 min=2 mean=2.1 max=3 (25.8s)
[163/405] hidden=[16, 16, 16] omega0=20.0 lr=0.0001 epochs=2000 npp=1024 seed=2024 ...
  Epoch     1/2000  loss=3.8475e-01  lr=1.00e-04  (0.0s)
    -> I1=2 I2=2 I3=2 I4=4 I5=2 I6=2 I7=3 I8=3 min=2 mean=2.5 max=4 (25.4s)
[164/405] hidden=[16, 16, 16] omega0=20.0 lr=0.0001 epochs=2000 npp=1024 seed=7 ...
  Epoch     1/2000  loss=4.0764e-01  lr=1.00e-04  (0.0s)
    -> I1=2 I2=2 I3=2 I4=3 I5=1 I6=2 I7=3 I8=2 min=1 mean=2.1 max=3 (25.8s)
[165/405] hidden=[16, 16, 16] omega0=20.0 lr=0.0001 epochs=2000 npp=1024 seed=999 ...
  Epoch     1/2000  loss=3.8221e-01  lr=1.00e-04  (0.0s)
    -> I1=4 I2=2 I3=3 I4=3 I5=2 I6=2 I7=2 I8=3 min=2 mean=2.6 max=4 (25.7s)
[166/405] hidden=[16, 16, 16] omega0=20.0 lr=0.0002 epochs=2000 npp=256 seed=42 ...
  Epoch     1/2000  loss=3.3646e-01  lr=2.00e-04  (0.0s)
    -> I1=2 I2=3 I3=2 I4=4 I5=2 I6=4 I7=3 I8=2 min=2 mean=2.8 max=4 (25.2s)
[167/405] hidden=[16, 16, 16] omega0=20.0 lr=0.0002 epochs=2000 npp=256 seed=137 ...
  Epoch     1/2000  loss=3.7379e-01  lr=2.00e-04  (0.0s)
    -> I1=2 I2=2 I3=3 I4=2 I5=2 I6=2 I7=3 I8=3 min=2 mean=2.4 max=3 (25.0s)
[168/405] hidden=[16, 16, 16] omega0=20.0 lr=0.0002 epochs=2000 npp=256 seed=2024 ...
  Epoch     1/2000  loss=3.6207e-01  lr=2.00e-04  (0.0s)
    -> I1=3 I2=2 I3=3 I4=3 I5=2 I6=3 I7=3 I8=3 min=2 mean=2.8 max=3 (24.9s)
[169/405] hidden=[16, 16, 16] omega0=20.0 lr=0.0002 epochs=2000 npp=256 seed=7 ...
  Epoch     1/2000  loss=4.6747e-01  lr=2.00e-04  (0.0s)
    -> I1=2 I2=3 I3=2 I4=3 I5=1 I6=2 I7=2 I8=3 min=1 mean=2.2 max=3 (25.2s)
[170/405] hidden=[16, 16, 16] omega0=20.0 lr=0.0002 epochs=2000 npp=256 seed=999 ...
  Epoch     1/2000  loss=4.0854e-01  lr=2.00e-04  (0.0s)
    -> I1=2 I2=3 I3=2 I4=3 I5=3 I6=2 I7=2 I8=3 min=2 mean=2.5 max=3 (25.2s)
[171/405] hidden=[16, 16, 16] omega0=20.0 lr=0.0002 epochs=2000 npp=512 seed=42 ...
  Epoch     1/2000  loss=3.4156e-01  lr=2.00e-04  (0.0s)
    -> I1=2 I2=3 I3=3 I4=3 I5=3 I6=3 I7=2 I8=2 min=2 mean=2.6 max=3 (25.1s)
[172/405] hidden=[16, 16, 16] omega0=20.0 lr=0.0002 epochs=2000 npp=512 seed=137 ...
  Epoch     1/2000  loss=3.5241e-01  lr=2.00e-04  (0.0s)
    -> I1=2 I2=2 I3=2 I4=3 I5=2 I6=2 I7=2 I8=3 min=2 mean=2.2 max=3 (25.2s)
[173/405] hidden=[16, 16, 16] omega0=20.0 lr=0.0002 epochs=2000 npp=512 seed=2024 ...
  Epoch     1/2000  loss=3.8785e-01  lr=2.00e-04  (0.0s)
    -> I1=3 I2=3 I3=2 I4=3 I5=2 I6=2 I7=2 I8=3 min=2 mean=2.5 max=3 (25.1s)
[174/405] hidden=[16, 16, 16] omega0=20.0 lr=0.0002 epochs=2000 npp=512 seed=7 ...
  Epoch     1/2000  loss=3.8905e-01  lr=2.00e-04  (0.0s)
    -> I1=2 I2=2 I3=2 I4=3 I5=2 I6=2 I7=3 I8=4 min=2 mean=2.5 max=4 (25.2s)
[175/405] hidden=[16, 16, 16] omega0=20.0 lr=0.0002 epochs=2000 npp=512 seed=999 ...
  Epoch     1/2000  loss=3.6539e-01  lr=2.00e-04  (0.0s)
    -> I1=3 I2=3 I3=3 I4=3 I5=2 I6=2 I7=4 I8=3 min=2 mean=2.9 max=4 (25.1s)
[176/405] hidden=[16, 16, 16] omega0=20.0 lr=0.0002 epochs=2000 npp=1024 seed=42 ...
  Epoch     1/2000  loss=3.3154e-01  lr=2.00e-04  (0.0s)
    -> I1=2 I2=3 I3=2 I4=3 I5=2 I6=3 I7=2 I8=2 min=2 mean=2.4 max=3 (25.9s)
[177/405] hidden=[16, 16, 16] omega0=20.0 lr=0.0002 epochs=2000 npp=1024 seed=137 ...
  Epoch     1/2000  loss=3.6443e-01  lr=2.00e-04  (0.0s)
    -> I1=2 I2=2 I3=2 I4=3 I5=2 I6=2 I7=2 I8=3 min=2 mean=2.2 max=3 (25.7s)
[178/405] hidden=[16, 16, 16] omega0=20.0 lr=0.0002 epochs=2000 npp=1024 seed=2024 ...
  Epoch     1/2000  loss=3.8475e-01  lr=2.00e-04  (0.0s)
    -> I1=2 I2=3 I3=2 I4=3 I5=2 I6=3 I7=3 I8=4 min=2 mean=2.8 max=4 (26.0s)
[179/405] hidden=[16, 16, 16] omega0=20.0 lr=0.0002 epochs=2000 npp=1024 seed=7 ...
  Epoch     1/2000  loss=4.0764e-01  lr=2.00e-04  (0.0s)
    -> I1=2 I2=3 I3=2 I4=3 I5=2 I6=2 I7=3 I8=3 min=2 mean=2.5 max=3 (25.8s)
[180/405] hidden=[16, 16, 16] omega0=20.0 lr=0.0002 epochs=2000 npp=1024 seed=999 ...
  Epoch     1/2000  loss=3.8221e-01  lr=2.00e-04  (0.0s)
    -> I1=2 I2=3 I3=2 I4=3 I5=2 I6=2 I7=2 I8=4 min=2 mean=2.5 max=4 (25.7s)
[181/405] hidden=[16, 16, 16] omega0=20.0 lr=5e-05 epochs=3000 npp=256 seed=42 ...
  Epoch     1/3000  loss=3.3646e-01  lr=5.00e-05  (0.0s)
    -> I1=2 I2=2 I3=3 I4=3 I5=1 I6=2 I7=2 I8=2 min=1 mean=2.1 max=3 (37.6s)
[182/405] hidden=[16, 16, 16] omega0=20.0 lr=5e-05 epochs=3000 npp=256 seed=137 ...
  Epoch     1/3000  loss=3.7379e-01  lr=5.00e-05  (0.0s)
    -> I1=1 I2=1 I3=2 I4=2 I5=1 I6=1 I7=2 I8=3 min=1 mean=1.6 max=3 (37.6s)
[183/405] hidden=[16, 16, 16] omega0=20.0 lr=5e-05 epochs=3000 npp=256 seed=2024 ...
  Epoch     1/3000  loss=3.6207e-01  lr=5.00e-05  (0.0s)
    -> I1=2 I2=2 I3=2 I4=2 I5=4 I6=2 I7=3 I8=3 min=2 mean=2.5 max=4 (37.5s)
[184/405] hidden=[16, 16, 16] omega0=20.0 lr=5e-05 epochs=3000 npp=256 seed=7 ...
  Epoch     1/3000  loss=4.6747e-01  lr=5.00e-05  (0.0s)
    -> I1=1 I2=2 I3=2 I4=3 I5=1 I6=2 I7=3 I8=2 min=1 mean=2.0 max=3 (37.5s)
[185/405] hidden=[16, 16, 16] omega0=20.0 lr=5e-05 epochs=3000 npp=256 seed=999 ...
  Epoch     1/3000  loss=4.0854e-01  lr=5.00e-05  (0.0s)
    -> I1=1 I2=1 I3=2 I4=3 I5=1 I6=1 I7=2 I8=3 min=1 mean=1.8 max=3 (37.3s)
[186/405] hidden=[16, 16, 16] omega0=20.0 lr=5e-05 epochs=3000 npp=512 seed=42 ...
  Epoch     1/3000  loss=3.4156e-01  lr=5.00e-05  (0.0s)
    -> I1=1 I2=2 I3=2 I4=4 I5=1 I6=2 I7=2 I8=2 min=1 mean=2.0 max=4 (37.8s)
[187/405] hidden=[16, 16, 16] omega0=20.0 lr=5e-05 epochs=3000 npp=512 seed=137 ...
  Epoch     1/3000  loss=3.5241e-01  lr=5.00e-05  (0.0s)
    -> I1=3 I2=1 I3=2 I4=3 I5=2 I6=2 I7=2 I8=3 min=1 mean=2.2 max=3 (37.6s)
[188/405] hidden=[16, 16, 16] omega0=20.0 lr=5e-05 epochs=3000 npp=512 seed=2024 ...
  Epoch     1/3000  loss=3.8785e-01  lr=5.00e-05  (0.0s)
    -> I1=2 I2=2 I3=2 I4=2 I5=2 I6=2 I7=2 I8=3 min=2 mean=2.1 max=3 (38.2s)
[189/405] hidden=[16, 16, 16] omega0=20.0 lr=5e-05 epochs=3000 npp=512 seed=7 ...
  Epoch     1/3000  loss=3.8905e-01  lr=5.00e-05  (0.0s)
    -> I1=1 I2=2 I3=2 I4=3 I5=1 I6=1 I7=2 I8=2 min=1 mean=1.8 max=3 (37.7s)
[190/405] hidden=[16, 16, 16] omega0=20.0 lr=5e-05 epochs=3000 npp=512 seed=999 ...
  Epoch     1/3000  loss=3.6539e-01  lr=5.00e-05  (0.0s)
    -> I1=2 I2=1 I3=2 I4=3 I5=2 I6=2 I7=2 I8=3 min=1 mean=2.1 max=3 (37.9s)
[191/405] hidden=[16, 16, 16] omega0=20.0 lr=5e-05 epochs=3000 npp=1024 seed=42 ...
  Epoch     1/3000  loss=3.3154e-01  lr=5.00e-05  (0.0s)
    -> I1=1 I2=2 I3=4 I4=3 I5=2 I6=2 I7=3 I8=2 min=1 mean=2.4 max=4 (38.4s)
[192/405] hidden=[16, 16, 16] omega0=20.0 lr=5e-05 epochs=3000 npp=1024 seed=137 ...
  Epoch     1/3000  loss=3.6443e-01  lr=5.00e-05  (0.0s)
    -> I1=1 I2=1 I3=3 I4=3 I5=2 I6=1 I7=3 I8=3 min=1 mean=2.1 max=3 (39.0s)
[193/405] hidden=[16, 16, 16] omega0=20.0 lr=5e-05 epochs=3000 npp=1024 seed=2024 ...
  Epoch     1/3000  loss=3.8475e-01  lr=5.00e-05  (0.0s)
    -> I1=3 I2=2 I3=3 I4=3 I5=2 I6=2 I7=2 I8=3 min=2 mean=2.5 max=3 (38.8s)
[194/405] hidden=[16, 16, 16] omega0=20.0 lr=5e-05 epochs=3000 npp=1024 seed=7 ...
  Epoch     1/3000  loss=4.0764e-01  lr=5.00e-05  (0.0s)
    -> I1=1 I2=2 I3=2 I4=3 I5=1 I6=1 I7=2 I8=2 min=1 mean=1.8 max=3 (39.0s)
[195/405] hidden=[16, 16, 16] omega0=20.0 lr=5e-05 epochs=3000 npp=1024 seed=999 ...
  Epoch     1/3000  loss=3.8221e-01  lr=5.00e-05  (0.0s)
    -> I1=2 I2=2 I3=2 I4=3 I5=2 I6=1 I7=2 I8=4 min=1 mean=2.2 max=4 (38.7s)
[196/405] hidden=[16, 16, 16] omega0=20.0 lr=0.0001 epochs=3000 npp=256 seed=42 ...
  Epoch     1/3000  loss=3.3646e-01  lr=1.00e-04  (0.0s)
    -> I1=1 I2=2 I3=3 I4=3 I5=2 I6=2 I7=3 I8=2 min=1 mean=2.2 max=3 (37.3s)
[197/405] hidden=[16, 16, 16] omega0=20.0 lr=0.0001 epochs=3000 npp=256 seed=137 ...
  Epoch     1/3000  loss=3.7379e-01  lr=1.00e-04  (0.0s)
    -> I1=2 I2=2 I3=2 I4=3 I5=1 I6=2 I7=2 I8=3 min=1 mean=2.1 max=3 (37.5s)
[198/405] hidden=[16, 16, 16] omega0=20.0 lr=0.0001 epochs=3000 npp=256 seed=2024 ...
  Epoch     1/3000  loss=3.6207e-01  lr=1.00e-04  (0.0s)
    -> I1=2 I2=2 I3=3 I4=3 I5=2 I6=2 I7=2 I8=4 min=2 mean=2.5 max=4 (37.2s)
[199/405] hidden=[16, 16, 16] omega0=20.0 lr=0.0001 epochs=3000 npp=256 seed=7 ...
  Epoch     1/3000  loss=4.6747e-01  lr=1.00e-04  (0.0s)
    -> I1=3 I2=3 I3=2 I4=3 I5=2 I6=3 I7=3 I8=2 min=2 mean=2.6 max=3 (37.7s)
[200/405] hidden=[16, 16, 16] omega0=20.0 lr=0.0001 epochs=3000 npp=256 seed=999 ...
  Epoch     1/3000  loss=4.0854e-01  lr=1.00e-04  (0.0s)
    -> I1=2 I2=2 I3=2 I4=3 I5=2 I6=2 I7=2 I8=4 min=2 mean=2.4 max=4 (37.8s)
[201/405] hidden=[16, 16, 16] omega0=20.0 lr=0.0001 epochs=3000 npp=512 seed=42 ...
  Epoch     1/3000  loss=3.4156e-01  lr=1.00e-04  (0.0s)
    -> I1=2 I2=3 I3=2 I4=4 I5=3 I6=3 I7=3 I8=2 min=2 mean=2.8 max=4 (37.6s)
[202/405] hidden=[16, 16, 16] omega0=20.0 lr=0.0001 epochs=3000 npp=512 seed=137 ...
  Epoch     1/3000  loss=3.5241e-01  lr=1.00e-04  (0.0s)
    -> I1=2 I2=2 I3=2 I4=3 I5=3 I6=2 I7=2 I8=3 min=2 mean=2.4 max=3 (38.0s)
[203/405] hidden=[16, 16, 16] omega0=20.0 lr=0.0001 epochs=3000 npp=512 seed=2024 ...
  Epoch     1/3000  loss=3.8785e-01  lr=1.00e-04  (0.0s)
    -> I1=2 I2=2 I3=3 I4=3 I5=2 I6=2 I7=2 I8=4 min=2 mean=2.5 max=4 (37.9s)
[204/405] hidden=[16, 16, 16] omega0=20.0 lr=0.0001 epochs=3000 npp=512 seed=7 ...
  Epoch     1/3000  loss=3.8905e-01  lr=1.00e-04  (0.0s)
    -> I1=3 I2=2 I3=2 I4=3 I5=2 I6=2 I7=2 I8=3 min=2 mean=2.4 max=3 (38.1s)
[205/405] hidden=[16, 16, 16] omega0=20.0 lr=0.0001 epochs=3000 npp=512 seed=999 ...
  Epoch     1/3000  loss=3.6539e-01  lr=1.00e-04  (0.0s)
    -> I1=2 I2=3 I3=2 I4=4 I5=2 I6=2 I7=4 I8=3 min=2 mean=2.8 max=4 (37.6s)
[206/405] hidden=[16, 16, 16] omega0=20.0 lr=0.0001 epochs=3000 npp=1024 seed=42 ...
  Epoch     1/3000  loss=3.3154e-01  lr=1.00e-04  (0.0s)
    -> I1=2 I2=2 I3=3 I4=3 I5=3 I6=3 I7=3 I8=3 min=2 mean=2.8 max=3 (38.3s)
[207/405] hidden=[16, 16, 16] omega0=20.0 lr=0.0001 epochs=3000 npp=1024 seed=137 ...
  Epoch     1/3000  loss=3.6443e-01  lr=1.00e-04  (0.0s)
    -> I1=2 I2=2 I3=2 I4=2 I5=2 I6=2 I7=2 I8=2 min=2 mean=2.0 max=2 (38.8s)
[208/405] hidden=[16, 16, 16] omega0=20.0 lr=0.0001 epochs=3000 npp=1024 seed=2024 ...
  Epoch     1/3000  loss=3.8475e-01  lr=1.00e-04  (0.0s)
    -> I1=2 I2=2 I3=3 I4=3 I5=2 I6=3 I7=3 I8=4 min=2 mean=2.8 max=4 (38.9s)
[209/405] hidden=[16, 16, 16] omega0=20.0 lr=0.0001 epochs=3000 npp=1024 seed=7 ...
  Epoch     1/3000  loss=4.0764e-01  lr=1.00e-04  (0.0s)
    -> I1=2 I2=2 I3=3 I4=3 I5=2 I6=2 I7=3 I8=3 min=2 mean=2.5 max=3 (38.7s)
[210/405] hidden=[16, 16, 16] omega0=20.0 lr=0.0001 epochs=3000 npp=1024 seed=999 ...
  Epoch     1/3000  loss=3.8221e-01  lr=1.00e-04  (0.0s)
    -> I1=3 I2=3 I3=3 I4=4 I5=3 I6=2 I7=3 I8=3 min=2 mean=3.0 max=4 (39.0s)
[211/405] hidden=[16, 16, 16] omega0=20.0 lr=0.0002 epochs=3000 npp=256 seed=42 ...
  Epoch     1/3000  loss=3.3646e-01  lr=2.00e-04  (0.0s)
    -> I1=2 I2=3 I3=3 I4=3 I5=3 I6=4 I7=3 I8=2 min=2 mean=2.9 max=4 (37.3s)
[212/405] hidden=[16, 16, 16] omega0=20.0 lr=0.0002 epochs=3000 npp=256 seed=137 ...
  Epoch     1/3000  loss=3.7379e-01  lr=2.00e-04  (0.0s)
    -> I1=2 I2=2 I3=3 I4=3 I5=2 I6=2 I7=2 I8=3 min=2 mean=2.4 max=3 (37.6s)
[213/405] hidden=[16, 16, 16] omega0=20.0 lr=0.0002 epochs=3000 npp=256 seed=2024 ...
  Epoch     1/3000  loss=3.6207e-01  lr=2.00e-04  (0.0s)
    -> I1=2 I2=2 I3=2 I4=3 I5=3 I6=3 I7=3 I8=3 min=2 mean=2.6 max=3 (37.6s)
[214/405] hidden=[16, 16, 16] omega0=20.0 lr=0.0002 epochs=3000 npp=256 seed=7 ...
  Epoch     1/3000  loss=4.6747e-01  lr=2.00e-04  (0.0s)
    -> I1=5 I2=3 I3=2 I4=3 I5=2 I6=2 I7=2 I8=3 min=2 mean=2.8 max=5 (37.7s)
[215/405] hidden=[16, 16, 16] omega0=20.0 lr=0.0002 epochs=3000 npp=256 seed=999 ...
  Epoch     1/3000  loss=4.0854e-01  lr=2.00e-04  (0.0s)
    -> I1=3 I2=2 I3=2 I4=3 I5=3 I6=2 I7=3 I8=3 min=2 mean=2.6 max=3 (37.4s)
[216/405] hidden=[16, 16, 16] omega0=20.0 lr=0.0002 epochs=3000 npp=512 seed=42 ...
  Epoch     1/3000  loss=3.4156e-01  lr=2.00e-04  (0.0s)
    -> I1=2 I2=3 I3=3 I4=4 I5=3 I6=3 I7=2 I8=2 min=2 mean=2.8 max=4 (38.1s)
[217/405] hidden=[16, 16, 16] omega0=20.0 lr=0.0002 epochs=3000 npp=512 seed=137 ...
  Epoch     1/3000  loss=3.5241e-01  lr=2.00e-04  (0.0s)
    -> I1=4 I2=3 I3=4 I4=3 I5=2 I6=2 I7=3 I8=5 min=2 mean=3.2 max=5 (38.1s)
[218/405] hidden=[16, 16, 16] omega0=20.0 lr=0.0002 epochs=3000 npp=512 seed=2024 ...
  Epoch     1/3000  loss=3.8785e-01  lr=2.00e-04  (0.0s)
    -> I1=3 I2=3 I3=3 I4=3 I5=3 I6=2 I7=2 I8=4 min=2 mean=2.9 max=4 (37.9s)
[219/405] hidden=[16, 16, 16] omega0=20.0 lr=0.0002 epochs=3000 npp=512 seed=7 ...
  Epoch     1/3000  loss=3.8905e-01  lr=2.00e-04  (0.0s)
    -> I1=3 I2=3 I3=2 I4=3 I5=2 I6=2 I7=2 I8=3 min=2 mean=2.5 max=3 (37.8s)
[220/405] hidden=[16, 16, 16] omega0=20.0 lr=0.0002 epochs=3000 npp=512 seed=999 ...
  Epoch     1/3000  loss=3.6539e-01  lr=2.00e-04  (0.0s)
    -> I1=2 I2=3 I3=3 I4=3 I5=2 I6=3 I7=3 I8=4 min=2 mean=2.9 max=4 (37.8s)
[221/405] hidden=[16, 16, 16] omega0=20.0 lr=0.0002 epochs=3000 npp=1024 seed=42 ...
  Epoch     1/3000  loss=3.3154e-01  lr=2.00e-04  (0.0s)
    -> I1=2 I2=3 I3=3 I4=3 I5=3 I6=3 I7=2 I8=3 min=2 mean=2.8 max=3 (39.1s)
[222/405] hidden=[16, 16, 16] omega0=20.0 lr=0.0002 epochs=3000 npp=1024 seed=137 ...
  Epoch     1/3000  loss=3.6443e-01  lr=2.00e-04  (0.0s)
    -> I1=3 I2=2 I3=2 I4=3 I5=2 I6=3 I7=2 I8=4 min=2 mean=2.6 max=4 (38.2s)
[223/405] hidden=[16, 16, 16] omega0=20.0 lr=0.0002 epochs=3000 npp=1024 seed=2024 ...
  Epoch     1/3000  loss=3.8475e-01  lr=2.00e-04  (0.0s)
    -> I1=2 I2=3 I3=3 I4=3 I5=2 I6=3 I7=3 I8=3 min=2 mean=2.8 max=3 (39.0s)
[224/405] hidden=[16, 16, 16] omega0=20.0 lr=0.0002 epochs=3000 npp=1024 seed=7 ...
  Epoch     1/3000  loss=4.0764e-01  lr=2.00e-04  (0.0s)
    -> I1=2 I2=3 I3=3 I4=3 I5=2 I6=3 I7=4 I8=3 min=2 mean=2.9 max=4 (38.7s)
[225/405] hidden=[16, 16, 16] omega0=20.0 lr=0.0002 epochs=3000 npp=1024 seed=999 ...
  Epoch     1/3000  loss=3.8221e-01  lr=2.00e-04  (0.0s)
    -> I1=2 I2=3 I3=2 I4=3 I5=2 I6=3 I7=3 I8=4 min=2 mean=2.8 max=4 (38.6s)
[226/405] hidden=[16, 16, 16] omega0=20.0 lr=5e-05 epochs=4000 npp=256 seed=42 ...
  Epoch     1/4000  loss=3.3646e-01  lr=5.00e-05  (0.0s)
    -> I1=2 I2=2 I3=2 I4=3 I5=2 I6=2 I7=2 I8=2 min=2 mean=2.1 max=3 (49.9s)
[227/405] hidden=[16, 16, 16] omega0=20.0 lr=5e-05 epochs=4000 npp=256 seed=137 ...
  Epoch     1/4000  loss=3.7379e-01  lr=5.00e-05  (0.0s)
    -> I1=2 I2=2 I3=2 I4=3 I5=2 I6=2 I7=2 I8=3 min=2 mean=2.2 max=3 (50.2s)
[228/405] hidden=[16, 16, 16] omega0=20.0 lr=5e-05 epochs=4000 npp=256 seed=2024 ...
  Epoch     1/4000  loss=3.6207e-01  lr=5.00e-05  (0.0s)
    -> I1=2 I2=2 I3=3 I4=3 I5=2 I6=2 I7=2 I8=3 min=2 mean=2.4 max=3 (49.4s)
[229/405] hidden=[16, 16, 16] omega0=20.0 lr=5e-05 epochs=4000 npp=256 seed=7 ...
  Epoch     1/4000  loss=4.6747e-01  lr=5.00e-05  (0.0s)
    -> I1=2 I2=2 I3=3 I4=2 I5=1 I6=2 I7=2 I8=2 min=1 mean=2.0 max=3 (49.8s)
[230/405] hidden=[16, 16, 16] omega0=20.0 lr=5e-05 epochs=4000 npp=256 seed=999 ...
  Epoch     1/4000  loss=4.0854e-01  lr=5.00e-05  (0.0s)
    -> I1=2 I2=2 I3=3 I4=4 I5=2 I6=2 I7=2 I8=3 min=2 mean=2.5 max=4 (50.0s)
[231/405] hidden=[16, 16, 16] omega0=20.0 lr=5e-05 epochs=4000 npp=512 seed=42 ...
  Epoch     1/4000  loss=3.4156e-01  lr=5.00e-05  (0.0s)
    -> I1=2 I2=2 I3=2 I4=3 I5=2 I6=2 I7=2 I8=2 min=2 mean=2.1 max=3 (50.5s)
[232/405] hidden=[16, 16, 16] omega0=20.0 lr=5e-05 epochs=4000 npp=512 seed=137 ...
  Epoch     1/4000  loss=3.5241e-01  lr=5.00e-05  (0.0s)
    -> I1=2 I2=2 I3=2 I4=2 I5=3 I6=2 I7=2 I8=3 min=2 mean=2.2 max=3 (50.6s)
[233/405] hidden=[16, 16, 16] omega0=20.0 lr=5e-05 epochs=4000 npp=512 seed=2024 ...
  Epoch     1/4000  loss=3.8785e-01  lr=5.00e-05  (0.0s)
    -> I1=2 I2=2 I3=3 I4=3 I5=3 I6=2 I7=2 I8=4 min=2 mean=2.6 max=4 (50.6s)
[234/405] hidden=[16, 16, 16] omega0=20.0 lr=5e-05 epochs=4000 npp=512 seed=7 ...
  Epoch     1/4000  loss=3.8905e-01  lr=5.00e-05  (0.0s)
    -> I1=2 I2=2 I3=2 I4=3 I5=2 I6=2 I7=2 I8=2 min=2 mean=2.1 max=3 (50.6s)
[235/405] hidden=[16, 16, 16] omega0=20.0 lr=5e-05 epochs=4000 npp=512 seed=999 ...
  Epoch     1/4000  loss=3.6539e-01  lr=5.00e-05  (0.0s)
    -> I1=2 I2=2 I3=3 I4=3 I5=4 I6=2 I7=2 I8=3 min=2 mean=2.6 max=4 (50.3s)
[236/405] hidden=[16, 16, 16] omega0=20.0 lr=5e-05 epochs=4000 npp=1024 seed=42 ...
  Epoch     1/4000  loss=3.3154e-01  lr=5.00e-05  (0.0s)
    -> I1=1 I2=2 I3=2 I4=3 I5=2 I6=2 I7=2 I8=2 min=1 mean=2.0 max=3 (52.3s)
[237/405] hidden=[16, 16, 16] omega0=20.0 lr=5e-05 epochs=4000 npp=1024 seed=137 ...
  Epoch     1/4000  loss=3.6443e-01  lr=5.00e-05  (0.0s)
    -> I1=2 I2=2 I3=3 I4=2 I5=2 I6=2 I7=3 I8=3 min=2 mean=2.4 max=3 (51.9s)
[238/405] hidden=[16, 16, 16] omega0=20.0 lr=5e-05 epochs=4000 npp=1024 seed=2024 ...
  Epoch     1/4000  loss=3.8475e-01  lr=5.00e-05  (0.0s)
    -> I1=2 I2=2 I3=3 I4=3 I5=2 I6=2 I7=2 I8=3 min=2 mean=2.4 max=3 (51.6s)
[239/405] hidden=[16, 16, 16] omega0=20.0 lr=5e-05 epochs=4000 npp=1024 seed=7 ...
  Epoch     1/4000  loss=4.0764e-01  lr=5.00e-05  (0.0s)
    -> I1=2 I2=2 I3=2 I4=2 I5=1 I6=2 I7=2 I8=3 min=1 mean=2.0 max=3 (51.8s)
[240/405] hidden=[16, 16, 16] omega0=20.0 lr=5e-05 epochs=4000 npp=1024 seed=999 ...
  Epoch     1/4000  loss=3.8221e-01  lr=5.00e-05  (0.0s)
    -> I1=2 I2=2 I3=2 I4=3 I5=2 I6=2 I7=2 I8=3 min=2 mean=2.2 max=3 (51.9s)
[241/405] hidden=[16, 16, 16] omega0=20.0 lr=0.0001 epochs=4000 npp=256 seed=42 ...
  Epoch     1/4000  loss=3.3646e-01  lr=1.00e-04  (0.0s)
    -> I1=2 I2=3 I3=4 I4=3 I5=2 I6=3 I7=3 I8=2 min=2 mean=2.8 max=4 (50.2s)
[242/405] hidden=[16, 16, 16] omega0=20.0 lr=0.0001 epochs=4000 npp=256 seed=137 ...
  Epoch     1/4000  loss=3.7379e-01  lr=1.00e-04  (0.0s)
    -> I1=2 I2=2 I3=3 I4=2 I5=2 I6=2 I7=2 I8=4 min=2 mean=2.4 max=4 (49.7s)
[243/405] hidden=[16, 16, 16] omega0=20.0 lr=0.0001 epochs=4000 npp=256 seed=2024 ...
  Epoch     1/4000  loss=3.6207e-01  lr=1.00e-04  (0.0s)
    -> I1=4 I2=2 I3=3 I4=3 I5=2 I6=2 I7=2 I8=3 min=2 mean=2.6 max=4 (50.1s)
[244/405] hidden=[16, 16, 16] omega0=20.0 lr=0.0001 epochs=4000 npp=256 seed=7 ...
  Epoch     1/4000  loss=4.6747e-01  lr=1.00e-04  (0.0s)
    -> I1=2 I2=3 I3=2 I4=3 I5=2 I6=3 I7=2 I8=2 min=2 mean=2.4 max=3 (50.0s)
[245/405] hidden=[16, 16, 16] omega0=20.0 lr=0.0001 epochs=4000 npp=256 seed=999 ...
  Epoch     1/4000  loss=4.0854e-01  lr=1.00e-04  (0.0s)
    -> I1=2 I2=3 I3=3 I4=3 I5=2 I6=2 I7=2 I8=3 min=2 mean=2.5 max=3 (50.0s)
[246/405] hidden=[16, 16, 16] omega0=20.0 lr=0.0001 epochs=4000 npp=512 seed=42 ...
  Epoch     1/4000  loss=3.4156e-01  lr=1.00e-04  (0.0s)
    -> I1=2 I2=3 I3=2 I4=4 I5=2 I6=3 I7=3 I8=2 min=2 mean=2.6 max=4 (50.6s)
[247/405] hidden=[16, 16, 16] omega0=20.0 lr=0.0001 epochs=4000 npp=512 seed=137 ...
  Epoch     1/4000  loss=3.5241e-01  lr=1.00e-04  (0.0s)
    -> I1=2 I2=2 I3=2 I4=3 I5=3 I6=2 I7=2 I8=3 min=2 mean=2.4 max=3 (50.7s)
[248/405] hidden=[16, 16, 16] omega0=20.0 lr=0.0001 epochs=4000 npp=512 seed=2024 ...
  Epoch     1/4000  loss=3.8785e-01  lr=1.00e-04  (0.0s)
    -> I1=2 I2=4 I3=3 I4=3 I5=2 I6=3 I7=2 I8=3 min=2 mean=2.8 max=4 (50.8s)
[249/405] hidden=[16, 16, 16] omega0=20.0 lr=0.0001 epochs=4000 npp=512 seed=7 ...
  Epoch     1/4000  loss=3.8905e-01  lr=1.00e-04  (0.0s)
    -> I1=2 I2=2 I3=2 I4=4 I5=2 I6=2 I7=2 I8=4 min=2 mean=2.5 max=4 (50.2s)
[250/405] hidden=[16, 16, 16] omega0=20.0 lr=0.0001 epochs=4000 npp=512 seed=999 ...
  Epoch     1/4000  loss=3.6539e-01  lr=1.00e-04  (0.0s)
    -> I1=2 I2=3 I3=2 I4=4 I5=2 I6=2 I7=3 I8=3 min=2 mean=2.6 max=4 (50.2s)
[251/405] hidden=[16, 16, 16] omega0=20.0 lr=0.0001 epochs=4000 npp=1024 seed=42 ...
  Epoch     1/4000  loss=3.3154e-01  lr=1.00e-04  (0.0s)
    -> I1=2 I2=2 I3=2 I4=3 I5=3 I6=3 I7=3 I8=3 min=2 mean=2.6 max=3 (52.1s)
[252/405] hidden=[16, 16, 16] omega0=20.0 lr=0.0001 epochs=4000 npp=1024 seed=137 ...
  Epoch     1/4000  loss=3.6443e-01  lr=1.00e-04  (0.0s)
    -> I1=2 I2=2 I3=2 I4=2 I5=2 I6=2 I7=2 I8=2 min=2 mean=2.0 max=2 (51.8s)
[253/405] hidden=[16, 16, 16] omega0=20.0 lr=0.0001 epochs=4000 npp=1024 seed=2024 ...
  Epoch     1/4000  loss=3.8475e-01  lr=1.00e-04  (0.0s)
    -> I1=2 I2=3 I3=3 I4=3 I5=3 I6=3 I7=3 I8=4 min=2 mean=3.0 max=4 (52.2s)
[254/405] hidden=[16, 16, 16] omega0=20.0 lr=0.0001 epochs=4000 npp=1024 seed=7 ...
  Epoch     1/4000  loss=4.0764e-01  lr=1.00e-04  (0.0s)
    -> I1=2 I2=3 I3=2 I4=3 I5=2 I6=2 I7=3 I8=3 min=2 mean=2.5 max=3 (51.5s)
[255/405] hidden=[16, 16, 16] omega0=20.0 lr=0.0001 epochs=4000 npp=1024 seed=999 ...
  Epoch     1/4000  loss=3.8221e-01  lr=1.00e-04  (0.0s)
    -> I1=3 I2=3 I3=3 I4=5 I5=3 I6=2 I7=3 I8=3 min=2 mean=3.1 max=5 (51.9s)
[256/405] hidden=[16, 16, 16] omega0=20.0 lr=0.0002 epochs=4000 npp=256 seed=42 ...
  Epoch     1/4000  loss=3.3646e-01  lr=2.00e-04  (0.0s)
    -> I1=2 I2=3 I3=3 I4=3 I5=2 I6=3 I7=3 I8=3 min=2 mean=2.8 max=3 (50.3s)
[257/405] hidden=[16, 16, 16] omega0=20.0 lr=0.0002 epochs=4000 npp=256 seed=137 ...
  Epoch     1/4000  loss=3.7379e-01  lr=2.00e-04  (0.0s)
    -> I1=2 I2=3 I3=3 I4=3 I5=2 I6=2 I7=2 I8=3 min=2 mean=2.5 max=3 (49.9s)
[258/405] hidden=[16, 16, 16] omega0=20.0 lr=0.0002 epochs=4000 npp=256 seed=2024 ...
  Epoch     1/4000  loss=3.6207e-01  lr=2.00e-04  (0.0s)
    -> I1=2 I2=2 I3=2 I4=3 I5=2 I6=4 I7=2 I8=3 min=2 mean=2.5 max=4 (50.0s)
[259/405] hidden=[16, 16, 16] omega0=20.0 lr=0.0002 epochs=4000 npp=256 seed=7 ...
  Epoch     1/4000  loss=4.6747e-01  lr=2.00e-04  (0.0s)
    -> I1=2 I2=2 I3=2 I4=3 I5=2 I6=2 I7=2 I8=3 min=2 mean=2.2 max=3 (50.2s)
[260/405] hidden=[16, 16, 16] omega0=20.0 lr=0.0002 epochs=4000 npp=256 seed=999 ...
  Epoch     1/4000  loss=4.0854e-01  lr=2.00e-04  (0.0s)
    -> I1=2 I2=3 I3=2 I4=3 I5=4 I6=2 I7=3 I8=4 min=2 mean=2.9 max=4 (49.6s)
[261/405] hidden=[16, 16, 16] omega0=20.0 lr=0.0002 epochs=4000 npp=512 seed=42 ...
  Epoch     1/4000  loss=3.4156e-01  lr=2.00e-04  (0.0s)
    -> I1=2 I2=3 I3=4 I4=3 I5=3 I6=3 I7=2 I8=3 min=2 mean=2.9 max=4 (50.2s)
[262/405] hidden=[16, 16, 16] omega0=20.0 lr=0.0002 epochs=4000 npp=512 seed=137 ...
  Epoch     1/4000  loss=3.5241e-01  lr=2.00e-04  (0.0s)
    -> I1=3 I2=2 I3=4 I4=3 I5=2 I6=2 I7=3 I8=4 min=2 mean=2.9 max=4 (50.5s)
[263/405] hidden=[16, 16, 16] omega0=20.0 lr=0.0002 epochs=4000 npp=512 seed=2024 ...
  Epoch     1/4000  loss=3.8785e-01  lr=2.00e-04  (0.0s)
    -> I1=4 I2=3 I3=3 I4=3 I5=3 I6=2 I7=2 I8=4 min=2 mean=3.0 max=4 (50.6s)
[264/405] hidden=[16, 16, 16] omega0=20.0 lr=0.0002 epochs=4000 npp=512 seed=7 ...
  Epoch     1/4000  loss=3.8905e-01  lr=2.00e-04  (0.0s)
    -> I1=3 I2=3 I3=3 I4=4 I5=2 I6=2 I7=2 I8=3 min=2 mean=2.8 max=4 (50.4s)
[265/405] hidden=[16, 16, 16] omega0=20.0 lr=0.0002 epochs=4000 npp=512 seed=999 ...
  Epoch     1/4000  loss=3.6539e-01  lr=2.00e-04  (0.0s)
    -> I1=2 I2=4 I3=3 I4=3 I5=2 I6=3 I7=2 I8=3 min=2 mean=2.8 max=4 (51.0s)
[266/405] hidden=[16, 16, 16] omega0=20.0 lr=0.0002 epochs=4000 npp=1024 seed=42 ...
  Epoch     1/4000  loss=3.3154e-01  lr=2.00e-04  (0.0s)
    -> I1=2 I2=3 I3=3 I4=3 I5=2 I6=3 I7=4 I8=3 min=2 mean=2.9 max=4 (52.0s)
[267/405] hidden=[16, 16, 16] omega0=20.0 lr=0.0002 epochs=4000 npp=1024 seed=137 ...
  Epoch     1/4000  loss=3.6443e-01  lr=2.00e-04  (0.0s)
    -> I1=3 I2=3 I3=2 I4=3 I5=2 I6=3 I7=2 I8=3 min=2 mean=2.6 max=3 (51.7s)
[268/405] hidden=[16, 16, 16] omega0=20.0 lr=0.0002 epochs=4000 npp=1024 seed=2024 ...
  Epoch     1/4000  loss=3.8475e-01  lr=2.00e-04  (0.0s)
    -> I1=2 I2=3 I3=3 I4=3 I5=3 I6=3 I7=3 I8=3 min=2 mean=2.9 max=3 (52.2s)
[269/405] hidden=[16, 16, 16] omega0=20.0 lr=0.0002 epochs=4000 npp=1024 seed=7 ...
  Epoch     1/4000  loss=4.0764e-01  lr=2.00e-04  (0.0s)
    -> I1=2 I2=5 I3=3 I4=3 I5=2 I6=3 I7=2 I8=4 min=2 mean=3.0 max=5 (52.1s)
[270/405] hidden=[16, 16, 16] omega0=20.0 lr=0.0002 epochs=4000 npp=1024 seed=999 ...
  Epoch     1/4000  loss=3.8221e-01  lr=2.00e-04  (0.0s)
    -> I1=2 I2=3 I3=2 I4=3 I5=2 I6=3 I7=3 I8=5 min=2 mean=2.9 max=5 (52.1s)
[271/405] hidden=[16, 16, 16] omega0=25.0 lr=5e-05 epochs=2000 npp=256 seed=42 ...
  Epoch     1/2000  loss=3.3646e-01  lr=5.00e-05  (0.0s)
    -> I1=1 I2=1 I3=2 I4=2 I5=1 I6=1 I7=1 I8=2 min=1 mean=1.4 max=2 (25.1s)
[272/405] hidden=[16, 16, 16] omega0=25.0 lr=5e-05 epochs=2000 npp=256 seed=137 ...
  Epoch     1/2000  loss=3.7379e-01  lr=5.00e-05  (0.0s)
    -> I1=1 I2=1 I3=1 I4=2 I5=1 I6=1 I7=1 I8=2 min=1 mean=1.2 max=2 (25.2s)
[273/405] hidden=[16, 16, 16] omega0=25.0 lr=5e-05 epochs=2000 npp=256 seed=2024 ...
  Epoch     1/2000  loss=3.6207e-01  lr=5.00e-05  (0.0s)
    -> I1=1 I2=1 I3=1 I4=2 I5=1 I6=1 I7=1 I8=2 min=1 mean=1.2 max=2 (25.3s)
[274/405] hidden=[16, 16, 16] omega0=25.0 lr=5e-05 epochs=2000 npp=256 seed=7 ...
  Epoch     1/2000  loss=4.6747e-01  lr=5.00e-05  (0.0s)
    -> I1=1 I2=1 I3=1 I4=2 I5=1 I6=1 I7=2 I8=2 min=1 mean=1.4 max=2 (24.9s)
[275/405] hidden=[16, 16, 16] omega0=25.0 lr=5e-05 epochs=2000 npp=256 seed=999 ...
  Epoch     1/2000  loss=4.0854e-01  lr=5.00e-05  (0.0s)
    -> I1=1 I2=1 I3=1 I4=2 I5=1 I6=1 I7=1 I8=2 min=1 mean=1.2 max=2 (24.7s)
[276/405] hidden=[16, 16, 16] omega0=25.0 lr=5e-05 epochs=2000 npp=512 seed=42 ...
  Epoch     1/2000  loss=3.4156e-01  lr=5.00e-05  (0.0s)
    -> I1=1 I2=1 I3=2 I4=2 I5=1 I6=1 I7=1 I8=2 min=1 mean=1.4 max=2 (25.6s)
[277/405] hidden=[16, 16, 16] omega0=25.0 lr=5e-05 epochs=2000 npp=512 seed=137 ...
  Epoch     1/2000  loss=3.5241e-01  lr=5.00e-05  (0.0s)
    -> I1=1 I2=1 I3=2 I4=2 I5=1 I6=1 I7=2 I8=2 min=1 mean=1.5 max=2 (25.4s)
[278/405] hidden=[16, 16, 16] omega0=25.0 lr=5e-05 epochs=2000 npp=512 seed=2024 ...
  Epoch     1/2000  loss=3.8785e-01  lr=5.00e-05  (0.0s)
    -> I1=1 I2=1 I3=1 I4=2 I5=1 I6=1 I7=1 I8=2 min=1 mean=1.2 max=2 (25.2s)
[279/405] hidden=[16, 16, 16] omega0=25.0 lr=5e-05 epochs=2000 npp=512 seed=7 ...
  Epoch     1/2000  loss=3.8905e-01  lr=5.00e-05  (0.0s)
    -> I1=1 I2=1 I3=1 I4=2 I5=1 I6=1 I7=2 I8=2 min=1 mean=1.4 max=2 (25.2s)
[280/405] hidden=[16, 16, 16] omega0=25.0 lr=5e-05 epochs=2000 npp=512 seed=999 ...
  Epoch     1/2000  loss=3.6539e-01  lr=5.00e-05  (0.0s)
    -> I1=1 I2=1 I3=1 I4=2 I5=1 I6=1 I7=1 I8=2 min=1 mean=1.2 max=2 (25.3s)
[281/405] hidden=[16, 16, 16] omega0=25.0 lr=5e-05 epochs=2000 npp=1024 seed=42 ...
  Epoch     1/2000  loss=3.3154e-01  lr=5.00e-05  (0.0s)
    -> I1=1 I2=1 I3=2 I4=2 I5=1 I6=1 I7=1 I8=2 min=1 mean=1.4 max=2 (25.9s)
[282/405] hidden=[16, 16, 16] omega0=25.0 lr=5e-05 epochs=2000 npp=1024 seed=137 ...
  Epoch     1/2000  loss=3.6443e-01  lr=5.00e-05  (0.0s)
    -> I1=1 I2=1 I3=2 I4=2 I5=1 I6=1 I7=2 I8=2 min=1 mean=1.5 max=2 (25.5s)
[283/405] hidden=[16, 16, 16] omega0=25.0 lr=5e-05 epochs=2000 npp=1024 seed=2024 ...
  Epoch     1/2000  loss=3.8475e-01  lr=5.00e-05  (0.0s)
    -> I1=1 I2=1 I3=1 I4=2 I5=1 I6=1 I7=1 I8=2 min=1 mean=1.2 max=2 (25.5s)
[284/405] hidden=[16, 16, 16] omega0=25.0 lr=5e-05 epochs=2000 npp=1024 seed=7 ...
  Epoch     1/2000  loss=4.0764e-01  lr=5.00e-05  (0.0s)
    -> I1=1 I2=1 I3=2 I4=2 I5=1 I6=1 I7=2 I8=2 min=1 mean=1.5 max=2 (26.0s)
[285/405] hidden=[16, 16, 16] omega0=25.0 lr=5e-05 epochs=2000 npp=1024 seed=999 ...
  Epoch     1/2000  loss=3.8221e-01  lr=5.00e-05  (0.0s)
    -> I1=1 I2=1 I3=1 I4=2 I5=1 I6=1 I7=1 I8=2 min=1 mean=1.2 max=2 (25.8s)
[286/405] hidden=[16, 16, 16] omega0=25.0 lr=0.0001 epochs=2000 npp=256 seed=42 ...
  Epoch     1/2000  loss=3.3646e-01  lr=1.00e-04  (0.0s)
    -> I1=1 I2=2 I3=2 I4=2 I5=1 I6=2 I7=2 I8=2 min=1 mean=1.8 max=2 (25.0s)
[287/405] hidden=[16, 16, 16] omega0=25.0 lr=0.0001 epochs=2000 npp=256 seed=137 ...
  Epoch     1/2000  loss=3.7379e-01  lr=1.00e-04  (0.0s)
    -> I1=2 I2=2 I3=2 I4=2 I5=2 I6=2 I7=2 I8=3 min=2 mean=2.1 max=3 (24.8s)
[288/405] hidden=[16, 16, 16] omega0=25.0 lr=0.0001 epochs=2000 npp=256 seed=2024 ...
  Epoch     1/2000  loss=3.6207e-01  lr=1.00e-04  (0.0s)
    -> I1=2 I2=2 I3=2 I4=2 I5=2 I6=2 I7=2 I8=2 min=2 mean=2.0 max=2 (25.1s)
[289/405] hidden=[16, 16, 16] omega0=25.0 lr=0.0001 epochs=2000 npp=256 seed=7 ...
  Epoch     1/2000  loss=4.6747e-01  lr=1.00e-04  (0.0s)
    -> I1=2 I2=2 I3=2 I4=3 I5=1 I6=2 I7=2 I8=2 min=1 mean=2.0 max=3 (25.8s)
[290/405] hidden=[16, 16, 16] omega0=25.0 lr=0.0001 epochs=2000 npp=256 seed=999 ...
  Epoch     1/2000  loss=4.0854e-01  lr=1.00e-04  (0.0s)
    -> I1=2 I2=2 I3=2 I4=3 I5=1 I6=2 I7=2 I8=3 min=1 mean=2.1 max=3 (25.3s)
[291/405] hidden=[16, 16, 16] omega0=25.0 lr=0.0001 epochs=2000 npp=512 seed=42 ...
  Epoch     1/2000  loss=3.4156e-01  lr=1.00e-04  (0.0s)
    -> I1=1 I2=2 I3=2 I4=2 I5=1 I6=2 I7=2 I8=2 min=1 mean=1.8 max=2 (25.2s)
[292/405] hidden=[16, 16, 16] omega0=25.0 lr=0.0001 epochs=2000 npp=512 seed=137 ...
  Epoch     1/2000  loss=3.5241e-01  lr=1.00e-04  (0.0s)
    -> I1=1 I2=2 I3=2 I4=4 I5=2 I6=1 I7=2 I8=3 min=1 mean=2.1 max=4 (25.7s)
[293/405] hidden=[16, 16, 16] omega0=25.0 lr=0.0001 epochs=2000 npp=512 seed=2024 ...
  Epoch     1/2000  loss=3.8785e-01  lr=1.00e-04  (0.0s)
    -> I1=2 I2=2 I3=3 I4=3 I5=3 I6=2 I7=2 I8=3 min=2 mean=2.5 max=3 (25.6s)
[294/405] hidden=[16, 16, 16] omega0=25.0 lr=0.0001 epochs=2000 npp=512 seed=7 ...
  Epoch     1/2000  loss=3.8905e-01  lr=1.00e-04  (0.0s)
    -> I1=2 I2=2 I3=2 I4=3 I5=1 I6=2 I7=3 I8=2 min=1 mean=2.1 max=3 (25.4s)
[295/405] hidden=[16, 16, 16] omega0=25.0 lr=0.0001 epochs=2000 npp=512 seed=999 ...
  Epoch     1/2000  loss=3.6539e-01  lr=1.00e-04  (0.0s)
    -> I1=2 I2=2 I3=2 I4=2 I5=2 I6=2 I7=2 I8=3 min=2 mean=2.1 max=3 (25.5s)
[296/405] hidden=[16, 16, 16] omega0=25.0 lr=0.0001 epochs=2000 npp=1024 seed=42 ...
  Epoch     1/2000  loss=3.3154e-01  lr=1.00e-04  (0.0s)
    -> I1=2 I2=2 I3=3 I4=2 I5=1 I6=2 I7=2 I8=2 min=1 mean=2.0 max=3 (25.9s)
[297/405] hidden=[16, 16, 16] omega0=25.0 lr=0.0001 epochs=2000 npp=1024 seed=137 ...
  Epoch     1/2000  loss=3.6443e-01  lr=1.00e-04  (0.0s)
    -> I1=2 I2=2 I3=3 I4=3 I5=2 I6=2 I7=2 I8=2 min=2 mean=2.2 max=3 (25.5s)
[298/405] hidden=[16, 16, 16] omega0=25.0 lr=0.0001 epochs=2000 npp=1024 seed=2024 ...
  Epoch     1/2000  loss=3.8475e-01  lr=1.00e-04  (0.0s)
    -> I1=2 I2=2 I3=2 I4=3 I5=2 I6=2 I7=2 I8=3 min=2 mean=2.2 max=3 (26.0s)
[299/405] hidden=[16, 16, 16] omega0=25.0 lr=0.0001 epochs=2000 npp=1024 seed=7 ...
  Epoch     1/2000  loss=4.0764e-01  lr=1.00e-04  (0.0s)
    -> I1=2 I2=2 I3=2 I4=3 I5=1 I6=2 I7=4 I8=2 min=1 mean=2.2 max=4 (26.0s)
[300/405] hidden=[16, 16, 16] omega0=25.0 lr=0.0001 epochs=2000 npp=1024 seed=999 ...
  Epoch     1/2000  loss=3.8221e-01  lr=1.00e-04  (0.0s)
    -> I1=2 I2=2 I3=2 I4=2 I5=4 I6=2 I7=2 I8=3 min=2 mean=2.4 max=4 (26.2s)
[301/405] hidden=[16, 16, 16] omega0=25.0 lr=0.0002 epochs=2000 npp=256 seed=42 ...
  Epoch     1/2000  loss=3.3646e-01  lr=2.00e-04  (0.0s)
    -> I1=2 I2=2 I3=3 I4=3 I5=2 I6=3 I7=2 I8=2 min=2 mean=2.4 max=3 (25.3s)
[302/405] hidden=[16, 16, 16] omega0=25.0 lr=0.0002 epochs=2000 npp=256 seed=137 ...
  Epoch     1/2000  loss=3.7379e-01  lr=2.00e-04  (0.0s)
    -> I1=3 I2=3 I3=3 I4=3 I5=2 I6=2 I7=2 I8=4 min=2 mean=2.8 max=4 (24.9s)
[303/405] hidden=[16, 16, 16] omega0=25.0 lr=0.0002 epochs=2000 npp=256 seed=2024 ...
  Epoch     1/2000  loss=3.6207e-01  lr=2.00e-04  (0.0s)
    -> I1=3 I2=3 I3=3 I4=3 I5=3 I6=2 I7=2 I8=3 min=2 mean=2.8 max=3 (24.6s)
[304/405] hidden=[16, 16, 16] omega0=25.0 lr=0.0002 epochs=2000 npp=256 seed=7 ...
  Epoch     1/2000  loss=4.6747e-01  lr=2.00e-04  (0.0s)
    -> I1=2 I2=2 I3=2 I4=3 I5=2 I6=2 I7=2 I8=3 min=2 mean=2.2 max=3 (25.3s)
[305/405] hidden=[16, 16, 16] omega0=25.0 lr=0.0002 epochs=2000 npp=256 seed=999 ...
  Epoch     1/2000  loss=4.0854e-01  lr=2.00e-04  (0.0s)
    -> I1=3 I2=3 I3=3 I4=3 I5=2 I6=2 I7=2 I8=3 min=2 mean=2.6 max=3 (25.4s)
[306/405] hidden=[16, 16, 16] omega0=25.0 lr=0.0002 epochs=2000 npp=512 seed=42 ...
  Epoch     1/2000  loss=3.4156e-01  lr=2.00e-04  (0.0s)
    -> I1=2 I2=3 I3=2 I4=4 I5=3 I6=3 I7=2 I8=2 min=2 mean=2.6 max=4 (25.6s)
[307/405] hidden=[16, 16, 16] omega0=25.0 lr=0.0002 epochs=2000 npp=512 seed=137 ...
  Epoch     1/2000  loss=3.5241e-01  lr=2.00e-04  (0.0s)
    -> I1=2 I2=3 I3=3 I4=3 I5=2 I6=3 I7=2 I8=3 min=2 mean=2.6 max=3 (25.2s)
[308/405] hidden=[16, 16, 16] omega0=25.0 lr=0.0002 epochs=2000 npp=512 seed=2024 ...
  Epoch     1/2000  loss=3.8785e-01  lr=2.00e-04  (0.0s)
    -> I1=2 I2=2 I3=2 I4=3 I5=2 I6=3 I7=3 I8=3 min=2 mean=2.5 max=3 (25.3s)
[309/405] hidden=[16, 16, 16] omega0=25.0 lr=0.0002 epochs=2000 npp=512 seed=7 ...
  Epoch     1/2000  loss=3.8905e-01  lr=2.00e-04  (0.0s)
    -> I1=2 I2=2 I3=2 I4=3 I5=2 I6=3 I7=2 I8=2 min=2 mean=2.2 max=3 (25.7s)
[310/405] hidden=[16, 16, 16] omega0=25.0 lr=0.0002 epochs=2000 npp=512 seed=999 ...
  Epoch     1/2000  loss=3.6539e-01  lr=2.00e-04  (0.0s)
    -> I1=2 I2=2 I3=2 I4=3 I5=3 I6=3 I7=2 I8=3 min=2 mean=2.5 max=3 (25.4s)
[311/405] hidden=[16, 16, 16] omega0=25.0 lr=0.0002 epochs=2000 npp=1024 seed=42 ...
  Epoch     1/2000  loss=3.3154e-01  lr=2.00e-04  (0.0s)
    -> I1=2 I2=3 I3=2 I4=4 I5=2 I6=3 I7=2 I8=2 min=2 mean=2.5 max=4 (25.7s)
[312/405] hidden=[16, 16, 16] omega0=25.0 lr=0.0002 epochs=2000 npp=1024 seed=137 ...
  Epoch     1/2000  loss=3.6443e-01  lr=2.00e-04  (0.0s)
    -> I1=3 I2=3 I3=2 I4=3 I5=2 I6=2 I7=2 I8=3 min=2 mean=2.5 max=3 (26.2s)
[313/405] hidden=[16, 16, 16] omega0=25.0 lr=0.0002 epochs=2000 npp=1024 seed=2024 ...
  Epoch     1/2000  loss=3.8475e-01  lr=2.00e-04  (0.0s)
    -> I1=2 I2=3 I3=3 I4=3 I5=2 I6=3 I7=2 I8=3 min=2 mean=2.6 max=3 (26.3s)
[314/405] hidden=[16, 16, 16] omega0=25.0 lr=0.0002 epochs=2000 npp=1024 seed=7 ...
  Epoch     1/2000  loss=4.0764e-01  lr=2.00e-04  (0.0s)
    -> I1=2 I2=2 I3=2 I4=3 I5=2 I6=3 I7=2 I8=3 min=2 mean=2.4 max=3 (26.4s)
[315/405] hidden=[16, 16, 16] omega0=25.0 lr=0.0002 epochs=2000 npp=1024 seed=999 ...
  Epoch     1/2000  loss=3.8221e-01  lr=2.00e-04  (0.0s)
    -> I1=2 I2=2 I3=3 I4=4 I5=2 I6=2 I7=2 I8=3 min=2 mean=2.5 max=4 (25.9s)
[316/405] hidden=[16, 16, 16] omega0=25.0 lr=5e-05 epochs=3000 npp=256 seed=42 ...
  Epoch     1/3000  loss=3.3646e-01  lr=5.00e-05  (0.0s)
    -> I1=1 I2=2 I3=3 I4=2 I5=1 I6=1 I7=2 I8=2 min=1 mean=1.8 max=3 (37.8s)
[317/405] hidden=[16, 16, 16] omega0=25.0 lr=5e-05 epochs=3000 npp=256 seed=137 ...
  Epoch     1/3000  loss=3.7379e-01  lr=5.00e-05  (0.0s)
    -> I1=2 I2=1 I3=2 I4=2 I5=2 I6=1 I7=2 I8=2 min=1 mean=1.8 max=2 (38.0s)
[318/405] hidden=[16, 16, 16] omega0=25.0 lr=5e-05 epochs=3000 npp=256 seed=2024 ...
  Epoch     1/3000  loss=3.6207e-01  lr=5.00e-05  (0.0s)
    -> I1=1 I2=1 I3=2 I4=2 I5=2 I6=2 I7=2 I8=2 min=1 mean=1.8 max=2 (37.8s)
[319/405] hidden=[16, 16, 16] omega0=25.0 lr=5e-05 epochs=3000 npp=256 seed=7 ...
  Epoch     1/3000  loss=4.6747e-01  lr=5.00e-05  (0.0s)
    -> I1=2 I2=1 I3=2 I4=3 I5=1 I6=1 I7=3 I8=2 min=1 mean=1.9 max=3 (38.0s)
[320/405] hidden=[16, 16, 16] omega0=25.0 lr=5e-05 epochs=3000 npp=256 seed=999 ...
  Epoch     1/3000  loss=4.0854e-01  lr=5.00e-05  (0.0s)
    -> I1=2 I2=1 I3=2 I4=3 I5=1 I6=1 I7=2 I8=3 min=1 mean=1.9 max=3 (37.5s)
[321/405] hidden=[16, 16, 16] omega0=25.0 lr=5e-05 epochs=3000 npp=512 seed=42 ...
  Epoch     1/3000  loss=3.4156e-01  lr=5.00e-05  (0.0s)
    -> I1=1 I2=2 I3=2 I4=2 I5=1 I6=2 I7=2 I8=2 min=1 mean=1.8 max=2 (38.2s)
[322/405] hidden=[16, 16, 16] omega0=25.0 lr=5e-05 epochs=3000 npp=512 seed=137 ...
  Epoch     1/3000  loss=3.5241e-01  lr=5.00e-05  (0.0s)
    -> I1=3 I2=1 I3=2 I4=3 I5=2 I6=1 I7=4 I8=3 min=1 mean=2.4 max=4 (38.3s)
[323/405] hidden=[16, 16, 16] omega0=25.0 lr=5e-05 epochs=3000 npp=512 seed=2024 ...
  Epoch     1/3000  loss=3.8785e-01  lr=5.00e-05  (0.0s)
    -> I1=1 I2=1 I3=3 I4=2 I5=2 I6=1 I7=2 I8=2 min=1 mean=1.8 max=3 (38.1s)
[324/405] hidden=[16, 16, 16] omega0=25.0 lr=5e-05 epochs=3000 npp=512 seed=7 ...
  Epoch     1/3000  loss=3.8905e-01  lr=5.00e-05  (0.0s)
    -> I1=2 I2=1 I3=2 I4=2 I5=1 I6=2 I7=2 I8=2 min=1 mean=1.8 max=2 (37.6s)
[325/405] hidden=[16, 16, 16] omega0=25.0 lr=5e-05 epochs=3000 npp=512 seed=999 ...
  Epoch     1/3000  loss=3.6539e-01  lr=5.00e-05  (0.0s)
    -> I1=2 I2=2 I3=2 I4=3 I5=1 I6=1 I7=2 I8=3 min=1 mean=2.0 max=3 (38.0s)
[326/405] hidden=[16, 16, 16] omega0=25.0 lr=5e-05 epochs=3000 npp=1024 seed=42 ...
  Epoch     1/3000  loss=3.3154e-01  lr=5.00e-05  (0.0s)
    -> I1=1 I2=2 I3=2 I4=2 I5=1 I6=2 I7=2 I8=2 min=1 mean=1.8 max=2 (39.7s)
[327/405] hidden=[16, 16, 16] omega0=25.0 lr=5e-05 epochs=3000 npp=1024 seed=137 ...
  Epoch     1/3000  loss=3.6443e-01  lr=5.00e-05  (0.0s)
    -> I1=2 I2=2 I3=2 I4=3 I5=2 I6=2 I7=3 I8=2 min=2 mean=2.2 max=3 (38.9s)
[328/405] hidden=[16, 16, 16] omega0=25.0 lr=5e-05 epochs=3000 npp=1024 seed=2024 ...
  Epoch     1/3000  loss=3.8475e-01  lr=5.00e-05  (0.0s)
    -> I1=1 I2=2 I3=3 I4=2 I5=2 I6=2 I7=2 I8=2 min=1 mean=2.0 max=3 (39.0s)
[329/405] hidden=[16, 16, 16] omega0=25.0 lr=5e-05 epochs=3000 npp=1024 seed=7 ...
  Epoch     1/3000  loss=4.0764e-01  lr=5.00e-05  (0.0s)
    -> I1=2 I2=2 I3=2 I4=2 I5=1 I6=2 I7=2 I8=2 min=1 mean=1.9 max=2 (39.4s)
[330/405] hidden=[16, 16, 16] omega0=25.0 lr=5e-05 epochs=3000 npp=1024 seed=999 ...
  Epoch     1/3000  loss=3.8221e-01  lr=5.00e-05  (0.0s)
    -> I1=2 I2=2 I3=2 I4=3 I5=2 I6=2 I7=1 I8=3 min=1 mean=2.1 max=3 (39.3s)
[331/405] hidden=[16, 16, 16] omega0=25.0 lr=0.0001 epochs=3000 npp=256 seed=42 ...
  Epoch     1/3000  loss=3.3646e-01  lr=1.00e-04  (0.0s)
    -> I1=4 I2=2 I3=2 I4=2 I5=2 I6=2 I7=2 I8=2 min=2 mean=2.2 max=4 (37.8s)
[332/405] hidden=[16, 16, 16] omega0=25.0 lr=0.0001 epochs=3000 npp=256 seed=137 ...
  Epoch     1/3000  loss=3.7379e-01  lr=1.00e-04  (0.0s)
    -> I1=2 I2=2 I3=2 I4=2 I5=2 I6=2 I7=2 I8=3 min=2 mean=2.1 max=3 (37.6s)
[333/405] hidden=[16, 16, 16] omega0=25.0 lr=0.0001 epochs=3000 npp=256 seed=2024 ...
  Epoch     1/3000  loss=3.6207e-01  lr=1.00e-04  (0.0s)
    -> I1=2 I2=2 I3=3 I4=3 I5=2 I6=2 I7=2 I8=3 min=2 mean=2.4 max=3 (37.6s)
[334/405] hidden=[16, 16, 16] omega0=25.0 lr=0.0001 epochs=3000 npp=256 seed=7 ...
  Epoch     1/3000  loss=4.6747e-01  lr=1.00e-04  (0.0s)
    -> I1=2 I2=2 I3=2 I4=3 I5=2 I6=4 I7=2 I8=2 min=2 mean=2.4 max=4 (37.5s)
[335/405] hidden=[16, 16, 16] omega0=25.0 lr=0.0001 epochs=3000 npp=256 seed=999 ...
  Epoch     1/3000  loss=4.0854e-01  lr=1.00e-04  (0.0s)
    -> I1=2 I2=2 I3=3 I4=3 I5=2 I6=2 I7=5 I8=3 min=2 mean=2.8 max=5 (37.6s)
[336/405] hidden=[16, 16, 16] omega0=25.0 lr=0.0001 epochs=3000 npp=512 seed=42 ...
  Epoch     1/3000  loss=3.4156e-01  lr=1.00e-04  (0.0s)
    -> I1=2 I2=2 I3=2 I4=3 I5=2 I6=3 I7=3 I8=2 min=2 mean=2.4 max=3 (38.2s)
[337/405] hidden=[16, 16, 16] omega0=25.0 lr=0.0001 epochs=3000 npp=512 seed=137 ...
  Epoch     1/3000  loss=3.5241e-01  lr=1.00e-04  (0.0s)
    -> I1=2 I2=2 I3=2 I4=3 I5=2 I6=2 I7=2 I8=4 min=2 mean=2.4 max=4 (38.2s)
[338/405] hidden=[16, 16, 16] omega0=25.0 lr=0.0001 epochs=3000 npp=512 seed=2024 ...
  Epoch     1/3000  loss=3.8785e-01  lr=1.00e-04  (0.0s)
    -> I1=2 I2=2 I3=3 I4=4 I5=3 I6=2 I7=2 I8=3 min=2 mean=2.6 max=4 (38.0s)
[339/405] hidden=[16, 16, 16] omega0=25.0 lr=0.0001 epochs=3000 npp=512 seed=7 ...
  Epoch     1/3000  loss=3.8905e-01  lr=1.00e-04  (0.0s)
    -> I1=3 I2=4 I3=2 I4=3 I5=2 I6=2 I7=3 I8=2 min=2 mean=2.6 max=4 (38.3s)
[340/405] hidden=[16, 16, 16] omega0=25.0 lr=0.0001 epochs=3000 npp=512 seed=999 ...
  Epoch     1/3000  loss=3.6539e-01  lr=1.00e-04  (0.0s)
    -> I1=3 I2=2 I3=3 I4=2 I5=2 I6=2 I7=2 I8=3 min=2 mean=2.4 max=3 (37.9s)
[341/405] hidden=[16, 16, 16] omega0=25.0 lr=0.0001 epochs=3000 npp=1024 seed=42 ...
  Epoch     1/3000  loss=3.3154e-01  lr=1.00e-04  (0.0s)
    -> I1=2 I2=2 I3=2 I4=3 I5=2 I6=3 I7=3 I8=2 min=2 mean=2.4 max=3 (39.1s)
[342/405] hidden=[16, 16, 16] omega0=25.0 lr=0.0001 epochs=3000 npp=1024 seed=137 ...
  Epoch     1/3000  loss=3.6443e-01  lr=1.00e-04  (0.0s)
    -> I1=2 I2=2 I3=3 I4=3 I5=2 I6=2 I7=2 I8=3 min=2 mean=2.4 max=3 (39.3s)
[343/405] hidden=[16, 16, 16] omega0=25.0 lr=0.0001 epochs=3000 npp=1024 seed=2024 ...
  Epoch     1/3000  loss=3.8475e-01  lr=1.00e-04  (0.0s)
    -> I1=2 I2=2 I3=3 I4=3 I5=2 I6=2 I7=2 I8=3 min=2 mean=2.4 max=3 (39.0s)
[344/405] hidden=[16, 16, 16] omega0=25.0 lr=0.0001 epochs=3000 npp=1024 seed=7 ...
  Epoch     1/3000  loss=4.0764e-01  lr=1.00e-04  (0.0s)
    -> I1=2 I2=2 I3=2 I4=3 I5=1 I6=3 I7=3 I8=2 min=1 mean=2.2 max=3 (39.2s)
[345/405] hidden=[16, 16, 16] omega0=25.0 lr=0.0001 epochs=3000 npp=1024 seed=999 ...
  Epoch     1/3000  loss=3.8221e-01  lr=1.00e-04  (0.0s)
    -> I1=2 I2=2 I3=3 I4=2 I5=2 I6=3 I7=2 I8=3 min=2 mean=2.4 max=3 (39.0s)
[346/405] hidden=[16, 16, 16] omega0=25.0 lr=0.0002 epochs=3000 npp=256 seed=42 ...
  Epoch     1/3000  loss=3.3646e-01  lr=2.00e-04  (0.0s)
    -> I1=2 I2=2 I3=3 I4=3 I5=2 I6=2 I7=2 I8=2 min=2 mean=2.2 max=3 (37.9s)
[347/405] hidden=[16, 16, 16] omega0=25.0 lr=0.0002 epochs=3000 npp=256 seed=137 ...
  Epoch     1/3000  loss=3.7379e-01  lr=2.00e-04  (0.0s)
    -> I1=3 I2=3 I3=3 I4=3 I5=2 I6=2 I7=2 I8=3 min=2 mean=2.6 max=3 (38.1s)
[348/405] hidden=[16, 16, 16] omega0=25.0 lr=0.0002 epochs=3000 npp=256 seed=2024 ...
  Epoch     1/3000  loss=3.6207e-01  lr=2.00e-04  (0.0s)
    -> I1=3 I2=3 I3=3 I4=4 I5=4 I6=4 I7=3 I8=4 min=3 mean=3.5 max=4 (38.6s)
[349/405] hidden=[16, 16, 16] omega0=25.0 lr=0.0002 epochs=3000 npp=256 seed=7 ...
  Epoch     1/3000  loss=4.6747e-01  lr=2.00e-04  (0.0s)
    -> I1=2 I2=3 I3=2 I4=3 I5=2 I6=3 I7=2 I8=4 min=2 mean=2.6 max=4 (38.3s)
[350/405] hidden=[16, 16, 16] omega0=25.0 lr=0.0002 epochs=3000 npp=256 seed=999 ...
  Epoch     1/3000  loss=4.0854e-01  lr=2.00e-04  (0.0s)
    -> I1=3 I2=3 I3=2 I4=4 I5=2 I6=2 I7=2 I8=3 min=2 mean=2.6 max=4 (37.4s)
[351/405] hidden=[16, 16, 16] omega0=25.0 lr=0.0002 epochs=3000 npp=512 seed=42 ...
  Epoch     1/3000  loss=3.4156e-01  lr=2.00e-04  (0.0s)
    -> I1=3 I2=3 I3=2 I4=4 I5=2 I6=3 I7=2 I8=2 min=2 mean=2.6 max=4 (38.1s)
[352/405] hidden=[16, 16, 16] omega0=25.0 lr=0.0002 epochs=3000 npp=512 seed=137 ...
  Epoch     1/3000  loss=3.5241e-01  lr=2.00e-04  (0.0s)
    -> I1=2 I2=3 I3=2 I4=5 I5=2 I6=4 I7=4 I8=3 min=2 mean=3.1 max=5 (37.8s)
[353/405] hidden=[16, 16, 16] omega0=25.0 lr=0.0002 epochs=3000 npp=512 seed=2024 ...
  Epoch     1/3000  loss=3.8785e-01  lr=2.00e-04  (0.0s)
    -> I1=3 I2=2 I3=4 I4=3 I5=3 I6=3 I7=2 I8=3 min=2 mean=2.9 max=4 (37.7s)
[354/405] hidden=[16, 16, 16] omega0=25.0 lr=0.0002 epochs=3000 npp=512 seed=7 ...
  Epoch     1/3000  loss=3.8905e-01  lr=2.00e-04  (0.0s)
    -> I1=2 I2=2 I3=2 I4=3 I5=2 I6=4 I7=3 I8=3 min=2 mean=2.6 max=4 (37.8s)
[355/405] hidden=[16, 16, 16] omega0=25.0 lr=0.0002 epochs=3000 npp=512 seed=999 ...
  Epoch     1/3000  loss=3.6539e-01  lr=2.00e-04  (0.0s)
    -> I1=3 I2=2 I3=2 I4=3 I5=2 I6=2 I7=3 I8=3 min=2 mean=2.5 max=3 (38.2s)
[356/405] hidden=[16, 16, 16] omega0=25.0 lr=0.0002 epochs=3000 npp=1024 seed=42 ...
  Epoch     1/3000  loss=3.3154e-01  lr=2.00e-04  (0.0s)
    -> I1=2 I2=3 I3=3 I4=3 I5=2 I6=3 I7=2 I8=4 min=2 mean=2.8 max=4 (38.7s)
[357/405] hidden=[16, 16, 16] omega0=25.0 lr=0.0002 epochs=3000 npp=1024 seed=137 ...
  Epoch     1/3000  loss=3.6443e-01  lr=2.00e-04  (0.0s)
    -> I1=2 I2=3 I3=3 I4=3 I5=3 I6=2 I7=2 I8=3 min=2 mean=2.6 max=3 (38.7s)
[358/405] hidden=[16, 16, 16] omega0=25.0 lr=0.0002 epochs=3000 npp=1024 seed=2024 ...
  Epoch     1/3000  loss=3.8475e-01  lr=2.00e-04  (0.0s)
    -> I1=2 I2=3 I3=3 I4=3 I5=4 I6=3 I7=3 I8=4 min=2 mean=3.1 max=4 (38.9s)
[359/405] hidden=[16, 16, 16] omega0=25.0 lr=0.0002 epochs=3000 npp=1024 seed=7 ...
  Epoch     1/3000  loss=4.0764e-01  lr=2.00e-04  (0.0s)
    -> I1=3 I2=3 I3=2 I4=3 I5=2 I6=4 I7=2 I8=3 min=2 mean=2.8 max=4 (38.6s)
[360/405] hidden=[16, 16, 16] omega0=25.0 lr=0.0002 epochs=3000 npp=1024 seed=999 ...
  Epoch     1/3000  loss=3.8221e-01  lr=2.00e-04  (0.0s)
    -> I1=2 I2=3 I3=3 I4=3 I5=3 I6=3 I7=3 I8=3 min=2 mean=2.9 max=3 (38.4s)
[361/405] hidden=[16, 16, 16] omega0=25.0 lr=5e-05 epochs=4000 npp=256 seed=42 ...
  Epoch     1/4000  loss=3.3646e-01  lr=5.00e-05  (0.0s)
    -> I1=1 I2=2 I3=2 I4=2 I5=1 I6=2 I7=2 I8=2 min=1 mean=1.8 max=2 (50.3s)
[362/405] hidden=[16, 16, 16] omega0=25.0 lr=5e-05 epochs=4000 npp=256 seed=137 ...
  Epoch     1/4000  loss=3.7379e-01  lr=5.00e-05  (0.0s)
    -> I1=2 I2=2 I3=2 I4=3 I5=2 I6=1 I7=2 I8=3 min=1 mean=2.1 max=3 (49.9s)
[363/405] hidden=[16, 16, 16] omega0=25.0 lr=5e-05 epochs=4000 npp=256 seed=2024 ...
  Epoch     1/4000  loss=3.6207e-01  lr=5.00e-05  (0.0s)
    -> I1=1 I2=2 I3=2 I4=2 I5=2 I6=2 I7=2 I8=2 min=1 mean=1.9 max=2 (50.2s)
[364/405] hidden=[16, 16, 16] omega0=25.0 lr=5e-05 epochs=4000 npp=256 seed=7 ...
  Epoch     1/4000  loss=4.6747e-01  lr=5.00e-05  (0.0s)
    -> I1=2 I2=2 I3=2 I4=3 I5=1 I6=2 I7=3 I8=2 min=1 mean=2.1 max=3 (50.0s)
[365/405] hidden=[16, 16, 16] omega0=25.0 lr=5e-05 epochs=4000 npp=256 seed=999 ...
  Epoch     1/4000  loss=4.0854e-01  lr=5.00e-05  (0.0s)
    -> I1=2 I2=2 I3=2 I4=3 I5=1 I6=2 I7=2 I8=4 min=1 mean=2.2 max=4 (50.3s)
[366/405] hidden=[16, 16, 16] omega0=25.0 lr=5e-05 epochs=4000 npp=512 seed=42 ...
  Epoch     1/4000  loss=3.4156e-01  lr=5.00e-05  (0.0s)
    -> I1=1 I2=2 I3=2 I4=2 I5=1 I6=2 I7=2 I8=2 min=1 mean=1.8 max=2 (51.0s)
[367/405] hidden=[16, 16, 16] omega0=25.0 lr=5e-05 epochs=4000 npp=512 seed=137 ...
  Epoch     1/4000  loss=3.5241e-01  lr=5.00e-05  (0.0s)
    -> I1=2 I2=2 I3=2 I4=3 I5=2 I6=1 I7=2 I8=3 min=1 mean=2.1 max=3 (49.6s)
[368/405] hidden=[16, 16, 16] omega0=25.0 lr=5e-05 epochs=4000 npp=512 seed=2024 ...
  Epoch     1/4000  loss=3.8785e-01  lr=5.00e-05  (0.0s)
    -> I1=2 I2=2 I3=2 I4=4 I5=3 I6=2 I7=2 I8=2 min=2 mean=2.4 max=4 (50.6s)
[369/405] hidden=[16, 16, 16] omega0=25.0 lr=5e-05 epochs=4000 npp=512 seed=7 ...
  Epoch     1/4000  loss=3.8905e-01  lr=5.00e-05  (0.0s)
    -> I1=2 I2=2 I3=2 I4=3 I5=1 I6=2 I7=3 I8=2 min=1 mean=2.1 max=3 (50.5s)
[370/405] hidden=[16, 16, 16] omega0=25.0 lr=5e-05 epochs=4000 npp=512 seed=999 ...
  Epoch     1/4000  loss=3.6539e-01  lr=5.00e-05  (0.0s)
    -> I1=2 I2=2 I3=2 I4=2 I5=2 I6=2 I7=2 I8=3 min=2 mean=2.1 max=3 (50.7s)
[371/405] hidden=[16, 16, 16] omega0=25.0 lr=5e-05 epochs=4000 npp=1024 seed=42 ...
  Epoch     1/4000  loss=3.3154e-01  lr=5.00e-05  (0.0s)
    -> I1=1 I2=2 I3=2 I4=2 I5=2 I6=2 I7=2 I8=2 min=1 mean=1.9 max=2 (51.8s)
[372/405] hidden=[16, 16, 16] omega0=25.0 lr=5e-05 epochs=4000 npp=1024 seed=137 ...
  Epoch     1/4000  loss=3.6443e-01  lr=5.00e-05  (0.0s)
    -> I1=3 I2=2 I3=2 I4=3 I5=3 I6=2 I7=2 I8=2 min=2 mean=2.4 max=3 (51.5s)
[373/405] hidden=[16, 16, 16] omega0=25.0 lr=5e-05 epochs=4000 npp=1024 seed=2024 ...
  Epoch     1/4000  loss=3.8475e-01  lr=5.00e-05  (0.0s)
    -> I1=3 I2=2 I3=3 I4=4 I5=2 I6=2 I7=2 I8=3 min=2 mean=2.6 max=4 (51.8s)
[374/405] hidden=[16, 16, 16] omega0=25.0 lr=5e-05 epochs=4000 npp=1024 seed=7 ...
  Epoch     1/4000  loss=4.0764e-01  lr=5.00e-05  (0.0s)
    -> I1=2 I2=2 I3=3 I4=3 I5=1 I6=2 I7=2 I8=2 min=1 mean=2.1 max=3 (51.5s)
[375/405] hidden=[16, 16, 16] omega0=25.0 lr=5e-05 epochs=4000 npp=1024 seed=999 ...
  Epoch     1/4000  loss=3.8221e-01  lr=5.00e-05  (0.0s)
    -> I1=2 I2=2 I3=2 I4=3 I5=3 I6=2 I7=2 I8=2 min=2 mean=2.2 max=3 (51.8s)
[376/405] hidden=[16, 16, 16] omega0=25.0 lr=0.0001 epochs=4000 npp=256 seed=42 ...
  Epoch     1/4000  loss=3.3646e-01  lr=1.00e-04  (0.0s)
    -> I1=2 I2=3 I3=2 I4=3 I5=2 I6=4 I7=3 I8=2 min=2 mean=2.6 max=4 (49.2s)
[377/405] hidden=[16, 16, 16] omega0=25.0 lr=0.0001 epochs=4000 npp=256 seed=137 ...
  Epoch     1/4000  loss=3.7379e-01  lr=1.00e-04  (0.0s)
    -> I1=2 I2=3 I3=2 I4=2 I5=2 I6=2 I7=3 I8=3 min=2 mean=2.4 max=3 (50.0s)
[378/405] hidden=[16, 16, 16] omega0=25.0 lr=0.0001 epochs=4000 npp=256 seed=2024 ...
  Epoch     1/4000  loss=3.6207e-01  lr=1.00e-04  (0.0s)
    -> I1=2 I2=2 I3=3 I4=3 I5=2 I6=2 I7=3 I8=3 min=2 mean=2.5 max=3 (50.1s)
[379/405] hidden=[16, 16, 16] omega0=25.0 lr=0.0001 epochs=4000 npp=256 seed=7 ...
  Epoch     1/4000  loss=4.6747e-01  lr=1.00e-04  (0.0s)
    -> I1=2 I2=2 I3=2 I4=3 I5=2 I6=3 I7=3 I8=3 min=2 mean=2.5 max=3 (50.2s)
[380/405] hidden=[16, 16, 16] omega0=25.0 lr=0.0001 epochs=4000 npp=256 seed=999 ...
  Epoch     1/4000  loss=4.0854e-01  lr=1.00e-04  (0.0s)
    -> I1=2 I2=3 I3=3 I4=3 I5=3 I6=2 I7=3 I8=3 min=2 mean=2.8 max=3 (50.0s)
[381/405] hidden=[16, 16, 16] omega0=25.0 lr=0.0001 epochs=4000 npp=512 seed=42 ...
  Epoch     1/4000  loss=3.4156e-01  lr=1.00e-04  (0.0s)
    -> I1=2 I2=2 I3=3 I4=4 I5=2 I6=3 I7=3 I8=2 min=2 mean=2.6 max=4 (50.9s)
[382/405] hidden=[16, 16, 16] omega0=25.0 lr=0.0001 epochs=4000 npp=512 seed=137 ...
  Epoch     1/4000  loss=3.5241e-01  lr=1.00e-04  (0.0s)
    -> I1=2 I2=2 I3=3 I4=3 I5=2 I6=2 I7=2 I8=4 min=2 mean=2.5 max=4 (50.6s)
[383/405] hidden=[16, 16, 16] omega0=25.0 lr=0.0001 epochs=4000 npp=512 seed=2024 ...
  Epoch     1/4000  loss=3.8785e-01  lr=1.00e-04  (0.0s)
    -> I1=3 I2=2 I3=2 I4=3 I5=2 I6=3 I7=2 I8=3 min=2 mean=2.5 max=3 (50.6s)
[384/405] hidden=[16, 16, 16] omega0=25.0 lr=0.0001 epochs=4000 npp=512 seed=7 ...
  Epoch     1/4000  loss=3.8905e-01  lr=1.00e-04  (0.0s)
    -> I1=2 I2=4 I3=2 I4=3 I5=2 I6=3 I7=2 I8=3 min=2 mean=2.6 max=4 (50.4s)
[385/405] hidden=[16, 16, 16] omega0=25.0 lr=0.0001 epochs=4000 npp=512 seed=999 ...
  Epoch     1/4000  loss=3.6539e-01  lr=1.00e-04  (0.0s)
    -> I1=2 I2=3 I3=3 I4=3 I5=2 I6=2 I7=4 I8=3 min=2 mean=2.8 max=4 (50.5s)
[386/405] hidden=[16, 16, 16] omega0=25.0 lr=0.0001 epochs=4000 npp=1024 seed=42 ...
  Epoch     1/4000  loss=3.3154e-01  lr=1.00e-04  (0.0s)
    -> I1=3 I2=2 I3=4 I4=3 I5=2 I6=2 I7=3 I8=2 min=2 mean=2.6 max=4 (52.0s)
[387/405] hidden=[16, 16, 16] omega0=25.0 lr=0.0001 epochs=4000 npp=1024 seed=137 ...
  Epoch     1/4000  loss=3.6443e-01  lr=1.00e-04  (0.0s)
    -> I1=2 I2=3 I3=2 I4=3 I5=2 I6=3 I7=2 I8=3 min=2 mean=2.5 max=3 (52.1s)
[388/405] hidden=[16, 16, 16] omega0=25.0 lr=0.0001 epochs=4000 npp=1024 seed=2024 ...
  Epoch     1/4000  loss=3.8475e-01  lr=1.00e-04  (0.0s)
    -> I1=2 I2=2 I3=3 I4=3 I5=2 I6=3 I7=2 I8=3 min=2 mean=2.5 max=3 (52.2s)
[389/405] hidden=[16, 16, 16] omega0=25.0 lr=0.0001 epochs=4000 npp=1024 seed=7 ...
  Epoch     1/4000  loss=4.0764e-01  lr=1.00e-04  (0.0s)
    -> I1=3 I2=3 I3=2 I4=3 I5=2 I6=3 I7=2 I8=3 min=2 mean=2.6 max=3 (52.2s)
[390/405] hidden=[16, 16, 16] omega0=25.0 lr=0.0001 epochs=4000 npp=1024 seed=999 ...
  Epoch     1/4000  loss=3.8221e-01  lr=1.00e-04  (0.0s)
    -> I1=2 I2=2 I3=3 I4=3 I5=2 I6=4 I7=2 I8=3 min=2 mean=2.6 max=4 (51.9s)
[391/405] hidden=[16, 16, 16] omega0=25.0 lr=0.0002 epochs=4000 npp=256 seed=42 ...
  Epoch     1/4000  loss=3.3646e-01  lr=2.00e-04  (0.0s)
    -> I1=2 I2=3 I3=2 I4=3 I5=2 I6=3 I7=3 I8=3 min=2 mean=2.6 max=3 (49.7s)
[392/405] hidden=[16, 16, 16] omega0=25.0 lr=0.0002 epochs=4000 npp=256 seed=137 ...
  Epoch     1/4000  loss=3.7379e-01  lr=2.00e-04  (0.0s)
    -> I1=3 I2=3 I3=4 I4=3 I5=2 I6=3 I7=2 I8=3 min=2 mean=2.9 max=4 (50.1s)
[393/405] hidden=[16, 16, 16] omega0=25.0 lr=0.0002 epochs=4000 npp=256 seed=2024 ...
  Epoch     1/4000  loss=3.6207e-01  lr=2.00e-04  (0.0s)
    -> I1=2 I2=3 I3=2 I4=3 I5=3 I6=3 I7=3 I8=4 min=2 mean=2.9 max=4 (49.7s)
[394/405] hidden=[16, 16, 16] omega0=25.0 lr=0.0002 epochs=4000 npp=256 seed=7 ...
  Epoch     1/4000  loss=4.6747e-01  lr=2.00e-04  (0.0s)
    -> I1=2 I2=3 I3=3 I4=4 I5=4 I6=3 I7=2 I8=3 min=2 mean=3.0 max=4 (49.6s)
[395/405] hidden=[16, 16, 16] omega0=25.0 lr=0.0002 epochs=4000 npp=256 seed=999 ...
  Epoch     1/4000  loss=4.0854e-01  lr=2.00e-04  (0.0s)
    -> I1=2 I2=3 I3=3 I4=3 I5=2 I6=2 I7=2 I8=3 min=2 mean=2.5 max=3 (50.2s)
[396/405] hidden=[16, 16, 16] omega0=25.0 lr=0.0002 epochs=4000 npp=512 seed=42 ...
  Epoch     1/4000  loss=3.4156e-01  lr=2.00e-04  (0.0s)
    -> I1=3 I2=3 I3=2 I4=3 I5=2 I6=3 I7=2 I8=2 min=2 mean=2.5 max=3 (50.6s)
[397/405] hidden=[16, 16, 16] omega0=25.0 lr=0.0002 epochs=4000 npp=512 seed=137 ...
  Epoch     1/4000  loss=3.5241e-01  lr=2.00e-04  (0.0s)
    -> I1=2 I2=5 I3=2 I4=4 I5=3 I6=7 I7=3 I8=4 min=2 mean=3.8 max=7 (50.1s)
[398/405] hidden=[16, 16, 16] omega0=25.0 lr=0.0002 epochs=4000 npp=512 seed=2024 ...
  Epoch     1/4000  loss=3.8785e-01  lr=2.00e-04  (0.0s)
    -> I1=3 I2=3 I3=4 I4=3 I5=2 I6=3 I7=2 I8=3 min=2 mean=2.9 max=4 (50.1s)
[399/405] hidden=[16, 16, 16] omega0=25.0 lr=0.0002 epochs=4000 npp=512 seed=7 ...
  Epoch     1/4000  loss=3.8905e-01  lr=2.00e-04  (0.0s)
    -> I1=3 I2=3 I3=2 I4=3 I5=2 I6=4 I7=3 I8=3 min=2 mean=2.9 max=4 (50.3s)
[400/405] hidden=[16, 16, 16] omega0=25.0 lr=0.0002 epochs=4000 npp=512 seed=999 ...
  Epoch     1/4000  loss=3.6539e-01  lr=2.00e-04  (0.0s)
    -> I1=2 I2=3 I3=2 I4=3 I5=2 I6=2 I7=2 I8=4 min=2 mean=2.5 max=4 (50.4s)
[401/405] hidden=[16, 16, 16] omega0=25.0 lr=0.0002 epochs=4000 npp=1024 seed=42 ...
  Epoch     1/4000  loss=3.3154e-01  lr=2.00e-04  (0.0s)
    -> I1=2 I2=3 I3=3 I4=3 I5=2 I6=3 I7=2 I8=4 min=2 mean=2.8 max=4 (51.7s)
[402/405] hidden=[16, 16, 16] omega0=25.0 lr=0.0002 epochs=4000 npp=1024 seed=137 ...
  Epoch     1/4000  loss=3.6443e-01  lr=2.00e-04  (0.0s)
    -> I1=2 I2=3 I3=3 I4=3 I5=2 I6=3 I7=2 I8=3 min=2 mean=2.6 max=3 (51.6s)
[403/405] hidden=[16, 16, 16] omega0=25.0 lr=0.0002 epochs=4000 npp=1024 seed=2024 ...
  Epoch     1/4000  loss=3.8475e-01  lr=2.00e-04  (0.0s)
    -> I1=2 I2=3 I3=3 I4=3 I5=2 I6=3 I7=3 I8=4 min=2 mean=2.9 max=4 (51.7s)
[404/405] hidden=[16, 16, 16] omega0=25.0 lr=0.0002 epochs=4000 npp=1024 seed=7 ...
  Epoch     1/4000  loss=4.0764e-01  lr=2.00e-04  (0.0s)
    -> I1=3 I2=3 I3=3 I4=4 I5=2 I6=3 I7=2 I8=3 min=2 mean=2.9 max=4 (51.2s)
[405/405] hidden=[16, 16, 16] omega0=25.0 lr=0.0002 epochs=4000 npp=1024 seed=999 ...
  Epoch     1/4000  loss=3.8221e-01  lr=2.00e-04  (0.0s)
    -> I1=2 I2=3 I3=3 I4=3 I5=2 I6=3 I7=4 I8=4 min=2 mean=3.0 max=4 (52.2s)

============================================================================================================================================
  RANKED RESULTS (best first) — GPU 0
============================================================================================================================================
    # hidden           omega0       lr epochs   npp  seed   min_loss mean_relerr  I1  I2  I3  I4  I5  I6  I7  I8  min  mean  max   time
--------------------------------------------------------------------------------------------------------------------------------------------
    1 [16, 16, 16]       25.0  2.0e-04   3000   256  2024  2.308e-02   9.118e-03   3   3   3   4   4   4   3   4    3   3.5    4   38.6
    2 [16, 16, 16]       15.0  2.0e-04   4000   256    42  1.317e-02   1.367e-02   3   5   5   3   3   3   3   3    3   3.5    5   50.1
    3 [16, 16, 16]       15.0  2.0e-04   3000   256    42  1.618e-02   1.516e-02   3   4   3   3   3   3   3   3    3   3.1    4   37.5
    4 [16, 16, 16]       25.0  2.0e-04   4000   512   137  5.722e-03   1.106e-02   2   5   2   4   3   7   3   4    2   3.8    7   50.1
    5 [16, 16, 16]       25.0  2.0e-04   4000  1024  2024  7.338e-03   1.278e-02   2   3   3   3   2   3   3   4    2   2.9    4   51.7
    6 [16, 16, 16]       15.0  2.0e-04   4000   512    42  5.202e-03   1.355e-02   2   3   3   3   2   4   3   3    2   2.9    4   50.9
    7 [16, 16, 16]       15.0  2.0e-04   3000   512    42  7.195e-03   1.417e-02   3   2   3   3   3   3   3   4    2   3.0    4   38.4
    8 [16, 16, 16]       25.0  2.0e-04   3000  1024  2024  1.031e-02   1.430e-02   2   3   3   3   4   3   3   4    2   3.1    4   38.9
    9 [16, 16, 16]       20.0  2.0e-04   4000  1024  2024  4.868e-03   1.490e-02   2   3   3   3   3   3   3   3    2   2.9    3   52.2
   10 [16, 16, 16]       20.0  2.0e-04   4000  1024   999  9.669e-03   1.491e-02   2   3   2   3   2   3   3   5    2   2.9    5   52.1
   11 [16, 16, 16]       20.0  2.0e-04   4000  1024    42  1.516e-02   1.574e-02   2   3   3   3   2   3   4   3    2   2.9    4   52.0
   12 [16, 16, 16]       25.0  2.0e-04   3000   512   137  8.842e-03   1.620e-02   2   3   2   5   2   4   4   3    2   3.1    5   37.8
   13 [16, 16, 16]       20.0  1.0e-04   4000  1024  2024  1.256e-02   1.661e-02   2   3   3   3   3   3   3   4    2   3.0    4   52.2
   14 [16, 16, 16]       20.0  2.0e-04   4000   512  2024  8.402e-03   1.674e-02   4   3   3   3   3   2   2   4    2   3.0    4   50.6
   15 [16, 16, 16]       20.0  2.0e-04   2000   512   999  2.013e-02   1.678e-02   3   3   3   3   2   2   4   3    2   2.9    4   25.1
   16 [16, 16, 16]       15.0  2.0e-04   4000   256   999  8.081e-03   1.683e-02   2   3   4   3   3   3   2   3    2   2.9    4   50.0
   17 [16, 16, 16]       20.0  2.0e-04   3000   512   999  1.504e-02   1.693e-02   2   3   3   3   2   3   3   4    2   2.9    4   37.8
   18 [16, 16, 16]       20.0  1.0e-04   4000  1024   999  1.858e-02   1.694e-02   3   3   3   5   3   2   3   3    2   3.1    5   51.9
   19 [16, 16, 16]       20.0  2.0e-04   4000   512   137  5.756e-03   1.705e-02   3   2   4   3   2   2   3   4    2   2.9    4   50.5
   20 [16, 16, 16]       25.0  2.0e-04   4000  1024   999  1.063e-02   1.732e-02   2   3   3   3   2   3   4   4    2   3.0    4   52.2
   21 [16, 16, 16]       25.0  2.0e-04   4000   256  2024  1.699e-02   1.754e-02   2   3   2   3   3   3   3   4    2   2.9    4   49.7
   22 [16, 16, 16]       20.0  2.0e-04   3000  1024   999  1.288e-02   1.769e-02   2   3   2   3   2   3   3   4    2   2.8    4   38.6
   23 [16, 16, 16]       15.0  2.0e-04   4000  1024     7  1.530e-02   1.794e-02   2   3   2   3   3   3   3   4    2   2.9    4   52.1
   24 [16, 16, 16]       20.0  2.0e-04   4000  1024     7  1.271e-02   1.806e-02   2   5   3   3   2   3   2   4    2   3.0    5   52.1
   25 [16, 16, 16]       25.0  2.0e-04   3000  1024   999  1.386e-02   1.806e-02   2   3   3   3   3   3   3   3    2   2.9    3   38.4
   26 [16, 16, 16]       15.0  2.0e-04   4000  1024    42  4.983e-03   1.817e-02   3   3   3   3   2   3   3   3    2   2.9    3   51.9
   27 [16, 16, 16]       25.0  2.0e-04   4000   512     7  1.728e-02   1.852e-02   3   3   2   3   2   4   3   3    2   2.9    4   50.3
   28 [16, 16, 16]       15.0  2.0e-04   3000   256   999  9.804e-03   1.867e-02   2   3   3   4   3   3   3   3    2   3.0    4   36.8
   29 [16, 16, 16]       20.0  2.0e-04   3000  1024  2024  7.304e-03   1.892e-02   2   3   3   3   2   3   3   3    2   2.8    3   39.0
   30 [16, 16, 16]       15.0  2.0e-04   2000   512    42  1.224e-02   1.900e-02   4   2   3   4   2   3   3   3    2   3.0    4   25.3
   31 [16, 16, 16]       25.0  2.0e-04   4000   256   137  4.794e-03   1.912e-02   3   3   4   3   2   3   2   3    2   2.9    4   50.1
   32 [16, 16, 16]       15.0  2.0e-04   4000  1024   999  4.505e-03   1.946e-02   2   3   3   4   2   3   2   3    2   2.8    4   52.0
   33 [16, 16, 16]       15.0  2.0e-04   4000   256  2024  7.648e-03   1.959e-02   2   3   3   4   2   3   2   4    2   2.9    4   50.0
   34 [16, 16, 16]       20.0  2.0e-04   2000  1024  2024  1.252e-02   1.976e-02   2   3   2   3   2   3   3   4    2   2.8    4   26.0
   35 [16, 16, 16]       25.0  2.0e-04   4000  1024   137  5.783e-03   2.006e-02   2   3   3   3   2   3   2   3    2   2.6    3   51.6
   36 [16, 16, 16]       15.0  2.0e-04   3000   256   137  7.288e-03   2.022e-02   2   3   3   3   2   3   2   5    2   2.9    5   37.2
   37 [16, 16, 16]       20.0  2.0e-04   4000   512   999  1.149e-02   2.024e-02   2   4   3   3   2   3   2   3    2   2.8    4   51.0
   38 [16, 16, 16]       15.0  2.0e-04   4000   256   137  5.006e-03   2.044e-02   2   3   3   3   2   3   3   4    2   2.9    4   50.4
   39 [16, 16, 16]       15.0  2.0e-04   4000  1024  2024  6.077e-03   2.073e-02   2   3   3   3   2   3   2   3    2   2.6    3   52.1
   40 [16, 16, 16]       15.0  2.0e-04   2000   256    42  2.300e-02   2.115e-02   2   4   3   3   3   2   2   3    2   2.8    4   25.0
   41 [16, 16, 16]       15.0  2.0e-04   4000   512  2024  8.346e-03   2.116e-02   2   3   2   4   2   4   2   4    2   2.9    4   50.6
   42 [16, 16, 16]       20.0  2.0e-04   3000   512   137  7.470e-03   2.121e-02   4   3   4   3   2   2   3   5    2   3.2    5   38.1
   43 [16, 16, 16]       25.0  2.0e-04   4000  1024     7  1.388e-02   2.125e-02   3   3   3   4   2   3   2   3    2   2.9    4   51.2
   44 [16, 16, 16]       20.0  2.0e-04   3000   512  2024  1.122e-02   2.136e-02   3   3   3   3   3   2   2   4    2   2.9    4   37.9
   45 [16, 16, 16]       25.0  2.0e-04   4000   256     7  1.815e-02   2.182e-02   2   3   3   4   4   3   2   3    2   3.0    4   49.6
   46 [16, 16, 16]       20.0  2.0e-04   4000   256  2024  1.121e-02   2.225e-02   2   2   2   3   2   4   2   3    2   2.5    4   50.0
   47 [16, 16, 16]       25.0  2.0e-04   4000  1024    42  1.571e-02   2.265e-02   2   3   3   3   2   3   2   4    2   2.8    4   51.7
   48 [16, 16, 16]       15.0  2.0e-04   4000   512   137  5.509e-03   2.338e-02   2   3   2   3   3   3   2   4    2   2.8    4   50.9
   49 [16, 16, 16]       20.0  1.0e-04   3000  1024   999  2.363e-02   2.351e-02   3   3   3   4   3   2   3   3    2   3.0    4   39.0
   50 [16, 16, 16]       20.0  2.0e-04   4000   256   999  1.327e-02   2.372e-02   2   3   2   3   4   2   3   4    2   2.9    4   49.6
   51 [16, 16, 16]       25.0  2.0e-04   4000   512  2024  7.905e-03   2.372e-02   3   3   4   3   2   3   2   3    2   2.9    4   50.1
   52 [16, 16, 16]       15.0  1.0e-04   4000   512   999  1.179e-02   2.383e-02   2   2   3   5   3   3   2   3    2   2.9    5   50.7
   53 [16, 16, 16]       25.0  2.0e-04   3000  1024     7  1.713e-02   2.398e-02   3   3   2   3   2   4   2   3    2   2.8    4   38.6
   54 [16, 16, 16]       25.0  2.0e-04   2000  1024  2024  1.603e-02   2.402e-02   2   3   3   3   2   3   2   3    2   2.6    3   26.3
   55 [16, 16, 16]       15.0  1.0e-04   4000   512    42  1.243e-02   2.425e-02   2   2   2   3   2   3   2   4    2   2.5    4   50.9
   56 [16, 16, 16]       15.0  2.0e-04   3000  1024     7  1.814e-02   2.438e-02   3   3   2   3   2   3   3   3    2   2.8    3   39.0
   57 [16, 16, 16]       20.0  2.0e-04   3000  1024     7  1.616e-02   2.442e-02   2   3   3   3   2   3   4   3    2   2.9    4   38.7
   58 [16, 16, 16]       20.0  2.0e-04   3000   256  2024  1.573e-02   2.445e-02   2   2   2   3   3   3   3   3    2   2.6    3   37.6
   59 [16, 16, 16]       25.0  1.0e-04   4000   256   999  2.581e-02   2.451e-02   2   3   3   3   3   2   3   3    2   2.8    3   50.0
   60 [16, 16, 16]       20.0  2.0e-04   2000  1024     7  2.319e-02   2.452e-02   2   3   2   3   2   2   3   3    2   2.5    3   25.8
   61 [16, 16, 16]       25.0  2.0e-04   2000   512   137  1.494e-02   2.452e-02   2   3   3   3   2   3   2   3    2   2.6    3   25.2
   62 [16, 16, 16]       15.0  2.0e-04   3000  1024    42  6.905e-03   2.460e-02   3   3   3   3   2   3   3   3    2   2.9    3   38.9
   63 [16, 16, 16]       25.0  2.0e-04   3000   512  2024  1.131e-02   2.488e-02   3   2   4   3   3   3   2   3    2   2.9    4   37.7
   64 [16, 16, 16]       15.0  2.0e-04   3000   512   137  7.721e-03   2.508e-02   2   3   3   3   2   3   2   4    2   2.8    4   38.0
   65 [16, 16, 16]       15.0  2.0e-04   3000   512  2024  1.103e-02   2.513e-02   2   3   2   4   3   3   2   3    2   2.8    4   38.2
   66 [16, 16, 16]       20.0  1.0e-04   4000   512  2024  1.409e-02   2.532e-02   2   4   3   3   2   3   2   3    2   2.8    4   50.8
   67 [16, 16, 16]       15.0  2.0e-04   3000  1024   999  7.059e-03   2.548e-02   2   3   3   5   2   4   2   3    2   3.0    5   39.0
   68 [16, 16, 16]       25.0  2.0e-04   3000   256   137  7.094e-03   2.559e-02   3   3   3   3   2   2   2   3    2   2.6    3   38.1
   69 [16, 16, 16]       15.0  2.0e-04   4000  1024   137  6.946e-03   2.573e-02   3   3   2   4   2   3   3   3    2   2.9    4   51.9
   70 [16, 16, 16]       20.0  2.0e-04   4000   512    42  1.674e-02   2.588e-02   2   3   4   3   3   3   2   3    2   2.9    4   50.2
   71 [16, 16, 16]       15.0  2.0e-04   3000   256  2024  1.044e-02   2.632e-02   3   2   2   4   2   2   2   4    2   2.6    4   37.8
   72 [16, 16, 16]       15.0  1.0e-04   4000  1024   999  9.190e-03   2.633e-02   2   2   2   3   2   4   3   3    2   2.6    4   52.2
   73 [16, 16, 16]       15.0  2.0e-04   2000   256   137  1.161e-02   2.651e-02   2   3   3   3   2   3   3   4    2   2.9    4   25.0
   74 [16, 16, 16]       15.0  2.0e-04   4000   512   999  7.665e-03   2.672e-02   2   3   3   4   3   3   2   3    2   2.9    4   50.7
   75 [16, 16, 16]       20.0  2.0e-04   2000   256  2024  2.278e-02   2.681e-02   3   2   3   3   2   3   3   3    2   2.8    3   24.9
   76 [16, 16, 16]       15.0  2.0e-04   4000   512     7  1.908e-02   2.688e-02   3   2   4   3   3   3   3   2    2   2.9    4   50.8
   77 [16, 16, 16]       25.0  1.0e-04   4000  1024   137  8.406e-03   2.738e-02   2   3   2   3   2   3   2   3    2   2.5    3   52.1
   78 [16, 16, 16]       25.0  2.0e-04   3000  1024   137  7.348e-03   2.762e-02   2   3   3   3   3   2   2   3    2   2.6    3   38.7
   79 [16, 16, 16]       15.0  2.0e-04   2000   256     7  2.690e-02   2.767e-02   2   3   2   4   2   2   2   3    2   2.5    4   24.9
   80 [16, 16, 16]       20.0  2.0e-04   3000   256   999  1.661e-02   2.770e-02   3   2   2   3   3   2   3   3    2   2.6    3   37.4
   81 [16, 16, 16]       15.0  2.0e-04   2000   512  2024  1.661e-02   2.813e-02   2   2   3   4   2   3   2   4    2   2.8    4   25.3
   82 [16, 16, 16]       20.0  1.0e-04   3000  1024  2024  1.907e-02   2.825e-02   2   2   3   3   2   3   3   4    2   2.8    4   38.9
   83 [16, 16, 16]       15.0  2.0e-04   2000  1024    42  1.033e-02   2.829e-02   3   2   2   3   2   3   2   3    2   2.5    3   26.3
   84 [16, 16, 16]       20.0  1.0e-04   4000   256  2024  1.332e-02   2.855e-02   4   2   3   3   2   2   2   3    2   2.6    4   50.1
   85 [16, 16, 16]       25.0  1.0e-04   4000   512  2024  1.766e-02   2.868e-02   3   2   2   3   2   3   2   3    2   2.5    3   50.6
   86 [16, 16, 16]       20.0  2.0e-04   4000   512     7  1.311e-02   2.876e-02   3   3   3   4   2   2   2   3    2   2.8    4   50.4
   87 [16, 16, 16]       20.0  1.0e-04   4000   512   999  1.878e-02   2.891e-02   2   3   2   4   2   2   3   3    2   2.6    4   50.2
   88 [16, 16, 16]       15.0  1.0e-04   3000   512   999  1.579e-02   2.899e-02   2   2   3   5   4   3   2   3    2   3.0    5   37.9
   89 [16, 16, 16]       15.0  1.0e-04   4000   256   999  1.355e-02   2.901e-02   2   2   3   4   2   2   2   3    2   2.5    4   50.2
   90 [16, 16, 16]       15.0  2.0e-04   2000  1024   999  1.270e-02   2.906e-02   2   2   3   4   2   3   2   3    2   2.6    4   26.3
   91 [16, 16, 16]       15.0  2.0e-04   4000   256     7  1.659e-02   2.907e-02   3   3   2   3   2   3   2   3    2   2.6    3   49.8
   92 [16, 16, 16]       15.0  1.0e-04   4000   512  2024  1.282e-02   2.932e-02   2   2   3   3   3   2   2   3    2   2.5    3   50.4
   93 [16, 16, 16]       20.0  2.0e-04   3000  1024    42  1.801e-02   2.938e-02   2   3   3   3   3   3   2   3    2   2.8    3   39.1
   94 [16, 16, 16]       20.0  2.0e-04   4000   256    42  1.436e-02   2.951e-02   2   3   3   3   2   3   3   3    2   2.8    3   50.3
   95 [16, 16, 16]       15.0  2.0e-04   3000   512     7  2.278e-02   2.958e-02   2   3   3   4   2   2   3   2    2   2.6    4   38.2
   96 [16, 16, 16]       15.0  1.0e-04   4000   512     7  2.500e-02   2.973e-02   2   3   2   3   2   4   4   3    2   2.9    4   50.8
   97 [16, 16, 16]       15.0  2.0e-04   2000   256   999  1.579e-02   3.024e-02   2   2   4   3   3   2   2   3    2   2.6    4   25.1
   98 [16, 16, 16]       25.0  2.0e-04   3000   512     7  2.159e-02   3.024e-02   2   2   2   3   2   4   3   3    2   2.6    4   37.8
   99 [16, 16, 16]       15.0  2.0e-04   3000  1024  2024  9.101e-03   3.026e-02   3   3   2   3   2   3   2   3    2   2.6    3   38.9
  100 [16, 16, 16]       15.0  2.0e-04   3000   512   999  1.070e-02   3.044e-02   2   3   2   4   3   3   2   3    2   2.8    4   38.3
  101 [16, 16, 16]       15.0  1.0e-04   4000  1024    42  1.044e-02   3.083e-02   2   3   2   3   2   2   3   3    2   2.5    3   52.1
  102 [16, 16, 16]       20.0  2.0e-04   3000   512    42  1.865e-02   3.118e-02   2   3   3   4   3   3   2   2    2   2.8    4   38.1
  103 [16, 16, 16]       25.0  2.0e-04   2000   256   137  1.206e-02   3.153e-02   3   3   3   3   2   2   2   4    2   2.8    4   24.9
  104 [16, 16, 16]       25.0  2.0e-04   2000   256  2024  3.521e-02   3.158e-02   3   3   3   3   3   2   2   3    2   2.8    3   24.6
  105 [16, 16, 16]       25.0  2.0e-04   3000  1024    42  1.866e-02   3.166e-02   2   3   3   3   2   3   2   4    2   2.8    4   38.7
  106 [16, 16, 16]       25.0  2.0e-04   4000   512   999  1.663e-02   3.166e-02   2   3   2   3   2   2   2   4    2   2.5    4   50.4
  107 [16, 16, 16]       15.0  2.0e-04   3000  1024   137  9.176e-03   3.168e-02   2   2   2   4   2   3   2   3    2   2.5    4   39.2
  108 [16, 16, 16]       20.0  1.0e-04   4000  1024     7  2.267e-02   3.187e-02   2   3   2   3   2   2   3   3    2   2.5    3   51.5
  109 [16, 16, 16]       20.0  1.0e-04   3000   512   999  2.592e-02   3.213e-02   2   3   2   4   2   2   4   3    2   2.8    4   37.6
  110 [16, 16, 16]       15.0  2.0e-04   2000   512   137  1.289e-02   3.216e-02   2   2   3   3   2   2   4   3    2   2.6    4   25.3
  111 [16, 16, 16]       20.0  2.0e-04   2000  1024   999  2.053e-02   3.262e-02   2   3   2   3   2   2   2   4    2   2.5    4   25.7
  112 [16, 16, 16]       20.0  2.0e-04   4000  1024   137  9.646e-03   3.291e-02   3   3   2   3   2   3   2   3    2   2.6    3   51.7
  113 [16, 16, 16]       20.0  1.0e-04   3000   512  2024  1.810e-02   3.310e-02   2   2   3   3   2   2   2   4    2   2.5    4   37.9
  114 [16, 16, 16]       20.0  2.0e-04   2000   512  2024  1.683e-02   3.323e-02   3   3   2   3   2   2   2   3    2   2.5    3   25.1
  115 [16, 16, 16]       15.0  2.0e-04   2000   256  2024  1.649e-02   3.327e-02   2   2   2   3   4   3   3   3    2   2.8    4   24.9
  116 [16, 16, 16]       20.0  1.0e-04   4000  1024    42  2.169e-02   3.330e-02   2   2   2   3   3   3   3   3    2   2.6    3   52.1
  117 [16, 16, 16]       25.0  2.0e-04   4000   256   999  1.877e-02   3.337e-02   2   3   3   3   2   2   2   3    2   2.5    3   50.2
  118 [16, 16, 16]       15.0  2.0e-04   3000   256     7  2.022e-02   3.346e-02   3   3   2   3   2   3   2   3    2   2.6    3   37.5
  119 [16, 16, 16]       25.0  2.0e-04   2000   512  2024  2.020e-02   3.348e-02   2   2   2   3   2   3   3   3    2   2.5    3   25.3
  120 [16, 16, 16]       25.0  1.0e-04   4000   512    42  2.421e-02   3.362e-02   2   2   3   4   2   3   3   2    2   2.6    4   50.9
  121 [16, 16, 16]       15.0  1.0e-04   4000  1024     7  2.574e-02   3.370e-02   3   3   2   3   3   4   2   3    2   2.9    4   52.0
  122 [16, 16, 16]       20.0  2.0e-04   3000   256    42  1.864e-02   3.390e-02   2   3   3   3   3   4   3   2    2   2.9    4   37.3
  123 [16, 16, 16]       15.0  2.0e-04   2000  1024   137  1.735e-02   3.482e-02   2   2   2   5   2   3   2   3    2   2.6    5   26.2
  124 [16, 16, 16]       15.0  2.0e-04   2000  1024  2024  1.361e-02   3.495e-02   2   2   2   3   2   3   2   4    2   2.5    4   26.2
  125 [16, 16, 16]       25.0  1.0e-04   4000   256  2024  2.307e-02   3.501e-02   2   2   3   3   2   2   3   3    2   2.5    3   50.1
  126 [16, 16, 16]       15.0  2.0e-04   2000  1024     7  2.703e-02   3.549e-02   2   2   2   3   2   2   3   4    2   2.5    4   26.1
  127 [16, 16, 16]       25.0  2.0e-04   3000   256     7  2.251e-02   3.555e-02   2   3   2   3   2   3   2   4    2   2.6    4   38.3
  128 [16, 16, 16]       25.0  2.0e-04   4000   512    42  1.769e-02   3.556e-02   3   3   2   3   2   3   2   2    2   2.5    3   50.6
  129 [16, 16, 16]       25.0  2.0e-04   3000   512   999  2.131e-02   3.586e-02   3   2   2   3   2   2   3   3    2   2.5    3   38.2
  130 [16, 16, 16]       15.0  1.0e-04   3000   512    42  1.760e-02   3.658e-02   2   2   2   3   2   2   2   3    2   2.2    3   37.6
  131 [16, 16, 16]       25.0  1.0e-04   4000   512   999  2.637e-02   3.680e-02   2   3   3   3   2   2   4   3    2   2.8    4   50.5
  132 [16, 16, 16]       25.0  1.0e-04   3000   512  2024  2.815e-02   3.681e-02   2   2   3   4   3   2   2   3    2   2.6    4   38.0
  133 [16, 16, 16]       20.0  1.0e-04   3000   256  2024  1.796e-02   3.684e-02   2   2   3   3   2   2   2   4    2   2.5    4   37.2
  134 [16, 16, 16]       15.0  1.0e-04   3000   512  2024  1.630e-02   3.688e-02   2   2   4   3   3   2   2   4    2   2.8    4   37.6
  135 [16, 16, 16]       25.0  2.0e-04   4000   256    42  1.692e-02   3.698e-02   2   3   2   3   2   3   3   3    2   2.6    3   49.7
  136 [16, 16, 16]       20.0  1.0e-04   2000  1024  2024  2.753e-02   3.709e-02   2   2   2   4   2   2   3   3    2   2.5    4   25.4
  137 [16, 16, 16]       25.0  1.0e-04   3000  1024   137  1.251e-02   3.715e-02   2   2   3   3   2   2   2   3    2   2.4    3   39.3
  138 [16, 16, 16]       25.0  2.0e-04   3000   256   999  2.285e-02   3.726e-02   3   3   2   4   2   2   2   3    2   2.6    4   37.4
  139 [16, 16, 16]       25.0  2.0e-04   2000  1024   137  1.120e-02   3.737e-02   3   3   2   3   2   2   2   3    2   2.5    3   26.2
  140 [16, 16, 16]       20.0  1.0e-04   4000   512     7  2.396e-02   3.754e-02   2   2   2   4   2   2   2   4    2   2.5    4   50.2
  141 [16, 16, 16]       15.0  2.0e-04   2000   512   999  1.522e-02   3.768e-02   2   2   2   4   3   3   2   3    2   2.6    4   25.2
  142 [16, 16, 16]       15.0  2.0e-04   2000   512     7  3.163e-02   3.805e-02   2   3   2   3   2   2   3   3    2   2.5    3   25.3
  143 [16, 16, 16]       15.0  1.0e-04   3000  1024  2024  1.579e-02   3.852e-02   3   2   3   4   2   2   2   3    2   2.6    4   39.1
  144 [16, 16, 16]       15.0  1.0e-04   4000   256   137  1.153e-02   3.866e-02   2   2   3   3   2   2   2   3    2   2.4    3   49.7
  145 [16, 16, 16]       20.0  2.0e-04   4000   256   137  6.109e-03   3.913e-02   2   3   3   3   2   2   2   3    2   2.5    3   49.9
  146 [16, 16, 16]       20.0  1.0e-04   4000   256   999  1.978e-02   3.955e-02   2   3   3   3   2   2   2   3    2   2.5    3   50.0
  147 [16, 16, 16]       25.0  2.0e-04   2000  1024     7  2.499e-02   3.986e-02   2   2   2   3   2   3   2   3    2   2.4    3   26.4
  148 [16, 16, 16]       20.0  2.0e-04   3000  1024   137  1.296e-02   4.022e-02   3   2   2   3   2   3   2   4    2   2.6    4   38.2
  149 [16, 16, 16]       20.0  2.0e-04   2000   256    42  2.432e-02   4.025e-02   2   3   2   4   2   4   3   2    2   2.8    4   25.2
  150 [16, 16, 16]       20.0  1.0e-04   3000  1024    42  2.885e-02   4.030e-02   2   2   3   3   3   3   3   3    2   2.8    3   38.3
  151 [16, 16, 16]       25.0  2.0e-04   2000  1024   999  2.162e-02   4.039e-02   2   2   3   4   2   2   2   3    2   2.5    4   25.9
  152 [16, 16, 16]       15.0  1.0e-04   3000  1024   999  1.316e-02   4.041e-02   2   2   3   3   3   2   2   3    2   2.5    3   39.3
  153 [16, 16, 16]       25.0  1.0e-04   4000   256   137  1.158e-02   4.153e-02   2   3   2   2   2   2   3   3    2   2.4    3   50.0
  154 [16, 16, 16]       15.0  1.0e-04   4000   512   137  1.107e-02   4.205e-02   2   3   3   2   2   2   3   3    2   2.5    3   51.0
  155 [16, 16, 16]       25.0  1.0e-04   4000  1024    42  2.510e-02   4.220e-02   3   2   4   3   2   2   3   2    2   2.6    4   52.0
  156 [16, 16, 16]       15.0  1.0e-04   3000   256   999  2.053e-02   4.276e-02   2   2   3   3   2   2   2   3    2   2.4    3   37.0
  157 [16, 16, 16]       25.0  1.0e-04   4000  1024     7  2.953e-02   4.292e-02   3   3   2   3   2   3   2   3    2   2.6    3   52.2
  158 [16, 16, 16]       15.0  1.0e-04   4000  1024  2024  1.206e-02   4.296e-02   2   3   2   3   2   2   2   3    2   2.4    3   52.3
  159 [16, 16, 16]       15.0  1.0e-04   3000  1024     7  3.023e-02   4.312e-02   2   2   2   3   2   2   2   5    2   2.5    5   38.6
  160 [16, 16, 16]       15.0  1.0e-04   4000   256     7  2.596e-02   4.314e-02   2   2   2   3   2   3   2   3    2   2.4    3   50.0
  161 [16, 16, 16]       15.0  1.0e-04   4000   256  2024  1.509e-02   4.343e-02   2   2   2   3   2   2   2   3    2   2.2    3   50.0
  162 [16, 16, 16]       20.0  2.0e-04   3000   512     7  1.783e-02   4.348e-02   3   3   2   3   2   2   2   3    2   2.5    3   37.8
  163 [16, 16, 16]       25.0  1.0e-04   4000  1024  2024  1.678e-02   4.354e-02   2   2   3   3   2   3   2   3    2   2.5    3   52.2
  164 [16, 16, 16]       20.0  5.0e-05   4000   512  2024  2.657e-02   4.369e-02   2   2   3   3   3   2   2   4    2   2.6    4   50.6
  165 [16, 16, 16]       15.0  5.0e-05   4000  1024    42  2.199e-02   4.372e-02   2   2   4   3   2   2   2   3    2   2.5    4   51.5
  166 [16, 16, 16]       25.0  2.0e-04   2000  1024    42  2.606e-02   4.399e-02   2   3   2   4   2   3   2   2    2   2.5    4   25.7
  167 [16, 16, 16]       15.0  5.0e-05   4000  1024  2024  2.151e-02   4.414e-02   2   2   3   3   3   2   2   3    2   2.5    3   52.1
  168 [16, 16, 16]       15.0  1.0e-04   3000  1024    42  1.479e-02   4.427e-02   2   2   2   4   3   2   2   3    2   2.5    4   38.8
  169 [16, 16, 16]       20.0  2.0e-04   2000   512   137  1.273e-02   4.431e-02   2   2   2   3   2   2   2   3    2   2.2    3   25.2
  170 [16, 16, 16]       25.0  1.0e-04   4000  1024   999  2.325e-02   4.445e-02   2   2   3   3   2   4   2   3    2   2.6    4   51.9
  171 [16, 16, 16]       20.0  2.0e-04   3000   256   137  8.461e-03   4.479e-02   2   2   3   3   2   2   2   3    2   2.4    3   37.6
  172 [16, 16, 16]       20.0  1.0e-04   4000   512    42  2.127e-02   4.504e-02   2   3   2   4   2   3   3   2    2   2.6    4   50.6
  173 [16, 16, 16]       25.0  1.0e-04   4000   256     7  3.006e-02   4.525e-02   2   2   2   3   2   3   3   3    2   2.5    3   50.2
  174 [16, 16, 16]       15.0  1.0e-04   4000   256    42  1.747e-02   4.640e-02   3   3   2   3   2   2   2   4    2   2.6    4   50.3
  175 [16, 16, 16]       20.0  2.0e-04   2000   512    42  2.514e-02   4.722e-02   2   3   3   3   3   3   2   2    2   2.6    3   25.1
  176 [16, 16, 16]       25.0  1.0e-04   3000   256   999  3.445e-02   4.768e-02   2   2   3   3   2   2   5   3    2   2.8    5   37.6
  177 [16, 16, 16]       25.0  2.0e-04   3000   256    42  2.319e-02   4.779e-02   2   2   3   3   2   2   2   2    2   2.2    3   37.9
  178 [16, 16, 16]       15.0  1.0e-04   3000   512     7  3.351e-02   4.814e-02   2   3   2   3   2   2   3   3    2   2.5    3   37.4
  179 [16, 16, 16]       25.0  2.0e-04   3000   512    42  2.077e-02   4.822e-02   3   3   2   4   2   3   2   2    2   2.6    4   38.1
  180 [16, 16, 16]       15.0  1.0e-04   3000   256   137  1.490e-02   4.831e-02   2   2   3   3   2   2   2   3    2   2.4    3   37.5
  181 [16, 16, 16]       25.0  1.0e-04   4000   512     7  3.187e-02   4.834e-02   2   4   2   3   2   3   2   3    2   2.6    4   50.4
  182 [16, 16, 16]       20.0  1.0e-04   3000   512    42  2.751e-02   4.837e-02   2   3   2   4   3   3   3   2    2   2.8    4   37.6
  183 [16, 16, 16]       20.0  5.0e-05   4000  1024  2024  2.572e-02   4.897e-02   2   2   3   3   2   2   2   3    2   2.4    3   51.6
  184 [16, 16, 16]       25.0  1.0e-04   4000   512   137  1.052e-02   4.919e-02   2   2   3   3   2   2   2   4    2   2.5    4   50.6
  185 [16, 16, 16]       25.0  2.0e-04   2000   256     7  3.392e-02   4.950e-02   2   2   2   3   2   2   2   3    2   2.2    3   25.3
  186 [16, 16, 16]       20.0  2.0e-04   2000   512     7  2.877e-02   4.976e-02   2   2   2   3   2   2   3   4    2   2.5    4   25.2
  187 [16, 16, 16]       20.0  2.0e-04   2000  1024    42  2.549e-02   5.016e-02   2   3   2   3   2   3   2   2    2   2.4    3   25.9
  188 [16, 16, 16]       20.0  2.0e-04   2000   256   999  2.433e-02   5.027e-02   2   3   2   3   3   2   2   3    2   2.5    3   25.2
  189 [16, 16, 16]       20.0  1.0e-04   4000   512   137  1.141e-02   5.056e-02   2   2   2   3   3   2   2   3    2   2.4    3   50.7
  190 [16, 16, 16]       15.0  5.0e-05   4000   512  2024  2.480e-02   5.140e-02   2   2   3   3   3   2   2   4    2   2.6    4   50.5
  191 [16, 16, 16]       20.0  1.0e-04   4000   256    42  2.457e-02   5.152e-02   2   3   4   3   2   3   3   2    2   2.8    4   50.2
  192 [16, 16, 16]       20.0  1.0e-04   2000   512  2024  2.975e-02   5.226e-02   2   2   3   3   3   2   2   4    2   2.6    4   25.5
  193 [16, 16, 16]       20.0  1.0e-04   3000  1024     7  3.173e-02   5.350e-02   2   2   3   3   2   2   3   3    2   2.5    3   38.7
  194 [16, 16, 16]       20.0  1.0e-04   4000   256     7  3.411e-02   5.359e-02   2   3   2   3   2   3   2   2    2   2.4    3   50.0
  195 [16, 16, 16]       15.0  1.0e-04   3000   256  2024  1.935e-02   5.359e-02   2   2   3   3   2   2   2   3    2   2.4    3   37.5
  196 [16, 16, 16]       25.0  2.0e-04   2000   512   999  2.795e-02   5.359e-02   2   2   2   3   3   3   2   3    2   2.5    3   25.4
  197 [16, 16, 16]       15.0  1.0e-04   2000  1024  2024  2.148e-02   5.369e-02   2   2   3   3   2   2   2   3    2   2.4    3   26.0
  198 [16, 16, 16]       20.0  2.0e-04   2000   256   137  1.331e-02   5.371e-02   2   2   3   2   2   2   3   3    2   2.4    3   25.0
  199 [16, 16, 16]       15.0  1.0e-04   2000   512   999  2.648e-02   5.436e-02   2   2   2   3   2   2   2   4    2   2.4    4   25.5
  200 [16, 16, 16]       20.0  1.0e-04   4000   256   137  1.532e-02   5.452e-02   2   2   3   2   2   2   2   4    2   2.4    4   49.7
  201 [16, 16, 16]       15.0  1.0e-04   4000  1024   137  1.335e-02   5.463e-02   2   2   2   2   2   2   3   3    2   2.2    3   52.0
  202 [16, 16, 16]       20.0  2.0e-04   2000  1024   137  1.958e-02   5.476e-02   2   2   2   3   2   2   2   3    2   2.2    3   25.7
  203 [16, 16, 16]       25.0  1.0e-04   3000  1024  2024  2.572e-02   5.552e-02   2   2   3   3   2   2   2   3    2   2.4    3   39.0
  204 [16, 16, 16]       25.0  2.0e-04   2000   512     7  3.072e-02   5.663e-02   2   2   2   3   2   3   2   2    2   2.2    3   25.7
  205 [16, 16, 16]       25.0  1.0e-04   3000   256  2024  3.766e-02   5.756e-02   2   2   3   3   2   2   2   3    2   2.4    3   37.6
  206 [16, 16, 16]       15.0  1.0e-04   3000   256     7  3.358e-02   5.812e-02   2   2   3   3   2   2   2   2    2   2.2    3   37.4
  207 [16, 16, 16]       25.0  2.0e-04   2000   256   999  2.932e-02   5.815e-02   3   3   3   3   2   2   2   3    2   2.6    3   25.4
  208 [16, 16, 16]       20.0  1.0e-04   2000   256  2024  2.743e-02   5.836e-02   3   2   3   3   3   2   2   3    2   2.6    3   24.9
  209 [16, 16, 16]       25.0  1.0e-04   3000   512     7  4.175e-02   5.868e-02   3   4   2   3   2   2   3   2    2   2.6    4   38.3
  210 [16, 16, 16]       25.0  1.0e-04   3000  1024   999  2.990e-02   5.875e-02   2   2   3   2   2   3   2   3    2   2.4    3   39.0
  211 [16, 16, 16]       20.0  1.0e-04   3000   256     7  4.074e-02   5.931e-02   3   3   2   3   2   3   3   2    2   2.6    3   37.7
  212 [16, 16, 16]       15.0  1.0e-04   3000   512   137  1.487e-02   6.011e-02   2   2   2   2   2   2   3   2    2   2.1    3   37.6
  213 [16, 16, 16]       15.0  5.0e-05   4000   256  2024  2.596e-02   6.028e-02   2   2   2   3   3   2   2   4    2   2.5    4   49.8
  214 [16, 16, 16]       20.0  5.0e-05   4000   256  2024  2.906e-02   6.094e-02   2   2   3   3   2   2   2   3    2   2.4    3   49.4
  215 [16, 16, 16]       20.0  1.0e-04   2000   512   999  4.482e-02   6.109e-02   2   2   2   5   2   2   3   4    2   2.8    5   25.1
  216 [16, 16, 16]       25.0  1.0e-04   3000   256   137  1.714e-02   6.126e-02   2   2   2   2   2   2   2   3    2   2.1    3   37.6
  217 [16, 16, 16]       25.0  5.0e-05   4000  1024  2024  3.934e-02   6.144e-02   3   2   3   4   2   2   2   3    2   2.6    4   51.8
  218 [16, 16, 16]       15.0  5.0e-05   4000  1024   999  1.947e-02   6.222e-02   2   2   2   3   3   2   2   3    2   2.4    3   52.3
  219 [16, 16, 16]       20.0  5.0e-05   4000  1024   999  3.507e-02   6.324e-02   2   2   2   3   2   2   2   3    2   2.2    3   51.9
  220 [16, 16, 16]       20.0  1.0e-04   2000  1024   999  3.742e-02   6.328e-02   4   2   3   3   2   2   2   3    2   2.6    4   25.7
  221 [16, 16, 16]       20.0  5.0e-05   3000  1024  2024  3.537e-02   6.374e-02   3   2   3   3   2   2   2   3    2   2.5    3   38.8
  222 [16, 16, 16]       15.0  5.0e-05   4000  1024   137  1.605e-02   6.393e-02   2   2   2   3   2   2   2   3    2   2.2    3   51.9
  223 [16, 16, 16]       15.0  1.0e-04   2000   512  2024  2.632e-02   6.443e-02   2   2   2   3   3   2   2   4    2   2.5    4   25.3
  224 [16, 16, 16]       15.0  1.0e-04   2000   256   137  2.135e-02   6.457e-02   2   2   2   3   2   2   4   3    2   2.5    4   25.2
  225 [16, 16, 16]       25.0  5.0e-05   4000  1024   137  2.507e-02   6.545e-02   3   2   2   3   3   2   2   2    2   2.4    3   51.5
  226 [16, 16, 16]       25.0  1.0e-04   3000   512   999  3.675e-02   6.551e-02   3   2   3   2   2   2   2   3    2   2.4    3   37.9
  227 [16, 16, 16]       20.0  1.0e-04   3000   256   999  2.719e-02   6.560e-02   2   2   2   3   2   2   2   4    2   2.4    4   37.8
  228 [16, 16, 16]       25.0  1.0e-04   3000   512    42  3.289e-02   6.883e-02   2   2   2   3   2   3   3   2    2   2.4    3   38.2
  229 [16, 16, 16]       15.0  5.0e-05   4000  1024     7  4.454e-02   6.900e-02   3   2   2   4   3   2   2   3    2   2.6    4   51.6
  230 [16, 16, 16]       20.0  1.0e-04   3000   512   137  1.752e-02   6.933e-02   2   2   2   3   3   2   2   3    2   2.4    3   38.0
  231 [16, 16, 16]       20.0  1.0e-04   3000   512     7  3.117e-02   7.083e-02   3   2   2   3   2   2   2   3    2   2.4    3   38.1
  232 [16, 16, 16]       15.0  1.0e-04   2000   256  2024  2.691e-02   7.104e-02   2   2   2   3   2   2   2   3    2   2.2    3   24.9
  233 [16, 16, 16]       15.0  1.0e-04   2000  1024    42  2.489e-02   7.154e-02   2   2   2   4   2   2   2   3    2   2.4    4   26.3
  234 [16, 16, 16]       15.0  1.0e-04   2000  1024   999  2.272e-02   7.159e-02   2   2   2   3   3   2   2   3    2   2.4    3   26.0
  235 [16, 16, 16]       15.0  5.0e-05   4000   512   999  2.618e-02   7.170e-02   3   2   2   3   2   2   2   3    2   2.4    3   50.8
  236 [16, 16, 16]       25.0  1.0e-04   3000  1024    42  3.277e-02   7.218e-02   2   2   2   3   2   3   3   2    2   2.4    3   39.1
  237 [16, 16, 16]       25.0  2.0e-04   2000   512    42  2.856e-02   7.227e-02   2   3   2   4   3   3   2   2    2   2.6    4   25.6
  238 [16, 16, 16]       25.0  1.0e-04   3000   512   137  1.708e-02   7.243e-02   2   2   2   3   2   2   2   4    2   2.4    4   38.2
  239 [16, 16, 16]       25.0  2.0e-04   2000   256    42  3.288e-02   7.258e-02   2   2   3   3   2   3   2   2    2   2.4    3   25.3
  240 [16, 16, 16]       25.0  1.0e-04   2000   512  2024  5.439e-02   7.313e-02   2   2   3   3   3   2   2   3    2   2.5    3   25.6
  241 [16, 16, 16]       15.0  5.0e-05   4000   256   999  2.863e-02   7.328e-02   2   2   2   4   2   2   2   4    2   2.5    4   50.0
  242 [16, 16, 16]       20.0  5.0e-05   4000   512   999  4.536e-02   7.461e-02   2   2   3   3   4   2   2   3    2   2.6    4   50.3
  243 [16, 16, 16]       15.0  5.0e-05   3000  1024  2024  3.204e-02   7.467e-02   2   2   2   4   3   2   2   3    2   2.5    4   39.3
  244 [16, 16, 16]       15.0  1.0e-04   2000   256   999  3.225e-02   7.502e-02   2   2   2   3   2   2   2   3    2   2.2    3   25.1
  245 [16, 16, 16]       25.0  1.0e-04   4000   256    42  2.659e-02   7.504e-02   2   3   2   3   2   4   3   2    2   2.6    4   49.2
  246 [16, 16, 16]       20.0  2.0e-04   4000   256     7  2.162e-02   7.570e-02   2   2   2   3   2   2   2   3    2   2.2    3   50.2
  247 [16, 16, 16]       25.0  1.0e-04   2000  1024   137  2.477e-02   7.650e-02   2   2   3   3   2   2   2   2    2   2.2    3   25.5
  248 [16, 16, 16]       15.0  5.0e-05   4000   512   137  2.319e-02   7.694e-02   2   2   2   2   2   2   3   3    2   2.2    3   50.4
  249 [16, 16, 16]       25.0  1.0e-04   3000   256     7  4.194e-02   7.758e-02   2   2   2   3   2   4   2   2    2   2.4    4   37.5
  250 [16, 16, 16]       15.0  5.0e-05   4000   256   137  2.079e-02   7.803e-02   3   2   3   2   2   2   2   3    2   2.4    3   49.8
  251 [16, 16, 16]       15.0  5.0e-05   3000  1024   999  3.192e-02   7.907e-02   2   2   2   3   2   2   2   3    2   2.2    3   39.1
  252 [16, 16, 16]       15.0  5.0e-05   3000   512   999  3.965e-02   7.973e-02   2   2   2   3   2   2   2   3    2   2.2    3   37.8
  253 [16, 16, 16]       25.0  1.0e-04   2000  1024  2024  5.280e-02   7.994e-02   2   2   2   3   2   2   2   3    2   2.2    3   26.0
  254 [16, 16, 16]       20.0  2.0e-04   3000   256     7  2.787e-02   8.148e-02   5   3   2   3   2   2   2   3    2   2.8    5   37.7
  255 [16, 16, 16]       15.0  1.0e-04   2000   512   137  2.410e-02   8.299e-02   2   2   2   2   2   2   2   3    2   2.1    3   25.6
  256 [16, 16, 16]       15.0  5.0e-05   3000  1024   137  2.363e-02   8.394e-02   2   2   2   3   2   2   2   3    2   2.2    3   39.2
  257 [16, 16, 16]       20.0  5.0e-05   4000   256   999  5.013e-02   8.689e-02   2   2   3   4   2   2   2   3    2   2.5    4   50.0
  258 [16, 16, 16]       20.0  1.0e-04   4000  1024   137  1.875e-02   8.708e-02   2   2   2   2   2   2   2   2    2   2.0    2   51.8
  259 [16, 16, 16]       15.0  1.0e-04   2000  1024     7  4.621e-02   8.947e-02   2   2   2   3   3   2   2   2    2   2.2    3   26.1
  260 [16, 16, 16]       15.0  1.0e-04   3000  1024   137  1.906e-02   8.998e-02   2   2   2   2   2   2   2   2    2   2.0    2   38.9
  261 [16, 16, 16]       20.0  5.0e-05   4000  1024   137  3.493e-02   9.047e-02   2   2   3   2   2   2   3   3    2   2.4    3   51.9
  262 [16, 16, 16]       20.0  5.0e-05   3000   512  2024  3.458e-02   9.056e-02   2   2   2   2   2   2   2   3    2   2.1    3   38.2
  263 [16, 16, 16]       20.0  1.0e-04   2000   512    42  4.027e-02   9.101e-02   2   2   3   3   2   2   2   2    2   2.2    3   25.3
  264 [16, 16, 16]       20.0  5.0e-05   4000   512    42  4.333e-02   9.106e-02   2   2   2   3   2   2   2   2    2   2.1    3   50.5
  265 [16, 16, 16]       15.0  5.0e-05   3000   256   137  2.876e-02   9.556e-02   4   2   2   2   2   2   2   3    2   2.4    4   37.4
  266 [16, 16, 16]       15.0  1.0e-04   2000   512     7  5.080e-02   9.636e-02   3   2   2   3   2   2   2   2    2   2.2    3   25.3
  267 [16, 16, 16]       25.0  5.0e-05   4000   512  2024  5.426e-02   9.694e-02   2   2   2   4   3   2   2   2    2   2.4    4   50.6
  268 [16, 16, 16]       15.0  5.0e-05   3000   512   137  3.522e-02   9.743e-02   2   2   2   2   3   2   2   3    2   2.2    3   38.0
  269 [16, 16, 16]       20.0  5.0e-05   3000   256  2024  4.109e-02   9.863e-02   2   2   2   2   4   2   3   3    2   2.5    4   37.5
  270 [16, 16, 16]       20.0  1.0e-04   2000   256    42  4.921e-02   9.890e-02   2   2   2   3   2   2   2   2    2   2.1    3   25.1
  271 [16, 16, 16]       15.0  5.0e-05   3000   512  2024  3.155e-02   9.926e-02   2   2   2   3   2   2   2   3    2   2.2    3   38.1
  272 [16, 16, 16]       25.0  1.0e-04   2000  1024   999  4.364e-02   9.953e-02   2   2   2   2   4   2   2   3    2   2.4    4   26.2
  273 [16, 16, 16]       25.0  5.0e-05   4000  1024   999  4.219e-02   1.020e-01   2   2   2   3   3   2   2   2    2   2.2    3   51.8
  274 [16, 16, 16]       20.0  5.0e-05   4000   512   137  3.371e-02   1.031e-01   2   2   2   2   3   2   2   3    2   2.2    3   50.6
  275 [16, 16, 16]       20.0  5.0e-05   4000   256    42  4.460e-02   1.042e-01   2   2   2   3   2   2   2   2    2   2.1    3   49.9
  276 [16, 16, 16]       25.0  1.0e-04   2000   256   137  2.946e-02   1.046e-01   2   2   2   2   2   2   2   3    2   2.1    3   24.8
  277 [16, 16, 16]       15.0  5.0e-05   4000   512     7  4.711e-02   1.047e-01   2   2   2   3   2   2   2   2    2   2.1    3   51.1
  278 [16, 16, 16]       15.0  1.0e-04   2000   256     7  4.965e-02   1.049e-01   2   2   2   3   2   2   2   2    2   2.1    3   25.2
  279 [16, 16, 16]       15.0  5.0e-05   4000   256     7  5.125e-02   1.055e-01   2   2   2   3   2   2   2   2    2   2.1    3   49.8
  280 [16, 16, 16]       25.0  5.0e-05   4000   512   999  5.024e-02   1.074e-01   2   2   2   2   2   2   2   3    2   2.1    3   50.7
  281 [16, 16, 16]       25.0  5.0e-05   3000  1024   137  4.106e-02   1.085e-01   2   2   2   3   2   2   3   2    2   2.2    3   38.9
  282 [16, 16, 16]       15.0  5.0e-05   3000   256  2024  3.524e-02   1.100e-01   2   2   2   3   2   2   2   3    2   2.2    3   37.6
  283 [16, 16, 16]       20.0  5.0e-05   4000   256   137  4.964e-02   1.105e-01   2   2   2   3   2   2   2   3    2   2.2    3   50.2
  284 [16, 16, 16]       25.0  1.0e-04   3000   256    42  3.636e-02   1.107e-01   4   2   2   2   2   2   2   2    2   2.2    4   37.8
  285 [16, 16, 16]       20.0  1.0e-04   3000  1024   137  2.410e-02   1.116e-01   2   2   2   2   2   2   2   2    2   2.0    2   38.8
  286 [16, 16, 16]       20.0  1.0e-04   2000   256   137  4.658e-02   1.120e-01   2   2   2   3   2   2   2   3    2   2.2    3   24.9
  287 [16, 16, 16]       15.0  1.0e-04   2000  1024   137  3.564e-02   1.124e-01   2   2   2   3   2   2   2   3    2   2.2    3   26.1
  288 [16, 16, 16]       25.0  1.0e-04   2000   512   999  5.376e-02   1.150e-01   2   2   2   2   2   2   2   3    2   2.1    3   25.5
  289 [16, 16, 16]       20.0  5.0e-05   4000   512     7  4.910e-02   1.164e-01   2   2   2   3   2   2   2   2    2   2.1    3   50.6
  290 [16, 16, 16]       15.0  5.0e-05   3000  1024     7  6.035e-02   1.178e-01   2   2   3   3   3   2   2   2    2   2.4    3   39.2
  291 [16, 16, 16]       20.0  1.0e-04   2000   512   137  3.980e-02   1.268e-01   2   2   2   3   2   2   2   3    2   2.2    3   25.5
  292 [16, 16, 16]       20.0  1.0e-04   2000  1024   137  3.989e-02   1.334e-01   3   2   2   2   2   2   2   2    2   2.1    3   25.8
  293 [16, 16, 16]       25.0  1.0e-04   2000   256  2024  6.299e-02   1.338e-01   2   2   2   2   2   2   2   2    2   2.0    2   25.1
  294 [16, 16, 16]       15.0  5.0e-05   3000   256     7  6.813e-02   1.687e-01   2   2   2   3   2   2   2   2    2   2.1    3   37.8
  295 [16, 16, 16]       15.0  5.0e-05   4000   512    42  2.447e-02   5.581e-02   2   2   2   3   1   2   3   3    1   2.2    3   50.7
  296 [16, 16, 16]       15.0  1.0e-04   3000   256    42  2.446e-02   6.592e-02   2   2   2   3   1   2   2   3    1   2.1    3   37.4
  297 [16, 16, 16]       25.0  1.0e-04   3000  1024     7  4.478e-02   6.779e-02   2   2   2   3   1   3   3   2    1   2.2    3   39.2
  298 [16, 16, 16]       20.0  1.0e-04   3000   256    42  3.251e-02   6.839e-02   1   2   3   3   2   2   3   2    1   2.2    3   37.3
  299 [16, 16, 16]       15.0  1.0e-04   2000   512    42  2.840e-02   7.984e-02   2   2   3   5   1   2   2   3    1   2.5    5   25.5
  300 [16, 16, 16]       20.0  1.0e-04   3000   256   137  2.460e-02   8.020e-02   2   2   2   3   1   2   2   3    1   2.1    3   37.5
  301 [16, 16, 16]       20.0  1.0e-04   2000  1024    42  4.284e-02   8.098e-02   1   2   3   3   2   2   2   2    1   2.1    3   25.8
  302 [16, 16, 16]       15.0  5.0e-05   3000  1024    42  3.203e-02   8.885e-02   2   2   2   3   1   2   2   3    1   2.1    3   39.4
  303 [16, 16, 16]       20.0  5.0e-05   4000  1024    42  3.755e-02   8.957e-02   1   2   2   3   2   2   2   2    1   2.0    3   52.3
  304 [16, 16, 16]       20.0  2.0e-04   2000   256     7  3.548e-02   8.997e-02   2   3   2   3   1   2   2   3    1   2.2    3   25.2
  305 [16, 16, 16]       15.0  5.0e-05   4000   256    42  3.173e-02   9.020e-02   2   2   3   3   1   2   2   3    1   2.2    3   49.8
  306 [16, 16, 16]       15.0  1.0e-04   2000   256    42  3.792e-02   9.964e-02   2   2   2   3   1   2   2   2    1   2.0    3   25.1
  307 [16, 16, 16]       15.0  5.0e-05   3000   512    42  3.730e-02   1.036e-01   2   2   5   3   1   2   3   3    1   2.6    5   38.4
  308 [16, 16, 16]       20.0  1.0e-04   2000   256     7  5.680e-02   1.047e-01   2   2   2   3   1   2   2   2    1   2.0    3   25.3
  309 [16, 16, 16]       20.0  1.0e-04   2000   256   999  4.951e-02   1.084e-01   3   2   3   3   1   2   2   3    1   2.4    3   24.8
  310 [16, 16, 16]       20.0  1.0e-04   2000  1024     7  5.098e-02   1.101e-01   2   2   2   3   1   2   3   2    1   2.1    3   25.8
  311 [16, 16, 16]       20.0  5.0e-05   4000  1024     7  4.535e-02   1.144e-01   2   2   2   2   1   2   2   3    1   2.0    3   51.8
  312 [16, 16, 16]       20.0  5.0e-05   3000  1024   999  5.715e-02   1.147e-01   2   2   2   3   2   1   2   4    1   2.2    4   38.7
  313 [16, 16, 16]       15.0  5.0e-05   3000   256   999  3.992e-02   1.147e-01   1   2   2   3   2   2   2   3    1   2.1    3   37.6
  314 [16, 16, 16]       25.0  1.0e-04   2000   256   999  5.384e-02   1.151e-01   2   2   2   3   1   2   2   3    1   2.1    3   25.3
  315 [16, 16, 16]       20.0  5.0e-05   3000   512   137  5.748e-02   1.162e-01   3   1   2   3   2   2   2   3    1   2.2    3   37.6
  316 [16, 16, 16]       25.0  5.0e-05   4000   512   137  3.269e-02   1.209e-01   2   2   2   3   2   1   2   3    1   2.1    3   49.6
  317 [16, 16, 16]       25.0  5.0e-05   4000  1024     7  5.066e-02   1.221e-01   2   2   3   3   1   2   2   2    1   2.1    3   51.5
  318 [16, 16, 16]       25.0  5.0e-05   4000   256   999  5.269e-02   1.247e-01   2   2   2   3   1   2   2   4    1   2.2    4   50.3
  319 [16, 16, 16]       20.0  5.0e-05   3000   512   999  6.339e-02   1.286e-01   2   1   2   3   2   2   2   3    1   2.1    3   37.9
  320 [16, 16, 16]       25.0  5.0e-05   4000   256   137  4.311e-02   1.287e-01   2   2   2   3   2   1   2   3    1   2.1    3   49.9
  321 [16, 16, 16]       20.0  5.0e-05   4000   256     7  5.458e-02   1.295e-01   2   2   3   2   1   2   2   2    1   2.0    3   49.8
  322 [16, 16, 16]       25.0  1.0e-04   2000  1024    42  5.245e-02   1.307e-01   2   2   3   2   1   2   2   2    1   2.0    3   25.9
  323 [16, 16, 16]       25.0  1.0e-04   2000   512   137  3.610e-02   1.323e-01   1   2   2   4   2   1   2   3    1   2.1    4   25.7
  324 [16, 16, 16]       20.0  5.0e-05   3000  1024   137  5.774e-02   1.353e-01   1   1   3   3   2   1   3   3    1   2.1    3   39.0
  325 [16, 16, 16]       15.0  5.0e-05   2000  1024   137  5.200e-02   1.401e-01   2   1   2   3   2   1   2   3    1   2.0    3   26.0
  326 [16, 16, 16]       25.0  5.0e-05   3000   512   137  6.412e-02   1.406e-01   3   1   2   3   2   1   4   3    1   2.4    4   38.3
  327 [16, 16, 16]       20.0  5.0e-05   3000  1024    42  5.031e-02   1.411e-01   1   2   4   3   2   2   3   2    1   2.4    4   38.4
  328 [16, 16, 16]       25.0  1.0e-04   2000   256     7  6.490e-02   1.420e-01   2   2   2   3   1   2   2   2    1   2.0    3   25.8
  329 [16, 16, 16]       20.0  1.0e-04   2000   512     7  5.004e-02   1.437e-01   2   2   2   3   1   2   2   3    1   2.1    3   25.1
  330 [16, 16, 16]       25.0  5.0e-05   4000   512     7  6.004e-02   1.472e-01   2   2   2   3   1   2   3   2    1   2.1    3   50.5
  331 [16, 16, 16]       15.0  5.0e-05   3000   512     7  6.569e-02   1.482e-01   3   2   2   3   2   1   2   2    1   2.1    3   38.1
  332 [16, 16, 16]       25.0  5.0e-05   3000  1024   999  6.288e-02   1.486e-01   2   2   2   3   2   2   1   3    1   2.1    3   39.3
  333 [16, 16, 16]       25.0  1.0e-04   2000   512     7  6.248e-02   1.496e-01   2   2   2   3   1   2   3   2    1   2.1    3   25.4
  334 [16, 16, 16]       15.0  5.0e-05   3000   256    42  4.668e-02   1.500e-01   2   2   2   2   1   2   2   3    1   2.0    3   37.4
  335 [16, 16, 16]       25.0  1.0e-04   2000  1024     7  7.138e-02   1.557e-01   2   2   2   3   1   2   4   2    1   2.2    4   26.0
  336 [16, 16, 16]       25.0  5.0e-05   4000   256     7  7.036e-02   1.565e-01   2   2   2   3   1   2   3   2    1   2.1    3   50.0
  337 [16, 16, 16]       15.0  5.0e-05   2000  1024   999  6.168e-02   1.604e-01   1   1   2   3   1   2   2   3    1   1.9    3   26.1
  338 [16, 16, 16]       25.0  5.0e-05   4000  1024    42  5.486e-02   1.640e-01   1   2   2   2   2   2   2   2    1   1.9    2   51.8
  339 [16, 16, 16]       20.0  5.0e-05   3000  1024     7  7.363e-02   1.651e-01   1   2   2   3   1   1   2   2    1   1.8    3   39.0
  340 [16, 16, 16]       25.0  5.0e-05   4000   256  2024  5.628e-02   1.675e-01   1   2   2   2   2   2   2   2    1   1.9    2   50.2
  341 [16, 16, 16]       25.0  5.0e-05   3000   512   999  6.914e-02   1.688e-01   2   2   2   3   1   1   2   3    1   2.0    3   38.0
  342 [16, 16, 16]       25.0  5.0e-05   3000  1024  2024  6.685e-02   1.697e-01   1   2   3   2   2   2   2   2    1   2.0    3   39.0
  343 [16, 16, 16]       20.0  5.0e-05   3000   256     7  8.061e-02   1.705e-01   1   2   2   3   1   2   3   2    1   2.0    3   37.5
  344 [16, 16, 16]       25.0  5.0e-05   4000   256    42  5.876e-02   1.707e-01   1   2   2   2   1   2   2   2    1   1.8    2   50.3
  345 [16, 16, 16]       25.0  5.0e-05   4000   512    42  5.044e-02   1.740e-01   1   2   2   2   1   2   2   2    1   1.8    2   51.0
  346 [16, 16, 16]       20.0  5.0e-05   3000   512    42  5.974e-02   1.752e-01   1   2   2   4   1   2   2   2    1   2.0    4   37.8
  347 [16, 16, 16]       20.0  5.0e-05   3000   256   999  6.802e-02   1.761e-01   1   1   2   3   1   1   2   3    1   1.8    3   37.3
  348 [16, 16, 16]       25.0  1.0e-04   2000   512    42  5.414e-02   1.790e-01   1   2   2   2   1   2   2   2    1   1.8    2   25.2
  349 [16, 16, 16]       15.0  5.0e-05   2000   256   137  6.098e-02   1.889e-01   1   1   2   2   1   1   3   2    1   1.6    3   25.1
  350 [16, 16, 16]       15.0  5.0e-05   2000   512   999  6.927e-02   1.900e-01   1   1   2   2   1   2   2   2    1   1.6    2   25.5
  351 [16, 16, 16]       25.0  5.0e-05   3000  1024     7  7.810e-02   1.923e-01   2   2   2   2   1   2   2   2    1   1.9    2   39.4
  352 [16, 16, 16]       25.0  5.0e-05   3000   512  2024  7.391e-02   2.007e-01   1   1   3   2   2   1   2   2    1   1.8    3   38.1
  353 [16, 16, 16]       15.0  5.0e-05   2000   512   137  7.823e-02   2.033e-01   1   1   2   2   1   1   3   2    1   1.6    3   25.7
  354 [16, 16, 16]       15.0  5.0e-05   2000  1024    42  6.977e-02   2.097e-01   1   1   3   2   1   1   2   2    1   1.6    3   26.4
  355 [16, 16, 16]       20.0  5.0e-05   3000   512     7  8.200e-02   2.112e-01   1   2   2   3   1   1   2   2    1   1.8    3   37.7
  356 [16, 16, 16]       20.0  5.0e-05   3000   256    42  6.986e-02   2.118e-01   2   2   3   3   1   2   2   2    1   2.1    3   37.6
  357 [16, 16, 16]       25.0  5.0e-05   3000   256   137  8.236e-02   2.123e-01   2   1   2   2   2   1   2   2    1   1.8    2   38.0
  358 [16, 16, 16]       25.0  1.0e-04   2000   256    42  5.890e-02   2.130e-01   1   2   2   2   1   2   2   2    1   1.8    2   25.0
  359 [16, 16, 16]       15.0  5.0e-05   2000  1024  2024  5.607e-02   2.135e-01   1   1   2   2   2   1   3   2    1   1.8    3   26.3
  360 [16, 16, 16]       25.0  5.0e-05   3000   256   999  7.408e-02   2.138e-01   2   1   2   3   1   1   2   3    1   1.9    3   37.5
  361 [16, 16, 16]       20.0  5.0e-05   3000   256   137  8.757e-02   2.171e-01   1   1   2   2   1   1   2   3    1   1.6    3   37.6
  362 [16, 16, 16]       25.0  5.0e-05   3000   256     7  9.347e-02   2.232e-01   2   1   2   3   1   1   3   2    1   1.9    3   38.0
  363 [16, 16, 16]       15.0  5.0e-05   2000   256   999  7.593e-02   2.293e-01   1   1   2   2   1   2   2   2    1   1.6    2   25.1
  364 [16, 16, 16]       15.0  5.0e-05   2000   512  2024  6.378e-02   2.296e-01   1   1   2   2   2   1   3   2    1   1.8    3   25.3
  365 [16, 16, 16]       15.0  5.0e-05   2000   512    42  7.877e-02   2.380e-01   1   1   2   2   1   1   3   2    1   1.6    3   25.4
  366 [16, 16, 16]       15.0  5.0e-05   2000  1024     7  1.010e-01   2.475e-01   1   1   2   2   1   1   3   2    1   1.6    3   26.3
  367 [16, 16, 16]       20.0  5.0e-05   2000  1024  2024  6.060e-02   2.515e-01   1   1   2   2   1   1   2   2    1   1.5    2   26.0
  368 [16, 16, 16]       25.0  5.0e-05   3000   512     7  8.669e-02   2.564e-01   2   1   2   2   1   2   2   2    1   1.8    2   37.6
  369 [16, 16, 16]       15.0  5.0e-05   2000   256  2024  6.519e-02   2.572e-01   1   1   2   2   2   1   3   2    1   1.8    3   25.0
  370 [16, 16, 16]       15.0  5.0e-05   2000   256    42  8.718e-02   2.602e-01   1   1   2   2   1   1   2   2    1   1.5    2   26.2
  371 [16, 16, 16]       20.0  5.0e-05   2000   512  2024  7.054e-02   2.621e-01   1   1   2   2   1   1   2   2    1   1.5    2   25.6
  372 [16, 16, 16]       15.0  5.0e-05   2000   512     7  1.029e-01   2.634e-01   1   1   2   2   1   1   2   2    1   1.5    2   25.8
  373 [16, 16, 16]       25.0  5.0e-05   3000   256  2024  7.217e-02   2.739e-01   1   1   2   2   2   2   2   2    1   1.8    2   37.8
  374 [16, 16, 16]       15.0  5.0e-05   2000   256     7  1.057e-01   2.780e-01   1   1   2   2   1   1   2   2    1   1.5    2   25.2
  375 [16, 16, 16]       25.0  5.0e-05   3000  1024    42  7.632e-02   2.820e-01   1   2   2   2   1   2   2   2    1   1.8    2   39.7
  376 [16, 16, 16]       20.0  5.0e-05   2000  1024   999  9.621e-02   2.856e-01   1   1   2   2   1   1   2   2    1   1.5    2   26.0
  377 [16, 16, 16]       25.0  5.0e-05   3000   512    42  7.186e-02   2.916e-01   1   2   2   2   1   2   2   2    1   1.8    2   38.2
  378 [16, 16, 16]       20.0  5.0e-05   2000   256  2024  7.387e-02   2.954e-01   1   1   2   2   1   1   2   2    1   1.5    2   24.9
  379 [16, 16, 16]       25.0  5.0e-05   3000   256    42  8.632e-02   2.999e-01   1   2   3   2   1   1   2   2    1   1.8    3   37.8
  380 [16, 16, 16]       20.0  5.0e-05   2000   512   999  1.038e-01   3.178e-01   1   1   1   2   1   1   2   2    1   1.4    2   25.5
  381 [16, 16, 16]       20.0  5.0e-05   2000  1024    42  9.186e-02   3.346e-01   1   1   2   2   1   1   2   2    1   1.5    2   25.9
  382 [16, 16, 16]       25.0  5.0e-05   2000  1024   999  1.054e-01   3.435e-01   1   1   1   2   1   1   1   2    1   1.2    2   25.8
  383 [16, 16, 16]       20.0  5.0e-05   2000   256   999  1.112e-01   3.627e-01   1   1   1   2   1   1   2   2    1   1.4    2   25.0
  384 [16, 16, 16]       25.0  5.0e-05   2000  1024   137  1.220e-01   3.693e-01   1   1   2   2   1   1   2   2    1   1.5    2   25.5
  385 [16, 16, 16]       25.0  5.0e-05   2000   512   999  1.103e-01   3.809e-01   1   1   1   2   1   1   1   2    1   1.2    2   25.3
  386 [16, 16, 16]       20.0  5.0e-05   2000   256     7  1.232e-01   3.932e-01   1   1   2   2   1   1   2   2    1   1.5    2   24.6
  387 [16, 16, 16]       25.0  5.0e-05   2000  1024     7  1.330e-01   3.942e-01   1   1   2   2   1   1   2   2    1   1.5    2   26.0
  388 [16, 16, 16]       20.0  5.0e-05   2000   512   137  1.214e-01   3.965e-01   1   1   2   2   1   1   1   2    1   1.4    2   25.2
  389 [16, 16, 16]       20.0  5.0e-05   2000   512    42  1.057e-01   4.057e-01   1   1   2   2   1   1   1   2    1   1.4    2   25.4
  390 [16, 16, 16]       20.0  5.0e-05   2000  1024     7  1.314e-01   4.142e-01   1   1   2   2   1   1   1   2    1   1.4    2   25.8
  391 [16, 16, 16]       20.0  5.0e-05   2000  1024   137  1.316e-01   4.226e-01   1   1   2   2   1   1   2   2    1   1.5    2   26.1
  392 [16, 16, 16]       25.0  5.0e-05   2000   512   137  1.346e-01   4.269e-01   1   1   2   2   1   1   2   2    1   1.5    2   25.4
  393 [16, 16, 16]       25.0  5.0e-05   2000   256     7  1.329e-01   4.284e-01   1   1   1   2   1   1   2   2    1   1.4    2   24.9
  394 [16, 16, 16]       25.0  5.0e-05   2000   512     7  1.378e-01   4.319e-01   1   1   1   2   1   1   2   2    1   1.4    2   25.2
  395 [16, 16, 16]       20.0  5.0e-05   2000   512     7  1.339e-01   4.344e-01   1   1   2   2   1   1   1   2    1   1.4    2   24.9
  396 [16, 16, 16]       20.0  5.0e-05   2000   256    42  1.093e-01   4.504e-01   1   1   2   2   1   1   1   2    1   1.4    2   25.1
  397 [16, 16, 16]       25.0  5.0e-05   2000  1024  2024  1.135e-01   4.605e-01   1   1   1   2   1   1   1   2    1   1.2    2   25.5
  398 [16, 16, 16]       20.0  5.0e-05   2000   256   137  1.362e-01   4.673e-01   1   1   1   2   1   1   2   2    1   1.4    2   25.0
  399 [16, 16, 16]       25.0  5.0e-05   2000   256   999  1.217e-01   4.710e-01   1   1   1   2   1   1   1   2    1   1.2    2   24.7
  400 [16, 16, 16]       25.0  5.0e-05   2000   256   137  1.361e-01   4.887e-01   1   1   1   2   1   1   1   2    1   1.2    2   25.2
  401 [16, 16, 16]       25.0  5.0e-05   2000   512  2024  1.287e-01   4.895e-01   1   1   1   2   1   1   1   2    1   1.2    2   25.2
  402 [16, 16, 16]       25.0  5.0e-05   2000   256  2024  1.055e-01   4.915e-01   1   1   1   2   1   1   1   2    1   1.2    2   25.3
  403 [16, 16, 16]       25.0  5.0e-05   2000  1024    42  1.311e-01   5.033e-01   1   1   2   2   1   1   1   2    1   1.4    2   25.9
  404 [16, 16, 16]       25.0  5.0e-05   2000   512    42  1.253e-01   5.065e-01   1   1   2   2   1   1   1   2    1   1.4    2   25.6
  405 [16, 16, 16]       25.0  5.0e-05   2000   256    42  1.251e-01   5.366e-01   1   1   2   2   1   1   1   2    1   1.4    2   25.1
============================================================================================================================================

  BEST CONFIG (GPU 0):
    hidden_sizes = [16, 16, 16]
    omega_0      = 25.0
    lr           = 0.0002
    n_epochs     = 3000
    n_per_param  = 256
    seed         = 2024
    -> min 3 digits, mean 3.5 digits, max 4 digits, mean rel. err 9.118e-03

============================================================================================================================================
  PER-CONFIG SUMMARY (seed-averaged) — GPU 0
============================================================================================================================================
  hidden=[16, 16, 16] omega0=25.0 lr=0.0002 epochs=4000 npp=1024
      min_dig=2  mean_dig=2.8  max_dig=4  mean_relerr=1.881e-02  n_seeds=5
  hidden=[16, 16, 16] omega0=20.0 lr=0.0002 epochs=4000 npp=1024
      min_dig=2  mean_dig=2.9  max_dig=5  mean_relerr=1.930e-02  n_seeds=5
  hidden=[16, 16, 16] omega0=15.0 lr=0.0002 epochs=4000 npp=256
      min_dig=2  mean_dig=3.0  max_dig=5  mean_relerr=1.992e-02  n_seeds=5
  hidden=[16, 16, 16] omega0=15.0 lr=0.0002 epochs=4000 npp=1024
      min_dig=2  mean_dig=2.8  max_dig=4  mean_relerr=2.041e-02  n_seeds=5
  hidden=[16, 16, 16] omega0=20.0 lr=0.0002 epochs=4000 npp=512
      min_dig=2  mean_dig=2.9  max_dig=4  mean_relerr=2.173e-02  n_seeds=5
  hidden=[16, 16, 16] omega0=15.0 lr=0.0002 epochs=4000 npp=512
      min_dig=2  mean_dig=2.9  max_dig=4  mean_relerr=2.234e-02  n_seeds=5
  hidden=[16, 16, 16] omega0=15.0 lr=0.0002 epochs=3000 npp=256
      min_dig=2  mean_dig=2.9  max_dig=5  mean_relerr=2.277e-02  n_seeds=5
  hidden=[16, 16, 16] omega0=25.0 lr=0.0002 epochs=3000 npp=1024
      min_dig=2  mean_dig=2.8  max_dig=4  mean_relerr=2.312e-02  n_seeds=5
  hidden=[16, 16, 16] omega0=25.0 lr=0.0002 epochs=4000 npp=512
      min_dig=2  mean_dig=2.9  max_dig=7  mean_relerr=2.410e-02  n_seeds=5
  hidden=[16, 16, 16] omega0=15.0 lr=0.0002 epochs=3000 npp=512
      min_dig=2  mean_dig=2.8  max_dig=4  mean_relerr=2.488e-02  n_seeds=5
  hidden=[16, 16, 16] omega0=25.0 lr=0.0002 epochs=4000 npp=256
      min_dig=2  mean_dig=2.8  max_dig=4  mean_relerr=2.577e-02  n_seeds=5
  hidden=[16, 16, 16] omega0=20.0 lr=0.0002 epochs=3000 npp=1024
      min_dig=2  mean_dig=2.8  max_dig=4  mean_relerr=2.612e-02  n_seeds=5
  hidden=[16, 16, 16] omega0=20.0 lr=0.0002 epochs=3000 npp=512
      min_dig=2  mean_dig=2.9  max_dig=5  mean_relerr=2.683e-02  n_seeds=5
  hidden=[16, 16, 16] omega0=15.0 lr=0.0002 epochs=3000 npp=1024
      min_dig=2  mean_dig=2.8  max_dig=5  mean_relerr=2.728e-02  n_seeds=5
  hidden=[16, 16, 16] omega0=15.0 lr=0.0002 epochs=2000 npp=256
      min_dig=2  mean_dig=2.7  max_dig=4  mean_relerr=2.777e-02  n_seeds=5
  hidden=[16, 16, 16] omega0=15.0 lr=0.0001 epochs=4000 npp=512
      min_dig=2  mean_dig=2.6  max_dig=5  mean_relerr=2.984e-02  n_seeds=5
  hidden=[16, 16, 16] omega0=15.0 lr=0.0002 epochs=2000 npp=512
      min_dig=2  mean_dig=2.7  max_dig=4  mean_relerr=3.100e-02  n_seeds=5
  hidden=[16, 16, 16] omega0=25.0 lr=0.0002 epochs=3000 npp=256
      min_dig=2  mean_dig=2.7  max_dig=4  mean_relerr=3.106e-02  n_seeds=5
  hidden=[16, 16, 16] omega0=25.0 lr=0.0002 epochs=3000 npp=512
      min_dig=2  mean_dig=2.8  max_dig=5  mean_relerr=3.108e-02  n_seeds=5
  hidden=[16, 16, 16] omega0=15.0 lr=0.0002 epochs=2000 npp=1024
      min_dig=2  mean_dig=2.5  max_dig=5  mean_relerr=3.252e-02  n_seeds=5
  hidden=[16, 16, 16] omega0=20.0 lr=0.0002 epochs=2000 npp=1024
      min_dig=2  mean_dig=2.5  max_dig=4  mean_relerr=3.636e-02  n_seeds=5
  hidden=[16, 16, 16] omega0=25.0 lr=0.0002 epochs=2000 npp=1024
      min_dig=2  mean_dig=2.5  max_dig=4  mean_relerr=3.713e-02  n_seeds=5
  hidden=[16, 16, 16] omega0=20.0 lr=0.0001 epochs=4000 npp=1024
      min_dig=2  mean_dig=2.6  max_dig=5  mean_relerr=3.716e-02  n_seeds=5
  hidden=[16, 16, 16] omega0=20.0 lr=0.0001 epochs=4000 npp=512
      min_dig=2  mean_dig=2.6  max_dig=4  mean_relerr=3.747e-02  n_seeds=5
  hidden=[16, 16, 16] omega0=15.0 lr=0.0001 epochs=4000 npp=1024
      min_dig=2  mean_dig=2.5  max_dig=4  mean_relerr=3.769e-02  n_seeds=5
  hidden=[16, 16, 16] omega0=20.0 lr=0.0002 epochs=4000 npp=256
      min_dig=2  mean_dig=2.6  max_dig=4  mean_relerr=3.806e-02  n_seeds=5
  hidden=[16, 16, 16] omega0=20.0 lr=0.0002 epochs=2000 npp=512
      min_dig=2  mean_dig=2.5  max_dig=4  mean_relerr=3.826e-02  n_seeds=5
  hidden=[16, 16, 16] omega0=25.0 lr=0.0001 epochs=4000 npp=512
      min_dig=2  mean_dig=2.6  max_dig=4  mean_relerr=3.932e-02  n_seeds=5
  hidden=[16, 16, 16] omega0=25.0 lr=0.0001 epochs=4000 npp=1024
      min_dig=2  mean_dig=2.6  max_dig=4  mean_relerr=4.010e-02  n_seeds=5
  hidden=[16, 16, 16] omega0=15.0 lr=0.0001 epochs=4000 npp=256
      min_dig=2  mean_dig=2.4  max_dig=4  mean_relerr=4.013e-02  n_seeds=5
  hidden=[16, 16, 16] omega0=15.0 lr=0.0001 epochs=3000 npp=512
      min_dig=2  mean_dig=2.5  max_dig=5  mean_relerr=4.214e-02  n_seeds=5
  hidden=[16, 16, 16] omega0=20.0 lr=0.0002 epochs=3000 npp=256
      min_dig=2  mean_dig=2.6  max_dig=5  mean_relerr=4.246e-02  n_seeds=5
  hidden=[16, 16, 16] omega0=25.0 lr=0.0001 epochs=4000 npp=256
      min_dig=2  mean_dig=2.5  max_dig=4  mean_relerr=4.427e-02  n_seeds=5
  hidden=[16, 16, 16] omega0=20.0 lr=0.0001 epochs=4000 npp=256
      min_dig=2  mean_dig=2.5  max_dig=4  mean_relerr=4.555e-02  n_seeds=5
  hidden=[16, 16, 16] omega0=25.0 lr=0.0002 epochs=2000 npp=512
      min_dig=2  mean_dig=2.5  max_dig=4  mean_relerr=4.810e-02  n_seeds=5
  hidden=[16, 16, 16] omega0=25.0 lr=0.0002 epochs=2000 npp=256
      min_dig=2  mean_dig=2.5  max_dig=4  mean_relerr=4.867e-02  n_seeds=5
  hidden=[16, 16, 16] omega0=20.0 lr=0.0001 epochs=3000 npp=512
      min_dig=2  mean_dig=2.5  max_dig=4  mean_relerr=5.075e-02  n_seeds=5
  hidden=[16, 16, 16] omega0=15.0 lr=0.0001 epochs=3000 npp=1024
      min_dig=2  mean_dig=2.4  max_dig=5  mean_relerr=5.126e-02  n_seeds=5
  hidden=[16, 16, 16] omega0=20.0 lr=0.0001 epochs=3000 npp=1024
      min_dig=2  mean_dig=2.6  max_dig=4  mean_relerr=5.142e-02  n_seeds=5
  hidden=[16, 16, 16] omega0=15.0 lr=5e-05 epochs=4000 npp=1024
      min_dig=2  mean_dig=2.5  max_dig=4  mean_relerr=5.660e-02  n_seeds=5
  hidden=[16, 16, 16] omega0=25.0 lr=0.0001 epochs=3000 npp=512
      min_dig=2  mean_dig=2.5  max_dig=4  mean_relerr=6.045e-02  n_seeds=5
  hidden=[16, 16, 16] omega0=25.0 lr=0.0001 epochs=3000 npp=256
      min_dig=2  mean_dig=2.4  max_dig=5  mean_relerr=7.096e-02  n_seeds=5
  hidden=[16, 16, 16] omega0=15.0 lr=0.0001 epochs=2000 npp=1024
      min_dig=2  mean_dig=2.3  max_dig=4  mean_relerr=7.973e-02  n_seeds=5
  hidden=[16, 16, 16] omega0=20.0 lr=5e-05 epochs=4000 npp=512
      min_dig=2  mean_dig=2.4  max_dig=4  mean_relerr=8.578e-02  n_seeds=5
  hidden=[16, 16, 16] omega0=20.0 lr=0.0002 epochs=2000 npp=256
      min_dig=1  mean_dig=2.5  max_dig=4  mean_relerr=5.220e-02  n_seeds=5
  hidden=[16, 16, 16] omega0=15.0 lr=0.0001 epochs=3000 npp=256
      min_dig=1  mean_dig=2.3  max_dig=3  mean_relerr=5.374e-02  n_seeds=5
  hidden=[16, 16, 16] omega0=25.0 lr=0.0001 epochs=3000 npp=1024
      min_dig=1  mean_dig=2.4  max_dig=3  mean_relerr=5.828e-02  n_seeds=5
  hidden=[16, 16, 16] omega0=20.0 lr=0.0001 epochs=3000 npp=256
      min_dig=1  mean_dig=2.4  max_dig=4  mean_relerr=6.207e-02  n_seeds=5
  hidden=[16, 16, 16] omega0=15.0 lr=5e-05 epochs=4000 npp=512
      min_dig=1  mean_dig=2.3  max_dig=4  mean_relerr=7.210e-02  n_seeds=5
  hidden=[16, 16, 16] omega0=15.0 lr=0.0001 epochs=2000 npp=512
      min_dig=1  mean_dig=2.4  max_dig=5  mean_relerr=7.560e-02  n_seeds=5
  hidden=[16, 16, 16] omega0=20.0 lr=5e-05 epochs=4000 npp=1024
      min_dig=1  mean_dig=2.2  max_dig=3  mean_relerr=8.133e-02  n_seeds=5
  hidden=[16, 16, 16] omega0=15.0 lr=5e-05 epochs=4000 npp=256
      min_dig=1  mean_dig=2.4  max_dig=4  mean_relerr=8.146e-02  n_seeds=5
  hidden=[16, 16, 16] omega0=15.0 lr=0.0001 epochs=2000 npp=256
      min_dig=1  mean_dig=2.2  max_dig=4  mean_relerr=8.304e-02  n_seeds=5
  hidden=[16, 16, 16] omega0=20.0 lr=0.0001 epochs=2000 npp=1024
      min_dig=1  mean_dig=2.3  max_dig=4  mean_relerr=8.497e-02  n_seeds=5
  hidden=[16, 16, 16] omega0=15.0 lr=5e-05 epochs=3000 npp=1024
      min_dig=1  mean_dig=2.3  max_dig=4  mean_relerr=8.887e-02  n_seeds=5
  hidden=[16, 16, 16] omega0=20.0 lr=0.0001 epochs=2000 npp=512
      min_dig=1  mean_dig=2.4  max_dig=5  mean_relerr=9.498e-02  n_seeds=5
  hidden=[16, 16, 16] omega0=20.0 lr=0.0001 epochs=2000 npp=256
      min_dig=1  mean_dig=2.3  max_dig=3  mean_relerr=9.647e-02  n_seeds=5
  hidden=[16, 16, 16] omega0=20.0 lr=5e-05 epochs=4000 npp=256
      min_dig=1  mean_dig=2.2  max_dig=4  mean_relerr=9.840e-02  n_seeds=5
  hidden=[16, 16, 16] omega0=25.0 lr=5e-05 epochs=4000 npp=1024
      min_dig=1  mean_dig=2.2  max_dig=4  mean_relerr=1.030e-01  n_seeds=5
  hidden=[16, 16, 16] omega0=15.0 lr=5e-05 epochs=3000 npp=512
      min_dig=1  mean_dig=2.3  max_dig=5  mean_relerr=1.056e-01  n_seeds=5
  hidden=[16, 16, 16] omega0=25.0 lr=0.0001 epochs=2000 npp=1024
      min_dig=1  mean_dig=2.2  max_dig=4  mean_relerr=1.085e-01  n_seeds=5
  hidden=[16, 16, 16] omega0=20.0 lr=5e-05 epochs=3000 npp=1024
      min_dig=1  mean_dig=2.2  max_dig=4  mean_relerr=1.240e-01  n_seeds=5
  hidden=[16, 16, 16] omega0=15.0 lr=5e-05 epochs=3000 npp=256
      min_dig=1  mean_dig=2.2  max_dig=4  mean_relerr=1.278e-01  n_seeds=5
  hidden=[16, 16, 16] omega0=25.0 lr=5e-05 epochs=4000 npp=512
      min_dig=1  mean_dig=2.1  max_dig=4  mean_relerr=1.293e-01  n_seeds=5
  hidden=[16, 16, 16] omega0=25.0 lr=0.0001 epochs=2000 npp=512
      min_dig=1  mean_dig=2.1  max_dig=4  mean_relerr=1.298e-01  n_seeds=5
  hidden=[16, 16, 16] omega0=25.0 lr=0.0001 epochs=2000 npp=256
      min_dig=1  mean_dig=2.0  max_dig=3  mean_relerr=1.417e-01  n_seeds=5
  hidden=[16, 16, 16] omega0=20.0 lr=5e-05 epochs=3000 npp=512
      min_dig=1  mean_dig=2.0  max_dig=4  mean_relerr=1.444e-01  n_seeds=5
  hidden=[16, 16, 16] omega0=25.0 lr=5e-05 epochs=4000 npp=256
      min_dig=1  mean_dig=2.0  max_dig=4  mean_relerr=1.496e-01  n_seeds=5
  hidden=[16, 16, 16] omega0=20.0 lr=5e-05 epochs=3000 npp=256
      min_dig=1  mean_dig=2.0  max_dig=4  mean_relerr=1.748e-01  n_seeds=5
  hidden=[16, 16, 16] omega0=25.0 lr=5e-05 epochs=3000 npp=1024
      min_dig=1  mean_dig=2.0  max_dig=3  mean_relerr=1.802e-01  n_seeds=5
  hidden=[16, 16, 16] omega0=15.0 lr=5e-05 epochs=2000 npp=1024
      min_dig=1  mean_dig=1.8  max_dig=3  mean_relerr=1.942e-01  n_seeds=5
  hidden=[16, 16, 16] omega0=25.0 lr=5e-05 epochs=3000 npp=512
      min_dig=1  mean_dig=1.9  max_dig=4  mean_relerr=2.116e-01  n_seeds=5
  hidden=[16, 16, 16] omega0=15.0 lr=5e-05 epochs=2000 npp=512
      min_dig=1  mean_dig=1.6  max_dig=3  mean_relerr=2.249e-01  n_seeds=5
  hidden=[16, 16, 16] omega0=15.0 lr=5e-05 epochs=2000 npp=256
      min_dig=1  mean_dig=1.6  max_dig=3  mean_relerr=2.427e-01  n_seeds=5
  hidden=[16, 16, 16] omega0=25.0 lr=5e-05 epochs=3000 npp=256
      min_dig=1  mean_dig=1.8  max_dig=3  mean_relerr=2.446e-01  n_seeds=5
  hidden=[16, 16, 16] omega0=20.0 lr=5e-05 epochs=2000 npp=1024
      min_dig=1  mean_dig=1.5  max_dig=2  mean_relerr=3.417e-01  n_seeds=5
  hidden=[16, 16, 16] omega0=20.0 lr=5e-05 epochs=2000 npp=512
      min_dig=1  mean_dig=1.4  max_dig=2  mean_relerr=3.633e-01  n_seeds=5
  hidden=[16, 16, 16] omega0=20.0 lr=5e-05 epochs=2000 npp=256
      min_dig=1  mean_dig=1.4  max_dig=2  mean_relerr=3.938e-01  n_seeds=5
  hidden=[16, 16, 16] omega0=25.0 lr=5e-05 epochs=2000 npp=1024
      min_dig=1  mean_dig=1.4  max_dig=2  mean_relerr=4.142e-01  n_seeds=5
  hidden=[16, 16, 16] omega0=25.0 lr=5e-05 epochs=2000 npp=512
      min_dig=1  mean_dig=1.4  max_dig=2  mean_relerr=4.471e-01  n_seeds=5
  hidden=[16, 16, 16] omega0=25.0 lr=5e-05 epochs=2000 npp=256
      min_dig=1  mean_dig=1.3  max_dig=2  mean_relerr=4.832e-01  n_seeds=5
============================================================================================================================================
  Results saved -> /lustre/projects/g/gshipunv/project-skuld/research/results/grid/13-sechiren-sweep-m2/results_gpu0.csv

