hidden_sizes,omega_0,lr,n_epochs,n_per_param,seed,n_params_total,final_loss,min_loss,mean_rel_err,max_rel_err,I_1_dig,I_2_dig,I_3_dig,I_4_dig,I_5_dig,I_6_dig,I_7_dig,I_8_dig,min_dig,mean_dig,max_dig,elapsed_s
"[64, 64, 64]",25.0,0.0001,4000,1024,42,8901,0.0009160661138594151,0.0007311657536774874,0.001151016519155391,0.0027539401374777907,4,4,4,5,4,4,4,4,4,4.125,5,51.090935707092285
"[64, 64, 64]",20.0,0.0002,3000,1024,999,8901,0.0005334934685379267,0.00046890415251255035,0.00116537688396647,0.002345874558084422,4,4,4,4,4,4,4,4,4,4.0,4,38.328004598617554
"[64, 64, 64]",20.0,0.0001,4000,1024,2024,8901,0.001932729035615921,0.0012342726113274693,0.0012156900070084552,0.0023564319066598336,4,4,4,4,4,4,5,4,4,4.125,5,51.11563682556152
"[64, 64, 64]",15.0,0.0002,4000,256,42,8901,0.0007797303842380643,0.0005918345996178687,0.001601666473458802,0.003943958189957095,4,5,4,4,4,4,4,5,4,4.25,5,50.048104763031006
"[64, 64, 64]",20.0,0.0002,3000,256,42,8901,0.0008073208155110478,0.0006869083736091852,0.0016440353013596446,0.003724904825778002,4,4,4,4,4,4,4,4,4,4.0,4,37.523730754852295
"[48, 48, 48]",20.0,0.0002,3000,1024,999,5141,0.002211234997957945,0.0016147126443684101,0.0018513461967593495,0.005985008038325907,4,4,4,4,4,5,4,4,4,4.125,5,38.78335118293762
"[64, 64, 64]",25.0,0.0002,3000,1024,42,8901,0.0006135910516604781,0.0005451932083815336,0.0008723989568442595,0.0017970050263019653,3,4,4,5,4,4,4,5,3,4.125,5,38.39558935165405
"[64, 64, 64]",25.0,0.0002,4000,1024,999,8901,0.00047991389874368906,0.00041147912270389497,0.0009817256321670192,0.004120351318198022,5,4,5,5,6,4,3,4,3,4.5,6,51.08743929862976
"[64, 64, 64]",15.0,0.0002,4000,1024,2024,8901,0.000936067255679518,0.0006174246082082391,0.0010294509805902775,0.0019124680897305447,3,4,4,4,4,4,4,4,3,3.875,4,51.14987826347351
"[64, 64, 64]",25.0,0.0001,4000,1024,2024,8901,0.0016914899460971355,0.0011683633783832192,0.0010832159028665374,0.003294068091639838,3,4,5,5,4,4,4,4,3,4.125,5,51.135883808135986
"[64, 64, 64]",25.0,0.0002,2000,1024,7,8901,0.0016849121311679482,0.001333263935521245,0.001141273719478358,0.002906653987622857,3,3,4,4,3,5,5,5,3,4.0,5,25.60058856010437
"[64, 64, 64]",20.0,0.0002,4000,512,42,8901,0.000574409612454474,0.0004585760470945388,0.001147675300760874,0.0020099318751612737,3,4,4,5,4,4,4,4,3,4.0,5,50.20995020866394
"[64, 64, 64]",25.0,0.0002,3000,256,42,8901,0.001016394468024373,0.0008565495372749865,0.0011556110988582469,0.0026703568112692714,3,4,4,4,4,5,4,5,3,4.125,5,37.59993505477905
"[64, 64, 64]",20.0,0.0002,4000,256,42,8901,0.0005484384601004422,0.00048040185356512666,0.0011606540953945476,0.0022487202710115457,3,4,4,5,3,4,4,4,3,3.875,5,50.0858199596405
"[64, 64, 64]",20.0,0.0002,4000,1024,2024,8901,0.0009146867087110877,0.0005789347924292088,0.0011607309359642826,0.0021227133260485545,3,4,4,4,4,5,4,5,3,4.125,5,51.17405366897583
"[64, 64, 64]",15.0,0.0002,4000,1024,137,8901,0.0007309752982109785,0.0005718093016184866,0.0011872234414053925,0.0031770044356799897,3,4,4,4,4,5,4,4,3,4.0,5,51.07247757911682
"[64, 64, 64]",25.0,0.0002,2000,1024,42,8901,0.0012817976530641317,0.0009864465100690722,0.0012743569781776534,0.0031448004931187924,4,5,4,4,3,6,4,4,3,4.25,6,25.600826501846313
"[64, 64, 64]",20.0,0.0002,3000,512,2024,8901,0.0015026640612632036,0.001036839559674263,0.0013092020225938666,0.0027647711495837114,4,4,4,4,3,4,4,5,3,4.0,5,37.59351420402527
"[64, 64, 64]",15.0,0.0002,4000,256,137,8901,0.0013915280578657985,0.0009266330162063241,0.0013323212714924568,0.0024337498220603883,3,4,4,5,3,4,4,5,3,4.0,5,50.096415519714355
"[64, 64, 64]",20.0,0.0002,4000,256,7,8901,0.0012825021985918283,0.0007882771315053105,0.0013716191601034684,0.002739901696882876,3,4,4,4,4,4,4,4,3,3.875,4,50.06622934341431
"[64, 64, 64]",15.0,0.0002,4000,512,2024,8901,0.000823634909465909,0.0007177592488005757,0.0013865961585338865,0.003820342465519612,3,4,3,4,3,5,5,5,3,4.0,5,50.28338265419006
"[48, 48, 48]",20.0,0.0002,4000,1024,42,5141,0.0010307042393833399,0.0008654184639453888,0.0014767120700435597,0.0029666640985964274,3,4,3,4,4,4,4,5,3,3.875,5,51.604429721832275
"[64, 64, 64]",25.0,0.0002,4000,1024,2024,8901,0.0007856811280362308,0.0005173786776140332,0.001493524140337651,0.0033225967904894215,4,4,5,4,3,4,3,5,3,4.0,5,51.10033082962036
"[64, 64, 64]",20.0,0.0002,4000,1024,999,8901,0.00032737027504481375,0.0002847373252734542,0.0015235700710368645,0.002455361551753689,3,4,4,4,3,4,4,5,3,3.875,5,51.14576554298401
"[64, 64, 64]",20.0,0.0002,4000,256,999,8901,0.00078369997208938,0.0006184255471453071,0.0015312441575316743,0.004640245150541224,4,4,4,4,3,4,4,5,3,4.0,5,50.146730184555054
"[64, 64, 64]",25.0,0.0001,3000,1024,2024,8901,0.002523613628000021,0.0018236591713503003,0.0015319730301029772,0.004366673940458078,3,4,4,5,4,3,5,4,3,4.0,5,38.41056728363037
"[64, 64, 64]",25.0,0.0002,4000,512,42,8901,0.0006127776578068733,0.00045748770935460925,0.0015428013937163192,0.0025356247991771552,3,4,4,4,5,4,4,4,3,4.0,5,50.13776445388794
"[64, 64, 64]",25.0,0.0002,4000,1024,7,8901,0.0005850561428815126,0.0005073985666967928,0.0015476817835458029,0.0033198715500901673,4,4,3,4,3,4,4,4,3,3.75,4,51.10787296295166
"[64, 64, 64]",20.0,0.0002,3000,512,999,8901,0.0009144656942225993,0.0008210133528336883,0.0015551886422366238,0.0028901542494953586,3,5,4,4,3,4,4,4,3,3.875,5,37.592145681381226
"[64, 64, 64]",25.0,0.0002,3000,1024,137,8901,0.0008213313412852585,0.0006862254813313484,0.0015566721178708052,0.0031041792871404164,3,4,4,5,3,4,4,4,3,3.875,5,38.32456159591675
"[64, 64, 64]",15.0,0.0002,4000,256,2024,8901,0.0015644114464521408,0.0009618379408493638,0.001620885937408513,0.003989338555330189,3,4,4,4,4,4,4,4,3,3.875,4,50.000433921813965
"[64, 64, 64]",25.0,0.0001,4000,1024,7,8901,0.0012883468298241496,0.0011266153305768967,0.0016241697001021,0.003876501512279545,4,5,5,4,4,4,3,4,3,4.125,5,51.107245683670044
"[64, 64, 64]",15.0,0.0002,3000,1024,137,8901,0.0011037862859666348,0.0008893352351151407,0.0016445834253409923,0.004693668619132776,3,4,5,4,3,4,4,4,3,3.875,5,38.27979040145874
"[64, 64, 64]",25.0,0.0001,4000,512,42,8901,0.0011638505384325981,0.000908619724214077,0.001677075660985114,0.0038372984512242774,5,4,3,4,4,3,4,4,3,3.875,5,50.20722985267639
"[64, 64, 64]",25.0,0.0002,4000,1024,42,8901,0.0004355350392870605,0.00034738623071461916,0.0017021708233340258,0.0032653219192752526,3,4,4,4,4,4,4,4,3,3.875,4,51.11882162094116
"[64, 64, 64]",20.0,0.0002,3000,1024,137,8901,0.0010228172177448869,0.0008312919526360929,0.0017074617851501324,0.0028139634179374746,4,4,4,4,3,4,4,4,3,3.875,4,38.32402753829956
"[64, 64, 64]",25.0,0.0001,4000,1024,999,8901,0.0009041258599609137,0.0007690696511417627,0.0017187236632438525,0.004751511643586213,3,4,4,4,5,5,3,4,3,4.0,5,51.051207304000854
"[64, 64, 64]",25.0,0.0002,4000,256,999,8901,0.0007511904696002603,0.0006471414817497134,0.0017341430274732139,0.004277395964660444,4,4,4,4,3,4,4,4,3,3.875,4,50.1325409412384
"[64, 64, 64]",20.0,0.0002,3000,1024,42,8901,0.0006913369288668036,0.0005693190032616258,0.0017444252604405317,0.006557463035243345,5,5,4,4,3,4,3,4,3,4.0,5,38.33230900764465
"[64, 64, 64]",20.0,0.0001,3000,1024,7,8901,0.002599484520033002,0.0018957705469802022,0.0017504248663786572,0.004567051711413052,3,4,4,5,3,4,4,4,3,3.875,5,38.318381786346436
"[64, 64, 64]",20.0,0.0001,4000,1024,7,8901,0.0014793723821640015,0.0012910664081573486,0.0017587320314368252,0.00583002061097204,3,4,4,5,3,4,4,4,3,3.875,5,51.201632022857666
"[64, 64, 64]",25.0,0.0001,3000,1024,42,8901,0.0014619282446801662,0.001191658666357398,0.0017686288763908895,0.004402129490271018,4,3,4,4,5,4,3,5,3,4.0,5,38.49032640457153
"[64, 64, 64]",20.0,0.0002,3000,1024,2024,8901,0.0011414226610213518,0.0008951738709583879,0.0018033457431289378,0.0038048772592685974,3,3,4,5,3,4,4,4,3,3.75,5,38.400354623794556
"[48, 48, 48]",15.0,0.0002,4000,512,2024,5141,0.0010477289324626327,0.0008414804469794035,0.0018068276152478225,0.0030491949019894548,3,4,4,4,3,4,4,5,3,3.875,5,51.22652530670166
"[64, 64, 64]",25.0,0.0002,4000,512,999,8901,0.0008689109236001968,0.0005060294643044472,0.0018156509278316182,0.003987887091463883,4,4,4,4,3,4,4,4,3,3.875,4,50.19679808616638
"[64, 64, 64]",15.0,0.0002,3000,256,2024,8901,0.0023752315901219845,0.0014021794777363539,0.0018329207525603318,0.003809421256968609,4,4,4,5,3,4,3,5,3,4.0,5,37.63086724281311
"[64, 64, 64]",15.0,0.0002,4000,1024,999,8901,0.0006168384570628405,0.0005152313970029354,0.0018742190617713726,0.0036522222848059003,3,4,4,4,3,4,4,4,3,3.75,4,51.057249784469604
"[64, 64, 64]",15.0,0.0002,4000,1024,7,8901,0.0006831724313087761,0.0006100926548242569,0.0018841842499447959,0.005713106364146507,3,4,4,5,3,3,4,4,3,3.75,5,51.12021732330322
"[64, 64, 64]",20.0,0.0001,3000,512,137,8901,0.0023166052997112274,0.002259299159049988,0.0018891922905127606,0.003635014599975626,4,4,3,4,3,4,3,4,3,3.625,4,37.60051202774048
"[48, 48, 48]",20.0,0.0002,3000,1024,42,5141,0.001555044436827302,0.0013119536451995373,0.0018901306774340122,0.0032124451586094892,3,5,4,4,4,4,4,4,3,4.0,5,38.50370001792908
"[64, 64, 64]",25.0,0.0002,3000,512,2024,8901,0.0015712970634922385,0.0009950380772352219,0.001896612646019841,0.003577731470340549,5,4,4,4,3,4,4,4,3,4.0,5,37.58098387718201
"[48, 48, 48]",20.0,0.0002,4000,512,7,5141,0.0012195294257253408,0.0012195294257253408,0.0019017633858815991,0.005429642838387315,3,4,4,4,4,4,3,5,3,3.875,5,50.916130781173706
"[64, 64, 64]",25.0,0.0002,4000,1024,137,8901,0.0006533495616167784,0.00046142999781295657,0.0019066116722362889,0.004260678743585623,3,4,4,5,3,5,3,4,3,3.875,5,51.00880765914917
"[64, 64, 64]",15.0,0.0002,3000,1024,2024,8901,0.0012570640537887812,0.0009740354726091027,0.001910253967816943,0.005848672080542957,3,4,3,5,4,6,3,5,3,4.125,6,38.29914355278015
"[64, 64, 64]",20.0,0.0002,4000,256,2024,8901,0.0010924625676125288,0.0007917306502349675,0.0019266025125871504,0.004558030278970136,4,3,4,4,3,4,4,4,3,3.75,4,50.14450192451477
"[64, 64, 64]",15.0,0.0002,4000,1024,42,8901,0.00041666481411084533,0.00035873381420969963,0.001931535656175765,0.0030223141916344677,3,4,4,4,3,4,4,4,3,3.75,4,51.16840696334839
"[48, 48, 48]",25.0,0.0002,3000,1024,42,5141,0.0015855201054364443,0.0013101669028401375,0.0019495542558620547,0.0076876988666833065,4,4,4,4,3,5,5,5,3,4.25,5,38.585888385772705
"[64, 64, 64]",20.0,0.0002,2000,512,42,8901,0.0015661390498280525,0.0012217642506584525,0.001959124495883816,0.003859949451306322,3,4,4,4,3,4,5,4,3,3.875,5,25.08414649963379
"[64, 64, 64]",25.0,0.0002,4000,256,7,8901,0.0014647305943071842,0.0009648464620113373,0.0019689578980438935,0.00379477228042902,3,3,4,4,3,4,4,5,3,3.75,5,50.13011860847473
"[48, 48, 48]",20.0,0.0002,3000,1024,2024,5141,0.0021089380607008934,0.001786649925634265,0.0019707800470538392,0.006723002733986744,5,4,4,4,3,3,5,5,3,4.125,5,38.566572189331055
"[64, 64, 64]",20.0,0.0002,3000,256,7,8901,0.002073017880320549,0.0011378026101738214,0.0019790925706209554,0.003464191123803229,4,3,3,4,5,5,4,4,3,4.0,5,37.51279854774475
"[64, 64, 64]",20.0,0.0002,4000,512,999,8901,0.0008492520428262651,0.000503528630360961,0.001991040431932705,0.004862456501686437,4,4,4,4,3,4,3,5,3,3.875,5,50.09129452705383
"[64, 64, 64]",20.0,0.0002,2000,1024,42,8901,0.0013793755788356066,0.0010205309372395277,0.0019966095584751935,0.004869868040771885,4,4,5,5,3,4,3,5,3,4.125,5,25.58165979385376
"[64, 64, 64]",15.0,0.0002,3000,512,2024,8901,0.001579387579113245,0.0011037816293537617,0.002014847611051339,0.0040676945371909716,3,4,4,4,3,4,4,4,3,3.75,4,37.607683181762695
"[48, 48, 48]",20.0,0.0002,4000,256,999,5141,0.002754796529188752,0.0018388938624411821,0.0020183284927004453,0.0049058794456240985,4,4,4,4,3,4,4,5,3,4.0,5,50.05369162559509
"[64, 64, 64]",20.0,0.0001,4000,512,137,8901,0.0016546270344406366,0.0014311298727989197,0.002059096334322911,0.0033575479072095278,3,4,3,4,3,6,4,4,3,3.875,6,50.23694372177124
"[48, 48, 48]",25.0,0.0001,4000,1024,137,5141,0.0027717468328773975,0.002275610575452447,0.0020720514325997595,0.008308240798454072,3,4,4,4,5,4,4,4,3,4.0,5,51.63370370864868
"[64, 64, 64]",15.0,0.0002,3000,1024,42,8901,0.0006360941333696246,0.0005416036583483219,0.0020776595513665665,0.006715991063081652,3,3,4,5,3,4,4,4,3,3.75,5,38.3968288898468
"[48, 48, 48]",15.0,0.0002,4000,1024,2024,5141,0.0009545544162392616,0.0007488101837225258,0.002090871340525322,0.004443901501314122,4,4,4,4,3,4,3,4,3,3.75,4,51.60821056365967
"[48, 48, 48]",15.0,0.0002,4000,1024,42,5141,0.0011104419827461243,0.00095473846886307,0.0021022177005738944,0.0055497372131587935,4,4,3,4,3,5,4,4,3,3.875,5,51.35712027549744
"[64, 64, 64]",15.0,0.0001,4000,1024,999,8901,0.0013279021950438619,0.001170343137346208,0.002104611662124933,0.004848639409938398,4,4,3,5,3,4,3,5,3,3.875,5,51.051034927368164
"[64, 64, 64]",20.0,0.0001,4000,512,999,8901,0.0023024233523756266,0.001266938867047429,0.0021079170983708253,0.006291046897577304,3,3,4,5,3,4,4,4,3,3.75,5,50.2765531539917
"[64, 64, 64]",20.0,0.0002,3000,512,7,8901,0.001662180875428021,0.0011175739346072078,0.0021079280613660145,0.006026772001564709,3,4,5,4,4,3,3,5,3,3.875,5,37.65902066230774
"[48, 48, 48]",25.0,0.0001,4000,1024,2024,5141,0.0030096150003373623,0.0021699066273868084,0.002109824284713198,0.004403658241210589,3,4,3,4,4,4,5,4,3,3.875,5,51.883795499801636
"[64, 64, 64]",15.0,0.0002,2000,1024,2024,8901,0.0023517878726124763,0.0017209150828421116,0.0021299950051155733,0.004143302425013217,3,4,5,5,3,3,4,4,3,3.875,5,25.557249069213867
"[64, 64, 64]",20.0,0.0002,3000,256,2024,8901,0.0019752620719373226,0.001254163682460785,0.0021698830534839513,0.006315259692006154,3,4,4,4,3,4,4,5,3,3.875,5,37.561362504959106
"[64, 64, 64]",25.0,0.0001,4000,512,999,8901,0.0016380485612899065,0.0010145300766453147,0.002171618655141874,0.0045424823811676136,4,3,3,5,3,4,3,4,3,3.625,5,50.18686509132385
"[64, 64, 64]",20.0,0.0002,4000,1024,42,8901,0.00046585488598793745,0.00036883249413222075,0.002181488990932156,0.003915716808480585,3,4,4,4,3,3,5,4,3,3.75,5,51.17631411552429
"[48, 48, 48]",25.0,0.0002,3000,1024,7,5141,0.001498259836807847,0.001498259836807847,0.002196643032726715,0.0047737036959934415,3,4,3,4,4,4,4,4,3,3.75,4,38.54977631568909
"[64, 64, 64]",20.0,0.0001,4000,512,7,8901,0.0019166963174939156,0.0015351412585005164,0.002205092853728172,0.004909044492869165,4,4,5,4,3,3,4,4,3,3.875,5,50.17825198173523
"[64, 64, 64]",20.0,0.0002,2000,1024,2024,8901,0.002060588449239731,0.0015693872701376677,0.0022075671369411157,0.004947436630470117,3,3,4,5,3,4,5,5,3,4.0,5,25.588379621505737
"[64, 64, 64]",15.0,0.0001,4000,1024,2024,8901,0.00179182062856853,0.0012295437045395374,0.002233528013105965,0.004536042119349924,3,4,4,4,3,4,4,4,3,3.75,4,51.08370304107666
"[48, 48, 48]",25.0,0.0002,4000,1024,42,5141,0.0009860956342890859,0.0008541771094314754,0.002250933469623044,0.00528202044116069,4,4,4,4,3,4,5,4,3,4.0,5,51.16663646697998
"[48, 48, 48]",25.0,0.0001,4000,1024,7,5141,0.0023955635260790586,0.0018632105784490705,0.002252605056927908,0.00603262752211216,4,4,4,5,3,4,3,4,3,3.875,5,52.112205028533936
"[64, 64, 64]",25.0,0.0002,4000,256,42,8901,0.0008515807567164302,0.0005987712065689266,0.0022764869216372096,0.003920724306516553,4,4,3,4,5,4,4,4,3,4.0,5,50.08869767189026
"[64, 64, 64]",15.0,0.0002,3000,1024,7,8901,0.0011415096232667565,0.0009708852740004659,0.002284292556392505,0.004811305554301107,3,3,4,4,4,3,4,4,3,3.625,4,38.339264154434204
"[64, 64, 64]",25.0,0.0002,3000,1024,999,8901,0.0008522167918272316,0.0006507973885163665,0.0022971879524532487,0.00489653079962531,3,4,4,5,3,4,3,4,3,3.75,5,38.344807147979736
"[64, 64, 64]",20.0,0.0001,4000,1024,42,8901,0.0008776496397331357,0.0007089924765750766,0.0022975439408763876,0.004227169868245839,3,4,4,4,3,4,3,5,3,3.75,5,51.21919846534729
"[64, 64, 64]",25.0,0.0002,2000,512,42,8901,0.0018360726535320282,0.0013189315795898438,0.0023153350524845913,0.005748628434147887,4,3,4,5,3,3,4,4,3,3.75,5,25.139668703079224
"[64, 64, 64]",25.0,0.0001,3000,1024,7,8901,0.0023712581023573875,0.0016831904649734497,0.002338940042274185,0.004179847683303589,3,4,4,4,3,4,4,4,3,3.75,4,38.480364084243774
"[64, 64, 64]",20.0,0.0002,4000,512,2024,8901,0.0008808018756099045,0.0007029613479971886,0.0023398335121132497,0.006136569998173654,3,4,3,4,3,4,3,5,3,3.625,5,50.20953154563904
"[64, 64, 64]",25.0,0.0001,3000,256,7,8901,0.004200040828436613,0.002336283912882209,0.002389140305336373,0.006154617203316843,3,3,4,4,3,4,3,4,3,3.5,4,37.58018636703491
"[64, 64, 64]",25.0,0.0002,2000,1024,137,8901,0.0013430591206997633,0.0012564206263050437,0.0023944180852211346,0.004764387470253814,3,3,3,4,3,4,6,4,3,3.75,6,25.677271842956543
"[64, 64, 64]",25.0,0.0001,3000,1024,999,8901,0.0016253668582066894,0.0012931599048897624,0.0024028439808442483,0.004929791937561057,3,3,4,4,3,3,5,5,3,3.75,5,38.381036043167114
"[48, 48, 48]",25.0,0.0002,4000,1024,7,5141,0.0011693693231791258,0.000965264393016696,0.0024069171666844893,0.004780555952189966,3,4,3,5,3,4,3,5,3,3.75,5,51.42758870124817
"[64, 64, 64]",25.0,0.0002,3000,1024,2024,8901,0.0009870221838355064,0.0008039656095206738,0.002411679413113502,0.00379881144027167,3,4,3,4,3,4,4,4,3,3.625,4,38.31518077850342
"[64, 64, 64]",20.0,0.0001,4000,1024,999,8901,0.0012777586234733462,0.0010574620682746172,0.0024144306691598802,0.005056264731588247,3,4,4,4,3,4,4,4,3,3.75,4,51.20929217338562
"[64, 64, 64]",20.0,5e-05,4000,1024,2024,8901,0.004023583140224218,0.0026718596927821636,0.0024247892262766733,0.005735003293495467,3,3,4,4,3,4,4,4,3,3.625,4,51.15957474708557
"[48, 48, 48]",25.0,0.0001,4000,1024,42,5141,0.0021550715900957584,0.001704671303741634,0.00242671273447502,0.005237036912746218,3,4,4,5,3,4,4,4,3,3.875,5,51.187899351119995
"[64, 64, 64]",25.0,0.0002,2000,1024,2024,8901,0.001892940024845302,0.0014788014814257622,0.0024472871442353075,0.006486988547489083,3,4,3,6,3,4,4,4,3,3.875,6,25.582321643829346
"[48, 48, 48]",25.0,0.0002,3000,512,42,5141,0.0018532355315983295,0.0016894605942070484,0.0024734359377772673,0.0063243344030585145,3,4,4,4,4,4,3,4,3,3.75,4,38.09272480010986
"[64, 64, 64]",20.0,0.0002,4000,1024,7,8901,0.0006786141311749816,0.0006282945396378636,0.0024968008296336387,0.006252944967755483,3,4,4,5,3,4,5,4,3,4.0,5,51.08459138870239
"[64, 64, 64]",20.0,0.0002,3000,512,42,8901,0.0007749495562165976,0.0006696539930999279,0.0025066587570218538,0.007732242526280924,3,4,3,4,5,4,3,4,3,3.75,5,37.60753679275513
"[64, 64, 64]",25.0,0.0002,4000,512,2024,8901,0.0009131137048825622,0.0006680651567876339,0.0025119208913630636,0.006928699381507706,3,4,4,4,3,3,4,4,3,3.625,4,50.21845078468323
"[64, 64, 64]",20.0,0.0001,4000,256,999,8901,0.0014885596465319395,0.0012426680186763406,0.002518093188328216,0.006650144703230849,3,3,4,4,3,3,4,5,3,3.625,5,50.1065628528595
"[64, 64, 64]",20.0,0.0002,3000,256,999,8901,0.001483639469370246,0.00101054972037673,0.0025212360201913573,0.007033691097449825,3,4,4,4,3,4,3,4,3,3.625,4,37.568408250808716
"[48, 48, 48]",25.0,0.0001,4000,1024,999,5141,0.002968717599287629,0.002468427177518606,0.0025253153475738974,0.00629535207684836,4,4,4,4,3,4,3,4,3,3.75,4,51.29314112663269
"[64, 64, 64]",25.0,0.0001,4000,1024,137,8901,0.0013057985343039036,0.001067734439857304,0.002531930906212367,0.007433400492840854,4,4,4,4,4,4,3,4,3,3.875,4,51.18464994430542
"[64, 64, 64]",15.0,0.0002,3000,256,42,8901,0.0009879698045551777,0.0009186900570057333,0.0025858109953499093,0.007392019591614003,3,3,6,5,3,3,3,6,3,4.0,6,37.436649799346924
"[64, 64, 64]",25.0,0.0002,4000,256,2024,8901,0.0011613648384809494,0.000822960864752531,0.002598168979284526,0.005575994276103182,3,4,3,4,3,3,4,5,3,3.625,5,49.964733839035034
"[64, 64, 64]",15.0,0.0002,4000,256,7,8901,0.0015651724534109235,0.0008648908697068691,0.0025996263134243467,0.0066909601785325535,3,4,4,5,3,4,3,4,3,3.75,5,50.12177300453186
"[64, 64, 64]",20.0,0.0001,4000,1024,137,8901,0.0016428814269602299,0.0012618976179510355,0.0026029270384259388,0.009418217540474038,3,5,4,4,3,4,3,7,3,4.125,7,51.1813018321991
"[48, 48, 48]",20.0,0.0002,4000,1024,2024,5141,0.001674534985795617,0.0011625159531831741,0.002603109546715758,0.00631637585940106,3,5,4,4,3,3,4,4,3,3.75,5,51.37652778625488
"[48, 48, 48]",20.0,0.0002,3000,256,42,5141,0.004248411860316992,0.0018780321115627885,0.0026149575784206133,0.007109088526497428,3,5,5,4,4,3,3,4,3,3.875,5,37.68571400642395
"[64, 64, 64]",15.0,0.0001,4000,1024,42,8901,0.0009326435392722487,0.0008205228950828314,0.00261511692892096,0.0051868685659091605,3,4,4,4,3,3,4,4,3,3.625,4,51.031925678253174
"[48, 48, 48]",15.0,0.0002,4000,1024,7,5141,0.0010595107451081276,0.0009751355391927063,0.002637576932827464,0.005591911734550473,3,4,4,4,3,4,4,4,3,3.75,4,51.454304695129395
"[48, 48, 48]",20.0,0.0002,2000,512,7,5141,0.0041577862575650215,0.0029887650161981583,0.0026437000230038936,0.008072393170657654,3,4,3,4,4,4,3,5,3,3.75,5,25.77864909172058
"[64, 64, 64]",20.0,0.0001,3000,1024,999,8901,0.0023492544423788786,0.0016885006334632635,0.0026537526626923846,0.0052935644185045485,5,4,3,4,3,4,3,4,3,3.75,5,38.309478521347046
"[64, 64, 64]",25.0,0.0002,3000,512,999,8901,0.0009631236316636205,0.0008038037340156734,0.002660041625650129,0.007010360167575859,3,4,4,4,5,3,3,4,3,3.75,5,37.5844521522522
"[48, 48, 48]",15.0,0.0002,3000,1024,42,5141,0.0016143759712576866,0.0014079709071666002,0.002661600421588685,0.005926810600584036,4,3,4,4,3,3,3,6,3,3.75,6,38.815422773361206
"[64, 64, 64]",15.0,0.0002,4000,512,42,8901,0.0005807704874314368,0.0004858280881308019,0.0026687953413759187,0.008466067946776642,3,4,4,4,3,4,3,4,3,3.625,4,50.14599394798279
"[64, 64, 64]",20.0,0.0002,2000,512,999,8901,0.001915201311931014,0.0014392038574442267,0.0026793648321081147,0.005791290106852883,3,3,5,4,3,3,4,4,3,3.625,5,25.109331369400024
"[64, 64, 64]",25.0,0.0002,4000,256,137,8901,0.0012090064119547606,0.0007512008887715638,0.0026820747193419137,0.006537219720571792,3,4,5,4,3,5,3,4,3,3.875,5,50.07671642303467
"[48, 48, 48]",20.0,0.0001,4000,512,42,5141,0.003007852705195546,0.0022491945419460535,0.002686274497507932,0.00554096656924102,3,4,3,4,3,4,4,5,3,3.75,5,51.0993595123291
"[32, 32, 32]",25.0,0.0002,4000,1024,42,2405,0.0028920494951307774,0.0025897049345076084,0.002687017933708259,0.006406419410004908,3,4,4,4,3,5,3,4,3,3.75,5,51.4385871887207
"[64, 64, 64]",25.0,0.0001,4000,512,137,8901,0.0014604737516492605,0.0012331209145486355,0.002700386693948127,0.00420433659431556,3,4,3,4,3,4,3,4,3,3.5,4,50.2203266620636
"[64, 64, 64]",20.0,0.0002,2000,512,2024,8901,0.0026343464851379395,0.0017725591314956546,0.0027038225756371025,0.004676223193797589,3,4,3,4,3,4,4,4,3,3.625,4,25.027403354644775
"[48, 48, 48]",25.0,0.0002,4000,512,42,5141,0.0016416420694440603,0.0011307757813483477,0.0027042384085185465,0.006627858193918509,4,4,5,4,3,4,5,4,3,4.125,5,51.29086780548096
"[64, 64, 64]",25.0,0.0002,3000,512,42,8901,0.0007697618566453457,0.0007018217584118247,0.0027109697090938033,0.0051358819868091606,3,4,3,4,4,3,4,4,3,3.625,4,37.62729024887085
"[64, 64, 64]",20.0,0.0002,2000,512,7,8901,0.002998645417392254,0.0018445265013724566,0.002750764043125715,0.005988173217076254,3,4,3,4,4,3,3,4,3,3.5,4,25.12007427215576
"[48, 48, 48]",20.0,0.0002,4000,1024,999,5141,0.0012518723960965872,0.001054686028510332,0.0027622626542049187,0.007161954923170494,3,3,4,5,4,4,3,4,3,3.75,5,51.460752964019775
"[64, 64, 64]",25.0,5e-05,4000,1024,7,8901,0.0031666860450059175,0.0025326088070869446,0.002781645616063479,0.004527804081582398,4,4,3,5,3,3,4,4,3,3.75,5,51.10607051849365
"[64, 64, 64]",25.0,5e-05,4000,1024,42,8901,0.0021269035059958696,0.0018438224215060472,0.0027853104884684506,0.0074003783281078326,3,3,4,4,3,4,3,5,3,3.625,5,51.09403371810913
"[64, 64, 64]",25.0,0.0002,2000,512,2024,8901,0.0024303828831762075,0.0017443656688556075,0.002789770133921756,0.006669920310347224,3,3,4,4,3,4,6,4,3,3.875,6,25.174335718154907
"[48, 48, 48]",20.0,0.0001,4000,1024,7,5141,0.0027198176831007004,0.0020378853660076857,0.002792753766933297,0.0044483437350712595,3,3,3,4,3,4,4,4,3,3.5,4,51.544084548950195
"[64, 64, 64]",25.0,0.0002,4000,512,7,8901,0.0008467903244309127,0.000589850707910955,0.002793790135009951,0.00818226063664602,3,3,5,5,3,3,3,4,3,3.625,5,50.13023543357849
"[48, 48, 48]",15.0,0.0002,3000,256,999,5141,0.0029317163862288,0.002386653795838356,0.002804873583316045,0.004603422405832513,3,3,4,4,3,4,4,4,3,3.625,4,37.4787540435791
"[48, 48, 48]",15.0,0.0002,3000,512,2024,5141,0.0014035279164090753,0.00132942502386868,0.002820694852946674,0.0056059243518339465,3,4,4,5,3,3,3,4,3,3.625,5,38.35207176208496
"[64, 64, 64]",25.0,0.0002,2000,512,7,8901,0.0025727511383593082,0.0016551301814615726,0.002842218841913224,0.0065351338567262475,3,4,4,4,3,4,3,4,3,3.625,4,25.17451548576355
"[32, 32, 32]",25.0,0.0001,4000,512,999,2405,0.005890331231057644,0.004824666306376457,0.002850779821180385,0.008584133253542918,4,4,5,4,4,3,3,4,3,3.875,5,51.55055260658264
"[48, 48, 48]",15.0,0.0002,4000,512,42,5141,0.001377701060846448,0.0011507554445415735,0.0028528406157760223,0.004888889121261402,4,4,3,4,3,3,3,4,3,3.5,4,51.250235080718994
"[48, 48, 48]",25.0,0.0001,3000,1024,137,5141,0.005457588471472263,0.003622444812208414,0.002862277383386142,0.006951662169342999,3,3,4,4,4,4,3,4,3,3.625,4,38.82853841781616
"[64, 64, 64]",20.0,0.0001,4000,512,42,8901,0.001136656035669148,0.0008762407815083861,0.002870647298614224,0.004568065826650119,3,4,4,4,3,3,5,4,3,3.75,5,50.1793007850647
"[64, 64, 64]",20.0,0.0001,3000,256,2024,8901,0.004377542994916439,0.0025071371346712112,0.0028789639369538656,0.007867614857050653,3,3,3,5,3,3,5,4,3,3.625,5,37.51049852371216
"[48, 48, 48]",25.0,0.0002,4000,1024,2024,5141,0.001334645668976009,0.0009469056385569274,0.0028873059851800744,0.007102650102424021,3,4,4,4,3,4,4,4,3,3.75,4,51.16476655006409
"[64, 64, 64]",25.0,0.0002,3000,512,7,8901,0.00107859936542809,0.0009448915952816606,0.002887866375496327,0.006235053655344866,4,3,4,4,3,4,3,4,3,3.625,4,37.59220337867737
"[48, 48, 48]",25.0,0.0002,4000,1024,999,5141,0.0014870852464810014,0.0012062171008437872,0.002946500436787278,0.0068571397256423534,3,4,4,4,3,4,3,5,3,3.75,5,50.781251192092896
"[64, 64, 64]",25.0,5e-05,4000,512,42,8901,0.0028280620463192463,0.0022508823312819004,0.0029503700212718084,0.008845567147098353,3,3,4,4,4,3,4,4,3,3.625,4,50.1877179145813
"[64, 64, 64]",20.0,0.0001,3000,512,7,8901,0.0037875790148973465,0.00226779468357563,0.002951144849977375,0.004495031626967742,3,4,3,4,3,4,3,5,3,3.625,5,37.6991081237793
"[64, 64, 64]",20.0,0.0002,4000,512,137,8901,0.0008248180383816361,0.0007497599581256509,0.002959045772236406,0.0054565766603245185,3,3,3,5,3,4,4,4,3,3.625,5,50.12102174758911
"[48, 48, 48]",20.0,0.0001,4000,1024,2024,5141,0.0032211695797741413,0.0024373256601393223,0.002963847412269448,0.005549126507445023,3,3,4,4,4,3,4,4,3,3.625,4,51.51559042930603
"[48, 48, 48]",25.0,0.0002,4000,256,7,5141,0.0024762530811131,0.0015273303724825382,0.0029655744239447065,0.007654911067099906,3,3,4,4,3,4,4,4,3,3.625,4,49.866239070892334
"[64, 64, 64]",25.0,0.0001,4000,512,2024,8901,0.0021720549557358027,0.0015559874009341002,0.002981324788449982,0.005987286554353983,4,4,4,4,3,3,3,4,3,3.625,4,50.133543491363525
"[64, 64, 64]",25.0,0.0001,3000,512,7,8901,0.0031325984746217728,0.0021972572430968285,0.002988460485491561,0.005026511534740478,3,3,4,4,4,4,3,4,3,3.625,4,37.69924783706665
"[64, 64, 64]",20.0,0.0001,4000,256,7,8901,0.0035157722886651754,0.0018393321661278605,0.002993960996516393,0.007620620969758108,4,4,4,4,3,3,4,4,3,3.75,4,50.10112643241882
"[48, 48, 48]",20.0,0.0002,3000,512,999,5141,0.0024988953955471516,0.002052009105682373,0.003002528214966444,0.00870384312988706,3,5,4,5,3,4,3,4,3,3.875,5,38.417688846588135
"[48, 48, 48]",15.0,0.0002,3000,1024,7,5141,0.0015639037592336535,0.0015282761305570602,0.003006339856011893,0.0058768514534141905,4,3,4,4,3,3,4,4,3,3.625,4,38.685794830322266
"[48, 48, 48]",25.0,0.0002,4000,512,2024,5141,0.0012562039773911238,0.0010339138098061085,0.0030097154482680785,0.008131382893703307,3,6,4,4,3,3,5,4,3,4.0,6,51.06221294403076
"[48, 48, 48]",25.0,0.0002,3000,512,2024,5141,0.0018188122194260359,0.0017029428854584694,0.003010189913168714,0.015017749161644596,3,5,5,5,3,4,3,3,3,3.875,5,38.40422439575195
"[64, 64, 64]",15.0,0.0001,3000,1024,42,8901,0.0014599261339753866,0.001244600280188024,0.0030128886112132484,0.008836177866890414,3,4,4,4,3,3,3,5,3,3.625,5,38.37331008911133
"[48, 48, 48]",15.0,0.0002,3000,1024,2024,5141,0.001319034374319017,0.00109907949808985,0.0030147358868416445,0.0072156974463316766,3,4,4,5,3,4,3,4,3,3.75,5,38.74005079269409
"[64, 64, 64]",15.0,0.0002,3000,512,137,8901,0.0013547203270718455,0.0012491412926465273,0.0030172944398244835,0.008273737375047647,3,4,5,4,3,3,3,4,3,3.625,5,37.65378403663635
"[48, 48, 48]",15.0,0.0002,4000,512,999,5141,0.0022209000308066607,0.0014451326569542289,0.003017862705066548,0.006797751843620363,4,4,4,5,3,4,3,4,3,3.875,5,51.26726794242859
"[64, 64, 64]",25.0,0.0002,2000,256,42,8901,0.0027644988149404526,0.0016043544746935368,0.003024243201697868,0.007444455389680431,4,4,4,4,3,3,3,4,3,3.625,4,24.97151517868042
"[48, 48, 48]",20.0,0.0002,2000,1024,42,5141,0.002722908044233918,0.0022537382319569588,0.0030313855526170968,0.008232089692609898,4,4,4,4,4,3,3,4,3,3.75,4,25.63485312461853
"[48, 48, 48]",15.0,0.0002,4000,1024,137,5141,0.0007543924730271101,0.0006443735910579562,0.003038757180127654,0.005611725281680788,3,4,4,4,3,3,3,4,3,3.5,4,51.49423575401306
"[64, 64, 64]",15.0,0.0001,3000,1024,2024,8901,0.002876788377761841,0.0021444824524223804,0.003048207826386191,0.009072958051582463,3,5,4,4,3,3,4,4,3,3.75,5,38.290573596954346
"[48, 48, 48]",20.0,0.0002,4000,1024,7,5141,0.0012255179462954402,0.0010240161791443825,0.003058949069104762,0.00612201709013848,3,3,3,4,3,4,3,5,3,3.5,5,51.23934602737427
"[64, 64, 64]",25.0,5e-05,4000,512,137,8901,0.00367091316729784,0.0031736004166305065,0.003060829631103818,0.008338078434551165,3,4,4,4,3,3,4,4,3,3.625,4,50.11668825149536
"[48, 48, 48]",25.0,0.0002,4000,512,137,5141,0.002324010245501995,0.0015060892328619957,0.003068422398866044,0.006340483008330584,3,4,4,4,4,3,3,4,3,3.625,4,51.23978662490845
"[48, 48, 48]",25.0,0.0002,2000,1024,42,5141,0.0028192116878926754,0.0022940775379538536,0.003072836649054329,0.008196191710709963,3,3,4,4,3,4,3,5,3,3.625,5,25.863789796829224
"[64, 64, 64]",20.0,0.0001,3000,1024,42,8901,0.0013530701398849487,0.001150710741057992,0.0030856888904624356,0.008810892035909656,3,4,4,4,3,3,3,5,3,3.625,5,38.34082245826721
"[64, 64, 64]",20.0,0.0001,3000,512,999,8901,0.002352713840082288,0.0019055160228163004,0.003093222861816446,0.008146919691562535,4,4,4,4,3,3,3,4,3,3.625,4,37.62705397605896
"[48, 48, 48]",25.0,0.0001,3000,1024,7,5141,0.002871619537472725,0.002770822262391448,0.0031114326576500186,0.004954882409059685,3,4,3,4,3,3,3,4,3,3.375,4,38.77039194107056
"[64, 64, 64]",20.0,0.0001,3000,1024,2024,8901,0.0028283516876399517,0.0020023086108267307,0.0031158213646710663,0.007421097163954631,3,5,3,4,4,5,3,4,3,3.875,5,38.412325859069824
"[64, 64, 64]",15.0,0.0002,3000,1024,999,8901,0.0009283455437980592,0.0007677169051021338,0.003116526451073046,0.006415403028849956,3,4,4,4,3,4,3,4,3,3.625,4,38.30094838142395
"[48, 48, 48]",20.0,0.0002,2000,256,137,5141,0.005980257876217365,0.0036484552547335625,0.003140659489891589,0.009459053783931658,3,4,3,4,3,4,4,4,3,3.625,4,25.193150520324707
"[64, 64, 64]",25.0,0.0001,3000,512,999,8901,0.0021133096888661385,0.0017092557391151786,0.0031570898664249405,0.004856045202589168,3,3,4,4,3,3,4,4,3,3.5,4,37.690075159072876
"[64, 64, 64]",25.0,0.0001,3000,512,137,8901,0.0019798914436250925,0.001896570436656475,0.0031581648035118523,0.012874821232230193,3,5,4,4,3,4,3,4,3,3.75,5,37.73913502693176
"[48, 48, 48]",15.0,0.0002,2000,512,2024,5141,0.0026846015825867653,0.0022884164936840534,0.003200413516671932,0.007549708968448208,3,3,4,4,3,3,3,4,3,3.375,4,25.60741376876831
"[64, 64, 64]",25.0,0.0001,2000,1024,42,8901,0.0028727364260703325,0.002247144700959325,0.0032005016871260836,0.011237449843506057,4,3,4,4,3,3,4,4,3,3.625,4,25.750025749206543
"[48, 48, 48]",20.0,0.0002,2000,256,999,5141,0.004517979919910431,0.003962509334087372,0.003200506721300642,0.006154675079473649,4,4,3,4,3,3,3,4,3,3.5,4,24.9490008354187
"[48, 48, 48]",25.0,0.0001,3000,1024,999,5141,0.005109948106110096,0.0038710488006472588,0.0032068451877143456,0.011011343517681835,3,3,4,4,4,3,3,5,3,3.625,5,38.79801559448242
"[48, 48, 48]",20.0,0.0001,4000,512,7,5141,0.0029129027388989925,0.002594069577753544,0.0032116212107359023,0.008426827638027561,4,3,4,4,3,3,4,6,3,3.875,6,51.44734787940979
"[48, 48, 48]",20.0,0.0002,3000,512,42,5141,0.0018415614031255245,0.0016761771403253078,0.003230821059072939,0.01059637513085094,4,4,4,4,3,3,4,4,3,3.75,4,38.67704176902771
"[48, 48, 48]",25.0,0.0002,3000,512,137,5141,0.00274152890779078,0.0022333867382258177,0.003231033408665169,0.007982249322986823,4,3,4,5,3,3,3,4,3,3.625,5,38.51517605781555
"[48, 48, 48]",20.0,0.0001,3000,1024,7,5141,0.003149905940517783,0.0029763400088995695,0.0032363746991788235,0.008872720639751969,4,3,3,5,3,4,3,4,3,3.625,5,38.59318137168884
"[64, 64, 64]",20.0,0.0001,4000,256,137,8901,0.0036707264371216297,0.0021295819897204638,0.0032495298501966233,0.007590599051993365,3,5,4,4,4,3,3,4,3,3.75,5,50.098957777023315
"[64, 64, 64]",25.0,0.0002,3000,256,137,8901,0.002141157863661647,0.0011658123694360256,0.00324957947608235,0.006699923422330967,4,3,3,4,3,4,3,5,3,3.625,5,37.56406903266907
"[48, 48, 48]",15.0,0.0002,4000,512,7,5141,0.0014250477543100715,0.0012985431822016835,0.0032531149922361436,0.006568975840752696,3,3,4,4,3,4,4,4,3,3.625,4,51.21280026435852
"[64, 64, 64]",15.0,0.0002,4000,512,999,8901,0.0008066369919106364,0.0006118147284723818,0.0032587622398960485,0.007817057910676382,3,4,3,5,3,4,3,4,3,3.625,5,50.218143939971924
"[48, 48, 48]",20.0,0.0001,4000,512,2024,5141,0.003525730688124895,0.0025775558315217495,0.0032851824331445916,0.011284257377578391,3,3,4,4,3,3,4,5,3,3.625,5,51.128199100494385
"[64, 64, 64]",20.0,5e-05,4000,512,137,8901,0.003902801312506199,0.003296677488833666,0.0032974737654527606,0.0051644719126761685,3,4,4,4,3,3,3,4,3,3.5,4,50.19255757331848
"[64, 64, 64]",25.0,0.0001,3000,1024,137,8901,0.0019370003137737513,0.0016004121862351894,0.003315289383506932,0.006616462515837402,3,4,3,4,3,4,3,5,3,3.625,5,38.75090980529785
"[48, 48, 48]",20.0,0.0002,3000,1024,137,5141,0.0016610539751127362,0.0013541491935029626,0.0033169388340973634,0.008191215759336614,3,3,4,4,3,3,3,4,3,3.375,4,38.542911767959595
"[48, 48, 48]",15.0,0.0001,4000,512,7,5141,0.003445363137871027,0.002864955924451351,0.0033182403457721658,0.007295091617171958,3,4,5,5,3,3,3,4,3,3.75,5,51.44183945655823
"[64, 64, 64]",25.0,0.0001,3000,512,42,8901,0.0016526689287275076,0.001439305953681469,0.003336948002381614,0.007708745702212862,3,5,3,4,3,3,4,4,3,3.625,5,37.65138268470764
"[48, 48, 48]",15.0,0.0002,3000,512,42,5141,0.0019129058346152306,0.0017152235377579927,0.0033380831950551868,0.00828714612305651,3,4,4,4,3,3,4,4,3,3.625,4,38.30763053894043
"[64, 64, 64]",20.0,0.0001,4000,256,2024,8901,0.002646554494276643,0.0016720378771424294,0.003344749977626052,0.0069221928121097126,3,3,3,4,3,4,5,4,3,3.625,5,49.959977865219116
"[64, 64, 64]",25.0,0.0001,4000,256,42,8901,0.0018280786462128162,0.0012985647190362215,0.003351276241605,0.007402847943747904,3,3,4,4,4,3,3,4,3,3.5,4,50.04002404212952
"[64, 64, 64]",20.0,0.0001,4000,512,2024,8901,0.0019460951443761587,0.0013923007063567638,0.0033544798276289485,0.007620849761632836,4,3,4,4,3,3,3,5,3,3.625,5,50.2653648853302
"[48, 48, 48]",15.0,0.0002,2000,1024,7,5141,0.0029272539541125298,0.002723966958001256,0.003360415096678232,0.008453099636321074,3,3,4,4,3,3,4,4,3,3.5,4,25.64035725593567
"[48, 48, 48]",15.0,0.0002,4000,256,7,5141,0.0032136021181941032,0.0017345119267702103,0.003364231151624575,0.009419328762684717,3,4,4,4,3,4,3,4,3,3.625,4,50.305622577667236
"[64, 64, 64]",25.0,0.0001,4000,256,137,8901,0.0032890646252781153,0.0016853094566613436,0.00336802629112216,0.006342148997228166,3,4,3,4,3,4,3,4,3,3.5,4,50.04928755760193
"[48, 48, 48]",20.0,0.0001,4000,256,42,5141,0.004215016961097717,0.002915007993578911,0.003379517969854327,0.011318824168898343,3,4,4,4,3,3,4,4,3,3.625,4,50.04798889160156
"[64, 64, 64]",15.0,0.0001,3000,1024,7,8901,0.002715958748012781,0.0021502231247723103,0.0034042919937546197,0.006843828209576925,3,3,3,6,3,3,3,4,3,3.5,6,38.37585425376892
"[48, 48, 48]",20.0,0.0002,4000,1024,137,5141,0.0010522801894694567,0.0008891927427612245,0.0034074165808141666,0.00684353419870035,3,4,3,5,3,3,3,4,3,3.5,5,51.7988224029541
"[48, 48, 48]",20.0,0.0001,4000,1024,42,5141,0.00207946402952075,0.0016477996250614524,0.003427482756697268,0.007909538925590062,3,4,3,4,3,3,3,5,3,3.5,5,52.136070013046265
"[64, 64, 64]",20.0,0.0001,2000,1024,2024,8901,0.004745153710246086,0.0036885328590869904,0.003430688695399214,0.006579785606995625,3,3,3,4,5,4,3,4,3,3.625,5,25.546980619430542
"[64, 64, 64]",25.0,0.0001,4000,256,7,8901,0.0028428451623767614,0.0016590921441093087,0.003434610493728093,0.006953779017231094,3,4,5,4,3,3,4,4,3,3.75,5,50.10818600654602
"[64, 64, 64]",25.0,0.0001,3000,256,2024,8901,0.003944753669202328,0.002552672056481242,0.0034360241373911082,0.015772909356641912,4,3,4,4,3,4,5,3,3,3.75,5,37.59860062599182
"[48, 48, 48]",25.0,0.0002,4000,512,7,5141,0.0012443820014595985,0.0012127794325351715,0.0034389489846722993,0.007603770205069722,3,4,4,4,4,4,3,4,3,3.75,4,51.0515570640564
"[64, 64, 64]",25.0,0.0001,4000,256,999,8901,0.0018479039426892996,0.0014686188660562038,0.003463174090111601,0.006331981184591367,3,3,4,4,3,4,3,4,3,3.5,4,50.029491901397705
"[64, 64, 64]",15.0,0.0002,2000,1024,7,8901,0.002103276550769806,0.001720505184493959,0.00346670299412443,0.007560936942868613,3,3,3,4,4,3,4,4,3,3.5,4,25.576446056365967
"[48, 48, 48]",20.0,0.0002,4000,256,137,5141,0.0020461413078010082,0.0014195278054103255,0.00346944791286354,0.006473469421988886,3,3,4,5,3,3,3,4,3,3.5,5,50.202999114990234
"[48, 48, 48]",15.0,0.0002,2000,256,42,5141,0.004511827602982521,0.00357819814234972,0.003478888169958398,0.007381564800306935,3,4,3,4,3,3,4,4,3,3.5,4,25.24979257583618
"[64, 64, 64]",20.0,0.0001,2000,1024,999,8901,0.004438620060682297,0.002949257381260395,0.0034805945479887694,0.009128548651657319,3,3,3,4,3,4,3,4,3,3.375,4,25.56812357902527
"[64, 64, 64]",25.0,5e-05,4000,1024,137,8901,0.0033522960729897022,0.002426235470920801,0.003485876385604626,0.008398809632155797,3,4,4,4,3,4,3,4,3,3.625,4,51.13046360015869
"[64, 64, 64]",15.0,0.0002,3000,512,7,8901,0.0013980981893837452,0.001175066689029336,0.0034980082155188687,0.008353791675141999,4,3,3,4,3,3,4,4,3,3.5,4,37.58460330963135
"[64, 64, 64]",15.0,0.0001,4000,1024,7,8901,0.0016878624446690083,0.0014022639952600002,0.003501742402660278,0.007528731176652229,3,3,4,4,3,3,3,4,3,3.375,4,51.12357807159424
"[64, 64, 64]",20.0,0.0002,2000,256,42,8901,0.0015822745626792312,0.0013575463090091944,0.0035044158858736126,0.007407886918763994,3,3,4,4,4,3,3,4,3,3.5,4,25.070882081985474
"[64, 64, 64]",20.0,0.0001,3000,256,42,8901,0.0018393752397969365,0.001577446237206459,0.003506506820470967,0.010165541100187978,4,3,4,4,3,4,3,5,3,3.75,5,37.63105273246765
"[48, 48, 48]",25.0,0.0002,3000,1024,999,5141,0.0022624842822551727,0.0018123270710930228,0.003512117674526905,0.009325895165421637,3,3,3,5,4,4,3,4,3,3.625,5,38.51049327850342
"[32, 32, 32]",20.0,0.0001,4000,1024,7,2405,0.012253123335540295,0.007811223156750202,0.003515798149402916,0.006834017518303858,3,3,4,4,3,4,3,4,3,3.5,4,51.738813638687134
"[64, 64, 64]",20.0,0.0002,2000,1024,999,8901,0.0011509084142744541,0.0008840520167723298,0.003517100415671984,0.008735880802191521,3,4,4,4,3,3,3,7,3,3.875,7,25.513267278671265
"[64, 64, 64]",20.0,0.0002,4000,1024,137,8901,0.0006983821513131261,0.0005623609758913517,0.0035307275600964102,0.005358293273163537,3,3,3,4,3,4,4,4,3,3.5,4,51.16800928115845
"[48, 48, 48]",20.0,0.0002,2000,1024,137,5141,0.0030288719572126865,0.002522273687645793,0.003544500466248958,0.007282216946921258,4,4,3,4,3,3,3,4,3,3.5,4,25.845410108566284
"[48, 48, 48]",25.0,0.0001,4000,512,7,5141,0.002707861131057143,0.00261292839422822,0.003548428967072351,0.010521742222298082,3,4,4,4,3,4,3,4,3,3.625,4,51.30236744880676
"[64, 64, 64]",20.0,0.0001,4000,256,42,8901,0.0010677588870748878,0.000990747008472681,0.003566801301208791,0.00616348009604227,3,4,3,4,3,4,3,4,3,3.5,4,50.02006459236145
"[64, 64, 64]",15.0,0.0002,2000,512,2024,8901,0.0028542685322463512,0.0020218580029904842,0.0035784860950006303,0.009893895176505333,3,6,4,5,3,3,3,4,3,3.875,6,25.09747076034546
"[64, 64, 64]",15.0,0.0001,4000,512,137,8901,0.002021769993007183,0.0017658518627285957,0.00358159389989522,0.008746872641892159,3,3,3,4,3,3,4,4,3,3.375,4,50.159645080566406
"[64, 64, 64]",15.0,0.0002,4000,256,999,8901,0.001049469574354589,0.000751033250708133,0.003589979815781477,0.007969085018218238,3,4,3,4,3,4,4,4,3,3.625,4,50.04419803619385
"[48, 48, 48]",25.0,5e-05,4000,1024,42,5141,0.004967773798853159,0.003911320120096207,0.0035905780708999618,0.013401509284000496,5,4,3,4,3,3,4,3,3,3.625,5,51.39453601837158
"[48, 48, 48]",15.0,0.0002,3000,512,999,5141,0.0023670124355703592,0.0020268126390874386,0.003590930261909918,0.008707996069842289,3,3,4,4,3,3,3,4,3,3.375,4,38.53630709648132
"[48, 48, 48]",20.0,0.0002,2000,1024,7,5141,0.0031611935701221228,0.0027680753264576197,0.0036058971094118566,0.006712465571285162,3,3,4,4,3,4,4,4,3,3.625,4,25.885945320129395
"[48, 48, 48]",20.0,5e-05,4000,512,137,5141,0.007215856574475765,0.005192250944674015,0.0036086295951663775,0.011212227616020188,3,4,3,4,4,4,4,4,3,3.75,4,51.50709342956543
"[48, 48, 48]",25.0,0.0002,4000,256,999,5141,0.0025826848577708006,0.0017898895312100649,0.0036548882995954693,0.008063484849623955,3,4,4,4,3,4,3,4,3,3.625,4,49.68418216705322
"[48, 48, 48]",15.0,0.0002,2000,1024,2024,5141,0.002592314500361681,0.0019425458740442991,0.003677786610756314,0.00792521645198102,3,4,3,4,3,4,4,4,3,3.625,4,25.614338636398315
"[48, 48, 48]",25.0,0.0002,3000,1024,2024,5141,0.0016863405471667647,0.0013475558953359723,0.0036874663464983846,0.00729878302198618,4,4,3,4,3,4,3,4,3,3.625,4,38.33279538154602
"[64, 64, 64]",15.0,0.0002,2000,1024,137,8901,0.0016754954122006893,0.0016754954122006893,0.003699952706592128,0.0076412482291945,3,4,4,4,3,5,4,4,3,3.875,5,25.490936756134033
"[64, 64, 64]",25.0,0.0002,3000,1024,7,8901,0.0009820882696658373,0.0007988459547050297,0.003702313513331527,0.0043834837126385815,3,3,4,4,3,3,3,4,3,3.375,4,38.38422107696533
"[48, 48, 48]",15.0,0.0001,4000,256,137,5141,0.003466076450422406,0.0020829844288527966,0.003703286018100997,0.010421471247567466,4,3,3,3,4,4,4,4,3,3.625,4,50.00987529754639
"[64, 64, 64]",20.0,0.0002,3000,1024,7,8901,0.0011931038461625576,0.0008557225810363889,0.0037049716163953745,0.006227704109726988,3,3,4,4,3,3,4,4,3,3.5,4,38.33513951301575
"[48, 48, 48]",25.0,0.0002,2000,1024,137,5141,0.003740683663636446,0.0031178004574030638,0.003727728549602978,0.012193181935605639,3,4,3,4,4,4,5,3,3,3.75,5,26.122749090194702
"[48, 48, 48]",20.0,0.0002,3000,512,2024,5141,0.002377595752477646,0.0020454940386116505,0.0037370635499690014,0.008055248796716158,4,4,4,4,3,3,3,4,3,3.625,4,38.58153414726257
"[64, 64, 64]",20.0,0.0001,3000,1024,137,8901,0.0024983384646475315,0.0019277515821158886,0.0037491897529758986,0.006585235225920498,4,3,3,4,4,4,3,4,3,3.625,4,38.334490060806274
"[48, 48, 48]",25.0,0.0002,3000,256,137,5141,0.003815661184489727,0.0023599236737936735,0.0037609966631847493,0.00977725351997694,4,4,3,4,3,4,3,4,3,3.625,4,38.5368173122406
"[48, 48, 48]",25.0,0.0001,3000,1024,2024,5141,0.003948015160858631,0.0032841921783983707,0.0037612487345967133,0.017960339201516833,4,4,3,4,4,3,4,5,3,3.875,5,38.82375359535217
"[48, 48, 48]",20.0,0.0002,3000,256,137,5141,0.0025246087461709976,0.002108778804540634,0.0037631248481754804,0.007456639675457371,3,3,3,5,3,3,3,4,3,3.375,5,37.684598207473755
"[48, 48, 48]",25.0,0.0002,2000,1024,2024,5141,0.0031782875303179026,0.0026216390542685986,0.0038304922930072526,0.008508449182049004,4,3,5,4,3,3,3,5,3,3.75,5,26.002079725265503
"[64, 64, 64]",20.0,0.0001,3000,512,2024,8901,0.0033453977666795254,0.0022272595670074224,0.003832627284503709,0.008298761015212588,3,3,3,4,4,3,4,5,3,3.625,5,37.603209018707275
"[64, 64, 64]",20.0,0.0002,2000,256,2024,8901,0.0026742382906377316,0.002154538407921791,0.003837101567043635,0.00975178894816593,3,4,4,4,3,4,4,4,3,3.75,4,25.08770751953125
"[64, 64, 64]",15.0,0.0002,3000,512,42,8901,0.0007925602840259671,0.000719007570296526,0.0038403169953183745,0.010996930356424508,3,4,3,4,3,4,3,4,3,3.5,4,37.57429051399231
"[64, 64, 64]",25.0,0.0002,2000,256,137,8901,0.002584548434242606,0.0021342372056096792,0.0038451189899065025,0.01260395503076144,4,4,3,4,3,3,3,4,3,3.5,4,24.995452165603638
"[64, 64, 64]",25.0,0.0002,2000,512,999,8901,0.0018575642025098205,0.0014984173467382789,0.0038465420878027188,0.007788417124077033,3,3,3,4,3,4,3,4,3,3.375,4,25.17526149749756
"[48, 48, 48]",25.0,0.0002,4000,256,42,5141,0.0018379462417215109,0.0014860598603263497,0.003859069359940687,0.006616473473047582,3,3,5,4,4,4,3,4,3,3.75,5,50.423824071884155
"[64, 64, 64]",20.0,5e-05,4000,1024,999,8901,0.0033871647901833057,0.0025749686174094677,0.0038661231566662173,0.010891151791867466,4,3,4,4,3,3,4,4,3,3.625,4,51.105358362197876
"[64, 64, 64]",20.0,0.0001,2000,1024,7,8901,0.0039261989295482635,0.0032322085462510586,0.0038721805054242275,0.008405419144855736,3,3,3,4,3,4,4,4,3,3.5,4,25.56479263305664
"[48, 48, 48]",15.0,0.0002,4000,256,999,5141,0.002741841599345207,0.001714758574962616,0.003880533804803071,0.008637639735615982,3,3,5,4,3,4,5,4,3,3.875,5,50.15263271331787
"[48, 48, 48]",25.0,0.0002,4000,512,999,5141,0.0020307530649006367,0.001480062841437757,0.003906209362536969,0.008459635546952267,3,4,3,5,4,3,3,4,3,3.625,5,50.960617542266846
"[48, 48, 48]",25.0,0.0002,2000,1024,7,5141,0.002978269476443529,0.0027043898589909077,0.003911893036533596,0.012865728206252947,3,4,4,4,3,4,3,3,3,3.5,4,25.956029891967773
"[64, 64, 64]",15.0,0.0002,2000,1024,42,8901,0.0012385316658765078,0.0009732666658237576,0.003917484891947849,0.006635494880491012,3,4,4,4,3,3,3,4,3,3.5,4,25.569262266159058
"[64, 64, 64]",20.0,0.0001,2000,1024,42,8901,0.002861795946955681,0.002222913783043623,0.003921791676222922,0.011839319638349327,4,3,4,5,3,4,3,5,3,3.875,5,25.550974369049072
"[48, 48, 48]",25.0,0.0001,4000,512,2024,5141,0.002970232395455241,0.002291471930220723,0.003930679576140627,0.007640198986199856,4,3,3,4,3,3,3,4,3,3.375,4,51.49650502204895
"[48, 48, 48]",25.0,0.0001,4000,512,137,5141,0.004420806188136339,0.0029379460029304028,0.003932408728265439,0.008539862994348625,3,3,3,4,3,4,4,4,3,3.5,4,51.44471001625061
"[64, 64, 64]",20.0,0.0002,2000,1024,7,8901,0.0020212349481880665,0.001557525945827365,0.003935353105417865,0.007949199033572168,3,3,3,4,4,4,3,4,3,3.5,4,25.588307857513428
"[64, 64, 64]",15.0,0.0001,4000,256,2024,8901,0.0035594217479228973,0.0020615968387573957,0.003936920244414602,0.006500410745529269,3,3,4,4,3,3,3,4,3,3.375,4,50.11004853248596
"[32, 32, 32]",20.0,0.0002,4000,1024,42,2405,0.0037454667035490274,0.003056577406823635,0.003936985533736597,0.009883152913422245,3,4,4,4,3,3,3,4,3,3.5,4,51.64439868927002
"[64, 64, 64]",25.0,0.0002,3000,256,999,8901,0.0016281537245959044,0.001013473724015057,0.003949006479789845,0.007359444649239502,3,3,3,4,3,4,4,4,3,3.5,4,37.53203320503235
"[48, 48, 48]",15.0,0.0001,4000,512,42,5141,0.002869823481887579,0.0021592644043266773,0.003949370799061286,0.010988698341261177,3,4,3,4,4,4,3,4,3,3.625,4,51.36923599243164
"[64, 64, 64]",15.0,0.0002,2000,512,7,8901,0.0029078382067382336,0.0020354371517896652,0.003950390594562196,0.010401790414747798,3,4,3,5,3,3,4,4,3,3.625,5,25.100359678268433
"[64, 64, 64]",25.0,0.0002,2000,256,2024,8901,0.003000295953825116,0.002091171219944954,0.003965721300383458,0.0076985358492314875,3,3,4,4,3,4,3,4,3,3.5,4,24.992526054382324
"[64, 64, 64]",25.0,0.0002,2000,1024,999,8901,0.0019026603549718857,0.0012568319216370583,0.003967240204688779,0.0071745811855393376,3,3,3,4,3,3,3,4,3,3.25,4,25.576050758361816
"[48, 48, 48]",25.0,0.0001,3000,1024,42,5141,0.003152817953377962,0.002639563288539648,0.0039867421790246264,0.009459557324332277,3,4,3,5,3,3,4,4,3,3.625,5,38.971372842788696
"[64, 64, 64]",20.0,0.0001,3000,256,7,8901,0.004830650053918362,0.0025421991012990475,0.003989570433750041,0.010232608252622892,3,4,4,5,3,4,3,4,3,3.75,5,37.531057357788086
"[64, 64, 64]",25.0,0.0001,2000,512,7,8901,0.005882797762751579,0.003794156713411212,0.003999527769453792,0.010696623132750004,3,3,4,5,3,4,3,4,3,3.625,5,25.10754704475403
"[48, 48, 48]",25.0,0.0001,3000,512,137,5141,0.005651991348713636,0.0046962955966591835,0.0040034593177659655,0.007344644376012666,3,3,4,4,3,3,4,4,3,3.5,4,38.72721481323242
"[32, 32, 32]",15.0,0.0002,3000,1024,999,2405,0.0028054462745785713,0.0020953817293047905,0.0040034724838292155,0.008790499646798415,3,3,3,4,3,3,6,5,3,3.75,6,38.70802855491638
"[64, 64, 64]",25.0,0.0001,4000,512,7,8901,0.0019948198460042477,0.0013606747379526496,0.004009882361358816,0.0069771320991101156,3,3,4,4,3,3,3,4,3,3.375,4,50.20578336715698
"[64, 64, 64]",25.0,0.0002,2000,256,7,8901,0.0027573122642934322,0.0023529212921857834,0.004030399952099407,0.00984804914253572,3,5,3,3,5,3,4,4,3,3.75,5,25.003554821014404
"[48, 48, 48]",20.0,0.0001,4000,1024,137,5141,0.0025066391099244356,0.0019030279945582151,0.0040511536784873505,0.01176462951863893,3,3,4,4,3,4,4,4,3,3.625,4,51.75396800041199
"[48, 48, 48]",20.0,0.0002,4000,512,999,5141,0.0019625453278422356,0.0013630585744976997,0.004057725761599049,0.006779823418838179,3,4,3,4,3,3,3,4,3,3.375,4,51.02885675430298
"[48, 48, 48]",15.0,0.0001,4000,1024,137,5141,0.0015812425408512354,0.0013427877565845847,0.004061625413241272,0.008919635285004973,3,4,3,4,3,3,3,4,3,3.375,4,51.40401363372803
"[48, 48, 48]",15.0,0.0002,3000,256,7,5141,0.004027605522423983,0.0026616305112838745,0.004066076359674558,0.0078816837100808,3,3,4,4,3,3,3,4,3,3.375,4,37.58501434326172
"[64, 64, 64]",25.0,0.0002,4000,512,137,8901,0.0007493700250051916,0.0006588328978978097,0.004067183483227933,0.008165699905774884,3,3,3,4,3,4,4,4,3,3.5,4,50.20019602775574
"[48, 48, 48]",20.0,0.0002,3000,256,7,5141,0.003127375151962042,0.00208375696092844,0.00406737513135338,0.0067880005317093395,3,3,3,4,3,3,4,4,3,3.375,4,37.66705107688904
"[48, 48, 48]",20.0,0.0001,4000,256,137,5141,0.0045583732426166534,0.002642958890646696,0.004067479776065911,0.009681967655754754,3,4,3,4,4,3,3,4,3,3.5,4,50.21085166931152
"[48, 48, 48]",15.0,0.0002,4000,256,42,5141,0.0022634249180555344,0.0016511493595317006,0.004083219832498597,0.007317382499796713,3,3,4,4,3,3,3,4,3,3.375,4,50.27191090583801
"[48, 48, 48]",20.0,0.0002,4000,512,42,5141,0.0014753970317542553,0.0011751336278393865,0.0041051780020760625,0.009652638754753298,3,3,4,4,3,3,3,4,3,3.375,4,50.919803619384766
"[64, 64, 64]",25.0,5e-05,4000,512,999,8901,0.005835103336721659,0.0026774241123348475,0.004106393750987857,0.006886754105799837,3,3,3,4,3,4,4,4,3,3.5,4,50.20235013961792
"[64, 64, 64]",20.0,5e-05,4000,512,999,8901,0.006022168323397636,0.0029715653508901596,0.004109232818401002,0.013037079955056846,3,3,3,4,3,4,4,5,3,3.625,5,50.194210052490234
"[48, 48, 48]",20.0,0.0001,4000,512,999,5141,0.004874761216342449,0.0031056487932801247,0.004117943874299763,0.0086800583548217,3,4,3,4,4,3,3,4,3,3.5,4,51.25854301452637
"[64, 64, 64]",20.0,5e-05,4000,1024,42,8901,0.0022168392315506935,0.00181806820910424,0.00412408991473772,0.007644409220535532,4,3,3,4,3,3,4,4,3,3.5,4,51.165879249572754
"[48, 48, 48]",25.0,5e-05,4000,256,137,5141,0.014306205324828625,0.007275105454027653,0.004129290296454812,0.007519685133343418,3,3,3,5,4,4,3,4,3,3.625,5,50.12715196609497
"[64, 64, 64]",25.0,0.0002,2000,512,137,8901,0.003113016951829195,0.0017588991904631257,0.004129355587166744,0.009348243811586459,3,3,3,5,3,4,4,4,3,3.625,5,25.16357135772705
"[48, 48, 48]",25.0,0.0002,4000,1024,137,5141,0.0012742436956614256,0.0011050563771277666,0.004153915801524202,0.008721755238967493,3,4,4,4,3,3,3,4,3,3.5,4,51.52975392341614
"[64, 64, 64]",25.0,5e-05,4000,1024,2024,8901,0.004305022768676281,0.0025661487597972155,0.004184077693874201,0.011202143966845471,3,3,4,4,3,4,3,3,3,3.375,4,51.13889956474304
"[64, 64, 64]",15.0,0.0001,3000,512,2024,8901,0.003940989263355732,0.0027020976413041353,0.004188153421468498,0.007814807017500041,3,3,3,4,3,4,4,4,3,3.5,4,37.63273501396179
"[32, 32, 32]",20.0,0.0002,3000,1024,42,2405,0.005749991163611412,0.004608955234289169,0.004227005319228188,0.015094567836857154,3,4,4,3,3,5,3,4,3,3.625,5,38.67579245567322
"[48, 48, 48]",15.0,0.0002,2000,1024,137,5141,0.0021692346781492233,0.0019297213293612003,0.004284734291612851,0.009546998934506676,3,4,4,4,3,3,3,4,3,3.5,4,25.645199060440063
"[48, 48, 48]",20.0,0.0002,4000,256,42,5141,0.0017382025253027678,0.0013285381719470024,0.004287372401727625,0.008299869617368788,3,3,4,4,3,3,3,5,3,3.5,5,50.37690305709839
"[32, 32, 32]",25.0,0.0002,4000,256,137,2405,0.009157603606581688,0.004432634450495243,0.004288368354232795,0.011583454328914415,3,4,3,4,3,4,3,4,3,3.5,4,50.454198360443115
"[64, 64, 64]",15.0,0.0001,3000,512,7,8901,0.0033411476761102676,0.0023450180888175964,0.004292249216620574,0.009323147850257882,3,4,3,4,3,3,5,4,3,3.625,5,37.59946584701538
"[48, 48, 48]",25.0,0.0001,2000,1024,137,5141,0.007986042648553848,0.006436171010136604,0.00430261150009454,0.013059828600950157,4,3,4,5,3,4,3,3,3,3.625,5,25.7513906955719
"[64, 64, 64]",25.0,5e-05,4000,256,137,8901,0.0065485755912959576,0.0037601375952363014,0.004321652105361086,0.012015795438239331,5,4,4,4,3,3,3,3,3,3.625,5,50.13719058036804
"[48, 48, 48]",20.0,0.0001,3000,256,42,5141,0.010585635900497437,0.0041917855851352215,0.004329535606683071,0.0098629012933854,3,3,4,4,3,4,3,4,3,3.5,4,37.488394260406494
"[32, 32, 32]",25.0,0.0002,4000,512,42,2405,0.0036338483914732933,0.0031502649653702974,0.004343207903417598,0.011297909205445841,3,4,3,4,3,3,3,4,3,3.375,4,50.9795298576355
"[64, 64, 64]",15.0,0.0002,3000,256,137,8901,0.0022677097003906965,0.0012947942595928907,0.004343633939043987,0.010027243123553187,3,3,3,3,4,4,4,4,3,3.5,4,37.524895906448364
"[32, 32, 32]",15.0,0.0002,4000,1024,999,2405,0.001610266393981874,0.0014713016571477056,0.004359065798721097,0.008220483050940305,3,4,5,4,3,3,3,4,3,3.625,5,51.8827691078186
"[64, 64, 64]",15.0,0.0002,2000,512,137,8901,0.003781068604439497,0.0022558928467333317,0.004368777446567253,0.012417202563025429,3,4,3,5,3,3,4,4,3,3.625,5,25.083380699157715
"[48, 48, 48]",25.0,0.0001,4000,512,999,5141,0.004479126073420048,0.003171599702909589,0.004375878424834732,0.011251354520506183,4,3,3,4,3,4,3,5,3,3.625,5,51.3659884929657
"[48, 48, 48]",20.0,0.0002,2000,1024,999,5141,0.003698222804814577,0.002792506478726864,0.004379442971533449,0.009499320643609664,3,4,4,4,3,3,3,4,3,3.5,4,25.813926219940186
"[48, 48, 48]",15.0,0.0002,3000,256,137,5141,0.002018858678638935,0.0016849457751959562,0.004384596228166691,0.009611758899583824,3,3,4,6,4,3,4,4,3,3.875,6,37.67253112792969
"[48, 48, 48]",25.0,0.0001,4000,512,42,5141,0.0030146681237965822,0.0022048484534025192,0.00438736435851093,0.014802855431531212,4,4,3,4,3,4,3,5,3,3.75,5,51.23991632461548
"[64, 64, 64]",25.0,0.0002,3000,256,7,8901,0.0020531974732875824,0.0013908169930800796,0.004411730690768277,0.008174334012418178,3,3,4,4,4,3,3,4,3,3.5,4,37.58103156089783
"[48, 48, 48]",20.0,0.0002,2000,256,7,5141,0.0038109661545604467,0.0035016473848372698,0.004421512498778904,0.011300580531794537,3,3,3,4,3,4,4,3,3,3.375,4,24.952597618103027
"[32, 32, 32]",20.0,0.0002,3000,1024,2024,2405,0.007348325103521347,0.0054743001237511635,0.004431087992475518,0.00935301425869147,3,3,3,4,3,3,4,4,3,3.375,4,38.65839433670044
"[64, 64, 64]",25.0,0.0001,2000,256,137,8901,0.005120063666254282,0.004498708061873913,0.004448951753865636,0.006723130061531718,3,3,3,4,3,3,3,4,3,3.25,4,25.013748168945312
"[48, 48, 48]",15.0,0.0001,3000,1024,2024,5141,0.002695460105314851,0.0022289822809398174,0.004461156017327955,0.011107594718655044,3,3,3,4,3,3,4,4,3,3.375,4,38.764983892440796
"[48, 48, 48]",15.0,0.0002,3000,1024,999,5141,0.0023208200000226498,0.0017078020609915257,0.004461297558787011,0.011321037413300863,3,3,4,4,3,4,3,4,3,3.5,4,38.809595584869385
"[64, 64, 64]",25.0,0.0001,2000,512,999,8901,0.0042149946093559265,0.0033668880350887775,0.004475940057158744,0.010215479869276707,3,3,4,4,3,5,3,4,3,3.625,5,25.17450523376465
"[48, 48, 48]",20.0,0.0002,3000,256,999,5141,0.002739284886047244,0.0025877265725284815,0.004489423625225053,0.0076625619485325164,3,3,4,4,3,3,3,4,3,3.375,4,37.81368017196655
"[64, 64, 64]",15.0,0.0001,4000,256,7,8901,0.0038208523765206337,0.0021162796765565872,0.004502795839549762,0.007208311408406273,3,3,3,4,3,3,3,5,3,3.375,5,50.09770464897156
"[48, 48, 48]",20.0,0.0001,3000,1024,42,5141,0.003132784739136696,0.002568223048001528,0.004509152155666432,0.00909429626606103,3,4,3,4,3,3,3,4,3,3.375,4,38.66591262817383
"[32, 32, 32]",25.0,0.0002,2000,256,42,2405,0.013612980023026466,0.008591067977249622,0.0045121818617448375,0.010941390883906736,3,4,4,5,3,3,3,3,3,3.5,5,25.23878836631775
"[48, 48, 48]",20.0,0.0001,3000,512,42,5141,0.003545502433553338,0.0032454170286655426,0.004541102086000752,0.00996717838194947,3,3,3,4,3,3,4,4,3,3.375,4,38.91287684440613
"[48, 48, 48]",15.0,0.0002,3000,256,2024,5141,0.002080806065350771,0.0017328367102891207,0.004544874136328251,0.010701862147719721,4,4,3,5,3,4,3,4,3,3.75,5,37.71913123130798
"[48, 48, 48]",25.0,0.0002,3000,512,7,5141,0.0022725644521415234,0.0018099431181326509,0.004549001245390233,0.009200747287473863,3,5,3,4,3,4,3,4,3,3.625,5,38.51110363006592
"[48, 48, 48]",20.0,0.0001,4000,256,7,5141,0.005271803122013807,0.002868564799427986,0.0045530767342297825,0.008927767043702255,3,3,3,4,3,3,3,4,3,3.25,4,50.15795946121216
"[48, 48, 48]",20.0,0.0001,4000,1024,999,5141,0.0027108003851026297,0.0022574528120458126,0.00455427820467492,0.015017457905922373,3,3,4,4,3,4,3,4,3,3.5,4,51.28996777534485
"[64, 64, 64]",25.0,5e-05,4000,1024,999,8901,0.002511845901608467,0.0021403045393526554,0.004555146204586874,0.01076664627308333,4,3,4,4,3,3,3,3,3,3.375,4,51.16034150123596
"[64, 64, 64]",15.0,0.0001,3000,1024,999,8901,0.0024922946467995644,0.0018268413841724396,0.004572201634037626,0.008657611983044438,3,3,4,4,3,3,4,4,3,3.5,4,38.285428285598755
"[64, 64, 64]",15.0,0.0001,3000,1024,137,8901,0.002525586634874344,0.0020121217239648104,0.004605170151180885,0.00953270120872927,3,4,3,4,3,3,3,4,3,3.375,4,38.27454710006714
"[64, 64, 64]",25.0,0.0001,2000,1024,2024,8901,0.00443269032984972,0.0036206115037202835,0.004606477877554277,0.016227927030115948,4,3,3,5,3,4,3,3,3,3.5,5,25.574238300323486
"[64, 64, 64]",25.0,0.0001,4000,256,2024,8901,0.0031899800524115562,0.00183494808152318,0.004636817637084439,0.00924001867756465,3,3,3,4,4,3,3,4,3,3.375,4,50.10310459136963
"[64, 64, 64]",20.0,0.0001,3000,256,137,8901,0.0050577810034155846,0.003114305902272463,0.004647849852278254,0.012084316495631782,3,3,3,4,3,4,4,3,3,3.375,4,37.52677941322327
"[48, 48, 48]",25.0,0.0002,3000,1024,137,5141,0.0023614540696144104,0.0017467024736106396,0.004654140506596958,0.008800257076392518,3,3,3,4,4,3,4,4,3,3.5,4,38.40214967727661
"[32, 32, 32]",15.0,0.0002,4000,1024,42,2405,0.0025732102803885937,0.0022793738171458244,0.00465519004526737,0.014341814782233538,3,3,5,4,3,3,3,3,3,3.375,5,51.75391674041748
"[64, 64, 64]",15.0,0.0002,2000,256,42,8901,0.0022402903996407986,0.0016102769877761602,0.0046589745437549835,0.011378275812182693,4,3,4,4,3,3,4,4,3,3.625,4,25.085503101348877
"[64, 64, 64]",25.0,0.0002,3000,512,137,8901,0.000993554131127894,0.0009611169225536287,0.004663011688601505,0.012519902645754914,3,3,3,4,3,3,3,5,3,3.375,5,38.52120614051819
"[48, 48, 48]",20.0,0.0001,4000,512,137,5141,0.003279642201960087,0.0024564950726926327,0.004665342749965304,0.008274945829201762,3,3,3,5,3,4,3,4,3,3.5,5,51.207579612731934
"[64, 64, 64]",15.0,0.0002,2000,256,2024,8901,0.0038314948324114084,0.0026721744798123837,0.004688583721923426,0.010745383141278072,3,4,3,5,3,3,4,3,3,3.5,5,25.04644536972046
"[64, 64, 64]",20.0,0.0002,4000,256,137,8901,0.0014249400701373816,0.0008980187703855336,0.004692532902121048,0.00813109626332715,3,4,3,4,3,4,3,4,3,3.5,4,50.138972997665405
"[48, 48, 48]",20.0,0.0002,3000,1024,7,5141,0.0015725846169516444,0.0015725846169516444,0.004707212553216586,0.008304907980971185,3,3,3,4,3,3,3,4,3,3.25,4,38.60973525047302
"[64, 64, 64]",15.0,0.0002,2000,512,42,8901,0.0016366607742384076,0.0013229218311607838,0.0047103924957897034,0.016232960507792722,4,4,4,4,3,4,3,4,3,3.75,4,25.01860547065735
"[32, 32, 32]",15.0,0.0002,4000,256,42,2405,0.004912507254630327,0.0030554449185729027,0.00471174499596798,0.011427168133407281,3,4,4,4,3,5,3,3,3,3.625,5,50.50023412704468
"[48, 48, 48]",20.0,0.0002,4000,256,2024,5141,0.0012503752950578928,0.0010500617790967226,0.004724310986814436,0.008146250609874313,4,3,3,4,3,3,3,4,3,3.375,4,50.059364557266235
"[48, 48, 48]",25.0,5e-05,4000,512,137,5141,0.008692286908626556,0.006275300867855549,0.004724891663180392,0.012273243884830693,3,3,3,3,3,3,3,4,3,3.125,4,51.14823293685913
"[32, 32, 32]",25.0,0.0002,4000,1024,7,2405,0.004318898543715477,0.003055648412555456,0.004725101295984268,0.00863050915606386,4,3,3,4,3,4,3,4,3,3.5,4,51.39638042449951
"[64, 64, 64]",25.0,0.0001,3000,256,42,8901,0.0021553197875618935,0.0019413160625845194,0.004753178110912463,0.011464060076405113,3,3,3,5,3,4,3,4,3,3.5,5,37.56036305427551
"[64, 64, 64]",20.0,5e-05,4000,512,7,8901,0.003997694700956345,0.003152299439534545,0.004762257460826625,0.01580764338984386,3,3,4,4,5,3,3,4,3,3.625,5,50.1154522895813
"[48, 48, 48]",20.0,0.0002,4000,512,2024,5141,0.0017757844179868698,0.0013675823574885726,0.004766075688507542,0.010800732196766031,4,3,3,4,3,4,3,3,3,3.375,4,50.95888638496399
"[48, 48, 48]",15.0,0.0001,4000,1024,2024,5141,0.0019729342311620712,0.0014117625541985035,0.004767326398929504,0.010429177415251808,3,3,3,4,3,3,3,4,3,3.25,4,51.48983454704285
"[64, 64, 64]",20.0,0.0002,2000,1024,137,8901,0.0015834681689739227,0.0015418000984936953,0.0047683718478470595,0.007518707333454725,3,3,3,4,3,3,3,4,3,3.25,4,25.556760787963867
"[64, 64, 64]",15.0,0.0002,4000,512,137,8901,0.0010630700271576643,0.0008620434091426432,0.004772728216485764,0.007656679812466843,3,3,3,4,3,4,4,4,3,3.5,4,50.1844916343689
"[64, 64, 64]",20.0,0.0001,3000,512,42,8901,0.001661092508584261,0.0014767254469916224,0.004778616395473076,0.009190426247469878,3,3,3,5,3,3,3,4,3,3.375,5,37.6170654296875
"[48, 48, 48]",25.0,0.0001,3000,512,7,5141,0.005168179981410503,0.004071512725204229,0.004795212759632489,0.016027362116496687,3,4,4,4,3,4,3,4,3,3.625,4,38.50890254974365
"[64, 64, 64]",15.0,0.0002,3000,256,7,8901,0.0018261251971125603,0.0013622624101117253,0.004801068195492075,0.008344706537974436,3,3,3,4,3,3,3,4,3,3.25,4,37.53967785835266
"[48, 48, 48]",25.0,0.0002,2000,1024,999,5141,0.003943229094147682,0.003192094387486577,0.004804256386787548,0.009379330752024974,3,3,3,5,3,3,3,4,3,3.375,5,25.84129524230957
"[32, 32, 32]",20.0,0.0002,4000,512,7,2405,0.00513614434748888,0.004191942512989044,0.004810205805072705,0.00766460438236065,3,3,4,4,3,3,3,4,3,3.375,4,51.59136176109314
"[64, 64, 64]",20.0,5e-05,4000,1024,7,8901,0.003057656344026327,0.002602988388389349,0.004816158001252088,0.01077130652549274,4,3,4,4,3,3,4,4,3,3.625,4,51.18311524391174
"[64, 64, 64]",20.0,0.0002,2000,512,137,8901,0.0033192422706633806,0.0020441703964024782,0.004842497990054941,0.013962495390643,3,3,3,4,4,4,3,4,3,3.5,4,25.07986330986023
"[48, 48, 48]",15.0,0.0001,4000,1024,42,5141,0.002378314035013318,0.0020068581216037273,0.004843427875256959,0.010201221750859007,3,3,3,4,3,3,4,4,3,3.375,4,51.38355207443237
"[64, 64, 64]",25.0,5e-05,4000,256,999,8901,0.004374890588223934,0.0033415236975997686,0.004850897260071424,0.011898881934310806,4,3,4,4,3,3,3,4,3,3.5,4,50.07271695137024
"[48, 48, 48]",15.0,0.0002,4000,1024,999,5141,0.0014625353505834937,0.0011315640294924378,0.004874986425502451,0.010839030889141097,3,3,4,4,3,3,3,5,3,3.5,5,51.355207443237305
"[64, 64, 64]",20.0,0.0002,3000,512,137,8901,0.0012524004559963942,0.0011267373338341713,0.004884546443418522,0.009985579259052498,3,3,3,4,3,4,3,4,3,3.375,4,37.63178610801697
"[48, 48, 48]",15.0,0.0001,4000,256,42,5141,0.004737094976007938,0.0028186773415654898,0.00489639049433171,0.009879948889381453,3,4,3,4,4,3,3,4,3,3.5,4,49.80053973197937
"[64, 64, 64]",15.0,0.0001,4000,512,2024,8901,0.002159451600164175,0.0017051012255251408,0.00490167756409234,0.007780478246094052,3,4,3,4,3,3,5,4,3,3.625,5,50.10557436943054
"[32, 32, 32]",25.0,0.0002,3000,1024,137,2405,0.007892865687608719,0.004922873340547085,0.004916034169950984,0.01791208411509021,3,4,3,5,3,4,3,4,3,3.625,5,38.57220411300659
"[48, 48, 48]",25.0,0.0002,4000,256,2024,5141,0.0015116215217858553,0.001084392424672842,0.004931737970885723,0.012609200592412575,5,3,4,4,3,3,3,3,3,3.5,5,50.03196930885315
"[32, 32, 32]",25.0,0.0002,3000,1024,2024,2405,0.005186958238482475,0.004194226115942001,0.004935934960395905,0.012222982913538278,3,4,3,4,3,3,6,4,3,3.75,6,38.63396692276001
"[64, 64, 64]",20.0,0.0002,3000,256,137,8901,0.002142262179404497,0.001307507511228323,0.004940889751766537,0.008252208891411506,4,3,3,4,3,3,5,4,3,3.625,5,37.61889028549194
"[64, 64, 64]",25.0,0.0001,2000,1024,7,8901,0.0036227083764970303,0.0029807419050484896,0.004945137982698985,0.009972262685859639,3,3,5,4,3,3,4,4,3,3.625,5,25.6723849773407
"[48, 48, 48]",15.0,0.0001,3000,1024,137,5141,0.0027472293004393578,0.0021903538145124912,0.00497318854241034,0.010982799892740272,3,4,3,4,3,3,4,4,3,3.5,4,38.56325578689575
"[64, 64, 64]",25.0,0.0001,3000,256,137,8901,0.0048415143974125385,0.0026350286789238453,0.004985555026288657,0.010714624036967747,3,3,3,4,3,4,3,4,3,3.375,4,37.52126908302307
"[48, 48, 48]",25.0,0.0001,4000,256,42,5141,0.003378294873982668,0.0027446013409644365,0.004992135240810049,0.013184663753252997,3,4,3,5,3,3,3,4,3,3.5,5,50.096959590911865
"[64, 64, 64]",25.0,5e-05,4000,512,7,8901,0.003920647781342268,0.0030572018586099148,0.005021805896841783,0.014515262125150204,3,3,4,4,5,4,3,4,3,3.75,5,50.23068070411682
"[48, 48, 48]",25.0,0.0001,4000,256,7,5141,0.006878893356770277,0.003106475342065096,0.0050263820448877925,0.012850483621862783,3,3,3,5,3,3,3,3,3,3.25,5,50.36792969703674
"[48, 48, 48]",25.0,0.0002,3000,256,42,5141,0.004618195816874504,0.0019924286752939224,0.005027211342721961,0.007550986433037803,3,4,3,4,3,3,3,4,3,3.375,4,38.48323059082031
"[48, 48, 48]",15.0,0.0002,4000,256,137,5141,0.0013913481961935759,0.0010789049556478858,0.005030753202100654,0.00817769999548969,3,3,3,4,3,3,3,4,3,3.25,4,50.34321355819702
"[48, 48, 48]",15.0,0.0001,4000,1024,7,5141,0.002927263267338276,0.0022163144312798977,0.005044058128689047,0.01648916870440795,3,3,3,4,4,4,3,5,3,3.625,5,51.4351019859314
"[64, 64, 64]",20.0,5e-05,4000,256,2024,8901,0.0064544156193733215,0.003726173657923937,0.005052650686068156,0.01157094244023047,3,3,4,4,3,4,3,3,3,3.375,4,49.93743133544922
"[48, 48, 48]",20.0,0.0002,2000,1024,2024,5141,0.003562729572877288,0.0031876610592007637,0.00505398097322441,0.01918650345961324,3,4,3,4,6,3,4,4,3,3.875,6,25.816344738006592
"[48, 48, 48]",15.0,0.0001,3000,512,42,5141,0.003691653721034527,0.003250986337661743,0.0050608021688574875,0.011314426798670457,3,4,3,4,4,4,3,4,3,3.625,4,38.22472071647644
"[48, 48, 48]",25.0,0.0002,2000,256,7,5141,0.004187060985714197,0.0036837621591985226,0.0051042034643922155,0.0145409503664215,3,3,3,5,3,3,4,3,3,3.375,5,25.175644874572754
"[48, 48, 48]",25.0,0.0002,3000,512,999,5141,0.0023014754988253117,0.0020097289234399796,0.0051075277894029655,0.01063002388158996,3,3,3,4,3,3,3,4,3,3.25,4,38.22094178199768
"[48, 48, 48]",15.0,0.0001,4000,512,999,5141,0.004833999089896679,0.0029027918353676796,0.005108631857571034,0.012795138497062536,3,3,3,6,3,3,3,4,3,3.5,6,51.46065378189087
"[64, 64, 64]",20.0,0.0001,2000,256,2024,8901,0.006267821416258812,0.004835083149373531,0.005121009313140266,0.013125422647034498,3,3,4,3,3,3,3,5,3,3.375,5,25.053356885910034
"[64, 64, 64]",25.0,0.0001,2000,1024,999,8901,0.0037991907447576523,0.0026038684882223606,0.005121121958899979,0.009738555123257605,3,3,3,4,3,3,3,4,3,3.25,4,25.65395474433899
"[64, 64, 64]",20.0,0.0002,2000,256,137,8901,0.003304564394056797,0.002495065564289689,0.005127991110952178,0.012784461503654927,3,4,3,4,4,3,3,5,3,3.625,5,24.97877335548401
"[64, 64, 64]",15.0,0.0002,2000,1024,999,8901,0.001695986371487379,0.0014748394023627043,0.005128327657503656,0.012243627112890888,3,4,3,4,3,4,4,3,3,3.5,4,25.57345223426819
"[48, 48, 48]",25.0,0.0002,2000,512,7,5141,0.004627879709005356,0.003154580947011709,0.005128328043412064,0.020996101044057656,4,5,3,4,3,3,4,3,3,3.625,5,25.80650234222412
"[48, 48, 48]",25.0,0.0002,3000,256,7,5141,0.003141554072499275,0.0021969664376229048,0.005131940744241406,0.01040953105375658,3,3,3,4,3,4,3,4,3,3.375,4,37.62019729614258
"[48, 48, 48]",15.0,0.0002,3000,512,7,5141,0.0024131443351507187,0.0020498200319707394,0.005132296316029168,0.00970987633003699,3,3,5,4,3,3,3,4,3,3.5,5,38.29291749000549
"[64, 64, 64]",25.0,0.0001,2000,1024,137,8901,0.0030656042508780956,0.0028572487644851208,0.005137631411432241,0.009385300232674943,4,3,3,4,3,3,4,4,3,3.5,4,25.636322259902954
"[64, 64, 64]",20.0,0.0001,2000,1024,137,8901,0.0038315800484269857,0.0035481201484799385,0.0051428517136106345,0.009785498305885503,3,3,3,5,3,3,3,5,3,3.5,5,25.54968547821045
"[64, 64, 64]",15.0,0.0001,4000,512,7,8901,0.0019569527357816696,0.001547887222841382,0.005150381013610845,0.010107249392575898,3,3,3,4,3,3,3,5,3,3.375,5,50.165648221969604
"[64, 64, 64]",15.0,5e-05,4000,1024,7,8901,0.0042269546538591385,0.0033306125551462173,0.005164087478615619,0.010874326084607797,4,4,3,4,3,3,3,4,3,3.5,4,51.05194425582886
"[64, 64, 64]",15.0,0.0001,4000,512,42,8901,0.0013510596472769976,0.0010751739609986544,0.005168943546443866,0.013419696310482275,3,3,5,4,3,3,3,4,3,3.5,5,50.171749114990234
"[48, 48, 48]",15.0,0.0002,2000,512,42,5141,0.004220101051032543,0.0029706985224038363,0.005188789924577165,0.01342148884363099,3,3,3,3,3,3,4,4,3,3.25,4,26.101768732070923
"[32, 32, 32]",20.0,0.0002,4000,512,2024,2405,0.007050709333270788,0.004575998522341251,0.005194946951741086,0.02031636060747927,4,3,4,4,3,4,3,3,3,3.5,4,51.55451011657715
"[32, 32, 32]",25.0,0.0002,3000,1024,42,2405,0.004983815830200911,0.0038476514164358377,0.005204473572957548,0.012656245632553579,3,4,3,4,3,3,4,3,3,3.375,4,38.46156144142151
"[64, 64, 64]",15.0,0.0001,2000,1024,7,8901,0.004580956883728504,0.0036747008562088013,0.005222280007416598,0.012159100907356833,3,3,3,4,3,3,5,3,3,3.375,5,25.608314514160156
"[32, 32, 32]",25.0,0.0002,3000,1024,7,2405,0.004521101713180542,0.004391864873468876,0.005258250607941652,0.012963829170941835,3,4,3,4,3,3,3,3,3,3.25,4,38.56096339225769
"[48, 48, 48]",25.0,0.0002,3000,256,999,5141,0.002806498669087887,0.002675933064892888,0.005258925205829209,0.009390276930318887,3,4,3,4,3,3,3,4,3,3.375,4,37.63228464126587
"[64, 64, 64]",25.0,5e-05,3000,1024,7,8901,0.0053736185654997826,0.003924473188817501,0.005262453778300992,0.015315836519232783,4,3,3,4,4,3,3,4,3,3.5,4,38.43277359008789
"[32, 32, 32]",25.0,0.0002,4000,512,999,2405,0.00304833659902215,0.002567281946539879,0.005271003641106607,0.01651111418554573,3,4,3,5,3,3,3,4,3,3.5,5,51.06643319129944
"[64, 64, 64]",20.0,0.0001,2000,512,137,8901,0.006824478507041931,0.00416678236797452,0.00532452949322417,0.011200145696964047,3,3,4,4,3,3,3,4,3,3.375,4,25.084956884384155
"[48, 48, 48]",15.0,0.0001,4000,512,2024,5141,0.002218733774498105,0.0017880134982988238,0.005326342500532589,0.013026617317137303,3,3,3,4,3,5,4,3,3,3.5,5,51.08744502067566
"[48, 48, 48]",25.0,0.0001,4000,256,2024,5141,0.004688948392868042,0.002902575768530369,0.00532670998051925,0.01224541946034099,3,5,3,3,3,4,3,4,3,3.5,5,49.92043685913086
"[48, 48, 48]",15.0,0.0002,4000,256,2024,5141,0.0014143247390165925,0.001096097519621253,0.005343347165544575,0.012674565125184546,3,3,4,4,3,3,4,3,3,3.375,4,50.15667128562927
"[48, 48, 48]",20.0,5e-05,4000,1024,137,5141,0.0058446479961276054,0.004708332009613514,0.00536156688566319,0.008184309551856755,4,3,3,4,3,3,3,4,3,3.375,4,51.31736660003662
"[48, 48, 48]",15.0,0.0002,2000,256,999,5141,0.004578018561005592,0.003950841259211302,0.005371949325522246,0.022681097377530685,3,3,5,5,3,3,3,4,3,3.625,5,25.580860376358032
"[48, 48, 48]",25.0,0.0002,2000,512,999,5141,0.0048847743310034275,0.0035700430162250996,0.00538894368337499,0.009243857515433372,3,3,3,4,4,3,3,4,3,3.375,4,25.94745635986328
"[32, 32, 32]",15.0,0.0002,4000,256,999,2405,0.002821462694555521,0.0022121143992990255,0.005394311717264467,0.025200181989268485,3,3,4,5,3,5,3,5,3,3.875,5,50.72497510910034
"[64, 64, 64]",20.0,5e-05,4000,1024,137,8901,0.004130200482904911,0.002944371197372675,0.005422054752318068,0.014311235400599481,3,3,4,4,3,4,4,3,3,3.5,4,51.06956744194031
"[64, 64, 64]",25.0,0.0001,3000,256,999,8901,0.004031667485833168,0.002319701947271824,0.005435000143274392,0.007895123757127078,3,3,3,4,3,3,3,4,3,3.25,4,37.56301546096802
"[64, 64, 64]",25.0,5e-05,3000,512,999,8901,0.005603492259979248,0.004406443797051907,0.00549990411030904,0.020905017364825664,3,3,4,4,3,4,4,4,3,3.625,4,37.63264060020447
"[64, 64, 64]",25.0,5e-05,4000,512,2024,8901,0.005086444318294525,0.003355045337229967,0.005501415884897025,0.011885928252421019,4,4,3,4,3,3,3,3,3,3.375,4,50.277878284454346
"[48, 48, 48]",25.0,0.0002,3000,256,2024,5141,0.0021918185520917177,0.001689230790361762,0.00552314797306481,0.010735160922749013,3,3,3,3,3,4,4,4,3,3.375,4,38.427584171295166
"[32, 32, 32]",25.0,0.0002,4000,512,2024,2405,0.005222686566412449,0.0038132232148200274,0.005528393687134673,0.01482674310564899,3,4,3,4,3,4,4,3,3,3.5,4,51.28864359855652
"[64, 64, 64]",15.0,0.0002,3000,512,999,8901,0.001182593870908022,0.0009647939587011933,0.00553903474062601,0.013241894525322512,3,4,3,4,3,3,3,3,3,3.25,4,37.574871301651
"[48, 48, 48]",20.0,0.0002,4000,256,7,5141,0.0027054292149841785,0.0013929203851148486,0.005564350377515513,0.010329275641600591,3,3,3,4,3,3,3,5,3,3.375,5,50.161890745162964
"[64, 64, 64]",25.0,0.0001,3000,512,2024,8901,0.0034707686863839626,0.0022982624359428883,0.005573823614151912,0.017596397729804335,3,3,3,4,3,4,3,3,3,3.25,4,37.73048186302185
"[64, 64, 64]",20.0,0.0002,4000,512,7,8901,0.0009449165081605315,0.0007340083830058575,0.005588143159872951,0.00824729954661857,3,3,3,4,3,3,3,4,3,3.25,4,50.17961764335632
"[48, 48, 48]",15.0,0.0002,3000,1024,137,5141,0.0012345004361122847,0.0010264021111652255,0.005599381631819332,0.00912799697340772,3,3,3,4,3,3,3,4,3,3.25,4,38.38627099990845
"[48, 48, 48]",15.0,0.0002,2000,512,137,5141,0.0035484840627759695,0.002394235460087657,0.005611187289052063,0.013064443798020934,3,4,4,4,3,3,3,3,3,3.375,4,25.5356547832489
"[32, 32, 32]",20.0,0.0001,4000,512,999,2405,0.004788401070982218,0.0043096840381622314,0.005618416475110349,0.023206145760589696,3,4,4,3,3,4,4,4,3,3.625,4,51.60924196243286
"[64, 64, 64]",20.0,0.0001,2000,512,7,8901,0.00624761451035738,0.004093205090612173,0.005618542994844855,0.008319179110340823,3,3,3,4,3,3,4,4,3,3.375,4,25.105117321014404
"[64, 64, 64]",20.0,5e-05,3000,1024,2024,8901,0.006653307471424341,0.004273397848010063,0.005629490069194764,0.015199020472480763,3,3,4,4,3,3,3,4,3,3.375,4,38.38739204406738
"[64, 64, 64]",15.0,0.0002,4000,512,7,8901,0.0009040259756147861,0.0007541004451923072,0.00564601698208061,0.009031813051250035,3,3,3,4,3,3,3,4,3,3.25,4,50.12006592750549
"[64, 64, 64]",20.0,0.0002,2000,256,7,8901,0.0026257592253386974,0.0019767486955970526,0.005649396405339241,0.00954179390252573,3,3,3,3,3,3,3,4,3,3.125,4,25.060113430023193
"[64, 64, 64]",15.0,0.0001,3000,256,7,8901,0.005196643993258476,0.0030214281287044287,0.005654704851377464,0.012751754197650485,3,3,3,5,3,4,3,4,3,3.5,5,37.48698139190674
"[48, 48, 48]",20.0,0.0002,2000,512,42,5141,0.004546687006950378,0.002688114996999502,0.005664098515901753,0.013525412002909241,3,4,3,4,3,3,3,4,3,3.375,4,25.619696617126465
"[32, 32, 32]",15.0,0.0002,3000,1024,42,2405,0.003925010096281767,0.0035250908695161343,0.005667217204595379,0.011998764445849014,3,4,3,4,3,3,3,3,3,3.25,4,38.84852910041809
"[64, 64, 64]",25.0,0.0001,2000,256,999,8901,0.004398145247250795,0.004242426715791225,0.005667841808212649,0.016363491025480705,3,3,3,4,3,3,4,4,3,3.375,4,25.004988193511963
"[64, 64, 64]",25.0,5e-05,4000,256,7,8901,0.007841549813747406,0.004053113982081413,0.005691817299328812,0.02315033707198087,3,3,4,3,3,4,4,3,3,3.375,4,50.0151743888855
"[48, 48, 48]",20.0,0.0002,3000,512,7,5141,0.002263728529214859,0.0018052816158160567,0.005736319580328024,0.014525121066534266,3,3,3,4,3,3,3,4,3,3.25,4,38.31264352798462
"[48, 48, 48]",20.0,0.0001,4000,256,2024,5141,0.0038555182982236147,0.002578901359811425,0.005738754170390546,0.009806580536837238,3,3,3,3,3,3,4,4,3,3.25,4,50.24165463447571
"[48, 48, 48]",25.0,0.0002,4000,256,137,5141,0.0034242570400238037,0.0017121011624112725,0.005751186445634948,0.01188015536154608,3,3,3,4,3,3,3,3,3,3.125,4,49.999969720840454
"[48, 48, 48]",25.0,0.0001,3000,256,2024,5141,0.005118501838296652,0.004426308907568455,0.00575555345915027,0.0114667893003702,3,3,4,3,3,4,3,3,3,3.25,4,37.74857568740845
"[64, 64, 64]",15.0,0.0001,3000,256,42,8901,0.0024977149441838264,0.002113034250214696,0.005755892687980508,0.0154820703299156,4,3,4,4,3,3,3,4,3,3.5,4,37.55003333091736
"[48, 48, 48]",15.0,0.0001,4000,1024,999,5141,0.0026075541973114014,0.0022826914209872484,0.005757656201931898,0.018677731266048995,3,3,4,4,3,4,3,4,3,3.5,4,51.398088455200195
"[48, 48, 48]",15.0,0.0001,3000,1024,999,5141,0.0046852268278598785,0.0033310619182884693,0.005774410107158041,0.022233588515396828,4,3,3,4,3,5,3,4,3,3.625,5,38.65354561805725
"[32, 32, 32]",20.0,0.0002,4000,1024,2024,2405,0.00543082132935524,0.003938551060855389,0.0057751230188393555,0.009208169164306218,3,3,3,5,3,3,3,4,3,3.375,5,51.58911657333374
"[48, 48, 48]",15.0,0.0001,4000,256,7,5141,0.007974390871822834,0.0036204326897859573,0.005779168718921441,0.011537555019434726,3,4,3,4,3,3,3,4,3,3.375,4,49.85991811752319
"[48, 48, 48]",20.0,0.0001,2000,1024,7,5141,0.006029604002833366,0.005394645035266876,0.005790425774392915,0.013459313124042502,4,3,3,5,3,3,3,4,3,3.5,5,25.748714208602905
"[32, 32, 32]",20.0,0.0002,3000,512,137,2405,0.005819682963192463,0.004230826161801815,0.005792582725364059,0.01473326797852132,3,4,3,4,3,4,3,3,3,3.375,4,38.40756893157959
"[32, 32, 32]",20.0,0.0002,2000,1024,999,2405,0.005762230139225721,0.004623790271580219,0.005795338013890032,0.01250209530982878,6,4,3,4,3,3,3,4,3,3.75,6,25.856924057006836
"[64, 64, 64]",20.0,0.0001,2000,256,42,8901,0.0038185666780918837,0.002835442777723074,0.005841888644130849,0.017375656734916634,4,3,4,6,3,4,3,4,3,3.875,6,25.07199215888977
"[48, 48, 48]",15.0,0.0001,3000,256,7,5141,0.008436743170022964,0.0050842296332120895,0.005856493335196569,0.013415104454175432,3,4,3,4,3,4,3,4,3,3.5,4,37.60215187072754
"[48, 48, 48]",15.0,0.0002,2000,1024,999,5141,0.0038508616853505373,0.0029335354920476675,0.005862541331105808,0.014927550768893332,3,3,3,4,3,4,3,4,3,3.375,4,25.58117699623108
"[64, 64, 64]",20.0,0.0001,3000,256,999,8901,0.002759503200650215,0.001939771929755807,0.005865728608826075,0.014671840017845853,4,3,3,4,3,3,3,4,3,3.375,4,37.6073055267334
"[32, 32, 32]",25.0,0.0002,3000,512,42,2405,0.006187408231198788,0.004618361592292786,0.0058736430841609165,0.014679592524946236,4,3,3,4,3,4,3,3,3,3.375,4,38.920674562454224
"[64, 64, 64]",20.0,5e-05,4000,512,42,8901,0.002690735971555114,0.002204203512519598,0.00589106872712362,0.009758283051994446,3,3,4,4,3,3,3,4,3,3.375,4,50.11782956123352
"[48, 48, 48]",20.0,0.0002,2000,256,2024,5141,0.005192215088754892,0.002958204597234726,0.005905026393364467,0.008925962864056758,3,3,3,4,3,3,4,4,3,3.375,4,25.09891128540039
"[64, 64, 64]",25.0,0.0001,2000,512,137,8901,0.005791611038148403,0.003542262827977538,0.005913334554477426,0.013218338215814647,3,3,3,5,3,3,3,4,3,3.375,5,25.034987688064575
"[64, 64, 64]",15.0,0.0001,3000,512,137,8901,0.002730195177718997,0.0024779541417956352,0.005926835199354982,0.012576769442386426,3,5,3,4,3,3,3,4,3,3.5,5,37.7086226940155
"[48, 48, 48]",15.0,0.0001,4000,512,137,5141,0.0021404637955129147,0.0018588460516184568,0.005948479127655743,0.015390818635366144,3,6,4,4,3,3,4,3,3,3.75,6,51.4352753162384
"[48, 48, 48]",20.0,0.0001,3000,1024,2024,5141,0.004376336000859737,0.0038386634550988674,0.005967431259848808,0.021212671312871734,4,3,4,4,4,3,3,4,3,3.625,4,38.70504832267761
"[48, 48, 48]",15.0,0.0002,2000,1024,42,5141,0.0030323686078190804,0.0023124818690121174,0.005970767711226976,0.013939799236098163,3,3,3,4,3,3,3,4,3,3.25,4,25.599860429763794
"[64, 64, 64]",15.0,0.0001,2000,1024,42,8901,0.0028433483093976974,0.00235835206694901,0.005975940366155635,0.010192064608569171,3,3,4,4,3,3,3,4,3,3.375,4,25.736860275268555
"[32, 32, 32]",15.0,0.0002,2000,1024,42,2405,0.006328191142529249,0.005603100173175335,0.005980807441214023,0.014568809290046796,3,4,3,4,3,4,4,3,3,3.5,4,25.927272081375122
"[48, 48, 48]",25.0,0.0002,2000,512,2024,5141,0.0032110095489770174,0.0031516519375145435,0.005985318220057104,0.012264731369103273,3,3,4,4,4,3,3,3,3,3.375,4,25.78387689590454
"[48, 48, 48]",25.0,0.0002,2000,256,137,5141,0.009184698574244976,0.0037676505744457245,0.006006973712897984,0.013865802373683808,3,4,3,4,3,4,3,4,3,3.5,4,25.102068185806274
"[48, 48, 48]",20.0,0.0002,3000,256,2024,5141,0.0020021789241582155,0.001638768007978797,0.006009240631683172,0.011851938402866241,3,3,3,3,3,3,3,4,3,3.125,4,37.61798048019409
"[48, 48, 48]",15.0,0.0001,3000,1024,42,5141,0.0034091908019036055,0.002804335905238986,0.0060237263511536635,0.012519437608558354,3,4,3,4,3,3,3,3,3,3.25,4,38.69648218154907
"[32, 32, 32]",20.0,0.0002,3000,256,999,2405,0.004427882842719555,0.0038124769926071167,0.0060368523445753965,0.014313120382321543,3,3,3,3,4,3,4,4,3,3.375,4,37.5115532875061
"[64, 64, 64]",25.0,5e-05,3000,512,7,8901,0.007922107353806496,0.0047277892008423805,0.006040322912467161,0.01950577280482119,3,3,4,5,3,4,3,4,3,3.625,5,38.03316140174866
"[48, 48, 48]",15.0,0.0002,2000,256,137,5141,0.004851164296269417,0.002800190821290016,0.006071408971343654,0.012267206084953904,3,3,3,3,3,3,3,4,3,3.125,4,25.1319637298584
"[64, 64, 64]",25.0,0.0002,3000,256,2024,8901,0.001784505438990891,0.0012796127703040838,0.006112869417738617,0.011826595633875017,3,3,3,4,3,3,3,4,3,3.25,4,37.6366868019104
"[48, 48, 48]",15.0,0.0002,4000,512,137,5141,0.0010869832476601005,0.0008892671321518719,0.006133789279214803,0.012656439974980307,3,3,3,4,3,3,3,3,3,3.125,4,51.65126872062683
"[64, 64, 64]",15.0,0.0002,2000,256,7,8901,0.004007717128843069,0.002439858391880989,0.006144564498685225,0.015380402983115594,3,3,3,4,3,3,3,3,3,3.125,4,25.0611834526062
"[48, 48, 48]",20.0,0.0001,3000,256,137,5141,0.006171957589685917,0.0038737542927265167,0.006177563175250399,0.02020278423595221,3,4,3,4,3,4,3,4,3,3.5,4,37.64849925041199
"[32, 32, 32]",20.0,0.0002,4000,256,999,2405,0.003243841929361224,0.0027221369091421366,0.006177605509801024,0.01134300630682924,3,3,3,4,3,4,3,4,3,3.375,4,50.31108593940735
"[64, 64, 64]",15.0,0.0001,4000,1024,137,8901,0.0017413217574357986,0.0013306718319654465,0.006186375657659285,0.012829919752256797,3,3,4,4,3,3,3,4,3,3.375,4,51.107733726501465
"[48, 48, 48]",20.0,0.0002,2000,512,999,5141,0.004626956768333912,0.003496278775855899,0.00622243502605485,0.010414731979710844,3,4,3,3,3,3,3,4,3,3.25,4,25.593197345733643
"[48, 48, 48]",20.0,5e-05,4000,1024,7,5141,0.0071645574644207954,0.004742236342281103,0.006235866076433224,0.014805930037214948,3,3,4,3,3,3,3,3,3,3.125,4,51.376052141189575
"[48, 48, 48]",20.0,0.0002,4000,512,137,5141,0.0016285150777548552,0.001217939192429185,0.006257190417600401,0.010673134693973275,3,4,3,4,3,3,3,4,3,3.375,4,51.549705266952515
"[64, 64, 64]",25.0,0.0001,2000,512,42,8901,0.003964582458138466,0.002664729719981551,0.006258573122169401,0.011408907303430964,3,3,5,4,3,4,3,4,3,3.625,5,25.094603061676025
"[48, 48, 48]",20.0,0.0001,4000,256,999,5141,0.005076196510344744,0.0033154962584376335,0.006316224689912954,0.01082336754799094,3,3,3,4,3,3,3,4,3,3.25,4,49.82289266586304
"[32, 32, 32]",20.0,0.0002,4000,1024,7,2405,0.005326786078512669,0.0034808716736733913,0.006321078139971159,0.014154238716762763,4,4,3,4,3,3,3,4,3,3.5,4,51.65120244026184
"[48, 48, 48]",25.0,5e-05,4000,1024,7,5141,0.006533632054924965,0.004637165926396847,0.00632469430869548,0.011166423837367215,3,4,3,4,3,3,3,4,3,3.375,4,51.4434597492218
"[64, 64, 64]",25.0,0.0002,2000,256,999,8901,0.002055378630757332,0.0017903107218444347,0.006337111763677381,0.013425900634491901,3,5,3,4,3,3,3,4,3,3.5,5,24.919115781784058
"[48, 48, 48]",15.0,0.0001,3000,256,137,5141,0.00426823552697897,0.0033347955904901028,0.006351861665684083,0.012797065076389452,3,3,3,3,3,4,3,4,3,3.25,4,37.62041926383972
"[32, 32, 32]",25.0,0.0002,3000,512,2024,2405,0.00792391411960125,0.0050825560465455055,0.006403681749054732,0.0155641352476974,4,3,4,4,3,3,4,4,3,3.625,4,38.04177904129028
"[32, 32, 32]",20.0,0.0002,3000,1024,999,2405,0.003476305864751339,0.002692068926990032,0.006407858505686826,0.009919076491192889,3,3,3,3,3,3,3,5,3,3.25,5,38.48386025428772
"[48, 48, 48]",20.0,0.0001,3000,512,2024,5141,0.004902409389615059,0.004076631739735603,0.006415104104496351,0.02826263542482458,3,3,5,4,3,3,3,4,3,3.5,5,38.42643475532532
"[48, 48, 48]",15.0,0.0002,2000,512,999,5141,0.00466257706284523,0.00341118685901165,0.006416608929469014,0.019328469937761595,4,4,3,4,3,4,3,3,3,3.5,4,25.752753019332886
"[64, 64, 64]",25.0,0.0001,2000,256,2024,8901,0.006219970993697643,0.00484633632004261,0.006428741733582113,0.015809313481531747,3,4,3,4,3,4,3,3,3,3.375,4,25.038453340530396
"[32, 32, 32]",15.0,0.0002,4000,512,999,2405,0.0019553962629288435,0.0016314761014655232,0.006458797681209045,0.014753004382627749,3,4,3,4,3,3,3,4,3,3.375,4,51.111571073532104
"[32, 32, 32]",25.0,0.0002,2000,1024,42,2405,0.0069267163053154945,0.006305902265012264,0.006516705348604128,0.022589708032125837,3,4,3,4,3,4,3,4,3,3.5,4,26.54376244544983
"[48, 48, 48]",20.0,5e-05,4000,512,42,5141,0.006456178147345781,0.00456921337172389,0.006534961704643614,0.020447953703639162,3,3,3,4,3,3,4,5,3,3.5,5,51.24915266036987
"[48, 48, 48]",25.0,0.0001,2000,256,137,5141,0.017533523961901665,0.008497615344822407,0.006535416884154773,0.015670688515955107,3,4,3,4,4,3,3,3,3,3.375,4,25.52716302871704
"[48, 48, 48]",20.0,0.0002,2000,512,137,5141,0.005443206988275051,0.003418758511543274,0.006554099097221818,0.014021906982236,3,3,4,4,3,3,4,4,3,3.5,4,25.850285053253174
"[64, 64, 64]",25.0,0.0001,2000,256,42,8901,0.0061776526272296906,0.0033445993904024363,0.006592304641473765,0.018346291732079006,3,3,4,4,4,3,3,3,3,3.375,4,24.97877550125122
"[48, 48, 48]",15.0,0.0001,4000,256,999,5141,0.0058983201161026955,0.0032992842607200146,0.006608205783818303,0.01845058669399389,3,3,3,4,4,4,3,3,3,3.375,4,50.166178941726685
"[64, 64, 64]",15.0,5e-05,4000,1024,42,8901,0.0023531438782811165,0.0020270799286663532,0.006612650464104506,0.020231952628723782,3,3,3,5,3,3,3,4,3,3.375,5,51.132567405700684
"[32, 32, 32]",20.0,0.0002,4000,256,42,2405,0.00853201374411583,0.004108799621462822,0.006645476668523498,0.014195311420927538,3,4,3,4,3,3,3,3,3,3.25,4,49.9343159198761
"[32, 32, 32]",15.0,0.0002,4000,512,2024,2405,0.0036134342662990093,0.0029173330403864384,0.006657824585016809,0.019844820173370165,3,3,3,3,4,4,3,3,3,3.25,4,51.29162359237671
"[64, 64, 64]",20.0,5e-05,4000,256,7,8901,0.008509810082614422,0.003951869439333677,0.006744289752961092,0.024700298453431524,3,4,3,4,3,4,3,3,3,3.375,4,50.085583448410034
"[64, 64, 64]",20.0,5e-05,4000,512,2024,8901,0.005097097251564264,0.0031492114067077637,0.0067549723440518145,0.011438597870659751,3,3,3,4,3,4,3,3,3,3.25,4,50.205572843551636
"[64, 64, 64]",15.0,5e-05,4000,512,7,8901,0.004727461840957403,0.0036827349103987217,0.0067713729564266145,0.015673051229667875,3,3,3,4,3,3,3,4,3,3.25,4,50.17118573188782
"[32, 32, 32]",20.0,0.0002,4000,1024,137,2405,0.0034811352379620075,0.002587025286629796,0.006773233524846715,0.014184988101838271,3,3,3,4,3,4,3,4,3,3.375,4,51.514355421066284
"[32, 32, 32]",25.0,0.0001,3000,256,42,2405,0.018020911142230034,0.010631928220391273,0.0067742785838400005,0.016411875471673505,3,4,3,4,3,4,3,3,3,3.375,4,37.7906436920166
"[32, 32, 32]",25.0,0.0001,4000,512,2024,2405,0.009748194366693497,0.00788731686770916,0.006774458195116014,0.01735875590730289,4,3,3,4,3,3,3,3,3,3.25,4,51.536073207855225
"[48, 48, 48]",15.0,0.0001,2000,1024,999,5141,0.007823946885764599,0.0057562170550227165,0.006808152326047294,0.027653574269223397,4,4,4,4,3,3,3,3,3,3.5,4,26.621275424957275
"[32, 32, 32]",25.0,0.0002,2000,512,2024,2405,0.011656166985630989,0.008600199595093727,0.006841293415610414,0.015798021608024976,3,4,3,4,3,3,3,3,3,3.25,4,25.653026342391968
"[48, 48, 48]",25.0,0.0001,3000,512,42,5141,0.003583284793421626,0.0032074586488306522,0.006857568389023227,0.015973662303165614,3,3,3,4,3,4,3,6,3,3.625,6,38.47097110748291
"[32, 32, 32]",25.0,0.0001,4000,1024,7,2405,0.009964589029550552,0.006657368503510952,0.006861306021941329,0.02099950300964623,3,4,3,5,3,4,3,4,3,3.625,5,51.59287619590759
"[48, 48, 48]",25.0,0.0001,2000,512,137,5141,0.013805369846522808,0.008105291984975338,0.006887811180175009,0.016143086495561964,3,3,4,3,3,3,3,4,3,3.25,4,25.769361972808838
"[48, 48, 48]",15.0,0.0002,3000,512,137,5141,0.0016931279096752405,0.0014044179115444422,0.006907781320063331,0.013580811069645976,3,3,3,4,3,3,3,3,3,3.125,4,38.67603659629822
"[64, 64, 64]",25.0,5e-05,3000,1024,137,8901,0.00481107784435153,0.0037771842908114195,0.006921149288519293,0.01722526107905995,3,3,3,4,3,3,3,4,3,3.25,4,38.34667086601257
"[32, 32, 32]",20.0,0.0002,4000,512,999,2405,0.002922679763287306,0.002346823224797845,0.00695824750899061,0.014616971634363566,3,3,3,4,3,3,3,4,3,3.25,4,51.15137815475464
"[64, 64, 64]",15.0,0.0001,4000,256,42,8901,0.0016958580818027258,0.0013181769754737616,0.006995763106127386,0.017086738865908953,3,3,3,4,3,3,3,4,3,3.25,4,49.95841073989868
"[32, 32, 32]",20.0,0.0002,2000,1024,7,2405,0.008828096091747284,0.0072613987140357494,0.007012966428718355,0.012109786672938293,3,3,3,4,3,3,3,3,3,3.125,4,25.759660243988037
"[32, 32, 32]",25.0,0.0002,4000,512,137,2405,0.006173484493046999,0.0036579733714461327,0.007104016838941138,0.02185718109066097,3,4,3,6,3,3,3,4,3,3.625,6,50.837292432785034
"[32, 32, 32]",25.0,0.0002,2000,1024,7,2405,0.007803380489349365,0.0064631253480911255,0.007113938258606815,0.01690824416822605,3,4,3,4,3,3,3,4,3,3.375,4,26.045191287994385
"[48, 48, 48]",20.0,0.0001,3000,256,2024,5141,0.005161045119166374,0.0040217200294137,0.0071339391046823155,0.011947079895081217,4,4,3,3,3,3,3,4,3,3.375,4,37.458186864852905
"[64, 64, 64]",20.0,0.0001,2000,512,999,8901,0.0050682201981544495,0.0035021051298826933,0.007256262606450151,0.014442429322521346,3,3,4,4,3,3,3,4,3,3.375,4,25.021978855133057
"[48, 48, 48]",25.0,0.0002,2000,256,999,5141,0.004562329035252333,0.004303048364818096,0.0072858932068699585,0.01608074650477317,3,4,3,4,3,3,3,4,3,3.375,4,25.230233907699585
"[32, 32, 32]",15.0,0.0002,4000,512,42,2405,0.002769205253571272,0.0025581615045666695,0.007331429936733765,0.012857038995222279,3,5,3,4,3,3,3,4,3,3.5,5,51.367345094680786
"[48, 48, 48]",15.0,5e-05,4000,1024,42,5141,0.005455982405692339,0.004318789578974247,0.007370140529396236,0.024336096755767422,3,4,3,3,3,4,3,4,3,3.375,4,51.422985315322876
"[64, 64, 64]",20.0,5e-05,4000,256,999,8901,0.004759801086038351,0.0036817328073084354,0.007374227118134321,0.015044555367182608,3,3,3,4,3,3,3,4,3,3.25,4,50.11196422576904
"[48, 48, 48]",20.0,0.0001,2000,1024,42,5141,0.0053976159542799,0.0044295391999185085,0.007384569243847145,0.014819674242699097,4,3,4,4,3,3,3,4,3,3.5,4,25.64830183982849
"[32, 32, 32]",20.0,0.0001,4000,256,2024,2405,0.01615130342543125,0.00856063887476921,0.007394983104237859,0.01223222936523983,3,3,3,3,3,3,3,4,3,3.125,4,50.69800877571106
"[32, 32, 32]",15.0,0.0002,4000,1024,2024,2405,0.0027984483167529106,0.0023523997515439987,0.007412902645566127,0.025502193665760932,3,4,3,3,3,4,3,3,3,3.25,4,51.595380544662476
"[48, 48, 48]",25.0,0.0001,3000,512,2024,5141,0.0038566449657082558,0.003472641110420227,0.007432483794559226,0.012939311738164094,3,3,3,4,3,3,3,3,3,3.125,4,38.59551501274109
"[32, 32, 32]",25.0,0.0002,2000,512,999,2405,0.007603188510984182,0.005844833329319954,0.007479259235618752,0.015533948035942676,3,3,3,3,3,4,3,3,3,3.125,4,26.007811069488525
"[64, 64, 64]",20.0,5e-05,3000,1024,7,8901,0.00525391660630703,0.0039664702489972115,0.007499481115289077,0.02226769512758671,3,3,3,4,3,3,3,4,3,3.25,4,38.3324818611145
"[32, 32, 32]",15.0,0.0002,4000,256,2024,2405,0.005449229851365089,0.0036001678090542555,0.007538060012782093,0.018308841375320697,3,4,3,4,3,4,3,3,3,3.375,4,50.46706247329712
"[32, 32, 32]",25.0,0.0002,3000,512,999,2405,0.004076539538800716,0.0038106292486190796,0.007550821971006533,0.020479744185235467,3,4,3,4,3,3,3,4,3,3.375,4,38.51410794258118
"[64, 64, 64]",25.0,5e-05,3000,1024,2024,8901,0.006041178945451975,0.004055290948599577,0.007565392327144952,0.013959265287656421,3,3,4,4,3,3,3,3,3,3.25,4,38.35143542289734
"[48, 48, 48]",15.0,0.0001,3000,256,42,5141,0.010835405439138412,0.003937666304409504,0.007567381859056869,0.012547125540450633,3,3,3,3,3,3,3,4,3,3.125,4,37.53329396247864
"[64, 64, 64]",15.0,5e-05,3000,1024,7,8901,0.006709532346576452,0.0051551382057368755,0.007596276233169256,0.019690366530873048,3,3,3,4,3,4,3,4,3,3.375,4,38.406620025634766
"[64, 64, 64]",25.0,0.0001,2000,256,7,8901,0.005275029689073563,0.00434782262891531,0.007628011651053932,0.015358024363032846,3,3,3,4,3,3,4,4,3,3.375,4,24.987767934799194
"[64, 64, 64]",25.0,5e-05,3000,1024,999,8901,0.004894635174423456,0.003436448285356164,0.007649655876276059,0.01679072006603117,3,3,3,4,3,3,4,3,3,3.25,4,38.504448652267456
"[64, 64, 64]",15.0,0.0002,2000,256,137,8901,0.003809567540884018,0.0023560517001897097,0.0076927774292956715,0.016396433738357356,3,3,3,4,3,3,4,4,3,3.375,4,25.0594425201416
"[48, 48, 48]",15.0,0.0002,2000,512,7,5141,0.004531222395598888,0.003488060086965561,0.007715054644831414,0.015552539180919709,3,3,3,3,3,3,3,4,3,3.125,4,25.456868648529053
"[64, 64, 64]",20.0,0.0001,2000,512,2024,8901,0.005201251711696386,0.003917298279702663,0.007719689168806292,0.015677490750930254,3,3,3,3,3,3,3,5,3,3.25,5,25.09915280342102
"[48, 48, 48]",20.0,5e-05,4000,256,7,5141,0.013333573937416077,0.006149244494736195,0.007727237906354663,0.021952491456291905,3,5,3,4,3,3,3,3,3,3.375,5,50.12178182601929
"[48, 48, 48]",20.0,0.0001,3000,512,999,5141,0.006214269436895847,0.004572130274027586,0.007730227134861781,0.023443467001729536,3,4,3,4,3,3,3,3,3,3.25,4,38.37929010391235
"[32, 32, 32]",20.0,0.0002,3000,512,2024,2405,0.010133061558008194,0.006761327385902405,0.00777550832594103,0.016797792072387067,3,4,3,4,5,3,3,3,3,3.5,5,38.07848525047302
"[64, 64, 64]",25.0,5e-05,4000,256,2024,8901,0.006409200374037027,0.0040073939599096775,0.007778199994287372,0.03202786221046687,3,3,4,4,3,3,3,3,3,3.25,4,50.04892826080322
"[64, 64, 64]",15.0,0.0002,2000,512,999,8901,0.0024192025884985924,0.0018406033050268888,0.007793448956918383,0.01909966002439764,3,4,3,4,3,4,3,3,3,3.375,4,25.102890014648438
"[64, 64, 64]",25.0,0.0001,2000,512,2024,8901,0.006298564374446869,0.004228340461850166,0.007798506088412414,0.02104247970347481,3,3,3,4,3,3,3,3,3,3.125,4,25.088086366653442
"[32, 32, 32]",20.0,0.0001,3000,1024,7,2405,0.011754265055060387,0.010312695056200027,0.007814803074844019,0.015299344064015698,3,3,3,3,3,3,3,4,3,3.125,4,38.80838894844055
"[48, 48, 48]",15.0,0.0001,3000,512,2024,5141,0.003210318274796009,0.0029119327664375305,0.007840908376125947,0.024900677393614574,3,3,3,4,3,3,3,3,3,3.125,4,38.34704923629761
"[48, 48, 48]",25.0,0.0001,3000,512,999,5141,0.005152096040546894,0.004616773687303066,0.007884192977955968,0.014511893470896207,3,3,3,4,3,3,3,4,3,3.25,4,38.440088748931885
"[48, 48, 48]",15.0,5e-05,4000,1024,137,5141,0.003951584454625845,0.0034030245151370764,0.007922881939244052,0.017709002125765767,3,3,3,3,3,3,4,3,3,3.125,4,51.56996178627014
"[32, 32, 32]",15.0,0.0002,3000,512,7,2405,0.007117629516869783,0.004831123165786266,0.007930724483542559,0.025620006370555656,3,3,4,4,3,4,3,3,3,3.375,4,38.03649187088013
"[32, 32, 32]",15.0,0.0002,3000,512,999,2405,0.0029394812881946564,0.0025674160569906235,0.007987066846463714,0.019513789391855083,3,3,3,4,3,3,3,4,3,3.25,4,38.99783706665039
"[48, 48, 48]",25.0,0.0001,4000,256,999,5141,0.0053606280125677586,0.0036132019013166428,0.007992042169532443,0.016507155705498405,3,4,3,4,3,3,3,3,3,3.25,4,49.997286558151245
"[48, 48, 48]",15.0,0.0001,3000,512,137,5141,0.0037301278207451105,0.0029011063743382692,0.008038774023285466,0.01876510875740896,3,3,3,4,3,3,3,3,3,3.125,4,38.33805465698242
"[32, 32, 32]",15.0,0.0002,4000,1024,7,2405,0.003572284011170268,0.0028427247889339924,0.008076354434838893,0.017460669769895073,3,3,3,4,3,3,3,3,3,3.125,4,51.527747631073
"[32, 32, 32]",15.0,0.0002,4000,256,137,2405,0.006111946422606707,0.0030713414307683706,0.00812119581248476,0.020601390899008,4,4,3,4,3,3,3,4,3,3.5,4,50.25547695159912
"[48, 48, 48]",25.0,0.0001,3000,256,42,5141,0.010720248334109783,0.003882630728185177,0.008186114111600903,0.022485277714235717,3,4,3,5,3,3,3,4,3,3.5,5,37.78756833076477
"[32, 32, 32]",25.0,0.0002,4000,256,2024,2405,0.0060071260668337345,0.003611362539231777,0.008191369059896423,0.027371906972373943,4,3,3,3,3,5,3,3,3,3.375,5,49.90417718887329
"[48, 48, 48]",15.0,0.0001,2000,1024,42,5141,0.006272554397583008,0.004505279939621687,0.008205030278235414,0.023639958869132897,3,4,3,3,4,3,3,4,3,3.375,4,25.6732759475708
"[32, 32, 32]",15.0,0.0001,4000,256,42,2405,0.012176702730357647,0.0060841357335448265,0.008213026615703192,0.01855990199148282,3,4,3,4,3,3,3,4,3,3.375,4,50.661571741104126
"[48, 48, 48]",25.0,0.0001,4000,256,137,5141,0.006450355052947998,0.0034910766407847404,0.008307624392923292,0.02895254839530651,3,4,3,4,4,3,4,3,3,3.5,4,50.31990051269531
"[32, 32, 32]",25.0,0.0001,4000,256,42,2405,0.014936080202460289,0.007438896223902702,0.008342522298106508,0.01651311002297823,3,3,3,3,3,4,3,3,3,3.125,4,49.940619230270386
"[32, 32, 32]",20.0,0.0001,4000,512,2024,2405,0.011250045150518417,0.008624060079455376,0.008374476224231531,0.033646820695599655,3,3,3,5,3,4,3,3,3,3.375,5,51.095704555511475
"[48, 48, 48]",15.0,0.0001,3000,256,999,5141,0.005659963004291058,0.0045915525406599045,0.008377504291567446,0.027232417578806546,3,3,4,4,4,3,3,3,3,3.375,4,37.38075399398804
"[32, 32, 32]",25.0,0.0002,4000,1024,137,2405,0.00542222335934639,0.003927550744265318,0.008380727821844056,0.015794771732570156,3,3,3,3,3,3,3,3,3,3.0,3,51.42222571372986
"[32, 32, 32]",15.0,0.0002,2000,1024,999,2405,0.004584827460348606,0.0035394213628023863,0.008458758470932276,0.016284792733114575,3,3,3,4,3,3,3,4,3,3.25,4,26.3407301902771
"[48, 48, 48]",20.0,5e-05,3000,1024,137,5141,0.010979428887367249,0.0072743454948067665,0.008539028005252993,0.018316842437165467,3,3,3,3,4,3,3,3,3,3.125,4,38.556113481521606
"[48, 48, 48]",15.0,5e-05,4000,256,42,5141,0.010427355766296387,0.006189500447362661,0.008572604476440412,0.02312978286193241,3,3,4,4,3,3,3,3,3,3.25,4,50.143255949020386
"[48, 48, 48]",20.0,0.0001,3000,256,999,5141,0.005371954292058945,0.004637750796973705,0.00857280319219448,0.014571381351722203,3,3,3,4,3,3,4,4,3,3.375,4,37.72042393684387
"[32, 32, 32]",25.0,0.0001,4000,1024,137,2405,0.007797389291226864,0.006705176085233688,0.008612559393538515,0.01404551582142786,3,3,4,3,3,3,3,3,3,3.125,4,51.448951959609985
"[48, 48, 48]",25.0,0.0001,3000,256,137,5141,0.008456800132989883,0.004992755129933357,0.008622962947522569,0.024699369492353122,3,3,3,4,3,3,3,3,3,3.125,4,37.6558723449707
"[32, 32, 32]",25.0,0.0001,4000,512,42,2405,0.007683105301111937,0.006887247785925865,0.008641767226348757,0.018794719854412993,3,3,3,4,3,3,3,3,3,3.125,4,51.192811727523804
"[64, 64, 64]",25.0,5e-05,4000,256,42,8901,0.004538419656455517,0.003197410609573126,0.008689548620974038,0.022929257288962106,3,3,4,4,4,3,3,3,3,3.375,4,50.09468650817871
"[48, 48, 48]",25.0,0.0002,2000,512,42,5141,0.004331828560680151,0.00276041217148304,0.008733488322888583,0.014659018395994882,3,3,4,4,3,3,3,3,3,3.25,4,25.706044912338257
"[48, 48, 48]",25.0,5e-05,4000,512,7,5141,0.0058209397830069065,0.005396075081080198,0.008757343090802845,0.022349599185807124,3,3,3,3,3,3,4,3,3,3.125,4,51.37002491950989
"[32, 32, 32]",25.0,0.0002,4000,512,7,2405,0.006250928156077862,0.004511361941695213,0.008768393629249678,0.02203132492080306,3,4,3,3,3,3,3,3,3,3.125,4,51.15713572502136
"[32, 32, 32]",25.0,0.0001,3000,1024,7,2405,0.01096236240118742,0.010004003532230854,0.008796493626246491,0.030089135012690827,3,3,3,4,4,3,3,3,3,3.25,4,39.057785987854004
"[48, 48, 48]",15.0,0.0001,2000,256,42,5141,0.008564848452806473,0.006646845489740372,0.008857935231290172,0.01982052607778919,3,3,3,4,3,6,3,4,3,3.625,6,25.03143072128296
"[64, 64, 64]",25.0,5e-05,3000,256,7,8901,0.010488706640899181,0.006121741607785225,0.00890444366900235,0.02482404365620677,3,3,3,4,3,4,5,3,3,3.5,5,37.57299256324768
"[48, 48, 48]",15.0,0.0001,2000,256,7,5141,0.009450319223105907,0.008023511618375778,0.00895262276270387,0.022214252617067453,3,3,3,3,3,3,3,4,3,3.125,4,25.728023290634155
"[48, 48, 48]",25.0,0.0001,2000,1024,7,5141,0.005669578909873962,0.00516721373423934,0.008987055236047868,0.018566340425818794,3,3,3,4,3,3,4,3,3,3.25,4,25.666540145874023
"[48, 48, 48]",15.0,0.0001,2000,512,42,5141,0.00825069472193718,0.0056718941777944565,0.009033536640292557,0.015941997117660336,3,3,3,3,3,3,3,4,3,3.125,4,25.600940942764282
"[32, 32, 32]",20.0,0.0002,3000,1024,7,2405,0.004882157314568758,0.004725655075162649,0.009068008754458606,0.02787485391582529,3,3,3,4,3,3,3,4,3,3.25,4,38.73632192611694
"[32, 32, 32]",25.0,5e-05,4000,512,999,2405,0.013396200723946095,0.011798306368291378,0.009088305088702153,0.028219726042168453,3,3,3,3,3,3,3,5,3,3.25,5,51.10065031051636
"[48, 48, 48]",15.0,5e-05,4000,256,999,5141,0.011133052408695221,0.006479673087596893,0.009111773847779092,0.029532705431069436,4,3,3,5,3,3,3,4,3,3.5,5,49.938183546066284
"[16, 16, 16]",25.0,0.0002,3000,256,2024,693,0.06421805918216705,0.023084823042154312,0.009118104761026665,0.023444794942694545,3,3,3,4,4,4,3,4,3,3.5,4,38.597113370895386
"[48, 48, 48]",25.0,0.0002,2000,256,42,5141,0.004231549799442291,0.0031430486124008894,0.009227840741841508,0.020931441806765264,3,3,3,4,3,3,3,3,3,3.125,4,25.08495545387268
"[48, 48, 48]",25.0,0.0001,2000,1024,42,5141,0.00593545101583004,0.004701429978013039,0.009269188642764459,0.025188726303807942,3,3,4,3,3,3,3,3,3,3.125,4,25.765440464019775
"[48, 48, 48]",25.0,0.0001,3000,256,7,5141,0.006908305920660496,0.004435285925865173,0.0092721032799432,0.02039471717907829,3,3,3,5,3,3,3,3,3,3.25,5,37.549083948135376
"[32, 32, 32]",15.0,0.0002,3000,512,2024,2405,0.005915951915085316,0.00414311746135354,0.009304415831070759,0.022579955899703987,3,3,3,4,3,3,3,3,3,3.125,4,38.32997727394104
"[32, 32, 32]",15.0,0.0002,3000,256,999,2405,0.003797763492912054,0.00322209601290524,0.009304757443551935,0.027078965315412123,3,3,3,4,3,4,3,4,3,3.375,4,38.018993854522705
"[32, 32, 32]",25.0,0.0002,2000,256,999,2405,0.012024955824017525,0.00811177957803011,0.009314278987248518,0.025193368154738313,3,4,3,3,3,3,3,3,3,3.125,4,25.27660584449768
"[32, 32, 32]",20.0,0.0002,3000,256,7,2405,0.009171568788588047,0.006746524944901466,0.009314406705870559,0.022333096850589217,4,3,3,3,3,3,3,4,3,3.25,4,37.555219888687134
"[64, 64, 64]",20.0,5e-05,3000,256,2024,8901,0.01049099862575531,0.005823477171361446,0.009345355992981457,0.020489399198487315,3,3,4,4,3,3,3,3,3,3.25,4,37.51968288421631
"[32, 32, 32]",20.0,0.0002,3000,512,999,2405,0.004154707305133343,0.0034781675785779953,0.009408958459234461,0.015910158847574032,3,5,3,3,3,3,4,3,3,3.375,5,38.19540882110596
"[48, 48, 48]",20.0,0.0001,2000,256,137,5141,0.013522516936063766,0.00746633717790246,0.009481905200240373,0.019504279369440734,3,3,3,4,3,3,3,3,3,3.125,4,25.24225091934204
"[64, 64, 64]",25.0,5e-05,3000,512,2024,8901,0.00721457926556468,0.00508504593744874,0.009588177670305603,0.03621324777304789,3,3,4,4,3,3,3,3,3,3.25,4,37.71666860580444
"[32, 32, 32]",25.0,0.0002,2000,1024,137,2405,0.012303614057600498,0.007428429555147886,0.009746608001973602,0.025278870412062213,4,3,5,4,3,3,3,3,3,3.5,5,26.549461126327515
"[32, 32, 32]",25.0,0.0001,4000,1024,2024,2405,0.006889654323458672,0.005531987641006708,0.0097651407536892,0.021713027681573207,3,3,3,4,3,3,3,3,3,3.125,4,51.85571765899658
"[48, 48, 48]",25.0,5e-05,3000,1024,42,5141,0.007133724633604288,0.006009464152157307,0.009822074153781776,0.026095277529514193,3,3,3,5,3,3,4,3,3,3.375,5,38.766793966293335
"[48, 48, 48]",15.0,0.0001,2000,1024,137,5141,0.004840522073209286,0.004173425491899252,0.009969664250866796,0.02178378952528198,3,3,3,3,3,4,3,3,3,3.125,4,25.73086142539978
"[32, 32, 32]",15.0,0.0002,3000,256,7,2405,0.007771429140120745,0.006122198887169361,0.010063365483774225,0.027956334863184915,4,3,3,4,3,3,3,3,3,3.25,4,37.53146004676819
"[32, 32, 32]",20.0,0.0001,4000,1024,137,2405,0.006413851864635944,0.005955863744020462,0.010066178434099621,0.02832470965611764,3,4,3,4,3,4,3,3,3,3.375,4,51.81770062446594
"[64, 64, 64]",25.0,5e-05,3000,512,137,8901,0.005401717498898506,0.004966496489942074,0.01008358462476873,0.024581603044774705,3,3,3,4,3,3,4,3,3,3.25,4,38.11287236213684
"[64, 64, 64]",20.0,5e-05,3000,512,137,8901,0.005835085175931454,0.0051852441392838955,0.010083775159693952,0.02611003826454605,3,3,4,4,3,3,3,4,3,3.375,4,37.62687373161316
"[32, 32, 32]",25.0,0.0002,2000,512,137,2405,0.014886914752423763,0.007032390683889389,0.010205835731560505,0.027505755089506815,3,4,3,5,3,3,3,3,3,3.375,5,25.577634572982788
"[64, 64, 64]",20.0,5e-05,3000,512,2024,8901,0.007959769107401371,0.0049315281212329865,0.010416001536148866,0.022501574351624438,3,3,3,4,4,3,3,3,3,3.25,4,37.6315701007843
"[48, 48, 48]",20.0,5e-05,4000,1024,999,5141,0.006088436581194401,0.005009293090552092,0.010422886282733695,0.031756121593100754,3,3,3,3,3,3,3,5,3,3.25,5,51.59623885154724
"[48, 48, 48]",25.0,0.0001,3000,256,999,5141,0.00556569080799818,0.004864267073571682,0.01048234944042532,0.02576819158684702,3,3,3,4,3,3,3,3,3,3.125,4,37.593987703323364
"[48, 48, 48]",15.0,5e-05,4000,1024,2024,5141,0.004408412612974644,0.003334718756377697,0.010594793855820446,0.03508407688355512,3,3,4,4,3,3,3,3,3,3.25,4,51.539825439453125
"[48, 48, 48]",20.0,5e-05,4000,256,999,5141,0.010550623759627342,0.006383661646395922,0.010622146238082853,0.0253263999169562,4,3,3,3,3,3,3,4,3,3.25,4,50.16953921318054
"[32, 32, 32]",25.0,0.0001,4000,256,137,2405,0.016011584550142288,0.007143704686313868,0.010747592740978706,0.026303894114385565,3,3,3,3,3,3,3,3,3,3.0,3,50.006885290145874
"[32, 32, 32]",20.0,0.0002,2000,512,2024,2405,0.014648309908807278,0.010468032211065292,0.011256366218783773,0.032164270617275406,4,3,3,4,3,5,3,3,3,3.5,5,25.517860889434814
"[32, 32, 32]",20.0,0.0002,2000,512,137,2405,0.013907445594668388,0.006902107037603855,0.011332809550022568,0.027549120538942682,3,4,4,3,3,3,3,3,3,3.25,4,25.570444583892822
"[32, 32, 32]",25.0,0.0001,3000,512,42,2405,0.013820982538163662,0.009574600495398045,0.011515017979773794,0.025159245026036316,3,4,3,3,3,3,3,3,3,3.125,4,38.631972312927246
"[32, 32, 32]",20.0,0.0002,2000,512,999,2405,0.00828262697905302,0.005898077040910721,0.011546718678268486,0.017407173359751393,3,3,3,3,3,3,4,3,3,3.125,4,25.328694820404053
"[48, 48, 48]",20.0,5e-05,4000,512,7,5141,0.007027353625744581,0.005929687526077032,0.011770500768088608,0.03178907248768603,3,4,3,4,3,4,3,3,3,3.375,4,51.52516984939575
"[64, 64, 64]",25.0,5e-05,3000,256,137,8901,0.009595108218491077,0.0056021143682301044,0.011812600499341,0.03187069754637318,3,3,3,4,3,3,3,3,3,3.125,4,37.45027995109558
"[32, 32, 32]",20.0,0.0001,3000,512,2024,2405,0.018504470586776733,0.011315980926156044,0.011823243706342005,0.039018788414290344,3,3,3,4,3,3,4,3,3,3.25,4,38.59789490699768
"[32, 32, 32]",15.0,0.0002,3000,256,137,2405,0.00541076110675931,0.0040903352200984955,0.01209128657040846,0.022815517678894608,3,3,3,3,3,3,3,4,3,3.125,4,37.52031111717224
"[48, 48, 48]",15.0,5e-05,4000,512,137,5141,0.005464017391204834,0.004508726764470339,0.01239692867738979,0.025849044876057183,3,3,3,3,3,3,3,3,3,3.0,3,51.147565841674805
"[32, 32, 32]",20.0,0.0001,3000,1024,137,2405,0.011852782219648361,0.007605341263115406,0.012600469579703618,0.02736780379985391,3,3,3,3,3,3,3,3,3,3.0,3,38.55261206626892
"[48, 48, 48]",25.0,5e-05,3000,1024,7,5141,0.007350672036409378,0.007350672036409378,0.01285103776019438,0.032238187991629905,3,3,3,3,3,3,3,4,3,3.125,4,39.156471252441406
"[32, 32, 32]",25.0,0.0001,4000,512,137,2405,0.011071205139160156,0.007326826918870211,0.012907165024031325,0.03233205023801107,3,3,3,4,3,3,3,3,3,3.125,4,50.977843046188354
"[64, 64, 64]",25.0,5e-05,3000,256,2024,8901,0.009325312450528145,0.005834631156176329,0.0131137297874629,0.0507991062326226,3,3,3,5,3,3,3,3,3,3.25,5,37.82410430908203
"[48, 48, 48]",20.0,5e-05,3000,256,7,5141,0.014493750408291817,0.009512006305158138,0.013235546812285844,0.03148366635530148,3,3,3,3,4,3,4,3,3,3.25,4,37.33306527137756
"[16, 16, 16]",15.0,0.0002,4000,256,42,693,0.0244424007833004,0.01316852867603302,0.013672701039153745,0.028820638868558707,3,5,5,3,3,3,3,3,3,3.5,5,50.13808798789978
"[32, 32, 32]",15.0,0.0002,2000,256,137,2405,0.00827554240822792,0.006672280840575695,0.01401457949070097,0.029962458395374585,3,4,3,3,3,3,3,3,3,3.125,4,25.186172246932983
"[48, 48, 48]",15.0,0.0001,2000,256,137,5141,0.009433960542082787,0.0056416625156998634,0.014965543431702658,0.0484060722302156,3,3,4,3,3,3,4,3,3,3.25,4,25.71535348892212
"[16, 16, 16]",15.0,0.0002,3000,256,42,693,0.032538674771785736,0.016179002821445465,0.015164355043220636,0.03439616823265939,3,4,3,3,3,3,3,3,3,3.125,4,37.48136591911316
"[48, 48, 48]",15.0,5e-05,4000,256,2024,5141,0.010296130552887917,0.0054387422278523445,0.015663770763512542,0.046498117562106596,4,3,3,4,3,3,3,3,3,3.25,4,49.86891746520996
"[32, 32, 32]",25.0,0.0001,3000,512,137,2405,0.014288928359746933,0.009361946024000645,0.01957884128688505,0.05084177448362895,3,3,3,3,3,3,3,3,3,3.0,3,38.49082326889038
"[64, 64, 64]",15.0,0.0001,4000,512,999,8901,0.002111637033522129,0.0015232688747346401,0.004081035021585624,0.01221791788168269,3,4,4,4,2,4,3,4,2,3.5,4,50.18275237083435
"[48, 48, 48]",20.0,0.0001,3000,512,7,5141,0.004837387707084417,0.0038489368744194508,0.004654469899131757,0.014904968553508707,4,5,4,3,2,3,3,4,2,3.5,5,38.59824514389038
"[64, 64, 64]",15.0,0.0002,3000,256,999,8901,0.001767194364219904,0.001310304505750537,0.004662856188504306,0.01884147535250021,3,4,4,4,2,4,4,4,2,3.625,4,37.553425550460815
"[64, 64, 64]",15.0,5e-05,4000,1024,2024,8901,0.003968961536884308,0.0029757660813629627,0.0049365851439306906,0.017598045674240323,3,4,3,5,2,4,3,4,2,3.5,5,51.126477003097534
"[32, 32, 32]",25.0,0.0002,4000,1024,999,2405,0.0024595337454229593,0.0020626785699278116,0.005082152062603744,0.013509641988973009,3,4,3,4,2,4,3,4,2,3.375,4,50.67482662200928
"[32, 32, 32]",20.0,0.0002,4000,1024,999,2405,0.002173840766772628,0.001911070547066629,0.0052603292801064435,0.009830051497694923,2,4,3,4,3,3,4,5,2,3.5,5,52.26733040809631
"[48, 48, 48]",20.0,0.0002,3000,512,137,5141,0.0024254797026515007,0.0019779736176133156,0.005322203221220799,0.013135115102204647,4,3,4,6,2,3,3,4,2,3.625,6,38.398226261138916
"[64, 64, 64]",15.0,0.0001,2000,1024,2024,8901,0.0053443461656570435,0.00390726700425148,0.005554700369204239,0.012275593096697915,3,3,4,4,2,3,3,4,2,3.25,4,25.666757583618164
"[48, 48, 48]",15.0,0.0002,2000,256,7,5141,0.004767090082168579,0.004239569418132305,0.005710001248260129,0.01646602014049186,4,3,3,5,2,3,3,4,2,3.375,5,24.954131841659546
"[48, 48, 48]",20.0,0.0001,3000,256,7,5141,0.00666622631251812,0.004201069008558989,0.005795461489670646,0.01611625051513459,2,3,4,4,3,4,4,3,2,3.375,4,37.5044584274292
"[32, 32, 32]",25.0,0.0002,4000,1024,2024,2405,0.0036884592846035957,0.003057901281863451,0.005889552129209321,0.015861525586998552,3,5,3,4,2,3,3,4,2,3.375,5,52.19843792915344
"[64, 64, 64]",20.0,0.0002,2000,256,999,8901,0.001993877347558737,0.0019226963631808758,0.005956628529360413,0.013053309337306833,3,4,3,4,2,3,3,4,2,3.25,4,25.07731032371521
"[48, 48, 48]",20.0,0.0001,3000,512,137,5141,0.004820810630917549,0.0037362701259553432,0.005963726056238264,0.014872106113628868,3,4,3,4,2,3,3,4,2,3.25,4,38.372275590896606
"[48, 48, 48]",20.0,0.0001,2000,1024,137,5141,0.006661717779934406,0.005214271135628223,0.00598237672564355,0.01443559240217801,3,3,3,4,2,4,5,4,2,3.5,5,25.78020691871643
"[64, 64, 64]",15.0,0.0001,4000,256,999,8901,0.0024576671421527863,0.0019994645845144987,0.005998123878795175,0.01418762094242721,3,4,3,4,2,4,3,4,2,3.375,4,50.02925419807434
"[64, 64, 64]",20.0,5e-05,4000,256,42,8901,0.003469468094408512,0.00272306427359581,0.006060623283756654,0.01561027016992781,3,3,3,4,2,3,4,4,2,3.25,4,49.94192910194397
"[48, 48, 48]",20.0,0.0001,3000,1024,137,5141,0.004008302930742502,0.003013199893757701,0.006072677436080965,0.010005005611127687,2,4,3,4,3,3,3,4,2,3.25,4,38.56306719779968
"[32, 32, 32]",25.0,0.0001,4000,1024,42,2405,0.007108351681381464,0.005309569649398327,0.006131815266513041,0.022061121212400874,3,3,5,4,2,4,3,5,2,3.625,5,51.84447240829468
"[48, 48, 48]",15.0,5e-05,4000,1024,999,5141,0.005929760634899139,0.004951769486069679,0.006157000397598182,0.015528888948681421,3,3,4,4,2,4,3,4,2,3.375,4,51.65092396736145
"[64, 64, 64]",15.0,5e-05,4000,512,2024,8901,0.005108564626425505,0.003679786343127489,0.006290495242565796,0.017727389973374565,3,3,3,4,2,4,4,3,2,3.25,4,50.15035915374756
"[64, 64, 64]",15.0,0.0001,3000,256,2024,8901,0.0051898593083024025,0.003083236515522003,0.006346908704688438,0.012332020028258445,3,3,3,4,2,3,3,4,2,3.125,4,37.625868797302246
"[64, 64, 64]",15.0,0.0002,2000,256,999,8901,0.0024993913248181343,0.002345332410186529,0.006362649524232753,0.023926500436850028,3,4,3,5,2,3,3,4,2,3.375,5,25.025667190551758
"[64, 64, 64]",20.0,5e-05,4000,256,137,8901,0.007989561185240746,0.004447060637176037,0.006385816944099985,0.013028200299329124,2,3,3,5,3,3,4,4,2,3.375,5,49.943241357803345
"[64, 64, 64]",15.0,0.0001,2000,512,2024,8901,0.006486491300165653,0.004785912111401558,0.006414047213169998,0.01792225378359158,4,3,4,4,2,4,3,3,2,3.375,4,25.211138010025024
"[48, 48, 48]",20.0,0.0002,2000,256,42,5141,0.003771701827645302,0.003331662155687809,0.0064905663737572766,0.012620644093149683,2,3,3,4,3,4,3,4,2,3.25,4,25.073177099227905
"[32, 32, 32]",25.0,0.0002,4000,256,42,2405,0.009457163512706757,0.004254218190908432,0.0065922878729975515,0.01586898693349446,2,3,3,4,3,3,3,4,2,3.125,4,49.916428565979004
"[32, 32, 32]",25.0,0.0002,3000,1024,999,2405,0.003791559487581253,0.0029308819212019444,0.006615934792423038,0.018524323987013498,3,4,3,4,2,4,3,4,2,3.375,4,38.375975131988525
"[64, 64, 64]",15.0,0.0001,4000,256,137,8901,0.004307379014790058,0.0021023114677518606,0.006643050808859587,0.013845687975038717,3,3,3,4,2,3,3,4,2,3.125,4,49.996867179870605
"[32, 32, 32]",15.0,0.0002,4000,512,7,2405,0.0038817506283521652,0.0033762184903025627,0.006688450536730609,0.026791993915788907,4,4,3,4,2,4,3,4,2,3.5,4,50.909714221954346
"[32, 32, 32]",15.0,0.0002,2000,256,999,2405,0.007406128570437431,0.005227173212915659,0.006702896225546718,0.01833875851167276,2,3,3,5,3,3,4,4,2,3.375,5,25.61293935775757
"[48, 48, 48]",20.0,5e-05,4000,1024,42,5141,0.0047344728372991085,0.003653837600722909,0.006755874737500711,0.014147209046436965,3,3,3,4,2,3,4,4,2,3.25,4,51.47896671295166
"[48, 48, 48]",20.0,0.0001,2000,512,137,5141,0.011410295031964779,0.006469283252954483,0.006758285328157543,0.013391081442962024,3,3,4,4,2,3,3,4,2,3.25,4,25.83968162536621
"[64, 64, 64]",15.0,0.0001,3000,512,999,8901,0.0030063625890761614,0.0024646976962685585,0.006784714997188348,0.017158294386000545,3,3,3,5,2,3,3,4,2,3.25,5,37.62678074836731
"[32, 32, 32]",25.0,0.0002,2000,1024,999,2405,0.0063556646928191185,0.004696449730545282,0.006792630469820231,0.013980029451603442,3,3,3,4,2,3,3,5,2,3.25,5,26.000452518463135
"[32, 32, 32]",20.0,0.0002,2000,1024,2024,2405,0.01120959222316742,0.00827145203948021,0.006882894164151203,0.020776565428473864,4,3,3,4,2,5,4,4,2,3.625,5,25.798410654067993
"[32, 32, 32]",20.0,0.0002,4000,512,42,2405,0.0033803777769207954,0.0029206927865743637,0.007010804296324454,0.0211704184538771,3,4,3,4,2,3,3,3,2,3.125,4,51.36755561828613
"[32, 32, 32]",25.0,0.0001,3000,512,999,2405,0.007726810406893492,0.00695684552192688,0.007075897338857243,0.019541375254980446,3,4,3,4,2,6,3,3,2,3.5,6,38.595853090286255
"[48, 48, 48]",20.0,0.0001,3000,1024,999,5141,0.005118147004395723,0.0036328977439552546,0.007082652954017918,0.020397810646329614,3,3,4,4,2,3,3,5,2,3.375,5,38.58905649185181
"[64, 64, 64]",15.0,0.0001,2000,1024,137,8901,0.003945190459489822,0.0038060713559389114,0.007100240652220861,0.014205617451358362,2,3,3,4,2,3,3,4,2,3.0,4,25.73979115486145
"[64, 64, 64]",20.0,5e-05,3000,512,7,8901,0.007989028468728065,0.004872822668403387,0.0071391465337971955,0.025810174980137608,3,3,4,4,2,3,4,4,2,3.375,4,37.68662142753601
"[32, 32, 32]",25.0,0.0002,2000,1024,2024,2405,0.008900783956050873,0.007145734969526529,0.007183236014814184,0.016938610012893405,2,4,3,5,3,4,3,3,2,3.375,5,25.943990230560303
"[32, 32, 32]",20.0,0.0002,4000,512,137,2405,0.005032441113144159,0.0031255511566996574,0.0072260187574056806,0.022647519367636423,4,3,4,3,2,5,3,4,2,3.5,5,50.86339783668518
"[64, 64, 64]",20.0,0.0001,2000,512,42,8901,0.003856888972222805,0.002879948588088155,0.0072887632284423355,0.01452823478684957,3,3,4,4,2,3,4,3,2,3.25,4,25.082249641418457
"[64, 64, 64]",20.0,5e-05,3000,1024,42,8901,0.0035429680719971657,0.0029965920839458704,0.0073623173670088575,0.028142575913609136,4,2,5,4,3,4,4,3,2,3.625,5,38.33534550666809
"[48, 48, 48]",15.0,0.0001,3000,512,7,5141,0.0054381717927753925,0.004404120147228241,0.007389696163895471,0.01180259683705908,2,4,4,4,3,3,3,4,2,3.375,4,38.56521987915039
"[48, 48, 48]",15.0,0.0001,4000,256,2024,5141,0.0035701252054423094,0.0022602968383580446,0.007416883450526747,0.02281383850127105,2,4,4,5,3,3,3,3,2,3.375,5,50.01351571083069
"[64, 64, 64]",15.0,0.0001,3000,256,137,8901,0.005417670588940382,0.003075001295655966,0.007446969740089139,0.023103490965084027,3,3,4,4,2,3,4,4,2,3.375,4,37.50158071517944
"[32, 32, 32]",20.0,0.0001,4000,1024,999,2405,0.00351492571644485,0.002919659251347184,0.00747467083606045,0.017972367192331775,3,4,4,4,2,3,3,4,2,3.375,4,51.49803447723389
"[32, 32, 32]",15.0,0.0001,4000,1024,2024,2405,0.005586664658039808,0.004478884860873222,0.007540169550523618,0.01820288048254005,3,4,4,3,2,3,3,4,2,3.25,4,51.81967735290527
"[32, 32, 32]",15.0,0.0002,3000,1024,2024,2405,0.004110114648938179,0.003337990026921034,0.007565037363338015,0.033796835460849356,3,4,4,3,3,4,2,5,2,3.5,5,38.61883592605591
"[64, 64, 64]",15.0,5e-05,4000,1024,137,8901,0.004400055855512619,0.0030250209383666515,0.007583129599321331,0.017338390203692523,3,3,3,5,2,3,4,3,2,3.25,5,51.08536410331726
"[32, 32, 32]",20.0,0.0002,3000,512,7,2405,0.00964901503175497,0.005764555186033249,0.0076248289553137215,0.02170508524940489,2,4,3,4,3,4,3,3,2,3.25,4,38.30269384384155
"[32, 32, 32]",15.0,0.0001,4000,512,2024,2405,0.007651578169316053,0.005782359279692173,0.007640578735075934,0.015989478290943267,2,3,3,4,3,4,3,4,2,3.25,4,50.93935966491699
"[32, 32, 32]",25.0,0.0001,4000,1024,999,2405,0.005277556367218494,0.0043932171538472176,0.007673648673969834,0.014796719342667899,2,4,4,4,3,3,4,3,2,3.375,4,52.03232717514038
"[48, 48, 48]",25.0,0.0002,2000,512,137,5141,0.007180317305028439,0.003871381748467684,0.007675052498578283,0.015426968545060472,3,3,3,4,2,3,4,3,2,3.125,4,25.73462224006653
"[64, 64, 64]",15.0,5e-05,4000,1024,999,8901,0.003204451873898506,0.00269211083650589,0.007693440944785602,0.015231698890808621,3,3,3,4,2,4,4,3,2,3.25,4,51.104456424713135
"[64, 64, 64]",15.0,0.0001,2000,512,137,8901,0.008407944813370705,0.004606339149177074,0.007749653051398245,0.02461553187084733,3,4,3,4,2,4,4,4,2,3.5,4,25.314323902130127
"[64, 64, 64]",20.0,0.0001,2000,256,7,8901,0.005735927261412144,0.004455134272575378,0.0077735785860180845,0.02193367702517787,3,4,4,4,2,3,4,3,2,3.375,4,24.99187421798706
"[32, 32, 32]",20.0,0.0002,4000,256,7,2405,0.006955363787710667,0.005078199785202742,0.0077839394268185615,0.01679685930249266,3,4,3,3,2,3,3,4,2,3.125,4,50.07761788368225
"[32, 32, 32]",25.0,0.0001,3000,1024,42,2405,0.009901469573378563,0.007227988447993994,0.007801924810321777,0.015373930520014348,2,3,4,4,3,3,3,3,2,3.125,4,38.912880182266235
"[48, 48, 48]",25.0,0.0002,2000,256,2024,5141,0.004970105364918709,0.003014104440808296,0.00784741563493124,0.017829883721054582,2,3,3,4,3,3,3,3,2,3.0,4,25.246809482574463
"[64, 64, 64]",15.0,0.0001,3000,512,42,8901,0.0019499105401337147,0.001790061010979116,0.00789176993173609,0.01857561848162079,3,3,3,4,2,3,3,5,2,3.25,5,37.60843801498413
"[32, 32, 32]",15.0,0.0002,4000,256,7,2405,0.007070130668580532,0.0044768089428544044,0.007975690684325196,0.023358473123190882,3,4,3,4,2,4,3,3,2,3.25,4,50.14206123352051
"[32, 32, 32]",15.0,0.0002,3000,256,42,2405,0.006340230815112591,0.004650890361517668,0.008110738053054766,0.014543160485849194,3,4,3,3,2,3,4,4,2,3.25,4,37.426130294799805
"[64, 64, 64]",15.0,0.0001,2000,1024,999,8901,0.0042615314014256,0.0035049524158239365,0.008231792794321612,0.02008112368974899,3,3,3,4,2,4,4,3,2,3.25,4,25.536431312561035
"[64, 64, 64]",15.0,5e-05,4000,512,42,8901,0.00287763518281281,0.0023866307456046343,0.008232037565093782,0.021492846053473322,3,4,3,4,2,4,3,4,2,3.375,4,50.112322092056274
"[48, 48, 48]",20.0,0.0002,2000,512,2024,5141,0.003875431604683399,0.003487148554995656,0.008284044962726316,0.014449465549273491,3,4,3,5,2,3,3,3,2,3.25,5,25.694376707077026
"[32, 32, 32]",25.0,0.0002,4000,256,999,2405,0.0043554408475756645,0.0034128178376704454,0.00834960862666494,0.011619141870447323,2,3,3,3,3,3,3,4,2,3.0,4,50.39118051528931
"[32, 32, 32]",20.0,0.0001,4000,1024,42,2405,0.007478607818484306,0.005730511154979467,0.008426213507545362,0.027811175674299256,5,3,3,4,2,3,3,4,2,3.375,5,51.86913013458252
"[64, 64, 64]",15.0,0.0001,3000,256,999,8901,0.004598282277584076,0.003277091309428215,0.008428312964574391,0.019510818466801028,2,3,3,5,2,4,3,4,2,3.25,5,37.530707120895386
"[64, 64, 64]",15.0,0.0001,2000,512,7,8901,0.0066132149659097195,0.004403343424201012,0.008435012247509832,0.019048452463080453,3,3,3,3,2,3,4,4,2,3.125,4,25.28732419013977
"[32, 32, 32]",25.0,0.0001,4000,512,7,2405,0.010050199925899506,0.008043971844017506,0.008455258988949851,0.025566028745220428,3,3,4,4,2,3,4,3,2,3.25,4,51.19778919219971
"[48, 48, 48]",15.0,5e-05,4000,512,999,5141,0.009141028858721256,0.005619148723781109,0.008723909865525757,0.017139008559405346,3,3,3,4,2,3,3,4,2,3.125,4,51.459396839141846
"[32, 32, 32]",20.0,0.0002,2000,256,999,2405,0.00780679564923048,0.006156318821012974,0.008736708972166038,0.01819231558702368,2,3,3,3,3,3,3,4,2,3.0,4,25.247539043426514
"[48, 48, 48]",15.0,0.0002,3000,256,42,5141,0.004954034928232431,0.0022989753633737564,0.00873829070810679,0.01248634979246434,2,3,3,4,3,3,3,4,2,3.125,4,37.77514672279358
"[32, 32, 32]",20.0,0.0002,3000,512,42,2405,0.005651307292282581,0.004228608682751656,0.008738720598313307,0.020847553589830852,3,3,3,4,2,3,3,3,2,3.0,4,38.98997354507446
"[32, 32, 32]",25.0,0.0002,3000,256,7,2405,0.010136915370821953,0.006469521671533585,0.00874435955925691,0.01645017059242879,2,4,4,4,3,3,3,3,2,3.25,4,37.726670026779175
"[48, 48, 48]",15.0,0.0001,3000,1024,7,5141,0.0034752823412418365,0.0034513489808887243,0.008744897563147247,0.02071979191196648,2,3,3,4,3,3,3,4,2,3.125,4,38.687426805496216
"[32, 32, 32]",25.0,0.0002,3000,512,7,2405,0.010184481739997864,0.006153459660708904,0.008829684521136586,0.04517720848176133,3,3,4,4,3,4,2,4,2,3.375,4,38.452269077301025
"[32, 32, 32]",25.0,0.0002,2000,512,42,2405,0.011195743456482887,0.0072723859921097755,0.008871474164467345,0.01324037424568492,2,3,3,4,3,3,3,4,2,3.125,4,25.823088884353638
"[32, 32, 32]",25.0,0.0001,4000,256,7,2405,0.012406515888869762,0.009210018441081047,0.00887938954601718,0.021044776920517004,3,3,3,4,2,3,3,4,2,3.125,4,50.71273183822632
"[48, 48, 48]",25.0,5e-05,4000,1024,999,5141,0.00685713067650795,0.005315870512276888,0.008918569525379104,0.034163713838294946,3,3,4,3,3,2,3,4,2,3.125,4,51.1947181224823
"[32, 32, 32]",25.0,0.0002,4000,256,7,2405,0.00637665344402194,0.0046198684722185135,0.008977480330406589,0.028398376743546856,2,3,4,5,3,4,3,3,2,3.375,5,50.097673416137695
"[64, 64, 64]",15.0,5e-05,4000,512,137,8901,0.004802332259714603,0.0038387123495340347,0.009072772509031565,0.02223720155472312,2,4,3,4,2,3,4,4,2,3.25,4,50.0947790145874
"[64, 64, 64]",15.0,5e-05,4000,256,7,8901,0.008266239427030087,0.004673957824707031,0.009103506400519337,0.018075104491736126,3,3,5,3,2,3,3,3,2,3.125,5,49.88097667694092
"[48, 48, 48]",15.0,0.0001,2000,512,7,5141,0.009451805613934994,0.007025780156254768,0.009144200673307871,0.018068729972269312,2,3,3,3,2,4,3,4,2,3.0,4,25.748049020767212
"[64, 64, 64]",15.0,5e-05,4000,256,2024,8901,0.007792976219207048,0.004501720890402794,0.009151743253240948,0.018426085276388563,3,3,3,3,2,3,4,3,2,3.0,4,49.989246129989624
"[32, 32, 32]",15.0,0.0001,4000,1024,137,2405,0.004606072325259447,0.004174483474344015,0.009162090989414612,0.032529087122445816,3,4,3,3,2,4,3,3,2,3.125,4,51.63771724700928
"[64, 64, 64]",15.0,5e-05,3000,1024,2024,8901,0.006658492144197226,0.004792307503521442,0.009220435092071672,0.022986754080760907,3,3,3,4,2,3,4,3,2,3.125,4,38.32957434654236
"[32, 32, 32]",20.0,0.0002,4000,256,137,2405,0.008457151241600513,0.00415198877453804,0.009225928726488645,0.04279082726927504,3,4,4,4,3,3,2,4,2,3.375,4,50.16181206703186
"[64, 64, 64]",15.0,0.0001,2000,512,42,8901,0.004426582716405392,0.0031537837348878384,0.009263834719463153,0.023034578899032463,3,4,3,4,2,4,3,4,2,3.375,4,25.314340353012085
"[32, 32, 32]",25.0,0.0001,4000,256,999,2405,0.009418582543730736,0.006504257675260305,0.009327501761909638,0.025987737524943925,2,4,4,4,2,3,3,4,2,3.25,4,50.176955223083496
"[32, 32, 32]",20.0,0.0001,3000,1024,999,2405,0.0058768680319190025,0.004485734738409519,0.009359997030229925,0.020406778797198714,3,3,4,4,2,3,3,3,2,3.125,4,38.73970103263855
"[32, 32, 32]",20.0,0.0001,3000,512,999,2405,0.008684495463967323,0.0065820422023534775,0.009382748733074146,0.01895726877053286,2,3,3,3,2,3,3,4,2,2.875,4,37.97090935707092
"[48, 48, 48]",20.0,0.0001,2000,512,42,5141,0.00836076121777296,0.005437612999230623,0.009403658231372118,0.031048072554705413,3,2,3,3,2,4,5,4,2,3.25,5,25.85740089416504
"[32, 32, 32]",25.0,0.0002,3000,512,137,2405,0.0065461574122309685,0.004933536052703857,0.009436368466242299,0.02244526071996889,2,3,3,4,3,4,3,3,2,3.125,4,38.793105125427246
"[32, 32, 32]",15.0,0.0002,4000,1024,137,2405,0.0026767970994114876,0.002187633654102683,0.009442209131023435,0.026009642941885153,3,4,3,4,2,3,3,4,2,3.25,4,51.840750217437744
"[32, 32, 32]",20.0,0.0002,4000,256,2024,2405,0.006998264696449041,0.005153308156877756,0.009495026851095314,0.017824290602249493,3,3,4,3,2,4,3,3,2,3.125,4,50.2381546497345
"[32, 32, 32]",20.0,0.0002,2000,512,42,2405,0.009602991864085197,0.006486521102488041,0.009527706316500371,0.023595680836732063,3,3,3,4,2,3,4,4,2,3.25,4,25.915968418121338
"[48, 48, 48]",25.0,5e-05,4000,512,999,5141,0.009440520778298378,0.006589781958609819,0.009553094259239217,0.05018108608232925,3,3,4,5,3,2,3,4,2,3.375,5,51.12094068527222
"[32, 32, 32]",20.0,0.0001,4000,512,137,2405,0.01034799125045538,0.006383387837558985,0.009625002744177909,0.040794251494991565,3,3,3,4,4,4,2,4,2,3.375,4,50.89336538314819
"[48, 48, 48]",20.0,5e-05,3000,512,137,5141,0.011183210648596287,0.00795130804181099,0.009627529124407322,0.020777704213917787,2,3,3,4,2,3,4,4,2,3.125,4,38.831263303756714
"[64, 64, 64]",25.0,5e-05,3000,256,999,8901,0.009287450462579727,0.005218562204390764,0.009630681374806433,0.028228943774262168,3,2,3,4,2,3,4,4,2,3.125,4,37.827961683273315
"[32, 32, 32]",25.0,0.0001,3000,1024,999,2405,0.008689587004482746,0.006439289078116417,0.00965727505400293,0.028090740839962026,2,3,4,4,2,4,3,3,2,3.125,4,39.33993220329285
"[32, 32, 32]",25.0,0.0002,3000,256,2024,2405,0.0070426249876618385,0.005487232934683561,0.009730193223712897,0.01969530201304661,3,3,3,4,2,3,3,3,2,3.0,4,37.61193656921387
"[32, 32, 32]",20.0,0.0002,3000,1024,137,2405,0.005189074203372002,0.003448985982686281,0.00973305179985723,0.0250989334405517,3,3,3,4,2,4,3,4,2,3.25,4,38.871872425079346
"[48, 48, 48]",15.0,0.0001,3000,512,999,5141,0.004984042141586542,0.0038578854873776436,0.00976060239931463,0.018912706147635943,2,3,3,4,3,3,3,4,2,3.125,4,38.419678926467896
"[48, 48, 48]",15.0,5e-05,4000,512,42,5141,0.007256054785102606,0.005569797940552235,0.009779597726780567,0.032735703906362726,3,3,3,4,3,3,2,4,2,3.125,4,51.487279653549194
"[32, 32, 32]",20.0,0.0001,4000,1024,2024,2405,0.011089399456977844,0.008404881693422794,0.009789613985684016,0.025672117194001618,2,3,3,4,3,5,3,3,2,3.25,5,51.68187093734741
"[64, 64, 64]",20.0,5e-05,3000,256,42,8901,0.005122503265738487,0.004359368234872818,0.009856654850366058,0.037706144088958386,4,2,4,4,2,3,4,3,2,3.25,4,37.58277225494385
"[64, 64, 64]",20.0,5e-05,3000,512,42,8901,0.004410095512866974,0.0038500742521137,0.009956914568550117,0.029158103450477493,3,2,4,4,3,4,3,3,2,3.25,4,37.62086606025696
"[48, 48, 48]",25.0,5e-05,4000,1024,137,5141,0.006289293058216572,0.005312763154506683,0.009958953951415337,0.02583890004514031,3,4,3,4,2,4,3,4,2,3.375,4,51.805044651031494
"[64, 64, 64]",15.0,5e-05,4000,512,999,8901,0.005373705178499222,0.0037374759558588266,0.010031914324584232,0.03284631442256937,3,3,3,4,2,4,3,3,2,3.125,4,50.09840250015259
"[32, 32, 32]",20.0,0.0001,3000,256,7,2405,0.019041258841753006,0.012130857445299625,0.010128081582808666,0.037833634330763644,3,4,5,4,2,3,3,4,2,3.5,5,38.118672609329224
"[48, 48, 48]",25.0,5e-05,4000,512,42,5141,0.006952309049665928,0.004962814040482044,0.010142152314603792,0.03345581783164367,3,3,4,4,3,2,3,3,2,3.125,4,50.87502455711365
"[32, 32, 32]",15.0,0.0001,4000,1024,42,2405,0.005574887152761221,0.004820036236196756,0.010188259149968659,0.024462858703916273,3,4,3,4,2,3,3,3,2,3.125,4,51.46187686920166
"[32, 32, 32]",15.0,0.0002,2000,512,2024,2405,0.009063118137419224,0.007044830359518528,0.010250181977400647,0.018798627956590888,3,3,3,4,2,3,3,3,2,3.0,4,25.358158111572266
"[32, 32, 32]",25.0,0.0001,4000,256,2024,2405,0.012032413855195045,0.007031588349491358,0.010330138003695491,0.028122762895492027,3,4,3,3,2,3,3,3,2,3.0,4,50.468225717544556
"[48, 48, 48]",15.0,5e-05,4000,256,7,5141,0.018018417060375214,0.007470497861504555,0.01035959806354426,0.025577940725150447,3,3,3,3,2,4,4,3,2,3.125,4,50.09579372406006
"[48, 48, 48]",25.0,5e-05,3000,512,137,5141,0.0123056098818779,0.009289542213082314,0.010378461963942171,0.015826312244005165,3,3,3,3,2,3,3,4,2,3.0,4,38.560590744018555
"[48, 48, 48]",20.0,5e-05,4000,1024,2024,5141,0.007106755394488573,0.005716568790376186,0.010423511030280571,0.05351428391749693,3,3,4,4,3,2,3,5,2,3.375,5,51.48793387413025
"[64, 64, 64]",20.0,5e-05,3000,1024,999,8901,0.006212746258825064,0.004234363790601492,0.01043594835547589,0.037483867217390235,4,2,4,4,3,3,3,4,2,3.375,4,38.32195687294006
"[48, 48, 48]",15.0,0.0001,2000,512,999,5141,0.008950125426054,0.006428471766412258,0.01050636891020452,0.026892522485115023,2,4,3,4,3,3,3,3,2,3.125,4,25.666101694107056
"[32, 32, 32]",25.0,0.0002,3000,256,137,2405,0.007931393571197987,0.0055615101009607315,0.010547058855199269,0.029709220730530915,4,4,3,4,2,3,3,3,2,3.25,4,38.55921959877014
"[32, 32, 32]",20.0,0.0001,3000,1024,2024,2405,0.015686936676502228,0.011252381838858128,0.010722855774950323,0.043043968318960325,2,3,4,4,3,4,2,4,2,3.25,4,38.67247128486633
"[64, 64, 64]",15.0,5e-05,3000,1024,42,8901,0.003734301310032606,0.003265996463596821,0.01072918721947593,0.026420345647427224,3,3,3,4,2,4,3,3,2,3.125,4,38.33869385719299
"[48, 48, 48]",20.0,5e-05,4000,256,42,5141,0.00870511308312416,0.005761898122727871,0.010730458139201947,0.033788417825357124,2,2,4,4,4,3,4,3,2,3.25,4,50.3750274181366
"[48, 48, 48]",25.0,0.0001,2000,512,7,5141,0.010463781654834747,0.00712131941691041,0.010870074583983725,0.022880063719374902,2,3,4,3,3,3,3,3,2,3.0,4,25.77343726158142
"[32, 32, 32]",15.0,0.0001,4000,256,137,2405,0.012997915968298912,0.0061637298204004765,0.010910618081970634,0.023119293124112004,2,4,3,4,3,3,3,4,2,3.25,4,50.32946252822876
"[32, 32, 32]",20.0,0.0002,2000,1024,42,2405,0.00883400533348322,0.007861650548875332,0.010929873851098991,0.03352282195397348,4,4,3,3,2,3,2,5,2,3.25,5,25.75914692878723
"[64, 64, 64]",15.0,5e-05,3000,512,7,8901,0.009130534715950489,0.0054463050328195095,0.010932916094616616,0.02624320756685986,3,3,3,4,2,3,3,4,2,3.125,4,37.61745309829712
"[64, 64, 64]",20.0,0.0001,2000,256,137,8901,0.005832385271787643,0.00519267562776804,0.010946627561686195,0.016755795284016405,2,3,3,4,3,3,3,3,2,3.0,4,25.075462818145752
"[64, 64, 64]",15.0,0.0001,2000,256,42,8901,0.006567280273884535,0.003876912873238325,0.010954645196904632,0.0256182681687038,3,3,3,4,2,3,3,4,2,3.125,4,25.304681539535522
"[32, 32, 32]",15.0,0.0002,2000,256,42,2405,0.009228257462382317,0.00722779706120491,0.010993354019277207,0.02630551074444004,3,4,3,3,2,3,3,3,2,3.0,4,24.964548587799072
"[64, 64, 64]",15.0,0.0001,2000,256,2024,8901,0.008295698091387749,0.005467201583087444,0.011001827533236929,0.029371044962469044,4,3,3,4,2,3,4,3,2,3.25,4,25.194534063339233
"[64, 64, 64]",25.0,5e-05,3000,1024,42,8901,0.0035037642810493708,0.003143585054203868,0.011002318049826819,0.032316116366548665,4,2,4,4,3,3,3,4,2,3.375,4,38.419891357421875
"[64, 64, 64]",20.0,5e-05,3000,512,999,8901,0.005959497764706612,0.0050356267020106316,0.01103854472133886,0.0436694209103586,3,2,3,5,3,3,3,4,2,3.25,5,37.61667060852051
"[16, 16, 16]",25.0,0.0002,4000,512,137,693,0.0068918634206056595,0.005721603520214558,0.01105647755672764,0.05812729146569686,2,5,2,4,3,7,3,4,2,3.75,7,50.14495229721069
"[32, 32, 32]",15.0,0.0002,2000,512,42,2405,0.008055072277784348,0.006416887976229191,0.011096874661601539,0.022913989558162054,2,3,3,5,2,3,3,3,2,3.0,5,25.813918352127075
"[48, 48, 48]",15.0,0.0001,2000,1024,2024,5141,0.005474370904266834,0.004172812215983868,0.011113581870480551,0.02198338873674402,3,3,3,4,2,3,3,3,2,3.0,4,25.642590761184692
"[48, 48, 48]",25.0,0.0001,2000,1024,2024,5141,0.007303254678845406,0.006101169623434544,0.011169541841612509,0.06141942496489522,3,3,4,4,3,2,3,4,2,3.25,4,25.69693660736084
"[48, 48, 48]",15.0,0.0002,2000,256,2024,5141,0.0050908359698951244,0.0028544971719384193,0.011225828631744168,0.016665630350312956,2,3,3,4,2,3,3,3,2,2.875,4,25.272331476211548
"[32, 32, 32]",25.0,0.0002,3000,256,999,2405,0.005857987329363823,0.005001673940569162,0.011246458494667561,0.020857487893805766,3,3,3,3,2,3,3,4,2,3.0,4,37.52707624435425
"[48, 48, 48]",20.0,0.0001,2000,256,42,5141,0.008279670029878616,0.007006852421909571,0.011268257187615973,0.0312156909696156,3,2,3,3,2,3,4,3,2,2.875,4,25.217746257781982
"[64, 64, 64]",25.0,5e-05,3000,512,42,8901,0.004665453918278217,0.0036972835659980774,0.011279536790867762,0.036137461722011224,3,2,5,4,2,3,4,3,2,3.25,5,37.93590521812439
"[32, 32, 32]",15.0,0.0002,3000,1024,137,2405,0.004250515252351761,0.0031124725937843323,0.011287396676911846,0.03193688329984575,3,3,3,4,2,3,3,4,2,3.125,4,38.73202586174011
"[64, 64, 64]",20.0,5e-05,3000,1024,137,8901,0.006380937993526459,0.004676363430917263,0.01142177327104505,0.027685870165609357,3,2,3,4,3,3,3,3,2,3.0,4,38.35412931442261
"[32, 32, 32]",15.0,0.0002,3000,512,42,2405,0.004729070700705051,0.003920719958841801,0.011439417680900317,0.018448836329058235,2,4,3,4,2,3,3,3,2,3.0,4,38.51922631263733
"[64, 64, 64]",15.0,5e-05,3000,1024,137,8901,0.006296668201684952,0.004866553470492363,0.011451106795258651,0.021724497789926227,2,3,3,5,2,3,3,3,2,3.0,5,38.32382941246033
"[32, 32, 32]",15.0,0.0002,2000,1024,2024,2405,0.006868178024888039,0.005848373286426067,0.011485012495934692,0.03411602933842928,3,3,4,3,3,3,2,4,2,3.125,4,26.169174194335938
"[64, 64, 64]",15.0,5e-05,3000,512,2024,8901,0.009161129593849182,0.005715668201446533,0.011532283982387974,0.025765337054149098,3,3,3,4,2,3,4,3,2,3.125,4,37.610575914382935
"[32, 32, 32]",25.0,0.0002,3000,256,42,2405,0.010421859100461006,0.0055474527180194855,0.01161931569426083,0.022128617951035833,3,3,3,3,2,3,3,3,2,2.875,3,38.96405529975891
"[48, 48, 48]",15.0,5e-05,3000,1024,999,5141,0.010871240869164467,0.007170358672738075,0.011682238170612168,0.023785241302880664,2,3,4,6,2,3,3,3,2,3.25,6,38.714563608169556
"[48, 48, 48]",15.0,5e-05,3000,512,999,5141,0.010892169550061226,0.008348748087882996,0.01169253827093173,0.030628953026864542,3,4,3,4,2,3,3,4,2,3.25,4,38.28612470626831
"[64, 64, 64]",15.0,0.0001,2000,256,137,8901,0.007281380705535412,0.005615139380097389,0.011840456312259464,0.03880286333772211,3,3,3,3,2,3,3,5,2,3.125,5,25.151347398757935
"[48, 48, 48]",20.0,0.0001,2000,512,7,5141,0.00947560090571642,0.006196250673383474,0.01185544061478871,0.02240529128294686,3,3,3,3,2,3,4,3,2,3.0,4,25.610644340515137
"[64, 64, 64]",15.0,5e-05,4000,256,137,8901,0.010495087131857872,0.0045777661725878716,0.011938557033725759,0.01773045497144339,2,3,3,4,2,3,3,3,2,2.875,4,50.03191304206848
"[48, 48, 48]",15.0,0.0001,2000,1024,7,5141,0.0068415310233831406,0.005904199089854956,0.011994237949838204,0.03013172648348229,2,3,2,4,3,4,3,4,2,3.125,4,26.304438591003418
"[48, 48, 48]",20.0,5e-05,3000,1024,42,5141,0.006886591203510761,0.005708592943847179,0.012089864503622576,0.03503272006248115,3,2,3,4,2,4,3,3,2,3.0,4,38.75095343589783
"[32, 32, 32]",15.0,0.0001,4000,512,999,2405,0.004355734214186668,0.0035847709514200687,0.012130030672870253,0.03194847010643836,2,3,3,4,3,3,3,3,2,3.0,4,51.49046206474304
"[64, 64, 64]",20.0,0.0001,2000,256,999,8901,0.0038115959614515305,0.0036405641585588455,0.01219077072749437,0.02058463951059261,3,3,3,4,2,3,3,3,2,3.0,4,25.029425382614136
"[32, 32, 32]",20.0,0.0002,2000,256,137,2405,0.010852569714188576,0.008227890357375145,0.012194100028884023,0.0484420849881761,3,5,3,3,2,3,2,4,2,3.125,5,25.007375240325928
"[48, 48, 48]",20.0,0.0001,2000,256,7,5141,0.007746661081910133,0.00680198147892952,0.012223852127616504,0.027908153802893316,2,3,3,3,3,3,4,3,2,3.0,4,25.270209074020386
"[32, 32, 32]",15.0,0.0001,3000,1024,2024,2405,0.008921118453145027,0.006688420195132494,0.012232791321723878,0.02234002956496209,3,3,3,3,2,3,3,3,2,2.875,3,38.92357039451599
"[32, 32, 32]",15.0,0.0002,4000,512,137,2405,0.00482161995023489,0.002951347501948476,0.01235874879368352,0.029596126123697684,2,3,3,3,2,3,3,4,2,2.875,4,50.80000114440918
"[32, 32, 32]",20.0,0.0001,3000,256,2024,2405,0.016117136925458908,0.013355075381696224,0.012401019732995719,0.03465725623802932,2,4,4,3,3,2,3,4,2,3.125,4,37.612048864364624
"[64, 64, 64]",20.0,5e-05,3000,256,7,8901,0.010599290952086449,0.005855639465153217,0.012411799291382457,0.024518817949529675,4,3,3,4,2,3,3,3,2,3.125,4,37.52775049209595
"[32, 32, 32]",15.0,0.0001,3000,1024,42,2405,0.008731529116630554,0.007090160623192787,0.012424769294940713,0.03235633409784694,3,3,4,4,2,3,3,3,2,3.125,4,38.873114824295044
"[48, 48, 48]",25.0,0.0001,2000,1024,999,5141,0.008547963574528694,0.006631182506680489,0.012470651177888063,0.05757385298609156,3,4,3,4,3,2,4,3,2,3.25,4,25.81297731399536
"[48, 48, 48]",25.0,0.0001,2000,512,42,5141,0.008044845424592495,0.0057215276174247265,0.012491413739099122,0.03297001578912055,3,3,3,4,3,2,5,3,2,3.25,5,26.015294790267944
"[32, 32, 32]",15.0,0.0002,2000,512,999,2405,0.005914839915931225,0.004381266422569752,0.012518769762300258,0.0329237528000112,2,3,3,4,2,4,2,3,2,2.875,4,25.51484179496765
"[48, 48, 48]",20.0,5e-05,3000,1024,7,5141,0.007332536391913891,0.007085759192705154,0.01257126750566818,0.022807245089594946,3,3,4,3,2,3,3,3,2,3.0,4,38.621792793273926
"[48, 48, 48]",15.0,5e-05,4000,1024,7,5141,0.006407440640032291,0.004939010366797447,0.012584957075076909,0.023707881431165406,3,3,3,3,2,3,3,4,2,3.0,4,51.26926898956299
"[32, 32, 32]",20.0,0.0002,2000,1024,137,2405,0.007773774676024914,0.005119102541357279,0.012606951431554363,0.03990680281451097,2,3,4,4,2,3,2,4,2,3.0,4,25.727050065994263
"[48, 48, 48]",15.0,0.0001,3000,256,2024,5141,0.004361982923001051,0.003446810180321336,0.012736686171335202,0.037498555444372264,3,3,3,4,2,3,3,3,2,3.0,4,37.50482368469238
"[16, 16, 16]",25.0,0.0002,4000,1024,2024,693,0.009641135111451149,0.007337759714573622,0.012782378171621797,0.02245888574286767,2,3,3,3,2,3,3,4,2,2.875,4,51.689250230789185
"[32, 32, 32]",25.0,0.0001,3000,1024,2024,2405,0.009861771017313004,0.007288076914846897,0.012799532368846143,0.036368073385767904,3,4,3,4,2,4,3,3,2,3.25,4,39.11749529838562
"[48, 48, 48]",20.0,5e-05,3000,512,42,5141,0.008188052102923393,0.0071799661964178085,0.012840653293991786,0.047495956007028634,3,2,3,3,3,3,3,4,2,3.0,4,38.44397974014282
"[32, 32, 32]",15.0,0.0002,3000,1024,7,2405,0.004156051203608513,0.00407068058848381,0.012896112788640834,0.030957120991736115,3,4,3,4,2,3,3,3,2,3.125,4,38.95850110054016
"[32, 32, 32]",20.0,0.0001,4000,512,42,2405,0.009059837087988853,0.007358295377343893,0.012906343403531646,0.026536537854835174,2,3,5,4,2,3,3,3,2,3.125,5,51.10018277168274
"[48, 48, 48]",15.0,5e-05,3000,1024,42,5141,0.0077494182623922825,0.006185955833643675,0.013066161165726781,0.04357949408284193,3,3,4,3,3,3,2,4,2,3.125,4,38.98131251335144
"[48, 48, 48]",20.0,0.0001,2000,1024,999,5141,0.008796228095889091,0.0064978026784956455,0.013143518068763528,0.03461037513156528,3,3,3,3,3,3,2,4,2,3.0,4,25.753052711486816
"[32, 32, 32]",20.0,0.0001,4000,256,137,2405,0.017441105097532272,0.008072199299931526,0.013177116889211377,0.049112630617032485,3,3,3,3,3,4,2,3,2,3.0,4,50.35018873214722
"[48, 48, 48]",20.0,5e-05,4000,256,137,5141,0.011445220559835434,0.0060934764333069324,0.013215289216871477,0.022223434405613054,2,4,3,4,2,3,3,3,2,3.0,4,50.30309581756592
"[32, 32, 32]",20.0,0.0002,3000,256,2024,2405,0.011027514934539795,0.007361824624240398,0.013259577642047249,0.02888626117019186,3,3,3,3,2,3,3,3,2,2.875,3,37.69703531265259
"[48, 48, 48]",20.0,0.0001,2000,256,999,5141,0.008423973806202412,0.0075711533427238464,0.013364392914158483,0.0387291238896787,4,3,2,4,3,3,3,3,2,3.125,4,25.040947437286377
"[64, 64, 64]",15.0,5e-05,4000,256,42,8901,0.00393803883343935,0.003269345033913851,0.013394103475565662,0.03142536164388727,3,3,3,4,2,3,3,3,2,3.0,4,49.96850299835205
"[48, 48, 48]",20.0,5e-05,4000,512,2024,5141,0.008409096859395504,0.0066755469888448715,0.013495210078206556,0.05178528813649874,4,3,3,4,3,2,3,4,2,3.25,4,51.43799114227295
"[32, 32, 32]",20.0,0.0001,4000,512,7,2405,0.010086148977279663,0.008365482091903687,0.013506771170318678,0.03161466731894014,3,3,3,4,2,3,3,3,2,3.0,4,51.33387112617493
"[32, 32, 32]",20.0,0.0002,3000,256,137,2405,0.008237374015152454,0.0052374801598489285,0.013524091522792641,0.044885797429602414,3,4,4,3,2,3,2,3,2,3.0,4,37.6785204410553
"[64, 64, 64]",15.0,0.0001,2000,256,7,8901,0.008312517777085304,0.005053829401731491,0.013537447735524486,0.022335828347161572,3,4,3,3,2,3,3,3,2,3.0,4,25.24555730819702
"[16, 16, 16]",15.0,0.0002,4000,512,42,693,0.007175557315349579,0.005202142987400293,0.013549031477667953,0.02652314677796249,2,3,3,3,2,4,3,3,2,2.875,4,50.91380786895752
"[32, 32, 32]",25.0,5e-05,4000,512,42,2405,0.016408033668994904,0.013286754488945007,0.013590609411142198,0.027791999086499264,3,3,3,4,2,3,3,3,2,3.0,4,50.897425413131714
"[32, 32, 32]",15.0,0.0001,4000,512,42,2405,0.006778661161661148,0.00562402606010437,0.013596792335242273,0.0351103605935543,4,4,2,3,2,3,3,5,2,3.25,5,51.332940101623535
"[32, 32, 32]",15.0,0.0001,4000,1024,999,2405,0.00330934370867908,0.002917034085839987,0.0136021566731091,0.023738542799590326,2,3,3,3,3,3,3,3,2,2.875,3,52.01518678665161
"[48, 48, 48]",15.0,0.0001,2000,512,2024,5141,0.00635727122426033,0.005101541057229042,0.013623583201052135,0.041630781579345834,3,3,3,4,2,3,3,3,2,3.0,4,25.625193119049072
"[32, 32, 32]",20.0,0.0002,3000,256,42,2405,0.010378733277320862,0.005520951934158802,0.013649315615504925,0.038180209318709746,3,4,3,5,2,3,2,3,2,3.125,5,37.89023280143738
"[32, 32, 32]",20.0,0.0001,4000,256,999,2405,0.008165556006133556,0.005385484546422958,0.01367648173075012,0.024494317435721107,3,3,3,3,2,4,3,3,2,3.0,4,50.11030697822571
"[48, 48, 48]",15.0,0.0001,2000,256,999,5141,0.007946773432195187,0.007314050570130348,0.013699548594520517,0.044982953844652215,3,4,3,4,2,3,2,3,2,3.0,4,25.691656351089478
"[48, 48, 48]",25.0,0.0001,2000,256,42,5141,0.00878202635794878,0.00644324766471982,0.013706785158231571,0.04040908824842037,3,3,3,4,3,2,3,3,2,3.0,4,24.962401390075684
"[32, 32, 32]",25.0,0.0001,3000,256,999,2405,0.009222779422998428,0.00888424925506115,0.013743927974640484,0.042094959901551224,2,4,3,3,2,3,4,4,2,3.125,4,38.295846700668335
"[64, 64, 64]",20.0,5e-05,3000,256,137,8901,0.01112624816596508,0.006988096982240677,0.013817756791393519,0.04214846030164104,3,2,3,4,3,3,3,4,2,3.125,4,37.60362672805786
"[64, 64, 64]",15.0,0.0001,2000,512,999,8901,0.00591721385717392,0.004416140262037516,0.013874195908984966,0.026403736803937497,2,3,3,4,2,4,3,3,2,3.0,4,25.285131216049194
"[48, 48, 48]",15.0,5e-05,3000,1024,137,5141,0.00739259272813797,0.005358654074370861,0.013934822268021592,0.03198427119025961,4,2,3,3,5,3,3,3,2,3.25,5,38.59337377548218
"[48, 48, 48]",15.0,0.0001,2000,512,137,5141,0.008661540225148201,0.005004001781344414,0.013946870577809474,0.045525752535312006,3,3,3,4,2,3,3,3,2,3.0,4,25.89886999130249
"[32, 32, 32]",20.0,0.0001,4000,256,7,2405,0.014298168942332268,0.009432729333639145,0.0139887400538155,0.03149501122996614,2,3,3,4,2,3,3,3,2,2.875,4,50.675583362579346
"[32, 32, 32]",15.0,0.0001,4000,512,137,2405,0.007107864134013653,0.0046507492661476135,0.014096141769488148,0.04086042940773006,3,3,3,3,2,3,2,4,2,2.875,4,51.43734550476074
"[16, 16, 16]",15.0,0.0002,3000,512,42,693,0.01227569580078125,0.007195180281996727,0.01417485691079209,0.03818189486631956,3,2,3,3,3,3,3,4,2,3.0,4,38.38640594482422
"[32, 32, 32]",15.0,0.0001,3000,1024,137,2405,0.00859939493238926,0.005792819429188967,0.01419421064831154,0.04976158315660229,3,4,3,3,2,5,3,4,2,3.375,5,39.48633098602295
"[32, 32, 32]",15.0,0.0001,4000,1024,7,2405,0.0072721815668046474,0.00556566147133708,0.01419974000647577,0.04329458133811631,3,3,4,4,2,4,2,3,2,3.125,4,51.41151571273804
"[32, 32, 32]",20.0,0.0002,2000,256,7,2405,0.014536146074533463,0.01030889805406332,0.014211890090296327,0.03771821736433508,3,3,3,3,3,3,2,4,2,3.0,4,25.259345054626465
"[32, 32, 32]",25.0,5e-05,4000,1024,999,2405,0.010969774797558784,0.00941933412104845,0.014224427338577768,0.03596325486682422,3,5,3,3,3,2,4,3,2,3.25,5,51.60411047935486
"[48, 48, 48]",20.0,5e-05,4000,512,999,5141,0.009110739454627037,0.00623985193669796,0.014266094652580247,0.0339454559058399,2,3,3,3,3,2,3,3,2,2.75,3,51.28358459472656
"[32, 32, 32]",15.0,0.0002,3000,256,2024,2405,0.0074972896836698055,0.005239705555140972,0.014292387074041294,0.030010749795849317,3,4,3,3,2,4,3,3,2,3.125,4,37.89310264587402
"[32, 32, 32]",25.0,0.0001,3000,256,2024,2405,0.014197452925145626,0.010615912266075611,0.014296588165533187,0.04649477802949486,3,3,3,5,2,3,3,3,2,3.125,5,37.74825692176819
"[16, 16, 16]",25.0,0.0002,3000,1024,2024,693,0.014809305779635906,0.01031327061355114,0.014300415172784842,0.03124635508784835,2,3,3,3,4,3,3,4,2,3.125,4,38.91227746009827
"[32, 32, 32]",20.0,0.0001,2000,1024,999,2405,0.010422196239233017,0.008033961057662964,0.01432897985283076,0.030843082037881674,3,2,3,4,2,3,3,3,2,2.875,4,25.797796726226807
"[64, 64, 64]",15.0,5e-05,3000,256,7,8901,0.011419711634516716,0.006721977144479752,0.014373802890056653,0.024786681099828126,3,3,4,3,2,3,3,3,2,3.0,4,37.53570818901062
"[48, 48, 48]",25.0,5e-05,4000,1024,2024,5141,0.007610611151903868,0.005608161445707083,0.014440488377176153,0.04756541542506697,3,3,3,4,4,2,3,3,2,3.125,4,51.358450412750244
"[32, 32, 32]",15.0,0.0001,3000,512,2024,2405,0.012425903230905533,0.008220557123422623,0.014528328802582533,0.03209620001766436,2,2,3,4,3,3,3,3,2,2.875,4,38.41079068183899
"[32, 32, 32]",15.0,0.0002,3000,512,137,2405,0.004966296721249819,0.004374273121356964,0.014530503801596498,0.03500141017617234,2,3,3,3,2,3,2,4,2,2.75,4,38.26710653305054
"[32, 32, 32]",20.0,0.0001,3000,1024,42,2405,0.010773934423923492,0.008313844911754131,0.014603425160427123,0.05110810703371743,3,3,3,4,2,3,2,3,2,2.875,4,38.62302327156067
"[48, 48, 48]",15.0,5e-05,4000,512,7,5141,0.007130881771445274,0.006216878071427345,0.014633841615660682,0.03634699088736857,3,2,3,3,4,3,2,3,2,2.875,4,51.46909284591675
"[48, 48, 48]",25.0,5e-05,3000,256,137,5141,0.01855737715959549,0.010427579283714294,0.014804124237161594,0.03254095402175039,3,2,4,3,3,3,3,4,2,3.125,4,38.229088306427
"[32, 32, 32]",25.0,5e-05,4000,1024,2024,2405,0.014517128467559814,0.01102435402572155,0.014849924795939395,0.026844546044930515,2,3,3,4,2,3,3,3,2,2.875,4,51.38724684715271
"[16, 16, 16]",20.0,0.0002,4000,1024,2024,693,0.005361744202673435,0.004868058487772942,0.014899764140334814,0.023880019065801054,2,3,3,3,3,3,3,3,2,2.875,3,52.235615253448486
"[16, 16, 16]",20.0,0.0002,4000,1024,999,693,0.011029552668333054,0.009669115766882896,0.014912711754776434,0.042486019829704354,2,3,2,3,2,3,3,5,2,2.875,5,52.06669235229492
"[32, 32, 32]",25.0,0.0002,2000,256,7,2405,0.014669625088572502,0.010015410371124744,0.014924265725194855,0.03391480190995718,3,3,3,3,2,3,3,3,2,2.875,3,25.496912479400635
"[64, 64, 64]",15.0,5e-05,3000,512,137,8901,0.007032268680632114,0.005997988395392895,0.014988287336703696,0.032488116934296075,2,3,3,3,2,4,3,3,2,2.875,4,37.59309482574463
"[32, 32, 32]",20.0,0.0001,3000,256,999,2405,0.008340043015778065,0.007693328894674778,0.015042949616521029,0.027870673521019178,3,3,3,3,2,3,3,3,2,2.875,3,38.16161632537842
"[32, 32, 32]",15.0,0.0001,3000,256,42,2405,0.013182587921619415,0.008228188380599022,0.01510610834858615,0.0415015741039348,4,3,2,4,2,3,3,3,2,3.0,4,37.95504093170166
"[48, 48, 48]",15.0,5e-05,3000,512,42,5141,0.009438175708055496,0.0078086089342832565,0.01516632010767616,0.03848758221767922,3,3,3,3,3,3,2,5,2,3.125,5,38.23539423942566
"[32, 32, 32]",25.0,0.0001,3000,512,2024,2405,0.016243480145931244,0.010663490742444992,0.015195290674919915,0.04247446054215705,3,5,3,3,2,4,2,3,2,3.125,5,38.79723763465881
"[32, 32, 32]",15.0,0.0001,4000,256,999,2405,0.0062012504786252975,0.004814290441572666,0.015312748701560859,0.024039080370368917,2,3,3,4,3,3,3,3,2,3.0,4,49.94688820838928
"[64, 64, 64]",15.0,5e-05,4000,256,999,8901,0.0055613406002521515,0.004482646472752094,0.015408247330006146,0.033809752385352665,2,3,3,3,2,3,3,3,2,2.75,3,49.96073269844055
"[64, 64, 64]",15.0,5e-05,3000,512,42,8901,0.004595224745571613,0.003967732656747103,0.015449073775051484,0.03343065216250188,2,3,3,4,2,3,3,3,2,2.875,4,37.67078638076782
"[48, 48, 48]",20.0,5e-05,3000,256,42,5141,0.023615781217813492,0.008381339721381664,0.01550515800092854,0.06129840935712179,3,2,3,4,3,3,3,3,2,3.0,4,37.52761220932007
"[48, 48, 48]",15.0,5e-05,4000,512,2024,5141,0.005109446123242378,0.004385463893413544,0.015513401107209356,0.04012356073484194,3,3,3,4,2,3,3,3,2,3.0,4,51.541727781295776
"[32, 32, 32]",20.0,0.0001,3000,512,7,2405,0.019479112699627876,0.01067403145134449,0.015535301962328017,0.047048719668802266,3,3,3,4,2,4,2,3,2,3.0,4,38.560707092285156
"[16, 16, 16]",20.0,0.0002,4000,1024,42,693,0.020193133503198624,0.015160059556365013,0.01573930626241772,0.050244657108343374,2,3,3,3,2,3,4,3,2,2.875,4,51.96487808227539
"[32, 32, 32]",20.0,0.0002,2000,256,2024,2405,0.014895811676979065,0.010479112155735493,0.015783236340364618,0.057171728029150985,3,3,3,3,2,4,2,6,2,3.25,6,25.28965926170349
"[32, 32, 32]",15.0,0.0002,2000,512,7,2405,0.008936472237110138,0.00756596215069294,0.015994267433478856,0.04563461003493815,3,3,3,5,2,3,3,3,2,3.125,5,25.457204580307007
"[32, 32, 32]",15.0,0.0002,2000,256,7,2405,0.013622777536511421,0.00915421824902296,0.01602434890655448,0.04658366480904316,3,3,3,4,3,3,2,3,2,3.0,4,25.281660079956055
"[32, 32, 32]",20.0,0.0001,2000,1024,7,2405,0.017947159707546234,0.015387101098895073,0.016128968503243035,0.023545142938411426,2,3,3,3,2,3,3,4,2,2.875,4,25.840401887893677
"[16, 16, 16]",25.0,0.0002,3000,512,137,693,0.009996538981795311,0.008841527625918388,0.01619911168046095,0.06968004379856882,2,3,2,5,2,4,4,3,2,3.125,5,37.791934967041016
"[32, 32, 32]",25.0,0.0001,3000,1024,137,2405,0.01390710286796093,0.008712629787623882,0.01620054497924396,0.03739560796760304,3,3,3,3,2,3,3,3,2,2.875,3,38.931288957595825
"[48, 48, 48]",15.0,5e-05,4000,256,137,5141,0.008476516231894493,0.004922172985970974,0.016200901744152615,0.04074285300786159,3,3,3,3,2,3,3,3,2,2.875,3,50.17337608337402
"[64, 64, 64]",15.0,5e-05,3000,256,2024,8901,0.011561477556824684,0.00672250147908926,0.016276510963929652,0.030087198328807508,3,3,3,3,2,3,3,3,2,2.875,3,37.555158853530884
"[48, 48, 48]",20.0,0.0001,2000,512,999,5141,0.010307913646101952,0.007929064333438873,0.016431617506314233,0.0373988150602455,4,3,3,3,2,2,3,3,2,2.875,4,25.673739671707153
"[32, 32, 32]",25.0,5e-05,4000,1024,42,2405,0.014766243286430836,0.010374652221798897,0.016452360899454104,0.02683359208665968,2,3,4,3,2,3,3,5,2,3.125,5,51.67452907562256
"[64, 64, 64]",15.0,5e-05,3000,256,42,8901,0.005889880936592817,0.004528157413005829,0.016524360643309893,0.039414833087975276,3,3,3,5,2,3,3,3,2,3.125,5,37.50484824180603
"[32, 32, 32]",15.0,0.0001,3000,512,42,2405,0.010229898616671562,0.007619210984557867,0.016611886114796175,0.0513737611024787,3,4,2,4,2,3,3,4,2,3.125,4,38.41580843925476
"[16, 16, 16]",20.0,0.0001,4000,1024,2024,693,0.014713114127516747,0.01256385538727045,0.01661237613152148,0.04642860823207445,2,3,3,3,3,3,3,4,2,3.0,4,52.16841959953308
"[64, 64, 64]",15.0,5e-05,3000,1024,999,8901,0.006192459724843502,0.004388945177197456,0.01668855567351836,0.03372122388542134,3,2,4,4,2,3,3,3,2,3.0,4,38.333317041397095
"[16, 16, 16]",20.0,0.0002,4000,512,2024,693,0.01218821294605732,0.008402134291827679,0.016740194506158882,0.0403904880365989,4,3,3,3,3,2,2,4,2,3.0,4,50.606449604034424
"[16, 16, 16]",20.0,0.0002,2000,512,999,693,0.022638166323304176,0.02013470232486725,0.016781908127285146,0.050319688192029546,3,3,3,3,2,2,4,3,2,2.875,4,25.097973346710205
"[32, 32, 32]",25.0,0.0001,2000,512,999,2405,0.015542570501565933,0.012132832780480385,0.01682555869402474,0.042176093616639466,3,3,4,3,2,2,3,4,2,3.0,4,25.423367738723755
"[16, 16, 16]",15.0,0.0002,4000,256,999,693,0.010650146752595901,0.008080899715423584,0.016827942852805103,0.03579036116166914,2,3,4,3,3,3,2,3,2,2.875,4,50.031272172927856
"[32, 32, 32]",25.0,0.0002,2000,512,7,2405,0.01161404699087143,0.01003309991210699,0.016873039945482893,0.05288742379055944,3,3,3,4,2,3,2,4,2,3.0,4,25.47188401222229
"[16, 16, 16]",20.0,0.0002,3000,512,999,693,0.016638167202472687,0.015037603676319122,0.016928213412917482,0.03560174622688158,2,3,3,3,2,3,3,4,2,2.875,4,37.83330845832825
"[32, 32, 32]",20.0,0.0001,3000,256,137,2405,0.016456667333841324,0.010972263291478157,0.016935486233357243,0.058376056770807545,2,3,3,3,3,4,2,4,2,3.0,4,37.55459809303284
"[16, 16, 16]",20.0,0.0001,4000,1024,999,693,0.020533576607704163,0.018576379865407944,0.01693895181324826,0.05117939180938244,3,3,3,5,3,2,3,3,2,3.125,5,51.94792675971985
"[32, 32, 32]",25.0,0.0001,2000,1024,999,2405,0.013039818964898586,0.010393989272415638,0.017007192994998477,0.038903835902019325,3,2,3,4,3,2,3,3,2,2.875,4,25.80264973640442
"[48, 48, 48]",20.0,0.0001,2000,256,2024,5141,0.013274271041154861,0.006930558942258358,0.01701800438933344,0.044496645068923354,3,2,3,4,3,2,3,3,2,2.875,4,25.466689109802246
"[16, 16, 16]",20.0,0.0002,4000,512,137,693,0.0062409499660134315,0.0057562729343771935,0.01705293751762426,0.035876065594118794,3,2,4,3,2,2,3,4,2,2.875,4,50.460856199264526
"[32, 32, 32]",25.0,0.0001,2000,1024,42,2405,0.013068852946162224,0.01234876923263073,0.017110193215393754,0.0477645914439327,3,3,3,5,3,2,3,3,2,3.125,5,26.121878385543823
"[48, 48, 48]",20.0,0.0001,2000,1024,2024,5141,0.008554053492844105,0.00700526824221015,0.017183601634918718,0.06747447594840969,3,3,3,3,3,2,4,3,2,3.0,4,25.547317266464233
"[64, 64, 64]",15.0,5e-05,3000,256,137,8901,0.012317974120378494,0.007437467575073242,0.017304325427967126,0.03121275391714279,2,3,4,4,2,3,3,3,2,3.0,4,37.576942920684814
"[16, 16, 16]",25.0,0.0002,4000,1024,999,693,0.011772417463362217,0.010632384568452835,0.017316702100857114,0.04154210690412979,2,3,3,3,2,3,4,4,2,3.0,4,52.15268087387085
"[32, 32, 32]",20.0,0.0001,2000,1024,137,2405,0.01978090964257717,0.011343305930495262,0.017374447433752584,0.04134536861427191,2,3,2,3,3,3,3,4,2,2.875,4,25.730262756347656
"[48, 48, 48]",15.0,5e-05,3000,1024,2024,5141,0.006522476207464933,0.005364273674786091,0.017453452480308905,0.044956110641204756,3,2,3,4,3,2,4,3,2,3.0,4,38.600669145584106
"[16, 16, 16]",25.0,0.0002,4000,256,2024,693,0.02518444135785103,0.016990480944514275,0.01754112594986881,0.030338722705592482,2,3,2,3,3,3,3,4,2,2.875,4,49.71630501747131
"[48, 48, 48]",25.0,5e-05,4000,256,42,5141,0.009388627484440804,0.006293386220932007,0.017544857586882047,0.030446888425684257,2,3,3,4,3,3,3,3,2,3.0,4,50.4947235584259
"[32, 32, 32]",25.0,0.0002,2000,256,2024,2405,0.011713465675711632,0.007738104090094566,0.0175457093144569,0.05402004375592629,2,3,3,4,3,3,2,3,2,2.875,4,25.216437101364136
"[32, 32, 32]",25.0,5e-05,4000,256,999,2405,0.020770277827978134,0.012271016836166382,0.017554601857504914,0.05371042274034377,2,4,2,5,3,2,3,4,2,3.125,5,50.051379919052124
"[32, 32, 32]",20.0,0.0002,2000,512,7,2405,0.011082843877375126,0.008841775357723236,0.0175775249703784,0.046788196492823876,2,3,3,4,3,3,2,3,2,2.875,4,25.496888875961304
"[16, 16, 16]",20.0,0.0002,3000,1024,999,693,0.01711760088801384,0.012882307171821594,0.017686285777993627,0.04602690133212815,2,3,2,3,2,3,3,4,2,2.75,4,38.646217823028564
"[32, 32, 32]",25.0,0.0002,2000,256,137,2405,0.01163642480969429,0.00827052816748619,0.01775511371374398,0.05979533186265901,3,4,3,4,2,4,3,3,2,3.25,4,25.017892837524414
"[32, 32, 32]",25.0,0.0001,3000,512,7,2405,0.018719488754868507,0.011714478954672813,0.01778183774272096,0.05535747517149793,2,3,3,4,2,3,4,3,2,3.0,4,38.42320728302002
"[48, 48, 48]",25.0,5e-05,3000,512,7,5141,0.011030798777937889,0.00785677321255207,0.017830271660890233,0.03808774771994434,3,2,3,3,3,3,3,3,2,2.875,3,38.437215089797974
"[32, 32, 32]",15.0,0.0001,3000,256,137,2405,0.011774860322475433,0.008479762822389603,0.017878934647017116,0.03762407440746417,3,3,2,3,2,3,3,4,2,2.875,4,37.81903910636902
"[48, 48, 48]",25.0,5e-05,4000,256,7,5141,0.014814377762377262,0.00652164313942194,0.017896771483468396,0.0328406638305156,3,3,4,3,2,3,3,3,2,3.0,4,50.27614498138428
"[48, 48, 48]",20.0,5e-05,4000,256,2024,5141,0.01238731574267149,0.007430957164615393,0.017905043175312357,0.06518055563091862,3,2,3,3,4,2,4,4,2,3.125,4,50.308170795440674
"[16, 16, 16]",15.0,0.0002,4000,1024,7,693,0.018101103603839874,0.015297048725187778,0.017935652062552987,0.059612479555471165,2,3,2,3,3,3,3,4,2,2.875,4,52.0836546421051
"[48, 48, 48]",25.0,5e-05,3000,512,42,5141,0.009548678994178772,0.008035821840167046,0.017950510832447523,0.06620147078032532,3,3,3,4,3,2,3,3,2,3.0,4,38.85038495063782
"[16, 16, 16]",20.0,0.0002,4000,1024,7,693,0.014265966601669788,0.012709414586424828,0.01805889200503553,0.043649103162369106,2,5,3,3,2,3,2,4,2,3.0,5,52.09438490867615
"[16, 16, 16]",25.0,0.0002,3000,1024,999,693,0.01745980605483055,0.013859031721949577,0.018059145432888016,0.040104379570408646,2,3,3,3,3,3,3,3,2,2.875,3,38.403772592544556
"[32, 32, 32]",15.0,0.0001,4000,512,7,2405,0.007435494568198919,0.006493368186056614,0.01816277419536434,0.03504287221087428,3,3,3,4,2,3,2,3,2,2.875,4,50.62309193611145
"[16, 16, 16]",15.0,0.0002,4000,1024,42,693,0.005981083028018475,0.004983413498848677,0.018172485061253334,0.04577390331552923,3,3,3,3,2,3,3,3,2,2.875,3,51.908753395080566
"[48, 48, 48]",25.0,5e-05,4000,256,999,5141,0.01081263367086649,0.007153310813009739,0.01817289942680469,0.06609754893192565,2,3,3,4,2,2,3,3,2,2.75,4,49.874711751937866
"[48, 48, 48]",20.0,5e-05,3000,256,137,5141,0.015176190063357353,0.00924026221036911,0.01818448835804414,0.04261039166722074,3,3,3,4,2,2,3,3,2,2.875,4,37.22848677635193
"[32, 32, 32]",25.0,0.0001,3000,256,7,2405,0.020067419856786728,0.013906626962125301,0.018238157216335465,0.03879352493795545,3,3,3,4,2,3,2,3,2,2.875,4,37.76694202423096
"[48, 48, 48]",20.0,5e-05,3000,1024,999,5141,0.01126671489328146,0.007832556962966919,0.0183357134047215,0.05403639977584653,2,3,3,3,3,2,3,4,2,2.875,4,38.50996732711792
"[48, 48, 48]",25.0,0.0001,2000,512,2024,5141,0.008136812597513199,0.006767435930669308,0.01849098566983911,0.05310874221418639,3,2,3,4,3,2,3,3,2,2.875,4,25.79769802093506
"[32, 32, 32]",20.0,5e-05,4000,1024,7,2405,0.023332303389906883,0.014433152973651886,0.018512143768472402,0.05799126740420932,5,3,4,3,2,3,2,3,2,3.125,5,51.815850019454956
"[16, 16, 16]",25.0,0.0002,4000,512,7,693,0.026422595605254173,0.01727672666311264,0.018522975243189792,0.04277491916105738,3,3,2,3,2,4,3,3,2,2.875,4,50.31897568702698
"[32, 32, 32]",15.0,0.0002,2000,512,137,2405,0.011265512555837631,0.005859865806996822,0.01853302708628764,0.05125188269307464,2,3,3,3,2,3,2,4,2,2.75,4,25.877310514450073
"[48, 48, 48]",20.0,0.0001,2000,512,2024,5141,0.008954939432442188,0.007532230578362942,0.018633508052224617,0.07432998890624816,2,3,3,3,3,2,3,3,2,2.75,3,25.608752965927124
"[48, 48, 48]",25.0,5e-05,3000,1024,137,5141,0.011830555275082588,0.008410915732383728,0.018668771162655973,0.03372596623514527,3,3,2,3,2,3,3,3,2,2.75,3,39.05375957489014
"[16, 16, 16]",15.0,0.0002,3000,256,999,693,0.014237098395824432,0.009803717955946922,0.018671162174980445,0.033108303893052714,2,3,3,4,3,3,3,3,2,3.0,4,36.75572729110718
"[32, 32, 32]",20.0,0.0002,2000,256,42,2405,0.012242932803928852,0.008579118177294731,0.01882104976361131,0.05524079886448652,4,3,3,4,3,3,2,3,2,3.125,4,25.440560340881348
"[48, 48, 48]",25.0,5e-05,3000,1024,999,5141,0.011950943619012833,0.008500136435031891,0.01884802363240846,0.08949254651957862,2,3,3,4,3,2,3,3,2,2.875,4,39.14366555213928
"[32, 32, 32]",15.0,0.0002,2000,1024,137,2405,0.006917465943843126,0.004831773228943348,0.01886591738326295,0.045286061695554575,2,3,3,4,2,3,2,4,2,2.875,4,26.042144536972046
"[32, 32, 32]",15.0,0.0001,3000,512,999,2405,0.006279421038925648,0.005494491662830114,0.018905752187278642,0.04259690973332642,2,2,4,3,4,3,2,3,2,2.875,4,38.44783091545105
"[16, 16, 16]",20.0,0.0002,3000,1024,2024,693,0.009733053855597973,0.007304338738322258,0.018921122187329237,0.030458485224844917,2,3,3,3,2,3,3,3,2,2.75,3,39.03520750999451
"[64, 64, 64]",25.0,5e-05,3000,256,42,8901,0.00558711402118206,0.0046814908273518085,0.018942610693571376,0.04247886530344066,3,2,3,4,3,3,3,3,2,3.0,4,38.1052668094635
"[32, 32, 32]",20.0,5e-05,4000,256,7,2405,0.022593604400753975,0.016326680779457092,0.01899253419354522,0.042151770998618214,2,2,3,3,3,3,2,4,2,2.75,4,50.219990968704224
"[16, 16, 16]",15.0,0.0002,2000,512,42,693,0.017542894929647446,0.012238052673637867,0.01899878839775835,0.06582067445729395,4,2,3,4,2,3,3,3,2,3.0,4,25.283907413482666
"[48, 48, 48]",25.0,0.0001,2000,512,999,5141,0.010085314512252808,0.00807153806090355,0.01902317984322394,0.06226681524220397,2,3,3,4,3,2,3,3,2,2.875,4,25.66974377632141
"[32, 32, 32]",15.0,0.0001,3000,512,137,2405,0.008089449256658554,0.006760460324585438,0.019041723996750037,0.03979985621249961,3,3,3,3,2,3,2,3,2,2.75,3,38.32894253730774
"[32, 32, 32]",15.0,0.0002,2000,256,2024,2405,0.009782720357179642,0.008564540185034275,0.01910664489378603,0.03973572318564993,3,3,2,3,3,2,3,3,2,2.75,3,25.01263976097107
"[16, 16, 16]",25.0,0.0002,4000,256,137,693,0.0060919178649783134,0.00479409284889698,0.01912133962946193,0.04320968859131296,3,3,4,3,2,3,2,3,2,2.875,4,50.12215828895569
"[48, 48, 48]",15.0,5e-05,3000,256,42,5141,0.027096834033727646,0.008570155128836632,0.019306443110663533,0.04360588561034557,3,2,3,4,2,2,2,3,2,2.625,4,37.52084970474243
"[48, 48, 48]",15.0,5e-05,3000,256,999,5141,0.011502841487526894,0.009296651929616928,0.019334338371868442,0.056281988610384,2,3,3,4,2,2,2,4,2,2.75,4,38.97541165351868
"[32, 32, 32]",15.0,0.0001,4000,256,2024,2405,0.010667298920452595,0.006682375445961952,0.019361061260208843,0.055740599413056355,3,3,2,4,3,3,2,3,2,2.875,4,50.271087884902954
"[16, 16, 16]",15.0,0.0002,4000,1024,999,693,0.004759535193443298,0.00450548529624939,0.019460620166295312,0.04756265852179041,2,3,3,4,2,3,2,3,2,2.75,4,51.96590447425842
"[32, 32, 32]",20.0,0.0001,4000,256,42,2405,0.015294469892978668,0.007653462700545788,0.019469837569289637,0.059226391786974586,3,3,3,3,2,3,2,3,2,2.75,3,49.99263072013855
"[16, 16, 16]",15.0,0.0002,4000,256,2024,693,0.009913548827171326,0.0076482659205794334,0.019592632221392545,0.045836213128642604,2,3,3,4,2,3,2,4,2,2.875,4,49.99040508270264
"[48, 48, 48]",25.0,0.0001,2000,256,2024,5141,0.012258216738700867,0.00793987512588501,0.019598623445813937,0.03863928167421186,2,2,4,3,3,2,3,3,2,2.75,4,25.652189016342163
"[48, 48, 48]",25.0,0.0001,2000,256,7,5141,0.008152457885444164,0.007548830006271601,0.019727712388703997,0.03977183935133617,2,3,3,4,2,2,3,3,2,2.75,4,25.19185471534729
"[64, 64, 64]",15.0,0.0001,2000,256,999,8901,0.006212291773408651,0.005716162268072367,0.019734975444626747,0.04081263788293149,2,3,3,4,2,3,3,3,2,2.875,4,25.22058868408203
"[16, 16, 16]",20.0,0.0002,2000,1024,2024,693,0.018192287534475327,0.012523645535111427,0.01976317552321851,0.05015081892768406,2,3,2,3,2,3,3,4,2,2.75,4,26.01233434677124
"[32, 32, 32]",20.0,5e-05,4000,1024,999,2405,0.007044757716357708,0.0060471436008811,0.019823020981899732,0.055327992419626784,3,2,4,3,2,3,3,4,2,3.0,4,51.66612362861633
"[32, 32, 32]",15.0,0.0001,2000,1024,42,2405,0.012969441711902618,0.011215951293706894,0.01992483843084573,0.06552666994641522,3,3,3,4,2,3,3,3,2,3.0,4,25.807751893997192
"[16, 16, 16]",25.0,0.0002,4000,1024,137,693,0.006502370350062847,0.005783131346106529,0.020059496932497072,0.04204834099874697,2,3,3,3,2,3,2,3,2,2.625,3,51.604432821273804
"[64, 64, 64]",20.0,5e-05,3000,256,999,8901,0.008959713391959667,0.006066598929464817,0.020073879084368397,0.05282187466030242,5,2,3,3,3,2,3,3,2,3.0,5,37.59906244277954
"[32, 32, 32]",20.0,5e-05,4000,1024,42,2405,0.016091778874397278,0.011131825856864452,0.020122728370903353,0.05956851164013374,2,2,3,3,4,2,2,4,2,2.75,4,51.662978410720825
"[64, 64, 64]",25.0,5e-05,2000,512,7,8901,0.012619489803910255,0.008788177743554115,0.02014146902061057,0.08678720547126968,3,2,3,4,3,2,3,4,2,3.0,4,25.01763415336609
"[16, 16, 16]",15.0,0.0002,3000,256,137,693,0.010629222728312016,0.007287790533155203,0.020223096116698584,0.07785712611313499,2,3,3,3,2,3,2,5,2,2.875,5,37.1615424156189
"[16, 16, 16]",20.0,0.0002,4000,512,999,693,0.013005009852349758,0.011488063260912895,0.020236149349998664,0.04688849158180266,2,4,3,3,2,3,2,3,2,2.75,4,50.96100354194641
"[16, 16, 16]",15.0,0.0002,4000,256,137,693,0.007095973007380962,0.005005843937397003,0.020444989774608315,0.08054904005329318,2,3,3,3,2,3,3,4,2,2.875,4,50.38361430168152
"[32, 32, 32]",15.0,0.0002,2000,1024,7,2405,0.007266674190759659,0.0065737999975681305,0.020459917614509902,0.04743357385669611,3,3,3,4,2,3,2,3,2,2.875,4,25.91558289527893
"[32, 32, 32]",15.0,0.0001,3000,256,999,2405,0.006961788050830364,0.006554558873176575,0.020462032303206368,0.03016181985218402,2,2,3,5,2,3,3,3,2,2.875,5,37.56652784347534
"[32, 32, 32]",25.0,0.0001,3000,256,137,2405,0.01579226739704609,0.009514580480754375,0.02062832337429796,0.047040577822936545,3,3,3,3,2,3,3,3,2,2.875,3,37.82358002662659
"[32, 32, 32]",15.0,0.0001,3000,1024,7,2405,0.008120104670524597,0.00807889737188816,0.020651621224973445,0.05637824591933782,3,3,3,3,2,3,2,3,2,2.75,3,39.07955980300903
"[16, 16, 16]",15.0,0.0002,4000,1024,2024,693,0.006875244434922934,0.006076769437640905,0.020733561787698113,0.04362575565250028,2,3,3,3,2,3,2,3,2,2.625,3,52.141749143600464
"[64, 64, 64]",15.0,5e-05,3000,512,999,8901,0.007678316906094551,0.006115701049566269,0.020827684486182337,0.04411774127344711,2,2,3,4,2,3,3,3,2,2.75,4,37.663530349731445
"[48, 48, 48]",25.0,5e-05,4000,256,2024,5141,0.012667443603277206,0.007886629551649094,0.020981873682056375,0.06616263993043933,3,2,3,4,3,2,2,4,2,2.875,4,50.12494373321533
"[48, 48, 48]",20.0,5e-05,3000,512,999,5141,0.012806934304535389,0.009242857806384563,0.021002856748679157,0.0549427751171259,3,3,3,4,2,2,3,3,2,2.875,4,38.47486925125122
"[48, 48, 48]",25.0,0.0001,2000,256,999,5141,0.009082143194973469,0.00801813043653965,0.02111475963912483,0.0808982011491312,3,3,3,3,2,2,3,3,2,2.75,3,25.412217617034912
"[16, 16, 16]",15.0,0.0002,2000,256,42,693,0.035233501344919205,0.023000890389084816,0.02114519546453788,0.04955185277103483,2,4,3,3,3,2,2,3,2,2.75,4,24.98958659172058
"[16, 16, 16]",15.0,0.0002,4000,512,2024,693,0.012259438633918762,0.008346108719706535,0.021163105786450247,0.07551566853073075,2,3,2,4,2,4,2,4,2,2.875,4,50.57435655593872
"[32, 32, 32]",15.0,0.0001,3000,1024,999,2405,0.0061555709689855576,0.004312599543482065,0.02117542398022676,0.04073073241289675,2,3,3,3,2,4,2,3,2,2.75,4,38.734140157699585
"[16, 16, 16]",20.0,0.0002,3000,512,137,693,0.009393610060214996,0.0074698906391859055,0.021214295702956614,0.04824056568095886,4,3,4,3,2,2,3,5,2,3.25,5,38.114826917648315
"[16, 16, 16]",25.0,0.0002,4000,1024,7,693,0.01646486483514309,0.013879522681236267,0.02125470949870146,0.05694485812456318,3,3,3,4,2,3,2,3,2,2.875,4,51.23426294326782
"[32, 32, 32]",20.0,5e-05,4000,512,2024,2405,0.0225696861743927,0.017179058864712715,0.02126674380093951,0.041305713225227074,3,2,4,3,3,3,3,3,2,3.0,4,51.12693476676941
"[16, 16, 16]",20.0,0.0002,3000,512,2024,693,0.012280921451747417,0.011218163184821606,0.021361664931932766,0.058130848489102,3,3,3,3,3,2,2,4,2,2.875,4,37.88902258872986
"[32, 32, 32]",20.0,5e-05,4000,1024,137,2405,0.012200387194752693,0.01126954983919859,0.02137227063804073,0.03984318534294958,3,3,2,3,2,3,2,4,2,2.75,4,51.52751398086548
"[32, 32, 32]",20.0,5e-05,4000,512,7,2405,0.01856514811515808,0.015799429267644882,0.02141410554703784,0.03603226680444064,2,3,2,4,2,3,2,3,2,2.625,4,51.30889320373535
"[32, 32, 32]",25.0,5e-05,4000,1024,7,2405,0.02282063290476799,0.01464278157800436,0.021529258006155353,0.07849560445695881,3,3,3,4,2,2,3,4,2,3.0,4,51.44369435310364
"[64, 64, 64]",20.0,5e-05,2000,1024,2024,8901,0.009970640763640404,0.007831143215298653,0.021550819095423134,0.06704075148140405,3,2,3,4,3,2,3,3,2,2.875,4,25.495731592178345
"[48, 48, 48]",25.0,5e-05,4000,512,2024,5141,0.008662457577884197,0.007137835491448641,0.0215986756482477,0.0686416655602437,3,3,3,4,2,2,3,3,2,2.875,4,51.18526768684387
"[48, 48, 48]",25.0,5e-05,3000,512,999,5141,0.01165794674307108,0.00933082215487957,0.02160210808015606,0.11621345244044953,2,3,4,4,5,2,3,4,2,3.375,5,39.50521993637085
"[32, 32, 32]",20.0,0.0001,3000,512,42,2405,0.013506056740880013,0.009556280449032784,0.021783581431200773,0.04656602415644863,2,3,3,3,2,3,2,3,2,2.625,3,38.29552435874939
"[32, 32, 32]",20.0,0.0001,3000,512,137,2405,0.012309668585658073,0.008562260307371616,0.02180703413686743,0.07860220808783899,2,3,3,3,3,3,2,3,2,2.75,3,38.632201194763184
"[16, 16, 16]",25.0,0.0002,4000,256,7,693,0.019424211233854294,0.018151402473449707,0.021817318752036553,0.10211060526002823,2,3,3,4,4,3,2,3,2,3.0,4,49.59129762649536
"[64, 64, 64]",25.0,5e-05,2000,1024,7,8901,0.009210585616528988,0.007668938022106886,0.021997710330491124,0.0822951648908603,3,2,4,4,2,2,3,3,2,2.875,4,25.587974786758423
"[32, 32, 32]",15.0,0.0001,4000,256,7,2405,0.011630995199084282,0.008195479400455952,0.02202292853105505,0.08071790913485158,3,3,3,3,3,3,2,3,2,2.875,3,50.2375922203064
"[48, 48, 48]",20.0,5e-05,3000,512,7,5141,0.011266456916928291,0.008961313404142857,0.02211105529427276,0.03951500861121257,2,3,3,3,2,3,3,3,2,2.75,3,38.582361459732056
"[32, 32, 32]",15.0,5e-05,4000,1024,2024,2405,0.01452943030744791,0.011105072684586048,0.022207965472963467,0.04670145353346949,3,2,3,4,2,2,3,3,2,2.75,4,51.834853410720825
"[32, 32, 32]",15.0,5e-05,4000,1024,137,2405,0.009677426889538765,0.008722608909010887,0.022226843103499837,0.0740456042748082,3,4,3,3,2,3,3,3,2,3.0,4,51.680787324905396
"[16, 16, 16]",20.0,0.0002,4000,256,2024,693,0.017867393791675568,0.011206797324120998,0.022251575749032824,0.04186864462443591,2,2,2,3,2,4,2,3,2,2.5,4,50.0171844959259
"[32, 32, 32]",20.0,0.0001,2000,256,999,2405,0.017876887694001198,0.012127980589866638,0.022259813591861518,0.039153166385540485,2,2,3,3,3,2,3,4,2,2.75,4,25.129446268081665
"[48, 48, 48]",15.0,0.0001,2000,256,2024,5141,0.010450595058500767,0.005750705488026142,0.022314791761873225,0.060000531676775035,2,2,3,5,2,3,3,3,2,2.875,5,26.266430616378784
"[32, 32, 32]",25.0,5e-05,4000,512,2024,2405,0.020853519439697266,0.01613212749361992,0.022364769362788642,0.04954820369969412,3,3,3,3,3,2,3,3,2,2.875,3,51.264917612075806
"[64, 64, 64]",25.0,5e-05,2000,512,999,8901,0.012008991092443466,0.008487500250339508,0.022371585552166243,0.08089286954702615,3,2,3,4,2,2,4,3,2,2.875,4,25.100231170654297
"[48, 48, 48]",15.0,5e-05,3000,256,7,5141,0.017374776303768158,0.011365078389644623,0.022471198532355685,0.045968250439089864,3,2,3,3,2,3,3,3,2,2.75,3,38.49429130554199
"[64, 64, 64]",20.0,5e-05,2000,1024,7,8901,0.008856074884533882,0.00736434618011117,0.022486045787722467,0.07998060848626963,2,2,4,3,2,2,3,4,2,2.75,4,25.56023383140564
"[32, 32, 32]",15.0,5e-05,4000,1024,42,2405,0.012722518295049667,0.009839342907071114,0.022565507834576486,0.08059593314311647,3,3,3,4,2,3,3,4,2,3.125,4,52.22441864013672
"[16, 16, 16]",25.0,0.0002,4000,1024,42,693,0.01974363625049591,0.015714064240455627,0.022653894090677897,0.0844593720084354,2,3,3,3,2,3,2,4,2,2.75,4,51.74903178215027
"[32, 32, 32]",15.0,0.0001,3000,512,7,2405,0.013528828509151936,0.009083569049835205,0.02265992208261762,0.04966088819492396,3,3,3,5,2,3,2,3,2,3.0,5,37.87132549285889
"[32, 32, 32]",15.0,0.0001,2000,512,137,2405,0.019526977092027664,0.010478725656867027,0.022689047667571877,0.05870869219269132,3,4,3,3,2,3,3,3,2,3.0,4,25.530449628829956
"[32, 32, 32]",20.0,0.0001,2000,512,999,2405,0.01501869410276413,0.01121283695101738,0.0227232993206211,0.0441964854918505,2,2,3,3,2,3,3,3,2,2.625,3,25.582021474838257
"[32, 32, 32]",15.0,0.0001,3000,256,7,2405,0.015063190832734108,0.010991284623742104,0.022763081003625354,0.07145196507887466,3,3,2,4,2,3,2,3,2,2.75,4,37.508328914642334
"[48, 48, 48]",15.0,5e-05,3000,512,137,5141,0.00900694727897644,0.006552195176482201,0.023038302991769104,0.052511575004764506,3,2,2,3,2,3,3,3,2,2.625,3,38.40847706794739
"[32, 32, 32]",20.0,5e-05,4000,512,137,2405,0.01913466490805149,0.012552361935377121,0.02309003055513373,0.04889310156977804,3,3,3,3,3,2,2,3,2,2.75,3,51.60330009460449
"[48, 48, 48]",25.0,5e-05,3000,256,42,5141,0.028225991874933243,0.009053229354321957,0.02321345848314717,0.0615716676166124,3,3,3,3,2,2,3,3,2,2.75,3,38.13556694984436
"[32, 32, 32]",20.0,5e-05,4000,512,999,2405,0.009629635140299797,0.008501174859702587,0.023328830438517537,0.05372496391388646,2,3,3,3,2,2,3,4,2,2.75,4,52.173195123672485
"[16, 16, 16]",15.0,0.0002,4000,512,137,693,0.006499174050986767,0.0055086747743189335,0.02337629175594467,0.06816790986099823,2,3,2,3,3,3,2,4,2,2.75,4,50.87533664703369
"[16, 16, 16]",20.0,0.0001,3000,1024,999,693,0.029279502108693123,0.023633403703570366,0.02350752018340333,0.08134865590764648,3,3,3,4,3,2,3,3,2,3.0,4,38.997671365737915
"[48, 48, 48]",20.0,5e-05,3000,256,999,5141,0.011651955544948578,0.009222105145454407,0.023517087398280456,0.054404732897946353,2,2,2,3,3,2,3,3,2,2.5,3,37.41391730308533
"[64, 64, 64]",25.0,5e-05,2000,1024,999,8901,0.010165280662477016,0.006957165896892548,0.02364259873624661,0.07449741255265917,3,2,3,5,2,3,3,3,2,3.0,5,25.5966477394104
"[32, 32, 32]",20.0,5e-05,4000,1024,2024,2405,0.019934512674808502,0.014463767409324646,0.023675346672906796,0.05391680538101744,3,3,3,3,3,2,2,3,2,2.75,3,51.80162024497986
"[48, 48, 48]",15.0,5e-05,3000,1024,7,5141,0.008694453164935112,0.008304349146783352,0.0237101327856168,0.058326852167847686,4,2,4,3,2,2,3,3,2,2.875,4,38.669294357299805
"[16, 16, 16]",20.0,0.0002,4000,256,999,693,0.01700635813176632,0.01326759997755289,0.023718325913688148,0.04426701360351354,2,3,2,3,4,2,3,4,2,2.875,4,49.646820306777954
"[16, 16, 16]",25.0,0.0002,4000,512,2024,693,0.012727183289825916,0.007904581725597382,0.023720765197889425,0.07615792950715237,3,3,4,3,2,3,2,3,2,2.875,4,50.13464093208313
"[16, 16, 16]",15.0,0.0001,4000,512,999,693,0.013408824801445007,0.0117875374853611,0.023832799553648202,0.07122549191534176,2,2,3,5,3,3,2,3,2,2.875,5,50.668617725372314
"[16, 16, 16]",25.0,0.0002,3000,1024,7,693,0.02141006477177143,0.017133839428424835,0.023978784961070757,0.052604878497480884,3,3,2,3,2,4,2,3,2,2.75,4,38.58991622924805
"[32, 32, 32]",15.0,5e-05,4000,512,137,2405,0.01744123548269272,0.010463966056704521,0.02402164373887604,0.08423376485439427,2,3,2,3,2,3,4,4,2,2.875,4,51.14470028877258
"[16, 16, 16]",25.0,0.0002,2000,1024,2024,693,0.02296043187379837,0.01603022776544094,0.02402223847057094,0.062370234955412884,2,3,3,3,2,3,2,3,2,2.625,3,26.290021896362305
"[32, 32, 32]",15.0,5e-05,4000,512,42,2405,0.01643954962491989,0.012401599436998367,0.02410303897937196,0.07926503711793977,2,4,3,3,2,3,3,4,2,3.0,4,50.796724796295166
"[48, 48, 48]",15.0,5e-05,3000,512,2024,5141,0.008007584139704704,0.006810835096985102,0.024146600603213643,0.06182317274305743,3,2,3,4,2,2,3,3,2,2.75,4,38.72688937187195
"[16, 16, 16]",15.0,0.0001,4000,512,42,693,0.01858687773346901,0.012432117946445942,0.024253824966191145,0.04957377304859149,2,2,2,3,2,3,2,4,2,2.5,4,50.873610734939575
"[32, 32, 32]",25.0,0.0001,2000,512,42,2405,0.021131733432412148,0.015325522981584072,0.024281477852259512,0.06073163513511842,2,3,3,4,2,2,3,3,2,2.75,4,26.12829613685608
"[64, 64, 64]",15.0,5e-05,2000,1024,137,8901,0.01029025949537754,0.00958404503762722,0.024324610843656454,0.07928634212145441,2,2,3,4,2,2,4,4,2,2.875,4,25.854281663894653
"[32, 32, 32]",15.0,0.0001,2000,1024,2024,2405,0.014687662944197655,0.011200792156159878,0.024344398837176942,0.05511745740512556,2,2,3,4,2,2,3,3,2,2.625,4,26.02111315727234
"[16, 16, 16]",15.0,0.0002,3000,1024,7,693,0.023775462061166763,0.01814015582203865,0.024377994375766873,0.05801539422063485,3,3,2,3,2,3,3,3,2,2.75,3,38.95886588096619
"[16, 16, 16]",20.0,0.0002,3000,1024,7,693,0.018848862498998642,0.016162250190973282,0.024421501346429456,0.05470920046734589,2,3,3,3,2,3,4,3,2,2.875,4,38.67524862289429
"[16, 16, 16]",20.0,0.0002,3000,256,2024,693,0.05122571811079979,0.015733422711491585,0.02444631276929376,0.042625371101205525,2,2,2,3,3,3,3,3,2,2.625,3,37.56792736053467
"[16, 16, 16]",25.0,0.0001,4000,256,999,693,0.03172164410352707,0.025807375088334084,0.024513277821117292,0.05906521736990539,2,3,3,3,3,2,3,3,2,2.75,3,49.979971170425415
"[16, 16, 16]",20.0,0.0002,2000,1024,7,693,0.032097190618515015,0.0231937263160944,0.024515575448155684,0.03655623081899794,2,3,2,3,2,2,3,3,2,2.5,3,25.838771104812622
"[16, 16, 16]",25.0,0.0002,2000,512,137,693,0.018080994486808777,0.014937599189579487,0.024520640490643845,0.04073282289968059,2,3,3,3,2,3,2,3,2,2.625,3,25.226088285446167
"[32, 32, 32]",20.0,5e-05,4000,512,42,2405,0.017468459904193878,0.012790117412805557,0.02458887325032305,0.06030241976862787,4,2,3,4,3,2,2,3,2,2.875,4,51.0073025226593
"[32, 32, 32]",15.0,0.0001,2000,512,42,2405,0.017505686730146408,0.013179250992834568,0.02459482058628903,0.05898178938830025,3,4,2,3,2,3,2,4,2,2.875,4,25.493035078048706
"[16, 16, 16]",15.0,0.0002,3000,1024,42,693,0.006906889844685793,0.0069052595645189285,0.024598305821391067,0.05243181775794258,3,3,3,3,2,3,3,3,2,2.875,3,38.93890571594238
"[48, 48, 48]",15.0,5e-05,3000,256,2024,5141,0.010840892791748047,0.008879554457962513,0.02466242114588728,0.06311951525909426,3,2,4,4,3,2,3,3,2,3.0,4,37.463703870773315
"[32, 32, 32]",15.0,0.0001,2000,256,42,2405,0.019255679100751877,0.01444670744240284,0.02469634218573012,0.06708692228249105,2,3,2,3,2,3,3,3,2,2.625,3,25.207865238189697
"[32, 32, 32]",15.0,0.0001,2000,256,137,2405,0.017497632652521133,0.012650802731513977,0.024754523322072487,0.05541795101057397,3,3,2,3,2,4,3,3,2,2.875,4,25.231247663497925
"[16, 16, 16]",25.0,0.0002,3000,512,2024,693,0.013590672984719276,0.011314968578517437,0.024878679498934887,0.06516299785393558,3,2,4,3,3,3,2,3,2,2.875,4,37.721051931381226
"[16, 16, 16]",15.0,0.0002,3000,512,137,693,0.009569847024977207,0.007720755413174629,0.02507758225447369,0.05080388905531877,2,3,3,3,2,3,2,4,2,2.75,4,38.036561489105225
"[16, 16, 16]",15.0,0.0002,3000,512,2024,693,0.011762803420424461,0.011033211834728718,0.025126431091238497,0.0924200825858633,2,3,2,4,3,3,2,3,2,2.75,4,38.23004627227783
"[32, 32, 32]",20.0,0.0001,2000,512,7,2405,0.018363237380981445,0.01567111164331436,0.025185052617878546,0.07254530434644732,2,3,3,4,2,4,2,3,2,2.875,4,25.570947408676147
"[16, 16, 16]",20.0,0.0001,4000,512,2024,693,0.02086016722023487,0.014090517535805702,0.025317492474032623,0.06259282095385725,2,4,3,3,2,3,2,3,2,2.75,4,50.75630974769592
"[32, 32, 32]",15.0,5e-05,4000,256,137,2405,0.025815099477767944,0.012311992235481739,0.025475424660728677,0.059730485923886384,3,3,2,3,2,3,3,3,2,2.75,3,49.834014654159546
"[16, 16, 16]",15.0,0.0002,3000,1024,999,693,0.008171215653419495,0.007059100084006786,0.025480417979781587,0.05499615403462039,2,3,3,5,2,4,2,3,2,3.0,5,39.014404296875
"[16, 16, 16]",25.0,0.0002,3000,256,137,693,0.008389011025428772,0.007093871012330055,0.02559183403055021,0.04737591356398288,3,3,3,3,2,2,2,3,2,2.625,3,38.09989833831787
"[16, 16, 16]",15.0,0.0002,4000,1024,137,693,0.007578209508210421,0.006945855915546417,0.025728245226956437,0.05675340290664885,3,3,2,4,2,3,3,3,2,2.875,4,51.92979598045349
"[32, 32, 32]",15.0,5e-05,4000,1024,7,2405,0.01634092628955841,0.011222103610634804,0.025846198810308925,0.06805763179113024,3,3,2,3,2,3,2,4,2,2.75,4,52.10499596595764
"[16, 16, 16]",20.0,0.0002,4000,512,42,693,0.02654304727911949,0.016739755868911743,0.02587836157095949,0.07640338499674505,2,3,4,3,3,3,2,3,2,2.875,4,50.19416570663452
"[32, 32, 32]",15.0,0.0001,2000,256,7,2405,0.025963688269257545,0.01675989478826523,0.02592194256524834,0.05553092809234358,3,2,3,3,2,2,3,3,2,2.625,3,25.21564507484436
"[64, 64, 64]",20.0,5e-05,2000,512,7,8901,0.013452693819999695,0.009332271292805672,0.026247072507938944,0.09840991638377078,3,2,3,4,2,2,3,3,2,2.75,4,25.123430490493774
"[64, 64, 64]",25.0,5e-05,2000,1024,137,8901,0.008012669160962105,0.007717907428741455,0.026258701622839907,0.08978707596651916,3,2,3,4,4,2,3,3,2,3.0,4,25.581379652023315
"[16, 16, 16]",15.0,0.0002,3000,256,2024,693,0.025819605216383934,0.010439476929605007,0.026317061532978355,0.05166526115392528,3,2,2,4,2,2,2,4,2,2.625,4,37.79493713378906
"[16, 16, 16]",15.0,0.0001,4000,1024,999,693,0.010194506496191025,0.00918964296579361,0.02633495877824419,0.044074893885969385,2,2,2,3,2,4,3,3,2,2.625,4,52.210503339767456
"[64, 64, 64]",20.0,5e-05,2000,512,2024,8901,0.01327076181769371,0.008937951177358627,0.026397280325605857,0.07054761045013358,3,2,3,3,2,2,3,3,2,2.625,3,25.112688779830933
"[32, 32, 32]",25.0,5e-05,3000,1024,999,2405,0.019380567595362663,0.013974298723042011,0.026438299637578544,0.08498504030528978,3,2,2,3,3,2,4,3,2,2.75,4,39.25816869735718
"[16, 16, 16]",15.0,0.0002,2000,256,137,693,0.02774396911263466,0.011607629247009754,0.026514139223186302,0.06334451902966355,2,3,3,3,2,3,3,4,2,2.875,4,24.991833209991455
"[16, 16, 16]",15.0,0.0002,4000,512,999,693,0.008816298097372055,0.007664842531085014,0.0267150347746633,0.049695513694257155,2,3,3,4,3,3,2,3,2,2.875,4,50.653823375701904
"[32, 32, 32]",20.0,0.0001,2000,512,2024,2405,0.024832937866449356,0.018862919881939888,0.02677124357182331,0.0734901103150592,2,2,3,3,2,2,4,3,2,2.625,4,25.934390783309937
"[16, 16, 16]",20.0,0.0002,2000,256,2024,693,0.029432406648993492,0.022784337401390076,0.026807533775798444,0.08140482446840924,3,2,3,3,2,3,3,3,2,2.75,3,24.864158630371094
"[32, 32, 32]",15.0,5e-05,4000,256,42,2405,0.02324213832616806,0.013337753713130951,0.026846646814965625,0.07264293966309422,3,5,4,3,2,2,2,3,2,3.0,5,50.006377935409546
"[64, 64, 64]",25.0,5e-05,2000,1024,2024,8901,0.009740784764289856,0.00805470161139965,0.026855584955928425,0.06905908359352705,3,2,3,4,3,2,3,3,2,2.875,4,25.580440044403076
"[32, 32, 32]",15.0,0.0001,3000,256,2024,2405,0.01419841405004263,0.010417453944683075,0.026868088581528782,0.05736668090033971,2,3,2,4,3,3,2,3,2,2.75,4,38.09210252761841
"[16, 16, 16]",15.0,0.0002,4000,512,7,693,0.030521877110004425,0.019083499908447266,0.026880221397310063,0.12624934286937797,3,2,4,3,3,3,3,2,2,2.875,4,50.773006200790405
"[64, 64, 64]",20.0,5e-05,2000,256,2024,8901,0.014487059786915779,0.01095647644251585,0.02691955291881535,0.07642065906150969,4,2,3,3,2,2,3,3,2,2.75,4,25.072162628173828
"[16, 16, 16]",25.0,0.0001,4000,1024,137,693,0.009086143225431442,0.008406203240156174,0.027379396908044362,0.05483311553336086,2,3,2,3,2,3,2,3,2,2.5,3,52.07618451118469
"[32, 32, 32]",20.0,0.0001,2000,1024,2024,2405,0.02182108350098133,0.016577839851379395,0.027474409722986013,0.06464628551771183,3,2,3,3,2,3,2,3,2,2.625,3,25.675578594207764
"[32, 32, 32]",25.0,5e-05,4000,512,137,2405,0.020448151975870132,0.013770200312137604,0.027483410416906003,0.07973604661824901,3,3,3,3,3,2,3,3,2,2.875,3,51.93749713897705
"[16, 16, 16]",25.0,0.0002,3000,1024,137,693,0.00759943388402462,0.007348228245973587,0.027622046620317413,0.048834769503252135,2,3,3,3,3,2,2,3,2,2.625,3,38.68296980857849
"[32, 32, 32]",25.0,5e-05,3000,512,999,2405,0.02095222845673561,0.01763654500246048,0.027631383166947906,0.07520711826797022,3,2,4,4,2,2,3,3,2,2.875,4,39.830347776412964
"[16, 16, 16]",15.0,0.0002,2000,256,7,693,0.039416294544935226,0.02690276876091957,0.02766531245024634,0.07689427942850023,2,3,2,4,2,2,2,3,2,2.5,4,24.907735109329224
"[16, 16, 16]",20.0,0.0002,3000,256,999,693,0.02321392111480236,0.01661004312336445,0.02770258621158829,0.05288087281434926,3,2,2,3,3,2,3,3,2,2.625,3,37.40540289878845
"[32, 32, 32]",15.0,0.0001,2000,1024,7,2405,0.014640232548117638,0.012784866616129875,0.02782762328560542,0.07547997514730523,3,2,3,6,2,3,2,3,2,3.0,6,26.095306634902954
"[64, 64, 64]",15.0,5e-05,2000,1024,7,8901,0.01142432726919651,0.009225250221788883,0.027911233669118896,0.07963221408596596,3,2,3,3,2,2,3,3,2,2.625,3,25.8641414642334
"[32, 32, 32]",20.0,0.0001,3000,256,42,2405,0.020304221659898758,0.010420829057693481,0.027931426708319253,0.0903026098863889,3,3,3,3,2,3,2,3,2,2.75,3,37.4726722240448
"[16, 16, 16]",15.0,0.0002,2000,512,2024,693,0.019952896982431412,0.016609523445367813,0.028128553522504575,0.08431892078297805,2,2,3,4,2,3,2,4,2,2.75,4,25.34813380241394
"[48, 48, 48]",20.0,5e-05,3000,1024,2024,5141,0.010914947837591171,0.009269456379115582,0.028195612533237293,0.11107711367979924,3,2,3,4,3,2,3,3,2,2.875,4,38.78743386268616
"[32, 32, 32]",25.0,0.0001,2000,1024,7,2405,0.019064094871282578,0.015572549775242805,0.028196999616461438,0.077219530275257,2,4,3,3,4,2,2,3,2,2.875,4,25.92214035987854
"[32, 32, 32]",15.0,0.0001,2000,1024,137,2405,0.01358864363282919,0.009216989390552044,0.02822084835745939,0.06698405064133425,3,3,2,3,2,3,3,3,2,2.75,3,25.94346570968628
"[32, 32, 32]",25.0,0.0001,2000,1024,2024,2405,0.015922151505947113,0.012157952412962914,0.028232697748680598,0.0745313822326822,2,3,3,4,4,3,2,3,2,3.0,4,25.94401240348816
"[16, 16, 16]",20.0,0.0001,3000,1024,2024,693,0.02414918690919876,0.019070956856012344,0.02825096930074602,0.0633796057066514,2,2,3,3,2,3,3,4,2,2.75,4,38.86247992515564
"[32, 32, 32]",25.0,0.0001,2000,256,999,2405,0.024694783613085747,0.015414310619235039,0.028254408631305065,0.07246516357284148,2,3,3,4,2,2,3,3,2,2.75,4,25.740879774093628
"[32, 32, 32]",25.0,0.0001,2000,256,42,2405,0.02422671765089035,0.016940850764513016,0.02827388077823805,0.05906870503021748,4,3,2,3,2,2,3,3,2,2.75,4,25.21052312850952
"[48, 48, 48]",15.0,5e-05,3000,256,137,5141,0.01013968512415886,0.007749713957309723,0.028291751645304317,0.08680151401656555,3,2,3,3,2,2,4,3,2,2.75,4,37.96512484550476
"[16, 16, 16]",15.0,0.0002,2000,1024,42,693,0.011326191946864128,0.010333751328289509,0.028293804852415512,0.05360113782517,3,2,2,3,2,3,2,3,2,2.5,3,26.2726469039917
"[64, 64, 64]",20.0,5e-05,2000,1024,137,8901,0.009984103962779045,0.009068234823644161,0.028429930907126998,0.09692168778815319,3,2,3,4,3,2,3,3,2,2.875,4,25.550833463668823
"[32, 32, 32]",25.0,0.0001,2000,256,2024,2405,0.023723293095827103,0.01611350104212761,0.028469346923524833,0.08818495237875897,3,3,3,3,3,2,3,3,2,2.875,3,25.390517234802246
"[32, 32, 32]",25.0,5e-05,4000,1024,137,2405,0.014857122674584389,0.012523231096565723,0.028528277772872243,0.07228234870943379,3,3,3,4,2,2,2,3,2,2.75,4,51.39211416244507
"[16, 16, 16]",20.0,0.0001,4000,256,2024,693,0.017055170610547066,0.013321107253432274,0.028550872157297343,0.06305548758145865,4,2,3,3,2,2,2,3,2,2.625,4,50.09924793243408
"[48, 48, 48]",25.0,5e-05,3000,256,7,5141,0.01610080525279045,0.00927504152059555,0.028625816780151494,0.05258660869843248,3,2,4,3,2,2,3,3,2,2.75,4,37.97552704811096
"[16, 16, 16]",25.0,0.0001,4000,512,2024,693,0.031571365892887115,0.017660189419984818,0.02867589943209026,0.04665792784554675,3,2,2,3,2,3,2,3,2,2.5,3,50.63608455657959
"[32, 32, 32]",20.0,5e-05,4000,256,2024,2405,0.02919335477054119,0.01746380515396595,0.02873928859557031,0.04958095697978804,2,2,3,3,2,2,3,3,2,2.5,3,50.37709999084473
"[16, 16, 16]",20.0,0.0002,4000,512,7,693,0.024915359914302826,0.013112228363752365,0.028764257215369977,0.07792692670559392,3,3,3,4,2,2,2,3,2,2.75,4,50.394545555114746
"[16, 16, 16]",20.0,0.0001,4000,512,999,693,0.02134505845606327,0.018779296427965164,0.02890903900562252,0.06391646762231003,2,3,2,4,2,2,3,3,2,2.625,4,50.23312759399414
"[64, 64, 64]",15.0,5e-05,3000,256,999,8901,0.011434742249548435,0.007226523477584124,0.028941299295548412,0.05216908361643425,2,2,3,3,2,3,2,3,2,2.5,3,37.51236057281494
"[16, 16, 16]",15.0,0.0001,3000,512,999,693,0.018624059855937958,0.01579427532851696,0.028994104439527813,0.08232659022479631,2,2,3,5,4,3,2,3,2,3.0,5,37.94423794746399
"[16, 16, 16]",15.0,0.0001,4000,256,999,693,0.01499885879456997,0.01355360634624958,0.029010837221908253,0.051690685772796355,2,2,3,4,2,2,2,3,2,2.5,4,50.191314935684204
"[16, 16, 16]",15.0,0.0002,2000,1024,999,693,0.014190135523676872,0.012695531360805035,0.02905868225375853,0.045129199947762696,2,2,3,4,2,3,2,3,2,2.625,4,26.324366807937622
"[16, 16, 16]",15.0,0.0002,4000,256,7,693,0.017129486426711082,0.01658562570810318,0.029074850777260554,0.06903530734104499,3,3,2,3,2,3,2,3,2,2.625,3,49.75577354431152
"[16, 16, 16]",15.0,0.0001,4000,512,2024,693,0.02322971448302269,0.012824248522520065,0.029323466271147063,0.08403633755356388,2,2,3,3,3,2,2,3,2,2.5,3,50.42305374145508
"[16, 16, 16]",20.0,0.0002,3000,1024,42,693,0.020281702280044556,0.018010180443525314,0.02937659840287552,0.10197561275314261,2,3,3,3,3,3,2,3,2,2.75,3,39.09633207321167
"[16, 16, 16]",20.0,0.0002,4000,256,42,693,0.03071100264787674,0.01436054427176714,0.029509191664222015,0.10056566634697975,2,3,3,3,2,3,3,3,2,2.75,3,50.2578330039978
"[16, 16, 16]",15.0,0.0002,3000,512,7,693,0.0281402338296175,0.02278187870979309,0.0295833454629286,0.10959454189711951,2,3,3,4,2,2,3,2,2,2.625,4,38.1823832988739
"[16, 16, 16]",15.0,0.0001,4000,512,7,693,0.039551325142383575,0.02500320039689541,0.029730736467045146,0.08780709083949464,2,3,2,3,2,4,4,3,2,2.875,4,50.84093403816223
"[64, 64, 64]",15.0,5e-05,2000,256,2024,8901,0.017990104854106903,0.012516641989350319,0.02988123459683229,0.0679711936798718,3,2,2,3,2,2,2,5,2,2.625,5,25.246005058288574
"[48, 48, 48]",15.0,5e-05,3000,512,7,5141,0.01179562509059906,0.009623426012694836,0.029968805856493728,0.07171287352518983,3,2,4,3,3,2,2,3,2,2.75,4,38.4192795753479
"[32, 32, 32]",20.0,5e-05,4000,256,999,2405,0.01611321233212948,0.010160353034734726,0.030171994957242775,0.07173406359547559,2,2,3,3,2,2,2,3,2,2.375,3,50.01266074180603
"[16, 16, 16]",15.0,0.0002,2000,256,999,693,0.0326261930167675,0.015786707401275635,0.030235156712588043,0.05701878173128937,2,2,4,3,3,2,2,3,2,2.625,4,25.062493801116943
"[16, 16, 16]",25.0,0.0002,3000,512,7,693,0.027898909524083138,0.02158748358488083,0.030241153435823877,0.06399126063811188,2,2,2,3,2,4,3,3,2,2.625,4,37.848870515823364
"[16, 16, 16]",15.0,0.0002,3000,1024,2024,693,0.011918517760932446,0.009101307019591331,0.030260849783846484,0.07642393989490709,3,3,2,3,2,3,2,3,2,2.625,3,38.862919330596924
"[64, 64, 64]",20.0,5e-05,2000,256,7,8901,0.013097303919494152,0.0112488167360425,0.030409532595611008,0.0839489453788219,3,2,3,3,2,2,3,3,2,2.625,3,25.046720266342163
"[16, 16, 16]",15.0,0.0002,3000,512,999,693,0.012806674465537071,0.010697118937969208,0.030438726616163633,0.07979962695101399,2,3,2,4,3,3,2,3,2,2.75,4,38.29251289367676
"[64, 64, 64]",15.0,5e-05,2000,1024,2024,8901,0.01242678053677082,0.00915718823671341,0.030463527886655437,0.06474873508583433,2,2,3,4,2,2,2,3,2,2.5,4,25.85051941871643
"[64, 64, 64]",25.0,5e-05,2000,256,999,8901,0.010620019398629665,0.010199952870607376,0.030665153842206208,0.08301676048400451,3,2,4,3,2,2,3,3,2,2.75,4,25.033002376556396
"[16, 16, 16]",15.0,0.0001,4000,1024,42,693,0.013817759230732918,0.010442476719617844,0.03082875561791235,0.05873632043226813,2,3,2,3,2,2,3,3,2,2.5,3,52.114378929138184
"[64, 64, 64]",15.0,5e-05,2000,512,7,8901,0.016055921092629433,0.01100112870335579,0.030857728130089364,0.08081747769076594,3,2,3,3,2,2,2,3,2,2.5,3,25.396161556243896
"[32, 32, 32]",20.0,0.0001,2000,256,7,2405,0.03185950592160225,0.018075328320264816,0.031037611784229428,0.07481506725828387,2,3,3,4,2,2,3,3,2,2.75,4,24.935678482055664
"[16, 16, 16]",20.0,0.0002,3000,512,42,693,0.05339660495519638,0.018650313839316368,0.031180895093563428,0.11681102402289308,2,3,3,4,3,3,2,2,2,2.75,4,38.117714405059814
"[32, 32, 32]",25.0,5e-05,3000,1024,2024,2405,0.021814562380313873,0.015753719955682755,0.03139798479622523,0.06324321161372977,2,2,3,3,2,2,2,3,2,2.375,3,39.552186012268066
"[48, 48, 48]",20.0,5e-05,2000,1024,42,5141,0.014044507406651974,0.01096434984356165,0.03141683202959175,0.1142444559384481,3,2,3,3,2,2,3,3,2,2.625,3,25.950878143310547
"[16, 16, 16]",25.0,0.0002,2000,256,137,693,0.02067316137254238,0.012060482054948807,0.03153046054514282,0.08632962040096774,3,3,3,3,2,2,2,4,2,2.75,4,24.8918035030365
"[16, 16, 16]",25.0,0.0002,2000,256,2024,693,0.0406932458281517,0.03521465137600899,0.0315801045998979,0.0760369280838875,3,3,3,3,3,2,2,3,2,2.75,3,24.58357810974121
"[16, 16, 16]",25.0,0.0002,3000,1024,42,693,0.02100064605474472,0.01865927129983902,0.03165573591424492,0.09192821596279634,2,3,3,3,2,3,2,4,2,2.75,4,38.674020528793335
"[16, 16, 16]",25.0,0.0002,4000,512,999,693,0.018425295129418373,0.016627073287963867,0.03166457863600709,0.0982901731184558,2,3,2,3,2,2,2,4,2,2.5,4,50.37414622306824
"[16, 16, 16]",15.0,0.0002,3000,1024,137,693,0.012038793414831161,0.009176373481750488,0.031683742274387916,0.07316997436480752,2,2,2,4,2,3,2,3,2,2.5,4,39.167752742767334
"[16, 16, 16]",20.0,0.0001,4000,1024,7,693,0.02526872046291828,0.022672642022371292,0.03186846349421284,0.06995166227395078,2,3,2,3,2,2,3,3,2,2.5,3,51.54934620857239
"[32, 32, 32]",20.0,5e-05,3000,1024,7,2405,0.023164793848991394,0.019966131076216698,0.032009977903642406,0.06554549258013706,2,2,3,5,2,2,2,3,2,2.625,5,38.53159046173096
"[16, 16, 16]",20.0,0.0001,3000,512,999,693,0.029056333005428314,0.025923529639840126,0.03213490894463291,0.0900343321685804,2,3,2,4,2,2,4,3,2,2.75,4,37.55983352661133
"[16, 16, 16]",15.0,0.0002,2000,512,137,693,0.016574224457144737,0.01288588810712099,0.032160198604901324,0.0664083704296662,2,2,3,3,2,2,4,3,2,2.625,4,25.262430429458618
"[32, 32, 32]",15.0,5e-05,4000,256,7,2405,0.021164987236261368,0.015545130707323551,0.0322432572861898,0.06119709807668883,2,2,3,5,2,2,2,3,2,2.625,5,50.831188678741455
"[32, 32, 32]",15.0,0.0001,2000,512,7,2405,0.0166973527520895,0.014606460928916931,0.03229649610140077,0.06198222749955172,3,3,2,3,2,2,2,3,2,2.5,3,25.987401247024536
"[32, 32, 32]",15.0,5e-05,4000,512,2024,2405,0.017530832439661026,0.0123113002628088,0.03235412652519032,0.07264353836063821,3,2,3,3,2,2,2,3,2,2.5,3,51.43696999549866
"[32, 32, 32]",25.0,5e-05,4000,512,7,2405,0.020702196285128593,0.016700617969036102,0.032583810794364246,0.09589929359959105,2,3,3,5,2,2,3,3,2,2.875,5,51.843106508255005
"[16, 16, 16]",20.0,0.0002,2000,1024,999,693,0.02347184345126152,0.020534144714474678,0.03261515166068764,0.07131135377093793,2,3,2,3,2,2,2,4,2,2.5,4,25.727113962173462
"[64, 64, 64]",25.0,5e-05,2000,512,2024,8901,0.014568513259291649,0.009370651096105576,0.03287930066337421,0.08383427975083547,2,2,4,4,3,2,3,3,2,2.875,4,25.115201473236084
"[16, 16, 16]",20.0,0.0002,4000,1024,137,693,0.010448850691318512,0.009645634330809116,0.03290770814246812,0.07145630897382375,3,3,2,3,2,3,2,3,2,2.625,3,51.66876292228699
"[16, 16, 16]",20.0,0.0001,3000,512,2024,693,0.0217641182243824,0.01809621974825859,0.033098421641107434,0.09295745865047801,2,2,3,3,2,2,2,4,2,2.5,4,37.907185792922974
"[32, 32, 32]",15.0,5e-05,4000,1024,999,2405,0.007500482723116875,0.0064355842769145966,0.03310238271843941,0.052944741144258546,2,2,3,3,2,3,2,3,2,2.5,3,52.15106272697449
"[48, 48, 48]",25.0,5e-05,3000,1024,2024,5141,0.011112475767731667,0.009508087299764156,0.03321670898487769,0.09782216982136385,3,2,3,3,3,2,2,3,2,2.625,3,39.25898337364197
"[16, 16, 16]",20.0,0.0002,2000,512,2024,693,0.019819442182779312,0.016831524670124054,0.03323376163514021,0.07698156187986205,3,3,2,3,2,2,2,3,2,2.5,3,25.1144962310791
"[16, 16, 16]",15.0,0.0002,2000,256,2024,693,0.02198927477002144,0.01649128645658493,0.033274977951169585,0.07337215053709036,2,2,2,3,4,3,3,3,2,2.75,4,24.943111896514893
"[16, 16, 16]",20.0,0.0001,4000,1024,42,693,0.029424481093883514,0.021692335605621338,0.03330199194261383,0.09331428314342978,2,2,2,3,3,3,3,3,2,2.625,3,52.06398153305054
"[32, 32, 32]",15.0,0.0001,2000,512,2024,2405,0.019075557589530945,0.013996857218444347,0.033337148755572074,0.07069376259558299,2,2,2,3,3,2,2,3,2,2.375,3,25.609331369400024
"[16, 16, 16]",25.0,0.0002,4000,256,999,693,0.02347852662205696,0.01877428963780403,0.0333720858753762,0.0704667145029212,2,3,3,3,2,2,2,3,2,2.5,3,50.22311472892761
"[48, 48, 48]",15.0,5e-05,2000,1024,42,5141,0.015263970009982586,0.011252843774855137,0.033381596936416076,0.07715541953986163,4,2,3,3,3,2,2,4,2,2.875,4,26.39993691444397
"[16, 16, 16]",15.0,0.0002,3000,256,7,693,0.02803974226117134,0.02021653950214386,0.03346261181462361,0.07465726875631964,3,3,2,3,2,3,2,3,2,2.625,3,37.49724316596985
"[16, 16, 16]",25.0,0.0002,2000,512,2024,693,0.024203192442655563,0.020196756348013878,0.03347569276125963,0.06732791659300709,2,2,2,3,2,3,3,3,2,2.5,3,25.332584619522095
"[16, 16, 16]",25.0,0.0001,4000,512,42,693,0.04052665829658508,0.024205045774579048,0.03362171855543284,0.13630470321820207,2,2,3,4,2,3,3,2,2,2.625,4,50.85132145881653
"[48, 48, 48]",20.0,5e-05,3000,512,2024,5141,0.012585610151290894,0.011000635102391243,0.03366976868075934,0.11491523641846037,3,2,3,3,3,2,3,3,2,2.75,3,38.64889597892761
"[16, 16, 16]",15.0,0.0001,4000,1024,7,693,0.028239060193300247,0.025744197890162468,0.03369706799725255,0.09385640211446188,3,3,2,3,3,4,2,3,2,2.875,4,52.01938199996948
"[64, 64, 64]",25.0,5e-05,2000,512,137,8901,0.014352809637784958,0.010008901357650757,0.03380715527896618,0.10812216373115385,2,2,4,4,3,2,3,3,2,2.875,4,25.096460103988647
"[32, 32, 32]",25.0,0.0001,2000,512,137,2405,0.02840856835246086,0.014169112779200077,0.03382626556139457,0.08360931295039604,2,3,3,3,2,2,3,3,2,2.625,3,25.758493900299072
"[16, 16, 16]",20.0,0.0002,3000,256,42,693,0.029506215825676918,0.018638644367456436,0.03389560721726828,0.13642413578393903,2,3,3,3,3,4,3,2,2,2.875,4,37.327245235443115
"[32, 32, 32]",25.0,5e-05,4000,256,7,2405,0.025586307048797607,0.019278667867183685,0.03396358125081554,0.08503399195871647,3,2,3,3,2,2,2,3,2,2.5,3,50.67139911651611
"[32, 32, 32]",15.0,5e-05,3000,512,42,2405,0.02318130061030388,0.016689961776137352,0.034013578351751235,0.09313330084050284,2,3,3,3,2,2,3,3,2,2.625,3,38.71643400192261
"[64, 64, 64]",25.0,5e-05,2000,256,137,8901,0.011466007679700851,0.011047755368053913,0.03410462159542724,0.11299308127916773,3,2,3,5,2,2,3,3,2,2.875,5,25.022823810577393
"[64, 64, 64]",15.0,5e-05,2000,512,2024,8901,0.013953948393464088,0.010527725331485271,0.03425083671391466,0.07572170573829692,2,2,3,4,2,2,2,3,2,2.5,4,25.400592803955078
"[32, 32, 32]",15.0,5e-05,3000,1024,42,2405,0.0194784477353096,0.014350580982863903,0.03432726579218502,0.09906707497341188,3,2,3,3,2,2,2,3,2,2.5,3,38.866339683532715
"[32, 32, 32]",25.0,0.0001,2000,1024,137,2405,0.022266417741775513,0.012689230963587761,0.03457081379688782,0.10239445206517615,3,3,4,4,2,2,3,3,2,3.0,4,26.27742314338684
"[32, 32, 32]",25.0,5e-05,3000,512,42,2405,0.027160748839378357,0.017991241067647934,0.03457592136156083,0.08490190120603765,3,2,3,4,2,2,3,3,2,2.75,4,38.69929647445679
"[64, 64, 64]",25.0,5e-05,2000,256,7,8901,0.012291770428419113,0.011156819760799408,0.0346043764743747,0.09824981840665302,3,2,3,3,3,2,3,3,2,2.75,3,25.066025972366333
"[32, 32, 32]",15.0,5e-05,3000,1024,137,2405,0.019030841067433357,0.012633593752980232,0.034658988865686635,0.08472011584863316,2,3,3,3,2,2,3,4,2,2.75,4,38.713895082473755
"[64, 64, 64]",20.0,5e-05,2000,1024,42,8901,0.008314740844070911,0.006596019491553307,0.03472715990731952,0.1029535135065532,3,2,3,3,2,2,3,3,2,2.625,3,25.598304271697998
"[16, 16, 16]",15.0,0.0002,2000,1024,137,693,0.02705640345811844,0.017350202426314354,0.03481705486463165,0.08611408249285454,2,2,2,5,2,3,2,3,2,2.625,5,26.15500807762146
"[32, 32, 32]",20.0,5e-05,4000,256,137,2405,0.029497196897864342,0.014036068692803383,0.03484754891833773,0.06755049556290373,4,3,3,3,2,2,2,3,2,2.75,4,50.18861985206604
"[16, 16, 16]",15.0,0.0002,2000,1024,2024,693,0.020077019929885864,0.013612300157546997,0.034946185025655864,0.08405994871049455,2,2,2,3,2,3,2,4,2,2.5,4,26.245226621627808
"[32, 32, 32]",25.0,5e-05,4000,256,42,2405,0.024656251072883606,0.014850884675979614,0.03500434168711416,0.09198413448605149,3,2,3,3,2,2,2,3,2,2.5,3,49.86328864097595
"[16, 16, 16]",25.0,0.0001,4000,256,2024,693,0.03311411291360855,0.02307121455669403,0.035008537761785904,0.06165154793427262,2,2,3,3,2,2,3,3,2,2.5,3,50.091222047805786
"[32, 32, 32]",25.0,5e-05,3000,256,999,2405,0.019892532378435135,0.017619609832763672,0.03504168308888003,0.10674729942089839,2,2,2,4,3,2,3,3,2,2.625,4,38.24999952316284
"[32, 32, 32]",15.0,5e-05,4000,512,999,2405,0.011210487224161625,0.008821704424917698,0.03513860785122345,0.05634317798263894,2,2,3,3,2,3,2,3,2,2.5,3,51.84539747238159
"[32, 32, 32]",20.0,0.0001,2000,512,42,2405,0.01847916468977928,0.014222081750631332,0.03514302601394306,0.07255478364413277,2,2,3,3,3,2,2,3,2,2.5,3,25.387807846069336
"[64, 64, 64]",20.0,5e-05,2000,512,137,8901,0.017066877335309982,0.00995650328695774,0.035210167787093086,0.09503849346924537,3,2,3,4,2,2,2,3,2,2.625,4,25.117632627487183
"[16, 16, 16]",15.0,0.0002,2000,1024,7,693,0.03313729166984558,0.027026383206248283,0.03548682819035291,0.07024748264856888,2,2,2,3,2,2,3,4,2,2.5,4,26.068532466888428
"[16, 16, 16]",25.0,0.0002,3000,256,7,693,0.02573036029934883,0.022506944835186005,0.03555312771339402,0.14127614138559896,2,3,2,3,2,3,2,4,2,2.625,4,38.25856304168701
"[16, 16, 16]",25.0,0.0002,4000,512,42,693,0.028864119201898575,0.017687145620584488,0.03556015573770498,0.10679295323499671,3,3,2,3,2,3,2,2,2,2.5,3,50.58562397956848
"[64, 64, 64]",25.0,5e-05,2000,512,42,8901,0.011846098117530346,0.0074951183050870895,0.03582195160426799,0.12122672012418832,2,2,3,3,2,2,3,3,2,2.5,3,25.103788137435913
"[32, 32, 32]",25.0,0.0001,2000,512,7,2405,0.022975709289312363,0.01826806738972664,0.03585790432662287,0.12106844163476431,3,3,3,4,2,2,3,3,2,2.875,4,25.671899795532227
"[16, 16, 16]",25.0,0.0002,3000,512,999,693,0.027114450931549072,0.021306486800312996,0.03586063186729565,0.11542308323624416,3,2,2,3,2,2,3,3,2,2.5,3,38.23411726951599
"[48, 48, 48]",25.0,5e-05,3000,256,999,5141,0.012125177308917046,0.010923936031758785,0.03608988345470023,0.13625798599907485,2,3,2,3,2,2,3,3,2,2.5,3,38.43413424491882
"[48, 48, 48]",20.0,5e-05,2000,512,42,5141,0.018696408718824387,0.013259935192763805,0.03644396542175436,0.1197938871159585,2,2,3,3,3,2,3,3,2,2.625,3,25.825212001800537
"[64, 64, 64]",20.0,5e-05,2000,512,42,8901,0.012520846910774708,0.007654057815670967,0.03646652959699671,0.10847580719494178,2,2,3,4,2,2,3,3,2,2.625,4,25.032172441482544
"[16, 16, 16]",15.0,0.0001,3000,512,42,693,0.03935835883021355,0.017596237361431122,0.03657671723124734,0.08663112617661678,2,2,2,3,2,2,2,3,2,2.25,3,37.580344676971436
"[16, 16, 16]",25.0,0.0001,4000,512,999,693,0.030229201540350914,0.02637489140033722,0.03679726594612646,0.08751969186692374,2,3,3,3,2,2,4,3,2,2.75,4,50.4877188205719
"[16, 16, 16]",25.0,0.0001,3000,512,2024,693,0.034806374460458755,0.02815004251897335,0.03680502513614085,0.10571585949237648,2,2,3,4,3,2,2,3,2,2.625,4,37.950783491134644
"[16, 16, 16]",20.0,0.0001,3000,256,2024,693,0.050127677619457245,0.017957914620637894,0.036844680071284795,0.06818828779388182,2,2,3,3,2,2,2,4,2,2.5,4,37.194069623947144
"[32, 32, 32]",25.0,5e-05,4000,256,2024,2405,0.027916839346289635,0.01676240749657154,0.03687547919953642,0.11984940369263782,3,2,3,3,2,4,3,2,2,2.75,4,50.196720123291016
"[16, 16, 16]",15.0,0.0001,3000,512,2024,693,0.01959788240492344,0.016301553696393967,0.036881261623559154,0.09740658171282703,2,2,4,3,3,2,2,4,2,2.75,4,37.61456298828125
"[32, 32, 32]",20.0,5e-05,3000,512,7,2405,0.03946595638990402,0.02153901755809784,0.03689757606003206,0.07033243527956903,2,2,2,3,3,2,2,3,2,2.375,3,38.20755219459534
"[16, 16, 16]",25.0,0.0002,4000,256,42,693,0.032122306525707245,0.016922730952501297,0.0369774922230096,0.09907693589908019,2,3,2,3,2,3,3,3,2,2.625,3,49.73550486564636
"[48, 48, 48]",20.0,5e-05,2000,1024,137,5141,0.01873663254082203,0.014297444373369217,0.03698927224493469,0.07896976808224103,3,2,5,3,2,2,3,4,2,3.0,5,25.988999128341675
"[64, 64, 64]",25.0,5e-05,2000,1024,42,8901,0.008169369772076607,0.007086875848472118,0.03703060359574254,0.11749874750174749,2,2,3,3,3,2,3,3,2,2.625,3,25.58068537712097
"[64, 64, 64]",15.0,5e-05,2000,1024,42,8901,0.00839134119451046,0.006674773525446653,0.03703244997923428,0.07654226432756975,2,2,3,3,2,2,2,3,2,2.375,3,25.85938310623169
"[32, 32, 32]",20.0,0.0001,2000,1024,42,2405,0.014088699594140053,0.013515250757336617,0.03707741157855515,0.10895224240927241,3,3,3,3,2,2,2,3,2,2.625,3,25.782946348190308
"[16, 16, 16]",20.0,0.0001,2000,1024,2024,693,0.039316363632678986,0.027527164667844772,0.03708815784116642,0.1307183429555263,2,2,2,4,2,2,3,3,2,2.5,4,25.44712209701538
"[16, 16, 16]",25.0,0.0001,3000,1024,137,693,0.013644102029502392,0.012514635920524597,0.03715233064630327,0.06368249732494252,2,2,3,3,2,2,2,3,2,2.375,3,39.306883335113525
"[16, 16, 16]",25.0,0.0002,3000,256,999,693,0.03182822838425636,0.022846752777695656,0.03726363852821637,0.09754281897530731,3,3,2,4,2,2,2,3,2,2.625,4,37.42413687705994
"[32, 32, 32]",20.0,5e-05,3000,256,7,2405,0.032407812774181366,0.023656336590647697,0.03734240956217105,0.07806843906394234,3,2,3,3,2,2,2,3,2,2.5,3,37.84917497634888
"[16, 16, 16]",25.0,0.0002,2000,1024,137,693,0.01292118988931179,0.011204732581973076,0.037371367267312834,0.0856795217763165,3,3,2,3,2,2,2,3,2,2.5,3,26.24147939682007
"[48, 48, 48]",15.0,5e-05,2000,1024,999,5141,0.01799209788441658,0.013594097457826138,0.03738226039031746,0.07060204211349118,2,2,3,4,2,2,2,3,2,2.5,4,25.670274257659912
"[32, 32, 32]",20.0,5e-05,3000,1024,42,2405,0.021662600338459015,0.01638033613562584,0.037416832199503855,0.09615039272403057,2,2,4,3,3,2,2,3,2,2.625,4,38.8475456237793
"[16, 16, 16]",20.0,0.0001,4000,512,7,693,0.04587303102016449,0.02396249957382679,0.03754053686873753,0.0893612695056645,2,2,2,4,2,2,2,4,2,2.5,4,50.24805784225464
"[64, 64, 64]",15.0,5e-05,2000,512,42,8901,0.012018419802188873,0.00697008240967989,0.03759486174097423,0.07683967314225063,2,2,3,3,2,2,2,3,2,2.375,3,25.426582098007202
"[16, 16, 16]",15.0,0.0002,2000,512,999,693,0.01658802106976509,0.015218386426568031,0.03767553673538403,0.10013530874186378,2,2,2,4,3,3,2,3,2,2.625,4,25.228156328201294
"[32, 32, 32]",25.0,0.0001,2000,256,137,2405,0.024785758927464485,0.016222625970840454,0.03792582823312358,0.13007772536703788,3,5,3,3,2,2,3,2,2,2.875,5,25.982337474822998
"[16, 16, 16]",15.0,0.0002,2000,512,7,693,0.03282201290130615,0.0316341407597065,0.0380507182309697,0.10370063370532376,2,3,2,3,2,2,3,3,2,2.5,3,25.254671096801758
"[32, 32, 32]",15.0,5e-05,3000,1024,7,2405,0.018694818019866943,0.016338765621185303,0.03817976566222126,0.06821620172623734,3,2,2,4,2,2,2,3,2,2.5,4,38.627442359924316
"[32, 32, 32]",20.0,0.0001,2000,256,2024,2405,0.029273293912410736,0.01936735399067402,0.038342521095581845,0.09487718209558953,2,3,3,3,2,2,2,3,2,2.5,3,25.129448890686035
"[16, 16, 16]",15.0,0.0001,3000,1024,2024,693,0.02229725383222103,0.015792006626725197,0.038518922964096126,0.12335804438561424,3,2,3,4,2,2,2,3,2,2.625,4,39.098639488220215
"[32, 32, 32]",15.0,0.0001,2000,1024,999,2405,0.009770635515451431,0.007925199344754219,0.038604864001881914,0.06524122462912442,2,2,3,3,2,2,2,3,2,2.375,3,25.82462739944458
"[32, 32, 32]",15.0,0.0001,2000,512,999,2405,0.012107616290450096,0.009186739102005959,0.03865200800470166,0.06390071092035185,2,2,3,3,2,2,2,3,2,2.375,3,25.503811836242676
"[16, 16, 16]",15.0,0.0001,4000,256,137,693,0.020206395536661148,0.01153256930410862,0.03865527254408236,0.0583165785627042,2,2,3,3,2,2,2,3,2,2.375,3,49.719143867492676
"[32, 32, 32]",25.0,5e-05,3000,1024,42,2405,0.02023518830537796,0.015344632789492607,0.03867914147320336,0.074464409753,2,2,3,3,2,2,2,3,2,2.375,3,38.9562668800354
"[32, 32, 32]",15.0,5e-05,3000,256,7,2405,0.029130034148693085,0.021036209538578987,0.0388644592745063,0.08975335135403026,2,2,3,4,2,2,2,4,2,2.625,4,38.16661024093628
"[48, 48, 48]",25.0,5e-05,2000,512,137,5141,0.022495340555906296,0.01672620326280594,0.038867862854795605,0.0872180818176277,3,2,2,3,2,2,3,4,2,2.625,4,25.534115314483643
"[32, 32, 32]",15.0,5e-05,3000,512,137,2405,0.020559098571538925,0.014683248475193977,0.0389545411444519,0.09346645370491645,2,3,2,3,2,3,3,3,2,2.625,3,38.35370111465454
"[32, 32, 32]",15.0,0.0001,2000,256,999,2405,0.016200128942728043,0.01115654781460762,0.038966438787262594,0.06589033328185422,2,2,2,3,2,2,3,3,2,2.375,3,25.118123531341553
"[32, 32, 32]",20.0,5e-05,3000,1024,137,2405,0.024638134986162186,0.01527935266494751,0.0390893925865507,0.06390066381195919,2,3,2,3,3,2,2,3,2,2.5,3,38.61637806892395
"[16, 16, 16]",20.0,0.0002,4000,256,137,693,0.007506528403609991,0.006109477952122688,0.03913406489249861,0.07323810572398491,2,3,3,3,2,2,2,3,2,2.5,3,49.883530616760254
"[16, 16, 16]",20.0,0.0001,4000,256,999,693,0.02482490986585617,0.01978481560945511,0.03955104952470879,0.0928622532834193,2,3,3,3,2,2,2,3,2,2.5,3,50.00959253311157
"[32, 32, 32]",15.0,5e-05,3000,256,42,2405,0.033220235258340836,0.017941541969776154,0.039772480408674905,0.09654904099689478,3,2,3,3,2,2,2,3,2,2.5,3,37.74279236793518
"[48, 48, 48]",15.0,5e-05,2000,512,999,5141,0.020494654774665833,0.015440777875483036,0.03984956028485534,0.09396333609998962,2,2,3,4,2,2,2,3,2,2.5,4,26.660290002822876
"[16, 16, 16]",25.0,0.0002,2000,1024,7,693,0.03453555330634117,0.02498667687177658,0.03986261272273591,0.07411553542699838,2,2,2,3,2,3,2,3,2,2.375,3,26.399624586105347
"[32, 32, 32]",15.0,5e-05,4000,512,7,2405,0.016409004107117653,0.014141003601253033,0.040011462988123817,0.11197709575886991,3,2,2,4,2,2,2,3,2,2.5,4,50.81828188896179
"[16, 16, 16]",20.0,0.0002,3000,1024,137,693,0.01533022616058588,0.012958990409970284,0.0402182635327349,0.07863080405485338,3,2,2,3,2,3,2,4,2,2.625,4,38.179009437561035
"[16, 16, 16]",20.0,0.0002,2000,256,42,693,0.04031912237405777,0.024319887161254883,0.04025059824325421,0.15517081276418923,2,3,2,4,2,4,3,2,2,2.75,4,25.157336711883545
"[16, 16, 16]",20.0,0.0001,3000,1024,42,693,0.030220603570342064,0.028850868344306946,0.04030278481206948,0.09145035234794059,2,2,3,3,3,3,3,3,2,2.75,3,38.31442189216614
"[64, 64, 64]",25.0,5e-05,2000,256,2024,8901,0.014518964104354382,0.011666477657854557,0.0403141348597551,0.13080576807865293,2,2,3,4,3,2,3,2,2,2.625,4,24.977124214172363
"[32, 32, 32]",20.0,0.0001,2000,512,137,2405,0.028553185984492302,0.012976670637726784,0.04033843291470267,0.126106083601108,3,3,4,3,3,2,2,3,2,2.875,4,25.690781354904175
"[48, 48, 48]",25.0,5e-05,3000,512,2024,5141,0.01372893899679184,0.012179754674434662,0.040361830530430055,0.13184705888517165,2,2,4,5,3,2,2,3,2,2.875,5,38.35329031944275
"[16, 16, 16]",25.0,0.0002,2000,1024,999,693,0.025342680513858795,0.021616771817207336,0.04038872018623346,0.07482439250319582,2,2,3,4,2,2,2,3,2,2.5,4,25.948021173477173
"[64, 64, 64]",15.0,5e-05,2000,256,7,8901,0.016324784606695175,0.012417364865541458,0.04040774013404959,0.08522417728049847,4,2,3,3,2,2,2,3,2,2.625,4,25.301777124404907
"[16, 16, 16]",15.0,0.0001,3000,1024,999,693,0.016363371163606644,0.013164341449737549,0.040409081891339384,0.07564104744514637,2,2,3,3,3,2,2,3,2,2.5,3,39.30865812301636
"[32, 32, 32]",20.0,5e-05,3000,512,999,2405,0.0173167884349823,0.01305654738098383,0.040427598176697874,0.08229578532350251,2,2,3,3,2,2,3,4,2,2.625,4,38.29816555976868
"[64, 64, 64]",15.0,5e-05,2000,512,137,8901,0.021726470440626144,0.012276789173483849,0.04058606622130542,0.08046648415898726,2,2,3,3,2,2,2,3,2,2.375,3,25.40272569656372
"[32, 32, 32]",20.0,5e-05,3000,1024,999,2405,0.012874886393547058,0.00972518976777792,0.04068023668478286,0.09118240886024831,2,2,3,3,2,2,2,4,2,2.5,4,38.45135450363159
"[64, 64, 64]",20.0,5e-05,2000,256,42,8901,0.012919650413095951,0.00912685040384531,0.041086024435001464,0.11427910534361982,3,2,3,4,2,2,3,3,2,2.75,4,25.064428567886353
"[32, 32, 32]",20.0,5e-05,4000,256,42,2405,0.022527433931827545,0.013640310615301132,0.04122024296738691,0.09097786631757562,2,2,3,4,2,2,2,3,2,2.5,4,50.24993848800659
"[64, 64, 64]",20.0,5e-05,2000,1024,999,8901,0.012222188524901867,0.00897432304918766,0.04122178972511649,0.1346281487920446,3,2,3,4,3,2,3,3,2,2.875,4,25.551446676254272
"[64, 64, 64]",20.0,5e-05,2000,256,137,8901,0.01202055998146534,0.01202055998146534,0.0414464504095264,0.11529512714155554,3,2,3,4,2,2,2,3,2,2.625,4,25.091089487075806
"[16, 16, 16]",25.0,0.0001,4000,256,137,693,0.014206105843186378,0.011575148440897465,0.04153124450566404,0.1111147857890813,2,3,2,2,2,2,3,3,2,2.375,3,50.012208700180054
"[32, 32, 32]",25.0,5e-05,3000,512,2024,2405,0.03102421760559082,0.021700061857700348,0.04176791565014952,0.10202279234428031,2,2,3,3,2,2,3,3,2,2.5,3,38.055333375930786
"[64, 64, 64]",15.0,5e-05,2000,256,137,8901,0.013839098624885082,0.01353229209780693,0.04200663466141984,0.08286516720594268,2,2,3,3,2,2,2,3,2,2.375,3,25.34871792793274
"[32, 32, 32]",15.0,0.0001,2000,256,2024,2405,0.021138394251465797,0.015865549445152283,0.04202248668996444,0.07275128026579192,2,2,2,3,2,2,2,3,2,2.25,3,24.886319637298584
"[32, 32, 32]",25.0,5e-05,4000,256,137,2405,0.03140883892774582,0.015317053534090519,0.04202362299341532,0.09283958033132703,3,3,3,3,2,2,2,3,2,2.625,3,50.08018493652344
"[16, 16, 16]",15.0,0.0001,4000,512,137,693,0.013011494651436806,0.011071855202317238,0.04205056537691671,0.11438977293144097,2,3,3,2,2,2,3,3,2,2.5,3,51.0419659614563
"[48, 48, 48]",15.0,5e-05,2000,512,42,5141,0.019237641245126724,0.013530259020626545,0.04205502321201071,0.09865168909897398,2,2,3,3,2,2,2,4,2,2.5,4,26.111934900283813
"[16, 16, 16]",25.0,0.0001,4000,1024,42,693,0.0313766673207283,0.025098547339439392,0.04220407876965766,0.2210648329951262,3,2,4,3,2,2,3,2,2,2.625,4,51.96499824523926
"[32, 32, 32]",20.0,5e-05,3000,512,42,2405,0.024483246728777885,0.017431389540433884,0.04231853754972148,0.12352592601558988,3,2,4,3,2,2,2,3,2,2.625,4,38.18210005760193
"[32, 32, 32]",15.0,5e-05,3000,1024,2024,2405,0.02363562025129795,0.016514688730239868,0.04232333905733631,0.09126886656926413,2,2,3,3,2,2,3,3,2,2.5,3,38.78404641151428
"[48, 48, 48]",20.0,5e-05,2000,1024,7,5141,0.015136136673390865,0.01287737488746643,0.042606972637662006,0.0988293224646686,3,2,4,3,2,2,3,3,2,2.75,4,25.667752981185913
"[48, 48, 48]",25.0,5e-05,2000,1024,42,5141,0.016210027039051056,0.011748657561838627,0.042660695671494143,0.123466887705555,2,2,3,4,2,2,3,3,2,2.625,4,25.614821195602417
"[48, 48, 48]",15.0,5e-05,2000,1024,2024,5141,0.014949165284633636,0.010975098237395287,0.042670700112219975,0.11796481864479982,3,2,3,4,2,2,3,3,2,2.75,4,26.24263572692871
"[48, 48, 48]",20.0,5e-05,2000,256,42,5141,0.020731471478939056,0.014582324773073196,0.04268156951129499,0.12972349822041385,2,2,3,4,2,2,4,3,2,2.75,4,25.06661581993103
"[32, 32, 32]",20.0,5e-05,3000,1024,2024,2405,0.028255809098482132,0.020738014951348305,0.04270034261858202,0.08322157464282094,2,2,3,3,2,2,2,3,2,2.375,3,38.790459632873535
"[48, 48, 48]",20.0,5e-05,2000,1024,999,5141,0.020388182252645493,0.01498415507376194,0.04271381610520304,0.14189251692989732,2,2,4,3,2,2,2,4,2,2.625,4,25.83967161178589
"[16, 16, 16]",15.0,0.0001,3000,256,999,693,0.029356248676776886,0.020530804991722107,0.04276398216332569,0.07436193602017799,2,2,3,3,2,2,2,3,2,2.375,3,37.04233980178833
"[16, 16, 16]",25.0,0.0001,4000,1024,7,693,0.03347194194793701,0.02952931448817253,0.042920926898739456,0.09080469891735052,3,3,2,3,2,3,2,3,2,2.625,3,52.20756196975708
"[16, 16, 16]",15.0,0.0001,4000,1024,2024,693,0.014626070857048035,0.01205950602889061,0.042962509142345714,0.13295776342108118,2,3,2,3,2,2,2,3,2,2.375,3,52.279945373535156
"[48, 48, 48]",20.0,5e-05,2000,256,137,5141,0.03861355781555176,0.019036676734685898,0.04308389253279459,0.11888072084902769,3,2,3,3,2,2,2,6,2,2.875,6,25.01647162437439
"[16, 16, 16]",15.0,0.0001,3000,1024,7,693,0.038114309310913086,0.030227141454815865,0.04311956521578734,0.09873914086750342,2,2,2,3,2,2,2,5,2,2.5,5,38.638928174972534
"[16, 16, 16]",15.0,0.0001,4000,256,7,693,0.029097814112901688,0.02596263587474823,0.0431424430308836,0.0881473664089859,2,2,2,3,2,3,2,3,2,2.375,3,50.0167555809021
"[32, 32, 32]",20.0,0.0001,2000,256,137,2405,0.024969516322016716,0.01670519821345806,0.043188765894440095,0.09741426535140461,2,3,2,3,3,3,2,3,2,2.625,3,24.990788459777832
"[64, 64, 64]",15.0,5e-05,2000,256,42,8901,0.014749991707503796,0.008488185703754425,0.043215618437893594,0.0896468380940103,2,2,2,4,2,2,2,3,2,2.375,4,27.27201795578003
"[32, 32, 32]",25.0,0.0001,2000,512,2024,2405,0.024746432900428772,0.01811426505446434,0.043224901832142074,0.12358996112357357,2,3,3,3,4,3,2,2,2,2.75,4,25.62140941619873
"[48, 48, 48]",15.0,5e-05,2000,1024,137,5141,0.012852920219302177,0.010574031621217728,0.04335086165175882,0.09753855968721105,2,2,3,3,2,2,3,3,2,2.5,3,26.563761472702026
"[16, 16, 16]",15.0,0.0001,4000,256,2024,693,0.020885400474071503,0.015089339576661587,0.043429302631583816,0.09875902711498204,2,2,2,3,2,2,2,3,2,2.25,3,49.965142488479614
"[16, 16, 16]",20.0,0.0002,3000,512,7,693,0.022496912628412247,0.017830654978752136,0.04348101905434959,0.09307147564314794,3,3,2,3,2,2,2,3,2,2.5,3,37.79304385185242
"[16, 16, 16]",25.0,0.0001,4000,1024,2024,693,0.022552568465471268,0.016781309619545937,0.04353678212144284,0.1171898420429742,2,2,3,3,2,3,2,3,2,2.5,3,52.22136831283569
"[32, 32, 32]",20.0,5e-05,3000,512,2024,2405,0.035570669919252396,0.023768801242113113,0.04355120992107705,0.08081295412714314,2,2,3,3,3,2,2,3,2,2.5,3,38.404356956481934
"[16, 16, 16]",20.0,5e-05,4000,512,2024,693,0.04098619520664215,0.026570087298750877,0.0436904008230295,0.11158354609089233,2,2,3,3,3,2,2,4,2,2.625,4,50.6303288936615
"[16, 16, 16]",15.0,5e-05,4000,1024,42,693,0.027899598702788353,0.021993432193994522,0.04372487416367747,0.11096520492176032,2,2,4,3,2,2,2,3,2,2.5,4,51.49471187591553
"[32, 32, 32]",25.0,0.0001,2000,256,7,2405,0.032831139862537384,0.022573217749595642,0.043903193065484056,0.07242352978068137,2,2,3,3,2,2,2,3,2,2.375,3,25.32439613342285
"[16, 16, 16]",25.0,0.0002,2000,1024,42,693,0.0368475466966629,0.0260578915476799,0.04399393730480529,0.11296079771711652,2,3,2,4,2,3,2,2,2,2.5,4,25.729981899261475
"[16, 16, 16]",15.0,5e-05,4000,1024,2024,693,0.026276294142007828,0.021513815969228745,0.04414379820784856,0.09947520237533602,2,2,3,3,3,2,2,3,2,2.5,3,52.098121643066406
"[48, 48, 48]",15.0,5e-05,2000,256,999,5141,0.019783996045589447,0.01709253340959549,0.04419080237552566,0.11561741078824979,2,2,3,3,2,2,2,3,2,2.375,3,25.591355323791504
"[16, 16, 16]",15.0,0.0001,3000,1024,42,693,0.015342073515057564,0.014787119813263416,0.04426569521637116,0.07487923774895104,2,2,2,4,3,2,2,3,2,2.5,4,38.8199999332428
"[16, 16, 16]",20.0,0.0002,2000,512,137,693,0.016118472442030907,0.012729162350296974,0.044308858438329796,0.0935327791641843,2,2,2,3,2,2,2,3,2,2.25,3,25.194613456726074
"[64, 64, 64]",15.0,5e-05,2000,1024,999,8901,0.011843657121062279,0.009850574657320976,0.04432840993962385,0.10972049717135142,2,2,3,3,2,2,2,3,2,2.375,3,25.868767499923706
"[16, 16, 16]",25.0,0.0001,4000,1024,999,693,0.02511695586144924,0.02325228601694107,0.044447250379201664,0.11472934283289137,2,2,3,3,2,4,2,3,2,2.625,4,51.871044635772705
"[16, 16, 16]",20.0,0.0002,3000,256,137,693,0.010815514251589775,0.008460620418190956,0.04478638053033948,0.08205828935652508,2,2,3,3,2,2,2,3,2,2.375,3,37.585671186447144
"[16, 16, 16]",20.0,0.0001,4000,512,42,693,0.03468920290470123,0.021265339106321335,0.045041558757372556,0.15769421710037904,2,3,2,4,2,3,3,2,2,2.625,4,50.625370025634766
"[32, 32, 32]",15.0,5e-05,4000,256,2024,2405,0.023471493273973465,0.01423054188489914,0.04519285499714956,0.0781795618390309,3,2,3,3,2,2,2,3,2,2.5,3,50.16599416732788
"[16, 16, 16]",25.0,0.0001,4000,256,7,693,0.03270784392952919,0.030059829354286194,0.045249535883894465,0.11070104597385273,2,2,2,3,2,3,3,3,2,2.5,3,50.24945139884949
"[64, 64, 64]",15.0,5e-05,2000,512,999,8901,0.01680508255958557,0.011638476513326168,0.04524976403819789,0.12432104579737933,2,2,3,4,2,2,2,3,2,2.5,4,25.29450488090515
"[48, 48, 48]",25.0,5e-05,2000,1024,137,5141,0.01932307332754135,0.01511801965534687,0.04569375903685473,0.094680810369572,3,2,2,3,2,2,2,3,2,2.375,3,25.720174074172974
"[32, 32, 32]",15.0,5e-05,4000,256,999,2405,0.015202422626316547,0.010739762336015701,0.04582817197733975,0.06736966943913028,2,2,2,3,2,2,2,3,2,2.25,3,51.14059638977051
"[64, 64, 64]",25.0,5e-05,2000,256,42,8901,0.014425748959183693,0.00942292995750904,0.04591635329848945,0.12269210192805349,2,2,3,3,2,2,3,3,2,2.5,3,25.014927864074707
"[48, 48, 48]",25.0,5e-05,2000,256,137,5141,0.0384548120200634,0.0198450218886137,0.04598219578920865,0.12200171807031167,3,2,3,3,2,2,3,3,2,2.625,3,24.97574520111084
"[16, 16, 16]",15.0,0.0001,4000,256,42,693,0.031638532876968384,0.017468523234128952,0.046398770316510234,0.10053557431859712,3,3,2,3,2,2,2,4,2,2.625,4,50.32702302932739
"[48, 48, 48]",20.0,5e-05,2000,512,7,5141,0.02081691101193428,0.01601381041109562,0.04657733671748738,0.1056384248419757,2,2,3,3,2,2,3,3,2,2.5,3,25.60726809501648
"[48, 48, 48]",15.0,5e-05,2000,256,7,5141,0.021611757576465607,0.01993425562977791,0.04692732780851867,0.12839425125364112,2,2,3,3,2,2,3,3,2,2.5,3,25.52220869064331
"[32, 32, 32]",20.0,0.0001,2000,256,42,2405,0.024285202845931053,0.016000229865312576,0.047054765439406544,0.13904809570978474,3,2,2,3,2,2,2,3,2,2.375,3,25.242037534713745
"[16, 16, 16]",20.0,0.0002,2000,512,42,693,0.04372958093881607,0.02513953112065792,0.047215381557359264,0.1566575714829473,2,3,3,3,3,3,2,2,2,2.625,3,25.05866026878357
"[32, 32, 32]",20.0,5e-05,3000,256,999,2405,0.014291062951087952,0.014291062951087952,0.04735173277515019,0.1067548498105295,2,2,3,3,3,2,2,3,2,2.5,3,37.796236515045166
"[48, 48, 48]",25.0,5e-05,2000,1024,7,5141,0.016689952462911606,0.01575249619781971,0.0473640078162249,0.12728746863677248,2,2,3,3,3,2,3,3,2,2.625,3,25.70675778388977
"[32, 32, 32]",15.0,5e-05,3000,512,2024,2405,0.02911495789885521,0.01769009605050087,0.047438190159667236,0.10136714852383347,3,2,3,3,2,2,2,3,2,2.5,3,38.49515390396118
"[16, 16, 16]",25.0,0.0001,3000,256,999,693,0.05084214732050896,0.03445138782262802,0.04767841458431614,0.11163669789980768,2,2,3,3,2,2,5,3,2,2.75,5,37.55418038368225
"[16, 16, 16]",25.0,0.0002,3000,256,42,693,0.03252100944519043,0.023189645260572433,0.0477933032569694,0.15295426536812395,2,2,3,3,2,2,2,2,2,2.25,3,37.908891439437866
"[16, 16, 16]",15.0,0.0001,3000,512,7,693,0.03989851102232933,0.03350500017404556,0.04813812937800233,0.08612811060753636,2,3,2,3,2,2,3,3,2,2.5,3,37.44232392311096
"[16, 16, 16]",25.0,0.0002,3000,512,42,693,0.05819506198167801,0.020767349749803543,0.04822200096677448,0.20345107216350727,3,3,2,4,2,3,2,2,2,2.625,4,38.13119029998779
"[16, 16, 16]",15.0,0.0001,3000,256,137,693,0.02553868293762207,0.014896196313202381,0.04830784008551976,0.07752801723638227,2,2,3,3,2,2,2,3,2,2.375,3,37.51322674751282
"[16, 16, 16]",25.0,0.0001,4000,512,7,693,0.060066454112529755,0.03187355399131775,0.048341060146179365,0.1839541676636968,2,4,2,3,2,3,2,3,2,2.625,4,50.37413930892944
"[16, 16, 16]",20.0,0.0001,3000,512,42,693,0.06854809075593948,0.027512509375810623,0.04836742141780742,0.2227358665031016,2,3,2,4,3,3,3,2,2,2.75,4,37.616759300231934
"[48, 48, 48]",15.0,5e-05,2000,512,2024,5141,0.0175585076212883,0.012771612033247948,0.04854778604773439,0.12993378500022681,4,2,3,3,2,2,3,3,2,2.75,4,25.683223962783813
"[32, 32, 32]",15.0,5e-05,3000,512,7,2405,0.030757149681448936,0.018713630735874176,0.048565081654840955,0.10153890458309647,2,2,2,3,2,2,2,3,2,2.25,3,38.243821144104004
"[48, 48, 48]",20.0,5e-05,2000,256,7,5141,0.017538689076900482,0.01654362678527832,0.04877521157972785,0.09564473023361206,2,2,3,3,2,2,3,3,2,2.5,3,24.995907068252563
"[16, 16, 16]",20.0,5e-05,4000,1024,2024,693,0.03095921128988266,0.025723695755004883,0.04897443782001174,0.10816400815303426,2,2,3,3,2,2,2,3,2,2.375,3,51.62033176422119
"[48, 48, 48]",20.0,5e-05,3000,256,2024,5141,0.014474972151219845,0.013160310685634613,0.04917199340882615,0.13862460224208392,2,2,2,3,3,2,2,3,2,2.375,3,37.870458126068115
"[16, 16, 16]",25.0,0.0001,4000,512,137,693,0.01119556650519371,0.010521620512008667,0.049185008466678476,0.11678700515439909,2,2,3,3,2,2,2,4,2,2.5,4,50.58892774581909
"[16, 16, 16]",25.0,0.0002,2000,256,7,693,0.04375622048974037,0.03392148017883301,0.049502321321848425,0.07983054912186505,2,2,2,3,2,2,2,3,2,2.25,3,25.314483642578125
"[16, 16, 16]",20.0,0.0002,2000,512,7,693,0.030795114114880562,0.028771642595529556,0.04976038457095661,0.1056212056212185,2,2,2,3,2,2,3,4,2,2.5,4,25.151269912719727
"[32, 32, 32]",15.0,5e-05,3000,256,137,2405,0.025549687445163727,0.0171261765062809,0.04980325351471783,0.09612685131921152,2,2,2,3,2,2,4,3,2,2.5,4,37.70127987861633
"[48, 48, 48]",25.0,5e-05,3000,256,2024,5141,0.016457632184028625,0.011944839730858803,0.04982424564262417,0.13612314381390145,2,2,3,3,3,2,2,3,2,2.5,3,38.29990267753601
"[48, 48, 48]",15.0,5e-05,2000,256,2024,5141,0.029432952404022217,0.015759654343128204,0.049826278340489825,0.13703186392797048,3,2,3,4,3,2,2,3,2,2.75,4,25.128230333328247
"[64, 64, 64]",20.0,5e-05,2000,512,999,8901,0.015417831018567085,0.010606800206005573,0.049931808213602005,0.15114126618351917,2,2,3,3,2,2,2,3,2,2.375,3,25.088844537734985
"[16, 16, 16]",20.0,0.0002,2000,1024,42,693,0.035943109542131424,0.02548900619149208,0.05015743165646492,0.17674462549234457,2,3,2,3,2,3,2,2,2,2.375,3,25.877095699310303
"[16, 16, 16]",20.0,0.0002,2000,256,999,693,0.04481981694698334,0.02433079481124878,0.05026918590762825,0.09585325885003375,2,3,2,3,3,2,2,3,2,2.5,3,25.229751586914062
"[48, 48, 48]",20.0,5e-05,2000,512,137,5141,0.026111800223588943,0.015841737389564514,0.05038531860401641,0.0989801895349135,2,2,3,3,2,2,2,3,2,2.375,3,25.770225048065186
"[16, 16, 16]",20.0,0.0001,4000,512,137,693,0.0129463579505682,0.011408544145524502,0.05055853588864994,0.1088137383996579,2,2,2,3,3,2,2,3,2,2.375,3,50.70479655265808
"[32, 32, 32]",15.0,5e-05,3000,1024,999,2405,0.01393622811883688,0.010610310360789299,0.05091910149024221,0.10086281475677204,2,2,4,3,2,2,2,3,2,2.5,4,38.70193910598755
"[48, 48, 48]",20.0,5e-05,2000,512,999,5141,0.02394890785217285,0.017677007243037224,0.051293128201340195,0.16574285170865377,2,2,3,4,2,2,3,3,2,2.625,4,25.74541735649109
"[16, 16, 16]",15.0,5e-05,4000,512,2024,693,0.04093632102012634,0.024798568338155746,0.05140133895440027,0.14726910567728463,2,2,3,3,3,2,2,4,2,2.625,4,50.549988746643066
"[16, 16, 16]",20.0,0.0001,4000,256,42,693,0.0488717146217823,0.024568142369389534,0.0515245256670816,0.154999023433928,2,3,4,3,2,3,3,2,2,2.75,4,50.18795561790466
"[48, 48, 48]",25.0,5e-05,2000,1024,999,5141,0.021684719249606133,0.016639357432723045,0.05173899426581452,0.2182214052071608,2,2,3,4,2,2,3,3,2,2.625,4,25.738200664520264
"[16, 16, 16]",20.0,0.0001,2000,512,2024,693,0.0347849503159523,0.029747052118182182,0.05225776913700797,0.1288298443844956,2,2,3,3,3,2,2,4,2,2.625,4,25.4978244304657
"[48, 48, 48]",25.0,5e-05,2000,512,42,5141,0.0205753855407238,0.015692099928855896,0.05238222712400743,0.1679723905893136,2,2,3,4,2,2,5,3,2,2.875,5,25.63215923309326
"[48, 48, 48]",25.0,5e-05,2000,256,42,5141,0.020906588062644005,0.017249610275030136,0.0532885636639699,0.18672754581509404,3,2,4,3,2,2,3,3,2,2.75,4,25.234144926071167
"[64, 64, 64]",15.0,5e-05,2000,256,999,8901,0.014799786731600761,0.013356050476431847,0.05348993723407069,0.13971949796013483,2,2,4,3,2,2,2,3,2,2.5,4,25.275583028793335
"[16, 16, 16]",20.0,0.0001,3000,1024,7,693,0.03774232044816017,0.03173074871301651,0.05350146893591336,0.12570115854079533,2,2,3,3,2,2,3,3,2,2.5,3,38.70264554023743
"[16, 16, 16]",20.0,0.0001,4000,256,7,693,0.04114755243062973,0.034106940031051636,0.05358566507485543,0.12369336448440794,2,3,2,3,2,3,2,2,2,2.375,3,49.98127794265747
"[16, 16, 16]",15.0,0.0001,3000,256,2024,693,0.055183831602334976,0.019352883100509644,0.05359173696729012,0.10774448334780196,2,2,3,3,2,2,2,3,2,2.375,3,37.54725360870361
"[16, 16, 16]",25.0,0.0002,2000,512,999,693,0.03369348123669624,0.027947701513767242,0.0535919744626355,0.14893450556120072,2,2,2,3,3,3,2,3,2,2.5,3,25.396559476852417
"[16, 16, 16]",15.0,0.0001,2000,1024,2024,693,0.03370058164000511,0.021481147035956383,0.05368567575711943,0.1119439952272693,2,2,3,3,2,2,2,3,2,2.375,3,25.99219584465027
"[48, 48, 48]",15.0,5e-05,2000,256,42,5141,0.01859094202518463,0.014851834625005722,0.05369274032263103,0.10874438797793116,2,2,2,3,2,2,2,3,2,2.25,3,27.67898964881897
"[16, 16, 16]",20.0,0.0002,2000,256,137,693,0.02648298628628254,0.01330520585179329,0.05371158890397211,0.1016150432443492,2,2,3,2,2,2,3,3,2,2.375,3,25.014519453048706
"[32, 32, 32]",25.0,5e-05,3000,1024,7,2405,0.02687755972146988,0.020995542407035828,0.05376224796831252,0.13131256563192745,2,2,3,4,2,2,2,4,2,2.625,4,39.370373010635376
"[48, 48, 48]",25.0,5e-05,2000,512,999,5141,0.023391466587781906,0.01933610625565052,0.053874591946806515,0.26363599319386044,2,2,4,4,2,2,3,4,2,2.875,4,25.557557821273804
"[16, 16, 16]",15.0,0.0001,2000,512,999,693,0.030258027836680412,0.02648315578699112,0.05436210729937003,0.1000996117556714,2,2,2,3,2,2,2,4,2,2.375,4,25.466614484786987
"[48, 48, 48]",15.0,5e-05,2000,512,137,5141,0.019585246220231056,0.011714912950992584,0.05446945745368952,0.10857421627780524,2,2,2,3,2,2,2,3,2,2.25,3,25.63742184638977
"[16, 16, 16]",20.0,0.0001,4000,256,137,693,0.020169295370578766,0.01532214879989624,0.05451573561000056,0.1025632506196641,2,2,3,2,2,2,2,4,2,2.375,4,49.654927253723145
"[48, 48, 48]",20.0,5e-05,2000,256,999,5141,0.01981588453054428,0.01824737712740898,0.054531360655718994,0.15945846761131782,2,2,2,3,3,2,3,4,2,2.625,4,25.26120638847351
"[16, 16, 16]",15.0,0.0001,4000,1024,137,693,0.015448218211531639,0.013348961248993874,0.05463052226278896,0.09622741190316329,2,2,2,2,2,2,3,3,2,2.25,3,52.02430248260498
"[16, 16, 16]",20.0,0.0002,2000,1024,137,693,0.027262099087238312,0.019584182649850845,0.05475694107310547,0.08505615834368886,2,2,2,3,2,2,2,3,2,2.25,3,25.73635768890381
"[32, 32, 32]",25.0,5e-05,3000,1024,137,2405,0.026940027251839638,0.018262235447764397,0.05490442947520653,0.14743818712460582,2,3,3,3,2,2,3,2,2,2.5,3,39.207857608795166
"[48, 48, 48]",15.0,5e-05,2000,1024,7,5141,0.01906244456768036,0.01676991581916809,0.0550855884483881,0.18229883621859289,2,2,4,3,3,2,2,3,2,2.625,4,25.80352020263672
"[32, 32, 32]",20.0,5e-05,3000,512,137,2405,0.026758305728435516,0.01709042116999626,0.055488703240998256,0.0950697578002955,3,3,2,2,2,2,2,3,2,2.375,3,38.228774547576904
"[16, 16, 16]",25.0,0.0001,3000,1024,2024,693,0.03709692507982254,0.0257174801081419,0.05551848678818742,0.08134766364839095,2,2,3,3,2,2,2,3,2,2.375,3,39.01586699485779
"[32, 32, 32]",20.0,5e-05,3000,256,2024,2405,0.030372533947229385,0.022789711132645607,0.055997910245418336,0.10693629979856475,2,2,2,3,2,2,3,3,2,2.375,3,37.51269292831421
"[16, 16, 16]",25.0,0.0002,2000,512,7,693,0.031821317970752716,0.030724965035915375,0.05663477213464864,0.13171221943084285,2,2,2,3,2,3,2,2,2,2.25,3,25.6631817817688
"[64, 64, 64]",20.0,5e-05,2000,256,999,8901,0.013385851867496967,0.011519325897097588,0.05746801318589886,0.16726019333027473,3,2,3,3,2,2,2,3,2,2.5,3,25.00902795791626
"[48, 48, 48]",15.0,5e-05,2000,512,7,5141,0.022339748218655586,0.017934724688529968,0.05752937562537383,0.1971575893827418,3,2,3,3,3,2,2,4,2,2.75,4,26.2901394367218
"[16, 16, 16]",25.0,0.0001,3000,256,2024,693,0.09479127824306488,0.0376581996679306,0.05755757104420263,0.11643916192809338,2,2,3,3,2,2,2,3,2,2.375,3,37.62404704093933
"[32, 32, 32]",25.0,5e-05,3000,256,42,2405,0.03899018466472626,0.022112734615802765,0.057599335821530685,0.1025749030996563,3,2,2,3,2,2,2,3,2,2.375,3,38.31058430671692
"[48, 48, 48]",15.0,5e-05,2000,256,137,5141,0.02418234571814537,0.014119942672550678,0.057859484228118416,0.11462660377500952,2,2,2,3,2,2,2,2,2,2.125,3,25.62720227241516
"[48, 48, 48]",25.0,5e-05,2000,512,7,5141,0.024327296763658524,0.01606273092329502,0.05791935606051432,0.1340866602275044,3,2,2,3,2,2,3,3,2,2.5,3,25.52222180366516
"[16, 16, 16]",15.0,0.0001,3000,256,7,693,0.046860549598932266,0.03358485549688339,0.05811715389893037,0.14728046117027627,2,2,3,3,2,2,2,2,2,2.25,3,37.38352298736572
"[16, 16, 16]",25.0,0.0002,2000,256,999,693,0.04583274573087692,0.02931869402527809,0.05815150141966416,0.18712153427998293,3,3,3,3,2,2,2,3,2,2.625,3,25.431579113006592
"[16, 16, 16]",20.0,0.0001,2000,256,2024,693,0.03575073555111885,0.027434958145022392,0.05836283614417227,0.1552021087217896,3,2,3,3,3,2,2,3,2,2.625,3,24.930817127227783
"[16, 16, 16]",25.0,0.0001,3000,512,7,693,0.056028492748737335,0.04174908250570297,0.058675887569419535,0.17497490652446981,3,4,2,3,2,2,3,2,2,2.625,4,38.28554391860962
"[32, 32, 32]",20.0,5e-05,3000,256,42,2405,0.036927469074726105,0.01870349794626236,0.05869850701680233,0.14914406138095992,2,2,3,4,2,2,2,3,2,2.5,4,38.13071155548096
"[16, 16, 16]",25.0,0.0001,3000,1024,999,693,0.035345811396837234,0.029904205352067947,0.05875452554030463,0.12529350322018223,2,2,3,2,2,3,2,3,2,2.375,3,38.99610161781311
"[16, 16, 16]",20.0,0.0001,3000,256,7,693,0.06361907720565796,0.04073898866772652,0.059311827708092006,0.18261628128258084,3,3,2,3,2,3,3,2,2,2.625,3,37.721258878707886
"[16, 16, 16]",15.0,0.0001,3000,512,137,693,0.017594510689377785,0.01486506313085556,0.06011388168787677,0.15501663504414695,2,2,2,2,2,2,3,2,2,2.125,3,37.64766502380371
"[16, 16, 16]",15.0,5e-05,4000,256,2024,693,0.03434694558382034,0.025960437953472137,0.06027641847378614,0.16248560585417596,2,2,2,3,3,2,2,4,2,2.5,4,49.802040576934814
"[32, 32, 32]",15.0,5e-05,2000,1024,7,2405,0.03389052301645279,0.0280305128544569,0.060917419571465695,0.16766991018990343,2,2,3,3,3,2,2,3,2,2.5,3,25.895904541015625
"[16, 16, 16]",20.0,5e-05,4000,256,2024,693,0.03827005252242088,0.029061853885650635,0.06094274564293523,0.12700698613321368,2,2,3,3,2,2,2,3,2,2.375,3,49.403735876083374
"[32, 32, 32]",25.0,5e-05,3000,256,2024,2405,0.03182631731033325,0.025359157472848892,0.06101174196553926,0.17159639629139256,2,2,3,2,2,2,4,2,2,2.375,4,38.11182427406311
"[16, 16, 16]",20.0,0.0001,2000,512,999,693,0.05097740888595581,0.04482101649045944,0.061091971901476305,0.21368877379567924,2,2,2,5,2,2,3,4,2,2.75,5,25.11143660545349
"[32, 32, 32]",15.0,5e-05,3000,512,999,2405,0.015919186174869537,0.013180006295442581,0.061093089579039514,0.10334418427160277,2,2,2,3,2,2,2,3,2,2.25,3,38.45650601387024
"[32, 32, 32]",15.0,5e-05,3000,256,2024,2405,0.028801588341593742,0.019615545868873596,0.06122748401035366,0.12101618621384166,3,2,3,3,2,2,2,3,2,2.5,3,37.8447208404541
"[16, 16, 16]",25.0,0.0001,3000,256,137,693,0.02090594731271267,0.017144475132226944,0.06126022080235453,0.14769550220271999,2,2,2,2,2,2,2,3,2,2.125,3,37.612133264541626
"[16, 16, 16]",25.0,5e-05,4000,1024,2024,693,0.050170548260211945,0.03933972120285034,0.06143613848236932,0.1658233956410347,3,2,3,4,2,2,2,3,2,2.625,4,51.755691051483154
"[16, 16, 16]",15.0,5e-05,4000,1024,999,693,0.021004654467105865,0.01946556195616722,0.06222047390393634,0.13645080465194115,2,2,2,3,3,2,2,3,2,2.375,3,52.329548597335815
"[16, 16, 16]",20.0,5e-05,4000,1024,999,693,0.037368156015872955,0.03507274016737938,0.06324422655618091,0.1973814165405368,2,2,2,3,2,2,2,3,2,2.25,3,51.88829016685486
"[16, 16, 16]",20.0,0.0001,2000,1024,999,693,0.04230629652738571,0.03741525486111641,0.06327941973795816,0.2022530008218771,4,2,3,3,2,2,2,3,2,2.625,4,25.6890811920166
"[32, 32, 32]",15.0,5e-05,2000,512,42,2405,0.0371987409889698,0.02765546925365925,0.06336419196208233,0.1413904019138168,2,2,3,3,2,2,3,3,2,2.5,3,25.606529474258423
"[48, 48, 48]",25.0,5e-05,2000,256,999,5141,0.02135494351387024,0.01939493417739868,0.06361487201823147,0.28886937944401414,3,2,2,3,3,2,3,3,2,2.625,3,24.99155306816101
"[16, 16, 16]",20.0,5e-05,3000,1024,2024,693,0.04850229248404503,0.0353708378970623,0.063744384361205,0.1909020466182842,3,2,3,3,2,2,2,3,2,2.5,3,38.776137351989746
"[32, 32, 32]",15.0,5e-05,2000,512,7,2405,0.03710541874170303,0.03257211297750473,0.06381505409529456,0.17360731500094917,2,2,2,3,2,2,3,3,2,2.375,3,25.653075218200684
"[16, 16, 16]",15.0,5e-05,4000,1024,137,693,0.018820324912667274,0.016048267483711243,0.06392702710204962,0.11087256858895421,2,2,2,3,2,2,2,3,2,2.25,3,51.852399587631226
"[32, 32, 32]",15.0,5e-05,2000,512,2024,2405,0.042972199618816376,0.028923263773322105,0.06415940058086597,0.19598491665254614,3,2,3,4,2,2,2,5,2,2.875,5,25.416980743408203
"[16, 16, 16]",15.0,0.0001,2000,512,2024,693,0.031766656786203384,0.026323648169636726,0.06443294735929678,0.16313339463517257,2,2,2,3,3,2,2,4,2,2.5,4,25.262061834335327
"[16, 16, 16]",15.0,0.0001,2000,256,137,693,0.05531752109527588,0.02134750224649906,0.06456983531570118,0.14516867086739366,2,2,2,3,2,2,4,3,2,2.5,4,25.176981925964355
"[32, 32, 32]",20.0,5e-05,3000,256,137,2405,0.029853565618395805,0.019449161365628242,0.06472650569369784,0.14774620885309886,3,3,2,2,2,2,2,2,2,2.25,3,38.15971612930298
"[48, 48, 48]",25.0,5e-05,2000,256,7,5141,0.019786888733506203,0.01944371685385704,0.0648516976925892,0.14237235657074626,2,2,4,3,2,2,2,3,2,2.5,4,25.127819776535034
"[32, 32, 32]",15.0,5e-05,2000,1024,137,2405,0.033289797604084015,0.021620022132992744,0.06498172091466227,0.11472638714347778,3,2,3,2,2,2,2,3,2,2.375,3,25.760274171829224
"[32, 32, 32]",15.0,5e-05,3000,256,999,2405,0.015320463106036186,0.015320463106036186,0.06509084059307503,0.1103877027427277,3,2,2,3,2,2,2,3,2,2.375,3,37.76948308944702
"[16, 16, 16]",25.0,5e-05,4000,1024,137,693,0.02787996456027031,0.025068175047636032,0.06544591190463511,0.16674254815676187,3,2,2,3,3,2,2,2,2,2.375,3,51.52073669433594
"[16, 16, 16]",25.0,0.0001,3000,512,999,693,0.041248805820941925,0.03675282001495361,0.06551083851803012,0.17316291648053528,3,2,3,2,2,2,2,3,2,2.375,3,37.863563537597656
"[16, 16, 16]",20.0,0.0001,3000,256,999,693,0.03880465030670166,0.027188727632164955,0.0656048409261505,0.14049747467633295,2,2,2,3,2,2,2,4,2,2.375,4,37.77521991729736
"[32, 32, 32]",25.0,5e-05,3000,512,137,2405,0.03227970376610756,0.019357293844223022,0.06739119769152493,0.16958406098275738,2,3,3,3,2,2,2,2,2,2.375,3,38.301724672317505
"[32, 32, 32]",15.0,5e-05,2000,1024,42,2405,0.027867835015058517,0.02447611279785633,0.06746659218380248,0.12012994759808823,3,2,3,3,2,2,3,3,2,2.625,3,25.724551677703857
"[16, 16, 16]",25.0,0.0001,3000,512,42,693,0.08106669783592224,0.03289084509015083,0.06883050375235178,0.2669862705380778,2,2,2,3,2,3,3,2,2,2.375,3,38.16838765144348
"[16, 16, 16]",15.0,5e-05,4000,1024,7,693,0.04820213466882706,0.04454013705253601,0.06900134269658716,0.17180225729420634,3,2,2,4,3,2,2,3,2,2.625,4,51.57008624076843
"[16, 16, 16]",20.0,0.0001,3000,512,137,693,0.02119504101574421,0.017517678439617157,0.06933358967498264,0.12534044076340806,2,2,2,3,3,2,2,3,2,2.375,3,38.02520990371704
"[32, 32, 32]",15.0,5e-05,2000,256,42,2405,0.045331474393606186,0.02998378872871399,0.0702611205111553,0.14296841616455463,2,2,3,3,2,2,2,3,2,2.375,3,32.04909563064575
"[16, 16, 16]",20.0,0.0001,3000,512,7,693,0.04177296161651611,0.0311654694378376,0.07082758510888286,0.13151389931005736,3,2,2,3,2,2,2,3,2,2.375,3,38.060271978378296
"[16, 16, 16]",15.0,0.0001,2000,256,2024,693,0.03477732092142105,0.02690778858959675,0.0710405142119898,0.17810278132186003,2,2,2,3,2,2,2,3,2,2.25,3,24.889796495437622
"[32, 32, 32]",15.0,5e-05,2000,256,2024,2405,0.048465002328157425,0.030828271061182022,0.07117318896079404,0.21239679574263365,3,2,3,3,2,2,2,4,2,2.625,4,24.933791160583496
"[32, 32, 32]",15.0,5e-05,2000,1024,2024,2405,0.038628194481134415,0.030063200742006302,0.07122310930332616,0.1916809083213039,3,2,2,3,2,2,2,4,2,2.5,4,25.961755514144897
"[32, 32, 32]",25.0,5e-05,3000,256,137,2405,0.03514585271477699,0.02108195424079895,0.07135654847983619,0.15570730259112608,2,3,3,2,2,2,3,2,2,2.375,3,38.16690635681152
"[16, 16, 16]",15.0,0.0001,2000,1024,42,693,0.02863813191652298,0.024888960644602776,0.07153577041359824,0.12546344611699145,2,2,2,4,2,2,2,3,2,2.375,4,26.279273748397827
"[16, 16, 16]",15.0,0.0001,2000,1024,999,693,0.026180174201726913,0.02271755412220955,0.07158912394540243,0.12755983205012536,2,2,2,3,3,2,2,3,2,2.375,3,26.046738624572754
"[32, 32, 32]",20.0,5e-05,2000,1024,999,2405,0.022637389600276947,0.019441980868577957,0.0716264920544169,0.1932475795570114,2,2,3,4,2,2,2,3,2,2.5,4,25.847631216049194
"[16, 16, 16]",15.0,5e-05,4000,512,999,693,0.02933318354189396,0.02617674320936203,0.07169706832937886,0.14541355163030853,3,2,2,3,2,2,2,3,2,2.375,3,50.83781719207764
"[16, 16, 16]",25.0,0.0001,3000,1024,42,693,0.033187031745910645,0.03276572376489639,0.07217583235920699,0.31435045310502796,2,2,2,3,2,3,3,2,2,2.375,3,39.11931586265564
"[16, 16, 16]",25.0,0.0002,2000,512,42,693,0.04964350163936615,0.028556935489177704,0.07227314741048685,0.3486595875615825,2,3,2,4,3,3,2,2,2,2.625,4,25.56777334213257
"[16, 16, 16]",25.0,0.0001,3000,512,137,693,0.019948311150074005,0.017078949138522148,0.07242923242113841,0.185070362769461,2,2,2,3,2,2,2,4,2,2.375,4,38.22050738334656
"[16, 16, 16]",25.0,0.0002,2000,256,42,693,0.05328328162431717,0.03288210928440094,0.07258475495984955,0.38895253783020967,2,2,3,3,2,3,2,2,2,2.375,3,25.302849531173706
"[16, 16, 16]",25.0,0.0001,2000,512,2024,693,0.06417971849441528,0.05439065769314766,0.07312686532429948,0.16989918525601505,2,2,3,3,3,2,2,3,2,2.5,3,25.58651900291443
"[16, 16, 16]",15.0,5e-05,4000,256,999,693,0.03571578487753868,0.028627408668398857,0.07328437535391791,0.14695299163772624,2,2,2,4,2,2,2,4,2,2.5,4,50.0021698474884
"[32, 32, 32]",20.0,5e-05,2000,512,999,2405,0.032271042466163635,0.023595979437232018,0.07331791658597275,0.18584265398472272,2,2,3,3,2,2,2,3,2,2.375,3,25.393646955490112
"[16, 16, 16]",20.0,5e-05,4000,512,999,693,0.051071710884571075,0.04535582661628723,0.07461399053876525,0.19527585417537155,2,2,3,3,4,2,2,3,2,2.625,4,50.27531361579895
"[16, 16, 16]",15.0,5e-05,3000,1024,2024,693,0.04451197013258934,0.03204400837421417,0.07466648956036238,0.20870994052795314,2,2,2,4,3,2,2,3,2,2.5,4,39.30690598487854
"[16, 16, 16]",15.0,0.0001,2000,256,999,693,0.06401533633470535,0.03224683552980423,0.0750176948386162,0.1373765164042174,2,2,2,3,2,2,2,3,2,2.25,3,25.0999972820282
"[32, 32, 32]",25.0,5e-05,2000,1024,999,2405,0.03252283111214638,0.027907568961381912,0.07503378926433905,0.20169370416287205,2,2,2,3,2,2,3,3,2,2.375,3,26.04470133781433
"[16, 16, 16]",25.0,0.0001,4000,256,42,693,0.05976710841059685,0.02658609114587307,0.07504225060636521,0.33279407781443093,2,3,2,3,2,4,3,2,2,2.625,4,49.159982204437256
"[16, 16, 16]",20.0,0.0002,4000,256,7,693,0.029594067484140396,0.021615654230117798,0.07570449355521681,0.24721303152613913,2,2,2,3,2,2,2,3,2,2.25,3,50.22257041931152
"[16, 16, 16]",25.0,0.0001,2000,1024,137,693,0.029114343225955963,0.024770462885499,0.07650357451864254,0.1725303914353696,2,2,3,3,2,2,2,2,2,2.25,3,25.52441906929016
"[16, 16, 16]",15.0,5e-05,4000,512,137,693,0.028361989185214043,0.02318822219967842,0.07694045403960106,0.15267875097391365,2,2,2,2,2,2,3,3,2,2.25,3,50.36567044258118
"[32, 32, 32]",25.0,5e-05,3000,256,7,2405,0.04277399182319641,0.02939637005329132,0.07719959738869404,0.14316714668170324,2,2,3,3,2,2,2,2,2,2.25,3,38.27655816078186
"[16, 16, 16]",25.0,0.0001,3000,256,7,693,0.05826424062252045,0.04194009304046631,0.07757573213969583,0.16647499593050955,2,2,2,3,2,4,2,2,2,2.375,4,37.494245529174805
"[32, 32, 32]",15.0,5e-05,2000,512,137,2405,0.044525787234306335,0.026920625939965248,0.07796120557848392,0.15086176383999886,2,2,3,2,2,2,3,2,2,2.25,3,25.593030214309692
"[16, 16, 16]",15.0,5e-05,4000,256,137,693,0.03589271008968353,0.020788105204701424,0.07803416370429271,0.1259355410522269,3,2,3,2,2,2,2,3,2,2.375,3,49.81111478805542
"[16, 16, 16]",15.0,5e-05,3000,1024,999,693,0.038976386189460754,0.03192037343978882,0.07907375361011383,0.17828914330948914,2,2,2,3,2,2,2,3,2,2.25,3,39.09675931930542
"[32, 32, 32]",15.0,5e-05,2000,256,7,2405,0.051982998847961426,0.034747324883937836,0.07960706856699999,0.19062321946321398,2,2,3,3,2,2,2,3,2,2.375,3,25.027562379837036
"[16, 16, 16]",15.0,5e-05,3000,512,999,693,0.04491569846868515,0.03964727744460106,0.07973350214489065,0.19433709712349198,2,2,2,3,2,2,2,3,2,2.25,3,37.82835912704468
"[16, 16, 16]",25.0,0.0001,2000,1024,2024,693,0.07126189768314362,0.05279719829559326,0.07993651197716789,0.2234947601190341,2,2,2,3,2,2,2,3,2,2.25,3,26.037084579467773
"[32, 32, 32]",20.0,5e-05,2000,1024,7,2405,0.04082049801945686,0.03371927887201309,0.08067220255894499,0.18668905049737985,2,2,2,5,2,2,2,3,2,2.5,5,25.87241530418396
"[32, 32, 32]",25.0,5e-05,2000,1024,2024,2405,0.040694937109947205,0.03128857538104057,0.08123438641918498,0.20135601530827799,2,2,2,3,2,2,3,2,2,2.25,3,25.68864679336548
"[16, 16, 16]",20.0,0.0002,3000,256,7,693,0.037043843418359756,0.027873089537024498,0.08147802438323595,0.25995404842365144,5,3,2,3,2,2,2,3,2,2.75,5,37.652984857559204
"[16, 16, 16]",15.0,0.0001,2000,512,137,693,0.031513988971710205,0.024101868271827698,0.08298936659816103,0.14885340151518048,2,2,2,2,2,2,2,3,2,2.125,3,25.6464102268219
"[48, 48, 48]",20.0,5e-05,2000,1024,2024,5141,0.025148823857307434,0.019749309867620468,0.08339434754517708,0.2510658220811475,3,2,2,3,4,2,2,3,2,2.625,4,25.952495098114014
"[16, 16, 16]",15.0,5e-05,3000,1024,137,693,0.02851085737347603,0.0236256942152977,0.0839372286197204,0.19393687774592522,2,2,2,3,2,2,2,3,2,2.25,3,39.1900520324707
"[32, 32, 32]",15.0,5e-05,2000,1024,999,2405,0.024540219455957413,0.020548000931739807,0.08413089233295695,0.20083132537478043,2,2,2,3,2,2,2,3,2,2.25,3,26.10625648498535
"[48, 48, 48]",25.0,5e-05,2000,1024,2024,5141,0.0256789680570364,0.020924173295497894,0.08621582143839417,0.24737809111470893,3,2,4,3,3,2,2,2,2,2.625,4,25.606891870498657
"[16, 16, 16]",20.0,5e-05,4000,256,999,693,0.06013030931353569,0.0501285158097744,0.08688916540163287,0.2776020949591447,2,2,3,4,2,2,2,3,2,2.5,4,50.028987884521484
"[16, 16, 16]",20.0,0.0001,4000,1024,137,693,0.021597836166620255,0.01874794065952301,0.08707566547742421,0.16537455205205426,2,2,2,2,2,2,2,2,2,2.0,2,51.801265239715576
"[32, 32, 32]",20.0,5e-05,2000,256,999,2405,0.037361957132816315,0.02562938630580902,0.08734736923138998,0.23022319035535907,2,2,2,3,2,2,2,3,2,2.25,3,25.100018739700317
"[32, 32, 32]",15.0,5e-05,2000,256,137,2405,0.04333484172821045,0.029630258679389954,0.08778279598769359,0.20088182792098117,2,2,4,2,2,2,3,2,2,2.375,4,25.50160503387451
"[16, 16, 16]",15.0,0.0001,2000,1024,7,693,0.054589081555604935,0.0462137833237648,0.08947289123071678,0.16542666413569398,2,2,2,3,3,2,2,2,2,2.25,3,26.0570387840271
"[16, 16, 16]",15.0,0.0001,3000,1024,137,693,0.022798143327236176,0.01905628852546215,0.08998130808745265,0.10669912010787164,2,2,2,2,2,2,2,2,2,2.0,2,38.910691022872925
"[16, 16, 16]",20.0,5e-05,4000,1024,137,693,0.03917504847049713,0.034933798015117645,0.09046500170058146,0.24008127421379655,2,2,3,2,2,2,3,3,2,2.375,3,51.860783100128174
"[16, 16, 16]",20.0,5e-05,3000,512,2024,693,0.03948859125375748,0.034583840519189835,0.09056438838035967,0.22593488972605555,2,2,2,2,2,2,2,3,2,2.125,3,38.186646699905396
"[16, 16, 16]",20.0,0.0001,2000,512,42,693,0.06709182262420654,0.040271759033203125,0.09100843128723535,0.3518507909282971,2,2,3,3,2,2,2,2,2,2.25,3,25.265745401382446
"[16, 16, 16]",20.0,5e-05,4000,512,42,693,0.06998652219772339,0.04332824796438217,0.0910637401642543,0.256908678697181,2,2,2,3,2,2,2,2,2,2.125,3,50.45836544036865
"[16, 16, 16]",15.0,5e-05,3000,256,137,693,0.04729415848851204,0.028761502355337143,0.09556187072433013,0.1971813247761801,4,2,2,2,2,2,2,3,2,2.375,4,37.40595841407776
"[32, 32, 32]",15.0,5e-05,2000,512,999,2405,0.03075043484568596,0.022336438298225403,0.0957747714965311,0.20036561214491483,2,2,2,3,2,2,2,3,2,2.25,3,25.432331562042236
"[32, 32, 32]",20.0,5e-05,2000,1024,42,2405,0.03280375525355339,0.031389154493808746,0.09610801505626818,0.23088915552024897,2,2,2,3,2,2,2,3,2,2.25,3,25.749792098999023
"[16, 16, 16]",15.0,0.0001,2000,512,7,693,0.05311117321252823,0.05080311745405197,0.09636353279624182,0.2176960940061939,3,2,2,3,2,2,2,2,2,2.25,3,25.26027774810791
"[16, 16, 16]",25.0,5e-05,4000,512,2024,693,0.08580335974693298,0.05426310747861862,0.09694370420346636,0.21561571015499614,2,2,2,4,3,2,2,2,2,2.375,4,50.56541705131531
"[16, 16, 16]",15.0,5e-05,3000,512,137,693,0.044337302446365356,0.03521814942359924,0.09742928614695065,0.18671248296652368,2,2,2,2,3,2,2,3,2,2.25,3,37.95174741744995
"[32, 32, 32]",25.0,5e-05,2000,512,999,2405,0.038032617419958115,0.031708139926195145,0.09827483167560297,0.21078419173001758,2,2,3,3,2,2,2,2,2,2.25,3,25.340253829956055
"[16, 16, 16]",20.0,5e-05,3000,256,2024,693,0.09251050651073456,0.0410887748003006,0.09863286947761656,0.25019046186838273,2,2,2,2,4,2,3,3,2,2.5,4,37.49811244010925
"[16, 16, 16]",20.0,0.0001,2000,256,42,693,0.07370320707559586,0.04920592159032822,0.09890119981253484,0.3299312769930915,2,2,2,3,2,2,2,2,2,2.125,3,25.132874488830566
"[16, 16, 16]",15.0,5e-05,3000,512,2024,693,0.03824856877326965,0.03155115619301796,0.09925966720738695,0.24132289210202015,2,2,2,3,2,2,2,3,2,2.25,3,38.09800481796265
"[32, 32, 32]",20.0,5e-05,2000,1024,2024,2405,0.046447284519672394,0.035689763724803925,0.09936146701757555,0.1995352236400381,2,2,2,3,2,2,3,2,2,2.25,3,25.857600212097168
"[16, 16, 16]",25.0,0.0001,2000,1024,999,693,0.05042240023612976,0.043638378381729126,0.0995311375107892,0.18224168296840446,2,2,2,2,4,2,2,3,2,2.375,4,26.213836669921875
"[48, 48, 48]",20.0,5e-05,2000,512,2024,5141,0.029929649084806442,0.02241143211722374,0.09988098538168211,0.2650581388516572,2,2,2,3,2,2,2,2,2,2.125,3,25.6565043926239
"[48, 48, 48]",25.0,5e-05,2000,512,2024,5141,0.0324394553899765,0.02522960677742958,0.09999104307660944,0.27735691940492063,2,2,3,3,2,2,2,2,2,2.25,3,25.605106353759766
"[32, 32, 32]",25.0,5e-05,2000,256,999,2405,0.05093865469098091,0.036175087094306946,0.10062301624553838,0.2783145220901123,3,2,2,3,2,2,2,2,2,2.25,3,24.941553115844727
"[32, 32, 32]",15.0,5e-05,2000,256,999,2405,0.042195722460746765,0.026457343250513077,0.10153118636461535,0.20953862459873882,2,2,2,3,2,2,2,3,2,2.25,3,25.018190145492554
"[16, 16, 16]",25.0,5e-05,4000,1024,999,693,0.046115998178720474,0.042190685868263245,0.10196948945333904,0.2653836598230443,2,2,2,3,3,2,2,2,2,2.25,3,51.824302673339844
"[16, 16, 16]",20.0,5e-05,4000,512,137,693,0.040318820625543594,0.03371149301528931,0.10312369213614433,0.22246037647157707,2,2,2,2,3,2,2,3,2,2.25,3,50.55115270614624
"[16, 16, 16]",20.0,5e-05,4000,256,42,693,0.09940150380134583,0.04460486024618149,0.10423994920779572,0.35838773829435444,2,2,2,3,2,2,2,2,2,2.125,3,49.92668628692627
"[16, 16, 16]",25.0,0.0001,2000,256,137,693,0.06582913547754288,0.029458124190568924,0.10456423748690959,0.27914655666549726,2,2,2,2,2,2,2,3,2,2.125,3,24.821478128433228
"[16, 16, 16]",15.0,5e-05,4000,512,7,693,0.07136698067188263,0.04710819572210312,0.10466581228125223,0.21206738541674613,2,2,2,3,2,2,2,2,2,2.125,3,51.11617708206177
"[16, 16, 16]",15.0,0.0001,2000,256,7,693,0.06951117515563965,0.049648284912109375,0.104913862176534,0.26220953509300216,2,2,2,3,2,2,2,2,2,2.125,3,25.183990240097046
"[16, 16, 16]",15.0,5e-05,4000,256,7,693,0.05125167965888977,0.05125167965888977,0.10552337468103061,0.18977957973048964,2,2,2,3,2,2,2,2,2,2.125,3,49.82057976722717
"[32, 32, 32]",25.0,5e-05,2000,1024,42,2405,0.03335503861308098,0.03132151812314987,0.1064384258706057,0.21812067985890154,2,2,2,3,2,2,2,2,2,2.125,3,25.559377670288086
"[16, 16, 16]",25.0,5e-05,4000,512,999,693,0.05874708667397499,0.05023973435163498,0.10737963538182667,0.24642552365515938,2,2,2,2,2,2,2,3,2,2.125,3,50.66457486152649
"[16, 16, 16]",25.0,5e-05,3000,1024,137,693,0.04419250786304474,0.041057996451854706,0.10852238379507921,0.2715435670655101,2,2,2,3,2,2,3,2,2,2.25,3,38.864131450653076
"[32, 32, 32]",20.0,5e-05,2000,512,2024,2405,0.05222637951374054,0.03669100999832153,0.10905402894213297,0.19881769095719748,2,2,3,2,2,2,3,2,2,2.25,3,25.131446599960327
"[16, 16, 16]",15.0,5e-05,3000,256,2024,693,0.08755360543727875,0.03524419665336609,0.11003296951921278,0.2596444553477042,2,2,2,3,2,2,2,3,2,2.25,3,37.572232723236084
"[16, 16, 16]",20.0,5e-05,4000,256,137,693,0.08445554971694946,0.04964374378323555,0.1104635475528196,0.2530756098245068,2,2,2,3,2,2,2,3,2,2.25,3,50.189612865448
"[16, 16, 16]",25.0,0.0001,3000,256,42,693,0.056202881038188934,0.03635965287685394,0.11071790389503458,0.5002964099930642,4,2,2,2,2,2,2,2,2,2.25,4,37.766845703125
"[16, 16, 16]",20.0,0.0001,3000,1024,137,693,0.029174011200666428,0.02410290017724037,0.11155827808413829,0.18908331164298176,2,2,2,2,2,2,2,2,2,2.0,2,38.79449653625488
"[16, 16, 16]",20.0,0.0001,2000,256,137,693,0.10059085488319397,0.04657674580812454,0.11200769651892657,0.23149570316926588,2,2,2,3,2,2,2,3,2,2.25,3,24.937739372253418
"[16, 16, 16]",15.0,0.0001,2000,1024,137,693,0.05129183083772659,0.03564250469207764,0.11236931520505312,0.2051974526144394,2,2,2,3,2,2,2,3,2,2.25,3,26.071439027786255
"[16, 16, 16]",25.0,0.0001,2000,512,999,693,0.06324112415313721,0.053756725043058395,0.11504047448925016,0.3018283313250265,2,2,2,2,2,2,2,3,2,2.125,3,25.48350429534912
"[32, 32, 32]",20.0,5e-05,2000,1024,137,2405,0.04745467007160187,0.029067009687423706,0.11592160350231119,0.20749855928313798,2,2,2,2,2,2,2,2,2,2.0,2,25.7056622505188
"[16, 16, 16]",20.0,5e-05,4000,512,7,693,0.08113540709018707,0.04910079389810562,0.11640613982893859,0.20477794076439898,2,2,2,3,2,2,2,2,2,2.125,3,50.640005350112915
"[16, 16, 16]",15.0,5e-05,3000,1024,7,693,0.07766631245613098,0.06035325676202774,0.11783248947854463,0.31054266785881085,2,2,3,3,3,2,2,2,2,2.375,3,39.16650605201721
"[16, 16, 16]",20.0,0.0001,2000,512,137,693,0.04748096689581871,0.03979865461587906,0.12680484721930446,0.25709987327992645,2,2,2,3,2,2,2,3,2,2.25,3,25.533616065979004
"[16, 16, 16]",20.0,0.0001,2000,1024,137,693,0.05482308566570282,0.03989449143409729,0.1333957854137868,0.22151040128509086,3,2,2,2,2,2,2,2,2,2.125,3,25.815759420394897
"[16, 16, 16]",25.0,0.0001,2000,256,2024,693,0.07531549036502838,0.06299024075269699,0.13377627022177324,0.3027799588757895,2,2,2,2,2,2,2,2,2,2.0,2,25.117679119110107
"[32, 32, 32]",25.0,5e-05,2000,1024,137,2405,0.04821902513504028,0.03235238790512085,0.14222556141191137,0.30115733599843175,2,2,3,2,2,2,2,2,2,2.125,3,25.699944496154785
"[32, 32, 32]",20.0,5e-05,2000,512,137,2405,0.06612125039100647,0.03617117553949356,0.15004698599126803,0.28199769402490404,2,2,2,2,2,2,2,2,2,2.0,2,25.482917547225952
"[16, 16, 16]",15.0,5e-05,3000,256,7,693,0.10774847865104675,0.06813116371631622,0.1687155412773051,0.3417096966404553,2,2,2,3,2,2,2,2,2,2.125,3,37.81395435333252
"[16, 16, 16]",15.0,5e-05,4000,512,42,693,0.033911801874637604,0.024467337876558304,0.05581279038704468,0.1523100325302274,2,2,2,3,1,2,3,3,1,2.25,3,50.66263771057129
"[32, 32, 32]",25.0,5e-05,3000,512,7,2405,0.03715045005083084,0.024730373173952103,0.060146237648881204,0.1455105172479789,2,2,3,3,1,2,3,3,1,2.375,3,38.11021828651428
"[16, 16, 16]",15.0,0.0001,3000,256,42,693,0.03762916103005409,0.024455789476633072,0.065923335126111,0.14832703992719204,2,2,2,3,1,2,2,3,1,2.125,3,37.421932220458984
"[16, 16, 16]",25.0,0.0001,3000,1024,7,693,0.05384252220392227,0.04477757215499878,0.0677891553434274,0.2014555473250865,2,2,2,3,1,3,3,2,1,2.25,3,39.186216592788696
"[16, 16, 16]",20.0,0.0001,3000,256,42,693,0.0496683269739151,0.03251343220472336,0.06839126620978184,0.2461035946743919,1,2,3,3,2,2,3,2,1,2.25,3,37.30371642112732
"[16, 16, 16]",15.0,0.0001,2000,512,42,693,0.03890828415751457,0.02840077504515648,0.0798410646701185,0.14885578660980864,2,2,3,5,1,2,2,3,1,2.5,5,25.47661280632019
"[16, 16, 16]",20.0,0.0001,3000,256,137,693,0.03477393090724945,0.024597790092229843,0.08019844280703356,0.13215284035259056,2,2,2,3,1,2,2,3,1,2.125,3,37.53956627845764
"[16, 16, 16]",20.0,0.0001,2000,1024,42,693,0.059596218168735504,0.042844951152801514,0.08097839661598029,0.13400632982862223,1,2,3,3,2,2,2,2,1,2.125,3,25.759212255477905
"[16, 16, 16]",15.0,5e-05,3000,1024,42,693,0.034069307148456573,0.03202533721923828,0.08885496796784889,0.1749928702719431,2,2,2,3,1,2,2,3,1,2.125,3,39.41791892051697
"[32, 32, 32]",20.0,5e-05,2000,512,7,2405,0.04143229126930237,0.03334580734372139,0.08898538942570364,0.17813951003221173,1,2,4,3,2,2,2,3,1,2.375,4,25.667786121368408
"[16, 16, 16]",20.0,5e-05,4000,1024,42,693,0.04639353230595589,0.037552300840616226,0.08956649128880462,0.2413614556274064,1,2,2,3,2,2,2,2,1,2.0,3,52.33153057098389
"[16, 16, 16]",20.0,0.0002,2000,256,7,693,0.050942033529281616,0.03548426181077957,0.08997092430726181,0.264806152024682,2,3,2,3,1,2,2,3,1,2.25,3,25.221129417419434
"[16, 16, 16]",15.0,5e-05,4000,256,42,693,0.05198891460895538,0.03173269331455231,0.09020241245816277,0.2573604183340288,2,2,3,3,1,2,2,3,1,2.25,3,49.769471406936646
"[16, 16, 16]",15.0,0.0001,2000,256,42,693,0.05220354348421097,0.037917692214250565,0.0996422220450009,0.21530674646380693,2,2,2,3,1,2,2,2,1,2.0,3,25.133291959762573
"[16, 16, 16]",15.0,5e-05,3000,512,42,693,0.08157262206077576,0.037297189235687256,0.10361378876358976,0.28256572678842284,2,2,5,3,1,2,3,3,1,2.625,5,38.35831904411316
"[16, 16, 16]",20.0,0.0001,2000,256,7,693,0.08009567111730576,0.05679887533187866,0.10469212865730779,0.3189535477745058,2,2,2,3,1,2,2,2,1,2.0,3,25.262374877929688
"[16, 16, 16]",20.0,0.0001,2000,256,999,693,0.07785697281360626,0.04951297119259834,0.10838933431278987,0.2839665709760769,3,2,3,3,1,2,2,3,1,2.375,3,24.835640907287598
"[32, 32, 32]",20.0,5e-05,2000,512,42,2405,0.04443608596920967,0.033145517110824585,0.10875979296277993,0.2658843070997882,2,2,3,3,1,2,3,3,1,2.375,3,25.503072023391724
"[16, 16, 16]",20.0,0.0001,2000,1024,7,693,0.06395792216062546,0.050981633365154266,0.11012093296465184,0.2545377108659162,2,2,2,3,1,2,3,2,1,2.125,3,25.848502159118652
"[32, 32, 32]",20.0,5e-05,2000,256,7,2405,0.06153376027941704,0.040034860372543335,0.11156008336898857,0.2030313888299952,3,2,2,4,1,2,2,2,1,2.25,4,24.969966173171997
"[48, 48, 48]",25.0,5e-05,2000,256,2024,5141,0.049093957990407944,0.028673678636550903,0.11327413411456343,0.30843544097537584,2,1,3,3,2,2,2,2,1,2.125,3,25.07983636856079
"[16, 16, 16]",20.0,5e-05,4000,1024,7,693,0.04672163352370262,0.04534564167261124,0.11437704997464468,0.19959288301247236,2,2,2,2,1,2,2,3,1,2.0,3,51.764241456985474
"[16, 16, 16]",20.0,5e-05,3000,1024,999,693,0.06447409093379974,0.05715489387512207,0.11466465293841104,0.3382217986335591,2,2,2,3,2,1,2,4,1,2.25,4,38.66330623626709
"[16, 16, 16]",15.0,5e-05,3000,256,999,693,0.058734048157930374,0.03992222622036934,0.11473149355388126,0.21626340007273145,1,2,2,3,2,2,2,3,1,2.125,3,37.55992388725281
"[16, 16, 16]",25.0,0.0001,2000,256,999,693,0.07850965857505798,0.053843963891267776,0.11513213688220342,0.2798402024048197,2,2,2,3,1,2,2,3,1,2.125,3,25.286582946777344
"[16, 16, 16]",20.0,5e-05,3000,512,137,693,0.06561857461929321,0.05748094618320465,0.1161647585555543,0.3121646725846924,3,1,2,3,2,2,2,3,1,2.25,3,37.571001291275024
"[16, 16, 16]",25.0,5e-05,4000,512,137,693,0.0347183495759964,0.032690443098545074,0.12093171769229,0.34764618879712045,2,2,2,3,2,1,2,3,1,2.125,3,49.62397217750549
"[16, 16, 16]",25.0,5e-05,4000,1024,7,693,0.05603892356157303,0.050656165927648544,0.12207150741025938,0.32837018961392445,2,2,3,3,1,2,2,2,1,2.125,3,51.47504115104675
"[48, 48, 48]",20.0,5e-05,2000,256,2024,5141,0.04449757933616638,0.026332687586545944,0.1227878612108791,0.2920452421044273,2,1,2,2,2,2,2,3,1,2.0,3,25.176934480667114
"[16, 16, 16]",25.0,5e-05,4000,256,999,693,0.059915293008089066,0.052686527371406555,0.12467015470376958,0.31815926964149804,2,2,2,3,1,2,2,4,1,2.25,4,50.3317666053772
"[16, 16, 16]",20.0,5e-05,3000,512,999,693,0.07001039385795593,0.06339201331138611,0.12862580967328827,0.32242230696943747,2,1,2,3,2,2,2,3,1,2.125,3,37.914023637771606
"[16, 16, 16]",25.0,5e-05,4000,256,137,693,0.07168961316347122,0.043113358318805695,0.1287029036335271,0.36142128246085875,2,2,2,3,2,1,2,3,1,2.125,3,49.94276189804077
"[32, 32, 32]",25.0,5e-05,2000,512,2024,2405,0.053006719797849655,0.037742651998996735,0.12936945537228056,0.24178095975641462,2,2,3,2,1,2,3,2,1,2.125,3,25.61294674873352
"[16, 16, 16]",20.0,5e-05,4000,256,7,693,0.06030935421586037,0.05458497628569603,0.1294665063646091,0.2638479533564147,2,2,3,2,1,2,2,2,1,2.0,3,49.838542461395264
"[32, 32, 32]",25.0,5e-05,2000,512,42,2405,0.04708457738161087,0.035104990005493164,0.1300242131347432,0.2611616173344939,2,2,2,3,1,2,2,2,1,2.0,3,25.87504243850708
"[32, 32, 32]",20.0,5e-05,2000,256,2024,2405,0.06111866608262062,0.03970707207918167,0.13062099439364674,0.2742733726871828,1,2,4,2,2,2,3,2,1,2.25,4,25.103150844573975
"[16, 16, 16]",25.0,0.0001,2000,1024,42,693,0.07674208283424377,0.052454426884651184,0.13068500935485972,0.5086525518317616,2,2,3,2,1,2,2,2,1,2.0,3,25.949333429336548
"[32, 32, 32]",20.0,5e-05,2000,256,42,2405,0.05266432464122772,0.0368015393614769,0.13138701589397786,0.31039703987305506,2,2,2,3,1,2,2,3,1,2.125,3,25.06546115875244
"[16, 16, 16]",25.0,0.0001,2000,512,137,693,0.04063931852579117,0.03609640523791313,0.13226312484048597,0.35858443286150743,1,2,2,4,2,1,2,3,1,2.125,4,25.670886039733887
"[16, 16, 16]",20.0,5e-05,3000,1024,137,693,0.0696602612733841,0.05774225294589996,0.1352532226344656,0.3779207026841238,1,1,3,3,2,1,3,3,1,2.125,3,38.991114377975464
"[32, 32, 32]",25.0,5e-05,2000,256,42,2405,0.058991480618715286,0.03914380073547363,0.13735511746989915,0.28801018590328636,2,2,2,3,1,2,2,2,1,2.0,3,25.362394094467163
"[16, 16, 16]",15.0,5e-05,2000,1024,137,693,0.07135935872793198,0.05199616774916649,0.14007202593923654,0.34391700805345476,2,1,2,3,2,1,2,3,1,2.0,3,25.988210201263428
"[16, 16, 16]",25.0,5e-05,3000,512,137,693,0.07324402034282684,0.0641159862279892,0.1405859267676926,0.472871390477463,3,1,2,3,2,1,4,3,1,2.375,4,38.30808067321777
"[16, 16, 16]",20.0,5e-05,3000,1024,42,693,0.051984235644340515,0.050313111394643784,0.141105094506279,0.37880748527992425,1,2,4,3,2,2,3,2,1,2.375,4,38.40871977806091
"[16, 16, 16]",25.0,0.0001,2000,256,7,693,0.09123864769935608,0.06490398943424225,0.1419755449492753,0.3405508685844529,2,2,2,3,1,2,2,2,1,2.0,3,25.807693004608154
"[16, 16, 16]",20.0,0.0001,2000,512,7,693,0.05340229347348213,0.05004110187292099,0.14374042933354278,0.24864650496727386,2,2,2,3,1,2,2,3,1,2.125,3,25.136071920394897
"[16, 16, 16]",25.0,5e-05,4000,512,7,693,0.10530593991279602,0.060037095099687576,0.14718885307275154,0.42385877215270185,2,2,2,3,1,2,3,2,1,2.125,3,50.49165892601013
"[16, 16, 16]",15.0,5e-05,3000,512,7,693,0.07964392006397247,0.06568829715251923,0.14816757844529369,0.34840383399063923,3,2,2,3,2,1,2,2,1,2.125,3,38.08822441101074
"[16, 16, 16]",25.0,5e-05,3000,1024,999,693,0.06994649767875671,0.06287907063961029,0.1486254574771845,0.33846555680070295,2,2,2,3,2,2,1,3,1,2.125,3,39.28598189353943
"[16, 16, 16]",25.0,0.0001,2000,512,7,693,0.06484521180391312,0.06248088181018829,0.14955824278823507,0.3961820201286543,2,2,2,3,1,2,3,2,1,2.125,3,25.351863861083984
"[16, 16, 16]",15.0,5e-05,3000,256,42,693,0.07250118255615234,0.04667983204126358,0.15002743120943604,0.3510429178629316,2,2,2,2,1,2,2,3,1,2.0,3,37.408604860305786
"[16, 16, 16]",25.0,0.0001,2000,1024,7,693,0.08926470577716827,0.07137519121170044,0.15572681475648997,0.37354283570491553,2,2,2,3,1,2,4,2,1,2.25,4,26.049853563308716
"[16, 16, 16]",25.0,5e-05,4000,256,7,693,0.07139277458190918,0.07035712897777557,0.15645534161763253,0.3797750426555601,2,2,2,3,1,2,3,2,1,2.125,3,49.96601843833923
"[32, 32, 32]",25.0,5e-05,2000,1024,7,2405,0.04742977023124695,0.03957977145910263,0.1573756245479162,0.3013910792754018,2,2,2,3,1,2,2,3,1,2.125,3,25.7433021068573
"[32, 32, 32]",25.0,5e-05,2000,512,137,2405,0.06314240396022797,0.03794803470373154,0.15964085610661644,0.34012924146392415,2,2,3,2,1,2,2,2,1,2.0,3,25.7338387966156
"[32, 32, 32]",25.0,5e-05,2000,512,7,2405,0.04798848181962967,0.04180441051721573,0.1599454754173165,0.2770566092874383,1,2,2,3,1,2,2,2,1,1.875,3,25.55920386314392
"[16, 16, 16]",15.0,5e-05,2000,1024,999,693,0.07066474854946136,0.061675701290369034,0.16041814529433834,0.3089246016792583,1,1,2,3,1,2,2,3,1,1.875,3,26.09495759010315
"[16, 16, 16]",25.0,5e-05,4000,1024,42,693,0.06649564206600189,0.05485539883375168,0.16400905188969359,0.5487526927125785,1,2,2,2,2,2,2,2,1,1.875,2,51.80306887626648
"[16, 16, 16]",20.0,5e-05,3000,1024,7,693,0.09082754701375961,0.07363496720790863,0.16507095361142715,0.34172613973697213,1,2,2,3,1,1,2,2,1,1.75,3,39.02299475669861
"[32, 32, 32]",25.0,5e-05,2000,256,2024,2405,0.05415574088692665,0.04247015342116356,0.16520652311034562,0.325762232910676,2,2,4,2,1,2,2,2,1,2.125,4,24.97925114631653
"[16, 16, 16]",25.0,5e-05,4000,256,2024,693,0.08202619105577469,0.05628006160259247,0.16750716081220454,0.47401863259658145,1,2,2,2,2,2,2,2,1,1.875,2,50.24743938446045
"[32, 32, 32]",25.0,5e-05,2000,256,137,2405,0.055182814598083496,0.03959192335605621,0.16785532841976947,0.3243986434516858,5,2,2,2,1,2,2,2,1,2.25,5,25.358311891555786
"[16, 16, 16]",25.0,5e-05,3000,512,999,693,0.07281379401683807,0.06914333254098892,0.16878512628601244,0.39370745717941746,2,2,2,3,1,1,2,3,1,2.0,3,38.04051923751831
"[16, 16, 16]",25.0,5e-05,3000,1024,2024,693,0.08845455199480057,0.06685338169336319,0.16968687734307047,0.29972345884365037,1,2,3,2,2,2,2,2,1,2.0,3,38.96546816825867
"[16, 16, 16]",20.0,5e-05,3000,256,7,693,0.1192045584321022,0.08061133325099945,0.1704714866918882,0.3206725854584893,1,2,2,3,1,2,3,2,1,2.0,3,37.48889183998108
"[16, 16, 16]",25.0,5e-05,4000,256,42,693,0.11862633377313614,0.058756887912750244,0.17071751297824078,0.5621511533414911,1,2,2,2,1,2,2,2,1,1.75,2,50.306732416152954
"[32, 32, 32]",20.0,5e-05,2000,256,137,2405,0.05667511746287346,0.03687085956335068,0.17210947243156766,0.337453875368319,2,2,2,2,1,2,2,2,1,1.875,2,24.97931694984436
"[16, 16, 16]",25.0,5e-05,4000,512,42,693,0.08394817262887955,0.050439827144145966,0.17398326872732567,0.5717899966453102,1,2,2,2,1,2,2,2,1,1.75,2,51.008896827697754
"[16, 16, 16]",20.0,5e-05,3000,512,42,693,0.1288665533065796,0.05973808094859123,0.17520959420796908,0.3935691653530069,1,2,2,4,1,2,2,2,1,2.0,4,37.796271324157715
"[16, 16, 16]",20.0,5e-05,3000,256,999,693,0.08820182085037231,0.0680161565542221,0.17606674493297134,0.40690942583400497,1,1,2,3,1,1,2,3,1,1.75,3,37.256080627441406
"[16, 16, 16]",25.0,0.0001,2000,512,42,693,0.08664663136005402,0.05414117872714996,0.17903337349807316,0.5356421946933507,1,2,2,2,1,2,2,2,1,1.75,2,25.195960521697998
"[16, 16, 16]",15.0,5e-05,2000,256,137,693,0.12233675271272659,0.06098034977912903,0.18893617558130665,0.4070861272389692,1,1,2,2,1,1,3,2,1,1.625,3,25.14359998703003
"[16, 16, 16]",15.0,5e-05,2000,512,999,693,0.08329500257968903,0.06927388161420822,0.19001340068658265,0.3377214700738818,1,1,2,2,1,2,2,2,1,1.625,2,25.463050365447998
"[16, 16, 16]",25.0,5e-05,3000,1024,7,693,0.09732796251773834,0.07809581607580185,0.1922944480161968,0.4172445452582478,2,2,2,2,1,2,2,2,1,1.875,2,39.42802906036377
"[16, 16, 16]",25.0,5e-05,3000,512,2024,693,0.0868886411190033,0.07390505075454712,0.20069452910219499,0.42536433682680186,1,1,3,2,2,1,2,2,1,1.75,3,38.113017082214355
"[16, 16, 16]",15.0,5e-05,2000,512,137,693,0.0990644171833992,0.07822573930025101,0.20333228971748213,0.4299475596175524,1,1,2,2,1,1,3,2,1,1.625,3,25.666727542877197
"[32, 32, 32]",25.0,5e-05,2000,256,7,2405,0.08006848394870758,0.0512152761220932,0.20435844258317823,0.3812076005665377,1,2,3,3,1,2,1,2,1,1.875,3,25.072339057922363
"[16, 16, 16]",15.0,5e-05,2000,1024,42,693,0.08209191262722015,0.069770947098732,0.20968321568982604,0.40603865539204825,1,1,3,2,1,1,2,2,1,1.625,3,26.444761276245117
"[16, 16, 16]",20.0,5e-05,3000,512,7,693,0.10052807629108429,0.08200076222419739,0.2112212869452419,0.38806584220700185,1,2,2,3,1,1,2,2,1,1.75,3,37.68328881263733
"[16, 16, 16]",20.0,5e-05,3000,256,42,693,0.10193432122468948,0.06986112892627716,0.2118455982574094,0.4976012311307738,2,2,3,3,1,2,2,2,1,2.125,3,37.56539607048035
"[16, 16, 16]",25.0,5e-05,3000,256,137,693,0.11139833927154541,0.08235587179660797,0.21230997706257715,0.5583585410377768,2,1,2,2,2,1,2,2,1,1.75,2,37.994532108306885
"[16, 16, 16]",25.0,0.0001,2000,256,42,693,0.08479691296815872,0.05889863520860672,0.2130367802017396,0.7546601643280227,1,2,2,2,1,2,2,2,1,1.75,2,25.008036375045776
"[16, 16, 16]",15.0,5e-05,2000,1024,2024,693,0.08018289506435394,0.056069642305374146,0.2134683908998708,0.42453272977393247,1,1,2,2,2,1,3,2,1,1.75,3,26.28264093399048
"[16, 16, 16]",25.0,5e-05,3000,256,999,693,0.09645785391330719,0.07408410310745239,0.21380144586628744,0.4917433340000627,2,1,2,3,1,1,2,3,1,1.875,3,37.48460626602173
"[16, 16, 16]",20.0,5e-05,3000,256,137,693,0.11666474491357803,0.08757352828979492,0.21707291479380875,0.429886785090641,1,1,2,2,1,1,2,3,1,1.625,3,37.575117349624634
"[16, 16, 16]",25.0,5e-05,3000,256,7,693,0.14492182433605194,0.09346826374530792,0.223235901901999,0.4409961240377721,2,1,2,3,1,1,3,2,1,1.875,3,37.99872374534607
"[16, 16, 16]",15.0,5e-05,2000,256,999,693,0.13671818375587463,0.07593171298503876,0.22933445913608436,0.3741604497009377,1,1,2,2,1,2,2,2,1,1.625,2,25.091795921325684
"[16, 16, 16]",15.0,5e-05,2000,512,2024,693,0.07473684102296829,0.06377603113651276,0.22957770685514794,0.450355978717587,1,1,2,2,2,1,3,2,1,1.75,3,25.27803134918213
"[16, 16, 16]",15.0,5e-05,2000,512,42,693,0.10430558025836945,0.07876831293106079,0.23804687553157872,0.4939116952803792,1,1,2,2,1,1,3,2,1,1.625,3,25.397722721099854
"[16, 16, 16]",15.0,5e-05,2000,1024,7,693,0.11294983327388763,0.10095205903053284,0.24753218137573943,0.5230701083999993,1,1,2,2,1,1,3,2,1,1.625,3,26.287212371826172
"[16, 16, 16]",20.0,5e-05,2000,1024,2024,693,0.08267520368099213,0.060601767152547836,0.25150988823347153,0.41127409681675836,1,1,2,2,1,1,2,2,1,1.5,2,25.96309995651245
"[16, 16, 16]",25.0,5e-05,3000,512,7,693,0.10179553925991058,0.08668571710586548,0.256384446674937,0.49046045222969004,2,1,2,2,1,2,2,2,1,1.75,2,37.59121537208557
"[16, 16, 16]",15.0,5e-05,2000,256,2024,693,0.08091206848621368,0.06518812477588654,0.25716849058136915,0.48731987638081203,1,1,2,2,2,1,3,2,1,1.75,3,25.019986152648926
"[16, 16, 16]",15.0,5e-05,2000,256,42,693,0.11836559325456619,0.08717989921569824,0.26021453907052655,0.5402777344384204,1,1,2,2,1,1,2,2,1,1.5,2,26.247889280319214
"[16, 16, 16]",20.0,5e-05,2000,512,2024,693,0.08219949901103973,0.07054124027490616,0.26207325612327315,0.47472529481848014,1,1,2,2,1,1,2,2,1,1.5,2,25.5576069355011
"[16, 16, 16]",15.0,5e-05,2000,512,7,693,0.10954201966524124,0.1029353141784668,0.2633596958688623,0.5307834860620053,1,1,2,2,1,1,2,2,1,1.5,2,25.753952264785767
"[16, 16, 16]",25.0,5e-05,3000,256,2024,693,0.15280181169509888,0.07217051088809967,0.2739379664518815,0.5881918796366338,1,1,2,2,2,2,2,2,1,1.75,2,37.839791774749756
"[16, 16, 16]",15.0,5e-05,2000,256,7,693,0.13339921832084656,0.10572225600481033,0.27797532069976816,0.5454788451192477,1,1,2,2,1,1,2,2,1,1.5,2,25.21303629875183
"[16, 16, 16]",25.0,5e-05,3000,1024,42,693,0.07817444205284119,0.07631620764732361,0.2819948598657494,0.6988160086704164,1,2,2,2,1,2,2,2,1,1.75,2,39.70484495162964
"[16, 16, 16]",20.0,5e-05,2000,1024,999,693,0.10820913314819336,0.09621278941631317,0.2856088708065818,0.5377531319585888,1,1,2,2,1,1,2,2,1,1.5,2,26.02478790283203
"[16, 16, 16]",25.0,5e-05,3000,512,42,693,0.14862105250358582,0.07185502350330353,0.2916306720405753,0.724272613272312,1,2,2,2,1,2,2,2,1,1.75,2,38.2284574508667
"[16, 16, 16]",20.0,5e-05,2000,256,2024,693,0.0849313959479332,0.07386805862188339,0.295440728283688,0.4828657969677694,1,1,2,2,1,1,2,2,1,1.5,2,24.862496614456177
"[16, 16, 16]",25.0,5e-05,3000,256,42,693,0.12315135449171066,0.08632299304008484,0.2999177104834558,0.798142710786678,1,2,3,2,1,1,2,2,1,1.75,3,37.784491777420044
"[16, 16, 16]",20.0,5e-05,2000,512,999,693,0.11756373941898346,0.10383918136358261,0.31784632214916886,0.5501660060948106,1,1,1,2,1,1,2,2,1,1.375,2,25.479701042175293
"[16, 16, 16]",20.0,5e-05,2000,1024,42,693,0.11845675855875015,0.09186173230409622,0.33463372085388343,0.5634858895806438,1,1,2,2,1,1,2,2,1,1.5,2,25.930418968200684
"[16, 16, 16]",25.0,5e-05,2000,1024,999,693,0.11726287007331848,0.10543975234031677,0.34352510821603904,0.5383342178331083,1,1,1,2,1,1,1,2,1,1.25,2,25.84844970703125
"[16, 16, 16]",20.0,5e-05,2000,256,999,693,0.17485415935516357,0.11121397465467453,0.36266214876558966,0.5918256277326032,1,1,1,2,1,1,2,2,1,1.375,2,25.04043221473694
"[16, 16, 16]",25.0,5e-05,2000,1024,137,693,0.1453990638256073,0.1220165342092514,0.3692716257403606,0.6001117618049863,1,1,2,2,1,1,2,2,1,1.5,2,25.470364093780518
"[16, 16, 16]",25.0,5e-05,2000,512,999,693,0.12968865036964417,0.11027421057224274,0.3809346224002037,0.6182941427511262,1,1,1,2,1,1,1,2,1,1.25,2,25.30398464202881
"[16, 16, 16]",20.0,5e-05,2000,256,7,693,0.16539715230464935,0.12322264909744263,0.3932216203654698,0.58541311573539,1,1,2,2,1,1,2,2,1,1.5,2,24.556644916534424
"[16, 16, 16]",25.0,5e-05,2000,1024,7,693,0.14864695072174072,0.13300013542175293,0.39424369614768173,0.6051839397433535,1,1,2,2,1,1,2,2,1,1.5,2,26.04657769203186
"[16, 16, 16]",20.0,5e-05,2000,512,137,693,0.14885589480400085,0.12141986191272736,0.396543154852911,0.5952611482331505,1,1,2,2,1,1,1,2,1,1.375,2,25.24059295654297
"[16, 16, 16]",20.0,5e-05,2000,512,42,693,0.14796963334083557,0.10567392408847809,0.4057266164914076,0.6369963922988828,1,1,2,2,1,1,1,2,1,1.375,2,25.39497447013855
"[16, 16, 16]",20.0,5e-05,2000,1024,7,693,0.14703059196472168,0.1313951015472412,0.41416241065481085,0.5980874034497703,1,1,2,2,1,1,1,2,1,1.375,2,25.805500268936157
"[16, 16, 16]",20.0,5e-05,2000,1024,137,693,0.15499725937843323,0.13159245252609253,0.4226133997297047,0.6362086111428485,1,1,2,2,1,1,2,2,1,1.5,2,26.140724420547485
"[16, 16, 16]",25.0,5e-05,2000,512,137,693,0.16333138942718506,0.1346038281917572,0.42691079266388393,0.6915371954533405,1,1,2,2,1,1,2,2,1,1.5,2,25.443403244018555
"[16, 16, 16]",25.0,5e-05,2000,256,7,693,0.16954246163368225,0.1329135000705719,0.42839618391027645,0.6278211038694245,1,1,1,2,1,1,2,2,1,1.375,2,24.939610242843628
"[16, 16, 16]",25.0,5e-05,2000,512,7,693,0.14082041382789612,0.1377652883529663,0.43185248403013365,0.6925273677892633,1,1,1,2,1,1,2,2,1,1.375,2,25.19012689590454
"[16, 16, 16]",20.0,5e-05,2000,512,7,693,0.13675029575824738,0.133924201130867,0.43441813363432696,0.6109986156040794,1,1,2,2,1,1,1,2,1,1.375,2,24.91310715675354
"[16, 16, 16]",20.0,5e-05,2000,256,42,693,0.15173745155334473,0.10932296514511108,0.45040617168286273,0.6969354231942387,1,1,2,2,1,1,1,2,1,1.375,2,25.129586935043335
"[16, 16, 16]",25.0,5e-05,2000,1024,2024,693,0.15161630511283875,0.11345471441745758,0.4605206432563648,0.5914808903914713,1,1,1,2,1,1,1,2,1,1.25,2,25.520195722579956
"[16, 16, 16]",20.0,5e-05,2000,256,137,693,0.22143322229385376,0.1362127959728241,0.4672564030035191,0.6814698189845804,1,1,1,2,1,1,2,2,1,1.375,2,24.954597234725952
"[16, 16, 16]",25.0,5e-05,2000,256,999,693,0.17908236384391785,0.12172578275203705,0.471019010331909,0.6849941840807252,1,1,1,2,1,1,1,2,1,1.25,2,24.739254474639893
"[16, 16, 16]",25.0,5e-05,2000,256,137,693,0.2185073047876358,0.1360965073108673,0.48866104232694535,0.7471843295618661,1,1,1,2,1,1,1,2,1,1.25,2,25.193828344345093
"[16, 16, 16]",25.0,5e-05,2000,512,2024,693,0.15165571868419647,0.12869217991828918,0.48952701262810183,0.6437249766075637,1,1,1,2,1,1,1,2,1,1.25,2,25.18867063522339
"[16, 16, 16]",25.0,5e-05,2000,256,2024,693,0.1285507082939148,0.10549800097942352,0.4915221906615834,0.7115262706559397,1,1,1,2,1,1,1,2,1,1.25,2,25.277308225631714
"[16, 16, 16]",25.0,5e-05,2000,1024,42,693,0.16693100333213806,0.13110977411270142,0.5033165775563637,0.8297457168536494,1,1,2,2,1,1,1,2,1,1.375,2,25.891522884368896
"[16, 16, 16]",25.0,5e-05,2000,512,42,693,0.16734260320663452,0.12526191771030426,0.506466181213893,0.8715752409162338,1,1,2,2,1,1,1,2,1,1.375,2,25.63496470451355
"[16, 16, 16]",25.0,5e-05,2000,256,42,693,0.16743557155132294,0.12509915232658386,0.5365675057409642,0.9166151008726037,1,1,2,2,1,1,1,2,1,1.375,2,25.104466915130615
