
════════════════════════════════════════════════════════════════════════
  SUPER-TEST m3  —  128 configs × 5 epoch budgets [3000, 4500, 6500, 10000, 15000] × 3 seeds = 1920 runs, device=cuda:0
  LR schedule: NOT SUPPORTED by siren_nni.train -- falling back to fixed lr (m2 behavior)
════════════════════════════════════════════════════════════════════════

Computing scipy reference integrals (shared across all configs)...
Done.

[group 1/640] hidden=[128, 128, 128] omega0=30.0 lr=0.0001 N=512 epochs=3000  (3 seeds)
/zfs/store1.hydra.local/user/g/gshipunv/.local/lib/python3.12/site-packages/torch/autograd/graph.py:841: UserWarning: Attempting to run cuBLAS, but there was no current CUDA context! Attempting to set the primary context... (Triggered internally at /pytorch/aten/src/ATen/cuda/CublasHandlePool.cpp:270.)
  return Variable._execution_engine.run_backward(  # Calls into the C++ engine to run the backward pass

════════════════════════════════════════════════════════════════
  Training: 3000 epochs | 512 pts/set | 8 sets
  Per epoch: 4096 pts | device: cuda:0
  lr: 0.0001 -> 1e-05  (CosineAnnealing)
  Network: SIREN  omega_0=30.0
════════════════════════════════════════════════════════════════
  Epoch     1/3000  loss=3.2168e-01  lr=1.00e-04  (0.2s)

  Done in 29.7s | min loss = 4.6837e-05


════════════════════════════════════════════════════════════════
  Training: 3000 epochs | 512 pts/set | 8 sets
  Per epoch: 4096 pts | device: cuda:0
  lr: 0.0001 -> 1e-05  (CosineAnnealing)
  Network: SIREN  omega_0=30.0
════════════════════════════════════════════════════════════════
  Epoch     1/3000  loss=4.1215e-01  lr=1.00e-04  (0.0s)

  Done in 29.4s | min loss = 5.1083e-05


════════════════════════════════════════════════════════════════
  Training: 3000 epochs | 512 pts/set | 8 sets
  Per epoch: 4096 pts | device: cuda:0
  lr: 0.0001 -> 1e-05  (CosineAnnealing)
  Network: SIREN  omega_0=30.0
════════════════════════════════════════════════════════════════
  Epoch     1/3000  loss=3.5682e-01  lr=1.00e-04  (0.0s)

  Done in 29.9s | min loss = 4.7930e-05

    -> digits per seed=[4, 4, 4]  best_mean_relerr=2.234e-04  median_digits=4  (90.7s total)
[group 2/640] hidden=[128, 128, 128] omega0=30.0 lr=0.0001 N=512 epochs=4500  (3 seeds)

════════════════════════════════════════════════════════════════
  Training: 4500 epochs | 512 pts/set | 8 sets
  Per epoch: 4096 pts | device: cuda:0
  lr: 0.0001 -> 1e-05  (CosineAnnealing)
  Network: SIREN  omega_0=30.0
════════════════════════════════════════════════════════════════
  Epoch     1/4500  loss=3.2168e-01  lr=1.00e-04  (0.0s)

  Done in 45.2s | min loss = 2.8976e-05


════════════════════════════════════════════════════════════════
  Training: 4500 epochs | 512 pts/set | 8 sets
  Per epoch: 4096 pts | device: cuda:0
  lr: 0.0001 -> 1e-05  (CosineAnnealing)
  Network: SIREN  omega_0=30.0
════════════════════════════════════════════════════════════════
  Epoch     1/4500  loss=4.1215e-01  lr=1.00e-04  (0.0s)

  Done in 44.8s | min loss = 3.1131e-05


════════════════════════════════════════════════════════════════
  Training: 4500 epochs | 512 pts/set | 8 sets
  Per epoch: 4096 pts | device: cuda:0
  lr: 0.0001 -> 1e-05  (CosineAnnealing)
  Network: SIREN  omega_0=30.0
════════════════════════════════════════════════════════════════
  Epoch     1/4500  loss=3.5682e-01  lr=1.00e-04  (0.0s)

  Done in 44.3s | min loss = 3.0926e-05

    -> digits per seed=[4, 3, 4]  best_mean_relerr=5.479e-04  median_digits=4  (134.4s total)
[group 3/640] hidden=[128, 128, 128] omega0=30.0 lr=0.0001 N=512 epochs=6500  (3 seeds)

════════════════════════════════════════════════════════════════
  Training: 6500 epochs | 512 pts/set | 8 sets
  Per epoch: 4096 pts | device: cuda:0
  lr: 0.0001 -> 1e-05  (CosineAnnealing)
  Network: SIREN  omega_0=30.0
════════════════════════════════════════════════════════════════
  Epoch     1/6500  loss=3.2168e-01  lr=1.00e-04  (0.0s)

  Done in 64.5s | min loss = 1.9094e-05


════════════════════════════════════════════════════════════════
  Training: 6500 epochs | 512 pts/set | 8 sets
  Per epoch: 4096 pts | device: cuda:0
  lr: 0.0001 -> 1e-05  (CosineAnnealing)
  Network: SIREN  omega_0=30.0
════════════════════════════════════════════════════════════════
  Epoch     1/6500  loss=4.1215e-01  lr=1.00e-04  (0.0s)

  Done in 65.5s | min loss = 2.0635e-05


════════════════════════════════════════════════════════════════
  Training: 6500 epochs | 512 pts/set | 8 sets
  Per epoch: 4096 pts | device: cuda:0
  lr: 0.0001 -> 1e-05  (CosineAnnealing)
  Network: SIREN  omega_0=30.0
════════════════════════════════════════════════════════════════
  Epoch     1/6500  loss=3.5682e-01  lr=1.00e-04  (0.0s)

  Done in 65.0s | min loss = 1.9359e-05

    -> digits per seed=[3, 4, 3]  best_mean_relerr=6.136e-04  median_digits=3  (195.0s total)
[group 4/640] hidden=[128, 128, 128] omega0=30.0 lr=0.0001 N=512 epochs=10000  (3 seeds)

════════════════════════════════════════════════════════════════
  Training: 10000 epochs | 512 pts/set | 8 sets
  Per epoch: 4096 pts | device: cuda:0
  lr: 0.0001 -> 1e-05  (CosineAnnealing)
  Network: SIREN  omega_0=30.0
════════════════════════════════════════════════════════════════
  Epoch     1/10000  loss=3.2168e-01  lr=1.00e-04  (0.0s)

  Done in 97.5s | min loss = 1.1125e-05


════════════════════════════════════════════════════════════════
  Training: 10000 epochs | 512 pts/set | 8 sets
  Per epoch: 4096 pts | device: cuda:0
  lr: 0.0001 -> 1e-05  (CosineAnnealing)
  Network: SIREN  omega_0=30.0
════════════════════════════════════════════════════════════════
  Epoch     1/10000  loss=4.1215e-01  lr=1.00e-04  (0.0s)

  Done in 99.9s | min loss = 1.1897e-05


════════════════════════════════════════════════════════════════
  Training: 10000 epochs | 512 pts/set | 8 sets
  Per epoch: 4096 pts | device: cuda:0
  lr: 0.0001 -> 1e-05  (CosineAnnealing)
  Network: SIREN  omega_0=30.0
════════════════════════════════════════════════════════════════
  Epoch     1/10000  loss=3.5682e-01  lr=1.00e-04  (0.0s)

  Done in 98.6s | min loss = 1.1836e-05

    -> digits per seed=[4, 4, 3]  best_mean_relerr=5.332e-04  median_digits=4  (296.0s total)
[group 5/640] hidden=[128, 128, 128] omega0=30.0 lr=0.0001 N=512 epochs=15000  (3 seeds)

════════════════════════════════════════════════════════════════
  Training: 15000 epochs | 512 pts/set | 8 sets
  Per epoch: 4096 pts | device: cuda:0
  lr: 0.0001 -> 1e-05  (CosineAnnealing)
  Network: SIREN  omega_0=30.0
════════════════════════════════════════════════════════════════
  Epoch     1/15000  loss=3.2168e-01  lr=1.00e-04  (0.0s)

  Done in 147.9s | min loss = 8.0419e-06


════════════════════════════════════════════════════════════════
  Training: 15000 epochs | 512 pts/set | 8 sets
  Per epoch: 4096 pts | device: cuda:0
  lr: 0.0001 -> 1e-05  (CosineAnnealing)
  Network: SIREN  omega_0=30.0
════════════════════════════════════════════════════════════════
  Epoch     1/15000  loss=4.1215e-01  lr=1.00e-04  (0.0s)

  Done in 149.8s | min loss = 8.0215e-06


════════════════════════════════════════════════════════════════
  Training: 15000 epochs | 512 pts/set | 8 sets
  Per epoch: 4096 pts | device: cuda:0
  lr: 0.0001 -> 1e-05  (CosineAnnealing)
  Network: SIREN  omega_0=30.0
════════════════════════════════════════════════════════════════
  Epoch     1/15000  loss=3.5682e-01  lr=1.00e-04  (0.0s)

  Done in 147.6s | min loss = 8.0154e-06

    -> digits per seed=[3, 4, 4]  best_mean_relerr=5.022e-04  median_digits=4  (445.3s total)
[group 6/640] hidden=[128, 128, 128] omega0=30.0 lr=0.0001 N=1024 epochs=3000  (3 seeds)

════════════════════════════════════════════════════════════════
  Training: 3000 epochs | 1024 pts/set | 8 sets
  Per epoch: 8192 pts | device: cuda:0
  lr: 0.0001 -> 1e-05  (CosineAnnealing)
  Network: SIREN  omega_0=30.0
════════════════════════════════════════════════════════════════
  Epoch     1/3000  loss=3.7510e-01  lr=1.00e-04  (0.0s)

  Done in 30.2s | min loss = 3.4520e-05


════════════════════════════════════════════════════════════════
  Training: 3000 epochs | 1024 pts/set | 8 sets
  Per epoch: 8192 pts | device: cuda:0
  lr: 0.0001 -> 1e-05  (CosineAnnealing)
  Network: SIREN  omega_0=30.0
════════════════════════════════════════════════════════════════
  Epoch     1/3000  loss=3.7994e-01  lr=1.00e-04  (0.0s)

  Done in 30.4s | min loss = 3.5984e-05


════════════════════════════════════════════════════════════════
  Training: 3000 epochs | 1024 pts/set | 8 sets
  Per epoch: 8192 pts | device: cuda:0
  lr: 0.0001 -> 1e-05  (CosineAnnealing)
  Network: SIREN  omega_0=30.0
════════════════════════════════════════════════════════════════
  Epoch     1/3000  loss=3.6021e-01  lr=1.00e-04  (0.0s)

  Done in 30.4s | min loss = 3.5410e-05

    -> digits per seed=[4, 4, 4]  best_mean_relerr=3.648e-04  median_digits=4  (91.1s total)
[group 7/640] hidden=[128, 128, 128] omega0=30.0 lr=0.0001 N=1024 epochs=4500  (3 seeds)

════════════════════════════════════════════════════════════════
  Training: 4500 epochs | 1024 pts/set | 8 sets
  Per epoch: 8192 pts | device: cuda:0
  lr: 0.0001 -> 1e-05  (CosineAnnealing)
  Network: SIREN  omega_0=30.0
════════════════════════════════════════════════════════════════
  Epoch     1/4500  loss=3.7510e-01  lr=1.00e-04  (0.0s)

  Done in 44.0s | min loss = 2.0301e-05


════════════════════════════════════════════════════════════════
  Training: 4500 epochs | 1024 pts/set | 8 sets
  Per epoch: 8192 pts | device: cuda:0
  lr: 0.0001 -> 1e-05  (CosineAnnealing)
  Network: SIREN  omega_0=30.0
════════════════════════════════════════════════════════════════
  Epoch     1/4500  loss=3.7994e-01  lr=1.00e-04  (0.0s)

  Done in 44.8s | min loss = 2.1218e-05


════════════════════════════════════════════════════════════════
  Training: 4500 epochs | 1024 pts/set | 8 sets
  Per epoch: 8192 pts | device: cuda:0
  lr: 0.0001 -> 1e-05  (CosineAnnealing)
  Network: SIREN  omega_0=30.0
════════════════════════════════════════════════════════════════
  Epoch     1/4500  loss=3.6021e-01  lr=1.00e-04  (0.0s)

  Done in 46.3s | min loss = 2.1745e-05

    -> digits per seed=[4, 4, 4]  best_mean_relerr=1.596e-04  median_digits=4  (135.1s total)
[group 8/640] hidden=[128, 128, 128] omega0=30.0 lr=0.0001 N=1024 epochs=6500  (3 seeds)

════════════════════════════════════════════════════════════════
  Training: 6500 epochs | 1024 pts/set | 8 sets
  Per epoch: 8192 pts | device: cuda:0
  lr: 0.0001 -> 1e-05  (CosineAnnealing)
  Network: SIREN  omega_0=30.0
════════════════════════════════════════════════════════════════
  Epoch     1/6500  loss=3.7510e-01  lr=1.00e-04  (0.0s)

  Done in 66.2s | min loss = 1.3541e-05


════════════════════════════════════════════════════════════════
  Training: 6500 epochs | 1024 pts/set | 8 sets
  Per epoch: 8192 pts | device: cuda:0
  lr: 0.0001 -> 1e-05  (CosineAnnealing)
  Network: SIREN  omega_0=30.0
════════════════════════════════════════════════════════════════
  Epoch     1/6500  loss=3.7994e-01  lr=1.00e-04  (0.0s)

  Done in 65.6s | min loss = 1.3831e-05


════════════════════════════════════════════════════════════════
  Training: 6500 epochs | 1024 pts/set | 8 sets
  Per epoch: 8192 pts | device: cuda:0
  lr: 0.0001 -> 1e-05  (CosineAnnealing)
  Network: SIREN  omega_0=30.0
════════════════════════════════════════════════════════════════
  Epoch     1/6500  loss=3.6021e-01  lr=1.00e-04  (0.0s)

  Done in 65.4s | min loss = 1.3927e-05

    -> digits per seed=[4, 4, 4]  best_mean_relerr=3.283e-04  median_digits=4  (197.3s total)
[group 9/640] hidden=[128, 128, 128] omega0=30.0 lr=0.0001 N=1024 epochs=10000  (3 seeds)

════════════════════════════════════════════════════════════════
  Training: 10000 epochs | 1024 pts/set | 8 sets
  Per epoch: 8192 pts | device: cuda:0
  lr: 0.0001 -> 1e-05  (CosineAnnealing)
  Network: SIREN  omega_0=30.0
════════════════════════════════════════════════════════════════
  Epoch     1/10000  loss=3.7510e-01  lr=1.00e-04  (0.0s)

  Done in 99.1s | min loss = 8.4208e-06


════════════════════════════════════════════════════════════════
  Training: 10000 epochs | 1024 pts/set | 8 sets
  Per epoch: 8192 pts | device: cuda:0
  lr: 0.0001 -> 1e-05  (CosineAnnealing)
  Network: SIREN  omega_0=30.0
════════════════════════════════════════════════════════════════
  Epoch     1/10000  loss=3.7994e-01  lr=1.00e-04  (0.0s)

  Done in 100.2s | min loss = 8.2741e-06


════════════════════════════════════════════════════════════════
  Training: 10000 epochs | 1024 pts/set | 8 sets
  Per epoch: 8192 pts | device: cuda:0
  lr: 0.0001 -> 1e-05  (CosineAnnealing)
  Network: SIREN  omega_0=30.0
════════════════════════════════════════════════════════════════
  Epoch     1/10000  loss=3.6021e-01  lr=1.00e-04  (0.0s)

  Done in 99.7s | min loss = 8.5375e-06

    -> digits per seed=[4, 4, 4]  best_mean_relerr=2.536e-04  median_digits=4  (299.0s total)
[group 10/640] hidden=[128, 128, 128] omega0=30.0 lr=0.0001 N=1024 epochs=15000  (3 seeds)

════════════════════════════════════════════════════════════════
  Training: 15000 epochs | 1024 pts/set | 8 sets
  Per epoch: 8192 pts | device: cuda:0
  lr: 0.0001 -> 1e-05  (CosineAnnealing)
  Network: SIREN  omega_0=30.0
════════════════════════════════════════════════════════════════
  Epoch     1/15000  loss=3.7510e-01  lr=1.00e-04  (0.0s)

  Done in 150.3s | min loss = 4.8823e-06


════════════════════════════════════════════════════════════════
  Training: 15000 epochs | 1024 pts/set | 8 sets
  Per epoch: 8192 pts | device: cuda:0
  lr: 0.0001 -> 1e-05  (CosineAnnealing)
  Network: SIREN  omega_0=30.0
════════════════════════════════════════════════════════════════
  Epoch     1/15000  loss=3.7994e-01  lr=1.00e-04  (0.0s)

  Done in 151.0s | min loss = 5.0494e-06


════════════════════════════════════════════════════════════════
  Training: 15000 epochs | 1024 pts/set | 8 sets
  Per epoch: 8192 pts | device: cuda:0
  lr: 0.0001 -> 1e-05  (CosineAnnealing)
  Network: SIREN  omega_0=30.0
════════════════════════════════════════════════════════════════
  Epoch     1/15000  loss=3.6021e-01  lr=1.00e-04  (0.0s)

  Done in 149.0s | min loss = 5.0367e-06

    -> digits per seed=[4, 4, 4]  best_mean_relerr=1.435e-04  median_digits=4  (450.3s total)
[group 11/640] hidden=[128, 128, 128] omega0=30.0 lr=0.00015 N=512 epochs=3000  (3 seeds)

════════════════════════════════════════════════════════════════
  Training: 3000 epochs | 512 pts/set | 8 sets
  Per epoch: 4096 pts | device: cuda:0
  lr: 0.00015 -> 1.4999999999999999e-05  (CosineAnnealing)
  Network: SIREN  omega_0=30.0
════════════════════════════════════════════════════════════════
  Epoch     1/3000  loss=3.2168e-01  lr=1.50e-04  (0.0s)

  Done in 28.8s | min loss = 3.5178e-05


════════════════════════════════════════════════════════════════
  Training: 3000 epochs | 512 pts/set | 8 sets
  Per epoch: 4096 pts | device: cuda:0
  lr: 0.00015 -> 1.4999999999999999e-05  (CosineAnnealing)
  Network: SIREN  omega_0=30.0
════════════════════════════════════════════════════════════════
  Epoch     1/3000  loss=4.1215e-01  lr=1.50e-04  (0.0s)

  Done in 29.0s | min loss = 3.7840e-05


════════════════════════════════════════════════════════════════
  Training: 3000 epochs | 512 pts/set | 8 sets
  Per epoch: 4096 pts | device: cuda:0
  lr: 0.00015 -> 1.4999999999999999e-05  (CosineAnnealing)
  Network: SIREN  omega_0=30.0
════════════════════════════════════════════════════════════════
  Epoch     1/3000  loss=3.5682e-01  lr=1.50e-04  (0.0s)

  Done in 29.6s | min loss = 3.6979e-05

    -> digits per seed=[4, 4, 4]  best_mean_relerr=4.828e-04  median_digits=4  (87.4s total)
[group 12/640] hidden=[128, 128, 128] omega0=30.0 lr=0.00015 N=512 epochs=4500  (3 seeds)

════════════════════════════════════════════════════════════════
  Training: 4500 epochs | 512 pts/set | 8 sets
  Per epoch: 4096 pts | device: cuda:0
  lr: 0.00015 -> 1.4999999999999999e-05  (CosineAnnealing)
  Network: SIREN  omega_0=30.0
════════════════════════════════════════════════════════════════
  Epoch     1/4500  loss=3.2168e-01  lr=1.50e-04  (0.0s)

  Done in 45.3s | min loss = 2.1873e-05


════════════════════════════════════════════════════════════════
  Training: 4500 epochs | 512 pts/set | 8 sets
  Per epoch: 4096 pts | device: cuda:0
  lr: 0.00015 -> 1.4999999999999999e-05  (CosineAnnealing)
  Network: SIREN  omega_0=30.0
════════════════════════════════════════════════════════════════
  Epoch     1/4500  loss=4.1215e-01  lr=1.50e-04  (0.0s)

  Done in 44.3s | min loss = 2.2395e-05


════════════════════════════════════════════════════════════════
  Training: 4500 epochs | 512 pts/set | 8 sets
  Per epoch: 4096 pts | device: cuda:0
  lr: 0.00015 -> 1.4999999999999999e-05  (CosineAnnealing)
  Network: SIREN  omega_0=30.0
════════════════════════════════════════════════════════════════
  Epoch     1/4500  loss=3.5682e-01  lr=1.50e-04  (0.0s)

  Done in 44.8s | min loss = 2.2344e-05

    -> digits per seed=[4, 3, 3]  best_mean_relerr=4.240e-04  median_digits=3  (134.4s total)
[group 13/640] hidden=[128, 128, 128] omega0=30.0 lr=0.00015 N=512 epochs=6500  (3 seeds)

════════════════════════════════════════════════════════════════
  Training: 6500 epochs | 512 pts/set | 8 sets
  Per epoch: 4096 pts | device: cuda:0
  lr: 0.00015 -> 1.4999999999999999e-05  (CosineAnnealing)
  Network: SIREN  omega_0=30.0
════════════════════════════════════════════════════════════════
  Epoch     1/6500  loss=3.2168e-01  lr=1.50e-04  (0.0s)

  Done in 64.6s | min loss = 1.6600e-05


════════════════════════════════════════════════════════════════
  Training: 6500 epochs | 512 pts/set | 8 sets
  Per epoch: 4096 pts | device: cuda:0
  lr: 0.00015 -> 1.4999999999999999e-05  (CosineAnnealing)
  Network: SIREN  omega_0=30.0
════════════════════════════════════════════════════════════════
  Epoch     1/6500  loss=4.1215e-01  lr=1.50e-04  (0.0s)

  Done in 64.9s | min loss = 1.5195e-05


════════════════════════════════════════════════════════════════
  Training: 6500 epochs | 512 pts/set | 8 sets
  Per epoch: 4096 pts | device: cuda:0
  lr: 0.00015 -> 1.4999999999999999e-05  (CosineAnnealing)
  Network: SIREN  omega_0=30.0
════════════════════════════════════════════════════════════════
  Epoch     1/6500  loss=3.5682e-01  lr=1.50e-04  (0.0s)

  Done in 63.6s | min loss = 1.4966e-05

    -> digits per seed=[4, 4, 3]  best_mean_relerr=4.320e-04  median_digits=4  (193.0s total)
[group 14/640] hidden=[128, 128, 128] omega0=30.0 lr=0.00015 N=512 epochs=10000  (3 seeds)

════════════════════════════════════════════════════════════════
  Training: 10000 epochs | 512 pts/set | 8 sets
  Per epoch: 4096 pts | device: cuda:0
  lr: 0.00015 -> 1.4999999999999999e-05  (CosineAnnealing)
  Network: SIREN  omega_0=30.0
════════════════════════════════════════════════════════════════
  Epoch     1/10000  loss=3.2168e-01  lr=1.50e-04  (0.0s)

  Done in 98.4s | min loss = 1.0947e-05


════════════════════════════════════════════════════════════════
  Training: 10000 epochs | 512 pts/set | 8 sets
  Per epoch: 4096 pts | device: cuda:0
  lr: 0.00015 -> 1.4999999999999999e-05  (CosineAnnealing)
  Network: SIREN  omega_0=30.0
════════════════════════════════════════════════════════════════
  Epoch     1/10000  loss=4.1215e-01  lr=1.50e-04  (0.0s)

  Done in 97.3s | min loss = 1.0753e-05


════════════════════════════════════════════════════════════════
  Training: 10000 epochs | 512 pts/set | 8 sets
  Per epoch: 4096 pts | device: cuda:0
  lr: 0.00015 -> 1.4999999999999999e-05  (CosineAnnealing)
  Network: SIREN  omega_0=30.0
════════════════════════════════════════════════════════════════
  Epoch     1/10000  loss=3.5682e-01  lr=1.50e-04  (0.0s)

  Done in 97.2s | min loss = 1.1250e-05

    -> digits per seed=[3, 3, 3]  best_mean_relerr=6.601e-04  median_digits=3  (292.9s total)
[group 15/640] hidden=[128, 128, 128] omega0=30.0 lr=0.00015 N=512 epochs=15000  (3 seeds)

════════════════════════════════════════════════════════════════
  Training: 15000 epochs | 512 pts/set | 8 sets
  Per epoch: 4096 pts | device: cuda:0
  lr: 0.00015 -> 1.4999999999999999e-05  (CosineAnnealing)
  Network: SIREN  omega_0=30.0
════════════════════════════════════════════════════════════════
  Epoch     1/15000  loss=3.2168e-01  lr=1.50e-04  (0.0s)

  Done in 145.8s | min loss = 7.5974e-06


════════════════════════════════════════════════════════════════
  Training: 15000 epochs | 512 pts/set | 8 sets
  Per epoch: 4096 pts | device: cuda:0
  lr: 0.00015 -> 1.4999999999999999e-05  (CosineAnnealing)
  Network: SIREN  omega_0=30.0
════════════════════════════════════════════════════════════════
  Epoch     1/15000  loss=4.1215e-01  lr=1.50e-04  (0.0s)

  Done in 148.0s | min loss = 7.5921e-06


════════════════════════════════════════════════════════════════
  Training: 15000 epochs | 512 pts/set | 8 sets
  Per epoch: 4096 pts | device: cuda:0
  lr: 0.00015 -> 1.4999999999999999e-05  (CosineAnnealing)
  Network: SIREN  omega_0=30.0
════════════════════════════════════════════════════════════════
  Epoch     1/15000  loss=3.5682e-01  lr=1.50e-04  (0.0s)

  Done in 146.1s | min loss = 7.7206e-06

    -> digits per seed=[4, 3, 3]  best_mean_relerr=5.298e-04  median_digits=3  (439.9s total)
[group 16/640] hidden=[128, 128, 128] omega0=30.0 lr=0.00015 N=1024 epochs=3000  (3 seeds)

════════════════════════════════════════════════════════════════
  Training: 3000 epochs | 1024 pts/set | 8 sets
  Per epoch: 8192 pts | device: cuda:0
  lr: 0.00015 -> 1.4999999999999999e-05  (CosineAnnealing)
  Network: SIREN  omega_0=30.0
════════════════════════════════════════════════════════════════
  Epoch     1/3000  loss=3.7510e-01  lr=1.50e-04  (0.0s)

  Done in 29.7s | min loss = 2.6159e-05


════════════════════════════════════════════════════════════════
  Training: 3000 epochs | 1024 pts/set | 8 sets
  Per epoch: 8192 pts | device: cuda:0
  lr: 0.00015 -> 1.4999999999999999e-05  (CosineAnnealing)
  Network: SIREN  omega_0=30.0
════════════════════════════════════════════════════════════════
  Epoch     1/3000  loss=3.7994e-01  lr=1.50e-04  (0.0s)

  Done in 29.5s | min loss = 2.6911e-05


════════════════════════════════════════════════════════════════
  Training: 3000 epochs | 1024 pts/set | 8 sets
  Per epoch: 8192 pts | device: cuda:0
  lr: 0.00015 -> 1.4999999999999999e-05  (CosineAnnealing)
  Network: SIREN  omega_0=30.0
════════════════════════════════════════════════════════════════
  Epoch     1/3000  loss=3.6021e-01  lr=1.50e-04  (0.0s)

  Done in 29.4s | min loss = 2.5896e-05

    -> digits per seed=[4, 4, 4]  best_mean_relerr=3.567e-04  median_digits=4  (88.7s total)
[group 17/640] hidden=[128, 128, 128] omega0=30.0 lr=0.00015 N=1024 epochs=4500  (3 seeds)

════════════════════════════════════════════════════════════════
  Training: 4500 epochs | 1024 pts/set | 8 sets
  Per epoch: 8192 pts | device: cuda:0
  lr: 0.00015 -> 1.4999999999999999e-05  (CosineAnnealing)
  Network: SIREN  omega_0=30.0
════════════════════════════════════════════════════════════════
  Epoch     1/4500  loss=3.7510e-01  lr=1.50e-04  (0.0s)

  Done in 45.0s | min loss = 1.5135e-05


════════════════════════════════════════════════════════════════
  Training: 4500 epochs | 1024 pts/set | 8 sets
  Per epoch: 8192 pts | device: cuda:0
  lr: 0.00015 -> 1.4999999999999999e-05  (CosineAnnealing)
  Network: SIREN  omega_0=30.0
════════════════════════════════════════════════════════════════
  Epoch     1/4500  loss=3.7994e-01  lr=1.50e-04  (0.0s)

  Done in 44.4s | min loss = 1.5215e-05


════════════════════════════════════════════════════════════════
  Training: 4500 epochs | 1024 pts/set | 8 sets
  Per epoch: 8192 pts | device: cuda:0
  lr: 0.00015 -> 1.4999999999999999e-05  (CosineAnnealing)
  Network: SIREN  omega_0=30.0
════════════════════════════════════════════════════════════════
  Epoch     1/4500  loss=3.6021e-01  lr=1.50e-04  (0.0s)

  Done in 44.6s | min loss = 1.6348e-05

    -> digits per seed=[3, 4, 4]  best_mean_relerr=3.354e-04  median_digits=4  (134.0s total)
[group 18/640] hidden=[128, 128, 128] omega0=30.0 lr=0.00015 N=1024 epochs=6500  (3 seeds)

════════════════════════════════════════════════════════════════
  Training: 6500 epochs | 1024 pts/set | 8 sets
  Per epoch: 8192 pts | device: cuda:0
  lr: 0.00015 -> 1.4999999999999999e-05  (CosineAnnealing)
  Network: SIREN  omega_0=30.0
════════════════════════════════════════════════════════════════
  Epoch     1/6500  loss=3.7510e-01  lr=1.50e-04  (0.0s)

  Done in 65.4s | min loss = 1.0320e-05


════════════════════════════════════════════════════════════════
  Training: 6500 epochs | 1024 pts/set | 8 sets
  Per epoch: 8192 pts | device: cuda:0
  lr: 0.00015 -> 1.4999999999999999e-05  (CosineAnnealing)
  Network: SIREN  omega_0=30.0
════════════════════════════════════════════════════════════════
  Epoch     1/6500  loss=3.7994e-01  lr=1.50e-04  (0.0s)

  Done in 71.8s | min loss = 1.0417e-05


════════════════════════════════════════════════════════════════
  Training: 6500 epochs | 1024 pts/set | 8 sets
  Per epoch: 8192 pts | device: cuda:0
  lr: 0.00015 -> 1.4999999999999999e-05  (CosineAnnealing)
  Network: SIREN  omega_0=30.0
════════════════════════════════════════════════════════════════
  Epoch     1/6500  loss=3.6021e-01  lr=1.50e-04  (0.0s)

  Done in 68.7s | min loss = 1.0565e-05

    -> digits per seed=[4, 4, 3]  best_mean_relerr=3.362e-04  median_digits=4  (206.0s total)
[group 19/640] hidden=[128, 128, 128] omega0=30.0 lr=0.00015 N=1024 epochs=10000  (3 seeds)

════════════════════════════════════════════════════════════════
  Training: 10000 epochs | 1024 pts/set | 8 sets
  Per epoch: 8192 pts | device: cuda:0
  lr: 0.00015 -> 1.4999999999999999e-05  (CosineAnnealing)
  Network: SIREN  omega_0=30.0
════════════════════════════════════════════════════════════════
  Epoch     1/10000  loss=3.7510e-01  lr=1.50e-04  (0.0s)

  Done in 106.7s | min loss = 6.6463e-06


════════════════════════════════════════════════════════════════
  Training: 10000 epochs | 1024 pts/set | 8 sets
  Per epoch: 8192 pts | device: cuda:0
  lr: 0.00015 -> 1.4999999999999999e-05  (CosineAnnealing)
  Network: SIREN  omega_0=30.0
════════════════════════════════════════════════════════════════
  Epoch     1/10000  loss=3.7994e-01  lr=1.50e-04  (0.0s)

  Done in 99.1s | min loss = 6.3515e-06


════════════════════════════════════════════════════════════════
  Training: 10000 epochs | 1024 pts/set | 8 sets
  Per epoch: 8192 pts | device: cuda:0
  lr: 0.00015 -> 1.4999999999999999e-05  (CosineAnnealing)
  Network: SIREN  omega_0=30.0
════════════════════════════════════════════════════════════════
  Epoch     1/10000  loss=3.6021e-01  lr=1.50e-04  (0.0s)

  Done in 100.7s | min loss = 6.7128e-06

    -> digits per seed=[4, 4, 4]  best_mean_relerr=2.348e-04  median_digits=4  (306.5s total)
[group 20/640] hidden=[128, 128, 128] omega0=30.0 lr=0.00015 N=1024 epochs=15000  (3 seeds)

════════════════════════════════════════════════════════════════
  Training: 15000 epochs | 1024 pts/set | 8 sets
  Per epoch: 8192 pts | device: cuda:0
  lr: 0.00015 -> 1.4999999999999999e-05  (CosineAnnealing)
  Network: SIREN  omega_0=30.0
════════════════════════════════════════════════════════════════
  Epoch     1/15000  loss=3.7510e-01  lr=1.50e-04  (0.0s)

  Done in 150.9s | min loss = 4.2950e-06


════════════════════════════════════════════════════════════════
  Training: 15000 epochs | 1024 pts/set | 8 sets
  Per epoch: 8192 pts | device: cuda:0
  lr: 0.00015 -> 1.4999999999999999e-05  (CosineAnnealing)
  Network: SIREN  omega_0=30.0
════════════════════════════════════════════════════════════════
  Epoch     1/15000  loss=3.7994e-01  lr=1.50e-04  (0.0s)

  Done in 150.3s | min loss = 4.6280e-06


════════════════════════════════════════════════════════════════
  Training: 15000 epochs | 1024 pts/set | 8 sets
  Per epoch: 8192 pts | device: cuda:0
  lr: 0.00015 -> 1.4999999999999999e-05  (CosineAnnealing)
  Network: SIREN  omega_0=30.0
════════════════════════════════════════════════════════════════
  Epoch     1/15000  loss=3.6021e-01  lr=1.50e-04  (0.0s)

  Done in 145.5s | min loss = 4.6032e-06

    -> digits per seed=[4, 4, 4]  best_mean_relerr=3.462e-04  median_digits=4  (446.7s total)
[group 21/640] hidden=[128, 128, 128] omega0=30.0 lr=0.0002 N=512 epochs=3000  (3 seeds)

════════════════════════════════════════════════════════════════
  Training: 3000 epochs | 512 pts/set | 8 sets
  Per epoch: 4096 pts | device: cuda:0
  lr: 0.0002 -> 2e-05  (CosineAnnealing)
  Network: SIREN  omega_0=30.0
════════════════════════════════════════════════════════════════
  Epoch     1/3000  loss=3.2168e-01  lr=2.00e-04  (0.0s)

  Done in 28.9s | min loss = 3.0181e-05


════════════════════════════════════════════════════════════════
  Training: 3000 epochs | 512 pts/set | 8 sets
  Per epoch: 4096 pts | device: cuda:0
  lr: 0.0002 -> 2e-05  (CosineAnnealing)
  Network: SIREN  omega_0=30.0
════════════════════════════════════════════════════════════════
  Epoch     1/3000  loss=4.1215e-01  lr=2.00e-04  (0.0s)

  Done in 28.7s | min loss = 2.8389e-05


════════════════════════════════════════════════════════════════
  Training: 3000 epochs | 512 pts/set | 8 sets
  Per epoch: 4096 pts | device: cuda:0
  lr: 0.0002 -> 2e-05  (CosineAnnealing)
  Network: SIREN  omega_0=30.0
════════════════════════════════════════════════════════════════
  Epoch     1/3000  loss=3.5682e-01  lr=2.00e-04  (0.0s)

  Done in 29.0s | min loss = 2.9382e-05

    -> digits per seed=[4, 4, 4]  best_mean_relerr=2.695e-04  median_digits=4  (86.7s total)
[group 22/640] hidden=[128, 128, 128] omega0=30.0 lr=0.0002 N=512 epochs=4500  (3 seeds)

════════════════════════════════════════════════════════════════
  Training: 4500 epochs | 512 pts/set | 8 sets
  Per epoch: 4096 pts | device: cuda:0
  lr: 0.0002 -> 2e-05  (CosineAnnealing)
  Network: SIREN  omega_0=30.0
════════════════════════════════════════════════════════════════
  Epoch     1/4500  loss=3.2168e-01  lr=2.00e-04  (0.0s)

  Done in 43.8s | min loss = 1.9922e-05


════════════════════════════════════════════════════════════════
  Training: 4500 epochs | 512 pts/set | 8 sets
  Per epoch: 4096 pts | device: cuda:0
  lr: 0.0002 -> 2e-05  (CosineAnnealing)
  Network: SIREN  omega_0=30.0
════════════════════════════════════════════════════════════════
  Epoch     1/4500  loss=4.1215e-01  lr=2.00e-04  (0.0s)

  Done in 44.4s | min loss = 1.8614e-05


════════════════════════════════════════════════════════════════
  Training: 4500 epochs | 512 pts/set | 8 sets
  Per epoch: 4096 pts | device: cuda:0
  lr: 0.0002 -> 2e-05  (CosineAnnealing)
  Network: SIREN  omega_0=30.0
════════════════════════════════════════════════════════════════
  Epoch     1/4500  loss=3.5682e-01  lr=2.00e-04  (0.0s)

  Done in 45.2s | min loss = 1.9262e-05

    -> digits per seed=[4, 4, 3]  best_mean_relerr=5.175e-04  median_digits=4  (133.5s total)
[group 23/640] hidden=[128, 128, 128] omega0=30.0 lr=0.0002 N=512 epochs=6500  (3 seeds)

════════════════════════════════════════════════════════════════
  Training: 6500 epochs | 512 pts/set | 8 sets
  Per epoch: 4096 pts | device: cuda:0
  lr: 0.0002 -> 2e-05  (CosineAnnealing)
  Network: SIREN  omega_0=30.0
════════════════════════════════════════════════════════════════
  Epoch     1/6500  loss=3.2168e-01  lr=2.00e-04  (0.0s)

  Done in 64.8s | min loss = 1.4252e-05


════════════════════════════════════════════════════════════════
  Training: 6500 epochs | 512 pts/set | 8 sets
  Per epoch: 4096 pts | device: cuda:0
  lr: 0.0002 -> 2e-05  (CosineAnnealing)
  Network: SIREN  omega_0=30.0
════════════════════════════════════════════════════════════════
  Epoch     1/6500  loss=4.1215e-01  lr=2.00e-04  (0.0s)

  Done in 64.9s | min loss = 1.3273e-05


════════════════════════════════════════════════════════════════
  Training: 6500 epochs | 512 pts/set | 8 sets
  Per epoch: 4096 pts | device: cuda:0
  lr: 0.0002 -> 2e-05  (CosineAnnealing)
  Network: SIREN  omega_0=30.0
════════════════════════════════════════════════════════════════
  Epoch     1/6500  loss=3.5682e-01  lr=2.00e-04  (0.0s)

  Done in 64.2s | min loss = 1.4847e-05

    -> digits per seed=[3, 4, 4]  best_mean_relerr=6.118e-04  median_digits=4  (193.9s total)
[group 24/640] hidden=[128, 128, 128] omega0=30.0 lr=0.0002 N=512 epochs=10000  (3 seeds)

════════════════════════════════════════════════════════════════
  Training: 10000 epochs | 512 pts/set | 8 sets
  Per epoch: 4096 pts | device: cuda:0
  lr: 0.0002 -> 2e-05  (CosineAnnealing)
  Network: SIREN  omega_0=30.0
════════════════════════════════════════════════════════════════
  Epoch     1/10000  loss=3.2168e-01  lr=2.00e-04  (0.0s)

  Done in 99.0s | min loss = 9.6230e-06


════════════════════════════════════════════════════════════════
  Training: 10000 epochs | 512 pts/set | 8 sets
  Per epoch: 4096 pts | device: cuda:0
  lr: 0.0002 -> 2e-05  (CosineAnnealing)
  Network: SIREN  omega_0=30.0
════════════════════════════════════════════════════════════════
  Epoch     1/10000  loss=4.1215e-01  lr=2.00e-04  (0.0s)

  Done in 98.0s | min loss = 1.0117e-05


════════════════════════════════════════════════════════════════
  Training: 10000 epochs | 512 pts/set | 8 sets
  Per epoch: 4096 pts | device: cuda:0
  lr: 0.0002 -> 2e-05  (CosineAnnealing)
  Network: SIREN  omega_0=30.0
════════════════════════════════════════════════════════════════
  Epoch     1/10000  loss=3.5682e-01  lr=2.00e-04  (0.0s)

  Done in 101.0s | min loss = 1.1748e-05

    -> digits per seed=[4, 3, 3]  best_mean_relerr=5.702e-04  median_digits=3  (298.1s total)
[group 25/640] hidden=[128, 128, 128] omega0=30.0 lr=0.0002 N=512 epochs=15000  (3 seeds)

════════════════════════════════════════════════════════════════
  Training: 15000 epochs | 512 pts/set | 8 sets
  Per epoch: 4096 pts | device: cuda:0
  lr: 0.0002 -> 2e-05  (CosineAnnealing)
  Network: SIREN  omega_0=30.0
════════════════════════════════════════════════════════════════
  Epoch     1/15000  loss=3.2168e-01  lr=2.00e-04  (0.0s)

  Done in 146.6s | min loss = 7.4761e-06


════════════════════════════════════════════════════════════════
  Training: 15000 epochs | 512 pts/set | 8 sets
  Per epoch: 4096 pts | device: cuda:0
  lr: 0.0002 -> 2e-05  (CosineAnnealing)
  Network: SIREN  omega_0=30.0
════════════════════════════════════════════════════════════════
  Epoch     1/15000  loss=4.1215e-01  lr=2.00e-04  (0.0s)

  Done in 148.2s | min loss = 7.0560e-06


════════════════════════════════════════════════════════════════
  Training: 15000 epochs | 512 pts/set | 8 sets
  Per epoch: 4096 pts | device: cuda:0
  lr: 0.0002 -> 2e-05  (CosineAnnealing)
  Network: SIREN  omega_0=30.0
════════════════════════════════════════════════════════════════
  Epoch     1/15000  loss=3.5682e-01  lr=2.00e-04  (0.0s)

  Done in 148.3s | min loss = 6.8128e-06

    -> digits per seed=[4, 4, 3]  best_mean_relerr=5.646e-04  median_digits=4  (443.1s total)
[group 26/640] hidden=[128, 128, 128] omega0=30.0 lr=0.0002 N=1024 epochs=3000  (3 seeds)

════════════════════════════════════════════════════════════════
  Training: 3000 epochs | 1024 pts/set | 8 sets
  Per epoch: 8192 pts | device: cuda:0
  lr: 0.0002 -> 2e-05  (CosineAnnealing)
  Network: SIREN  omega_0=30.0
════════════════════════════════════════════════════════════════
  Epoch     1/3000  loss=3.7510e-01  lr=2.00e-04  (0.0s)

  Done in 29.9s | min loss = 2.0210e-05


════════════════════════════════════════════════════════════════
  Training: 3000 epochs | 1024 pts/set | 8 sets
  Per epoch: 8192 pts | device: cuda:0
  lr: 0.0002 -> 2e-05  (CosineAnnealing)
  Network: SIREN  omega_0=30.0
════════════════════════════════════════════════════════════════
  Epoch     1/3000  loss=3.7994e-01  lr=2.00e-04  (0.0s)

  Done in 30.6s | min loss = 2.2066e-05


════════════════════════════════════════════════════════════════
  Training: 3000 epochs | 1024 pts/set | 8 sets
  Per epoch: 8192 pts | device: cuda:0
  lr: 0.0002 -> 2e-05  (CosineAnnealing)
  Network: SIREN  omega_0=30.0
════════════════════════════════════════════════════════════════
  Epoch     1/3000  loss=3.6021e-01  lr=2.00e-04  (0.0s)

  Done in 29.8s | min loss = 2.0636e-05

    -> digits per seed=[4, 4, 4]  best_mean_relerr=3.523e-04  median_digits=4  (90.2s total)
[group 27/640] hidden=[128, 128, 128] omega0=30.0 lr=0.0002 N=1024 epochs=4500  (3 seeds)

════════════════════════════════════════════════════════════════
  Training: 4500 epochs | 1024 pts/set | 8 sets
  Per epoch: 8192 pts | device: cuda:0
  lr: 0.0002 -> 2e-05  (CosineAnnealing)
  Network: SIREN  omega_0=30.0
════════════════════════════════════════════════════════════════
  Epoch     1/4500  loss=3.7510e-01  lr=2.00e-04  (0.0s)

  Done in 44.9s | min loss = 1.1817e-05


════════════════════════════════════════════════════════════════
  Training: 4500 epochs | 1024 pts/set | 8 sets
  Per epoch: 8192 pts | device: cuda:0
  lr: 0.0002 -> 2e-05  (CosineAnnealing)
  Network: SIREN  omega_0=30.0
════════════════════════════════════════════════════════════════
  Epoch     1/4500  loss=3.7994e-01  lr=2.00e-04  (0.0s)

  Done in 43.9s | min loss = 1.2580e-05


════════════════════════════════════════════════════════════════
  Training: 4500 epochs | 1024 pts/set | 8 sets
  Per epoch: 8192 pts | device: cuda:0
  lr: 0.0002 -> 2e-05  (CosineAnnealing)
  Network: SIREN  omega_0=30.0
════════════════════════════════════════════════════════════════
  Epoch     1/4500  loss=3.6021e-01  lr=2.00e-04  (0.0s)

  Done in 43.5s | min loss = 1.3211e-05

    -> digits per seed=[3, 4, 3]  best_mean_relerr=6.033e-04  median_digits=3  (132.2s total)
[group 28/640] hidden=[128, 128, 128] omega0=30.0 lr=0.0002 N=1024 epochs=6500  (3 seeds)

════════════════════════════════════════════════════════════════
  Training: 6500 epochs | 1024 pts/set | 8 sets
  Per epoch: 8192 pts | device: cuda:0
  lr: 0.0002 -> 2e-05  (CosineAnnealing)
  Network: SIREN  omega_0=30.0
════════════════════════════════════════════════════════════════
  Epoch     1/6500  loss=3.7510e-01  lr=2.00e-04  (0.0s)

  Done in 64.7s | min loss = 8.9060e-06


════════════════════════════════════════════════════════════════
  Training: 6500 epochs | 1024 pts/set | 8 sets
  Per epoch: 8192 pts | device: cuda:0
  lr: 0.0002 -> 2e-05  (CosineAnnealing)
  Network: SIREN  omega_0=30.0
════════════════════════════════════════════════════════════════
  Epoch     1/6500  loss=3.7994e-01  lr=2.00e-04  (0.0s)

  Done in 64.6s | min loss = 8.8260e-06


════════════════════════════════════════════════════════════════
  Training: 6500 epochs | 1024 pts/set | 8 sets
  Per epoch: 8192 pts | device: cuda:0
  lr: 0.0002 -> 2e-05  (CosineAnnealing)
  Network: SIREN  omega_0=30.0
════════════════════════════════════════════════════════════════
  Epoch     1/6500  loss=3.6021e-01  lr=2.00e-04  (0.0s)

  Done in 65.2s | min loss = 8.9619e-06

    -> digits per seed=[4, 3, 3]  best_mean_relerr=2.713e-04  median_digits=3  (194.5s total)
[group 29/640] hidden=[128, 128, 128] omega0=30.0 lr=0.0002 N=1024 epochs=10000  (3 seeds)

════════════════════════════════════════════════════════════════
  Training: 10000 epochs | 1024 pts/set | 8 sets
  Per epoch: 8192 pts | device: cuda:0
  lr: 0.0002 -> 2e-05  (CosineAnnealing)
  Network: SIREN  omega_0=30.0
════════════════════════════════════════════════════════════════
  Epoch     1/10000  loss=3.7510e-01  lr=2.00e-04  (0.0s)

  Done in 100.8s | min loss = 6.3722e-06


════════════════════════════════════════════════════════════════
  Training: 10000 epochs | 1024 pts/set | 8 sets
  Per epoch: 8192 pts | device: cuda:0
  lr: 0.0002 -> 2e-05  (CosineAnnealing)
  Network: SIREN  omega_0=30.0
════════════════════════════════════════════════════════════════
  Epoch     1/10000  loss=3.7994e-01  lr=2.00e-04  (0.0s)

  Done in 100.0s | min loss = 6.1643e-06


════════════════════════════════════════════════════════════════
  Training: 10000 epochs | 1024 pts/set | 8 sets
  Per epoch: 8192 pts | device: cuda:0
  lr: 0.0002 -> 2e-05  (CosineAnnealing)
  Network: SIREN  omega_0=30.0
════════════════════════════════════════════════════════════════
  Epoch     1/10000  loss=3.6021e-01  lr=2.00e-04  (0.0s)

  Done in 99.8s | min loss = 6.4050e-06

    -> digits per seed=[4, 3, 4]  best_mean_relerr=4.933e-04  median_digits=4  (300.6s total)
[group 30/640] hidden=[128, 128, 128] omega0=30.0 lr=0.0002 N=1024 epochs=15000  (3 seeds)

════════════════════════════════════════════════════════════════
  Training: 15000 epochs | 1024 pts/set | 8 sets
  Per epoch: 8192 pts | device: cuda:0
  lr: 0.0002 -> 2e-05  (CosineAnnealing)
  Network: SIREN  omega_0=30.0
════════════════════════════════════════════════════════════════
  Epoch     1/15000  loss=3.7510e-01  lr=2.00e-04  (0.0s)

  Done in 147.7s | min loss = 4.3800e-06


════════════════════════════════════════════════════════════════
  Training: 15000 epochs | 1024 pts/set | 8 sets
  Per epoch: 8192 pts | device: cuda:0
  lr: 0.0002 -> 2e-05  (CosineAnnealing)
  Network: SIREN  omega_0=30.0
════════════════════════════════════════════════════════════════
  Epoch     1/15000  loss=3.7994e-01  lr=2.00e-04  (0.0s)

  Done in 149.7s | min loss = 4.0252e-06


════════════════════════════════════════════════════════════════
  Training: 15000 epochs | 1024 pts/set | 8 sets
  Per epoch: 8192 pts | device: cuda:0
  lr: 0.0002 -> 2e-05  (CosineAnnealing)
  Network: SIREN  omega_0=30.0
════════════════════════════════════════════════════════════════
  Epoch     1/15000  loss=3.6021e-01  lr=2.00e-04  (0.0s)

  Done in 148.5s | min loss = 4.4633e-06

    -> digits per seed=[3, 3, 3]  best_mean_relerr=9.831e-04  median_digits=3  (445.8s total)
[group 31/640] hidden=[128, 128, 128] omega0=30.0 lr=0.0003 N=512 epochs=3000  (3 seeds)

════════════════════════════════════════════════════════════════
  Training: 3000 epochs | 512 pts/set | 8 sets
  Per epoch: 4096 pts | device: cuda:0
  lr: 0.0003 -> 2.9999999999999997e-05  (CosineAnnealing)
  Network: SIREN  omega_0=30.0
════════════════════════════════════════════════════════════════
  Epoch     1/3000  loss=3.2168e-01  lr=3.00e-04  (0.0s)

  Done in 29.6s | min loss = 2.3282e-05


════════════════════════════════════════════════════════════════
  Training: 3000 epochs | 512 pts/set | 8 sets
  Per epoch: 4096 pts | device: cuda:0
  lr: 0.0003 -> 2.9999999999999997e-05  (CosineAnnealing)
  Network: SIREN  omega_0=30.0
════════════════════════════════════════════════════════════════
  Epoch     1/3000  loss=4.1215e-01  lr=3.00e-04  (0.0s)

  Done in 29.8s | min loss = 2.3105e-05


════════════════════════════════════════════════════════════════
  Training: 3000 epochs | 512 pts/set | 8 sets
  Per epoch: 4096 pts | device: cuda:0
  lr: 0.0003 -> 2.9999999999999997e-05  (CosineAnnealing)
  Network: SIREN  omega_0=30.0
════════════════════════════════════════════════════════════════
  Epoch     1/3000  loss=3.5682e-01  lr=3.00e-04  (0.0s)

  Done in 29.8s | min loss = 2.4098e-05

    -> digits per seed=[4, 3, 4]  best_mean_relerr=3.159e-04  median_digits=4  (89.2s total)
[group 32/640] hidden=[128, 128, 128] omega0=30.0 lr=0.0003 N=512 epochs=4500  (3 seeds)

════════════════════════════════════════════════════════════════
  Training: 4500 epochs | 512 pts/set | 8 sets
  Per epoch: 4096 pts | device: cuda:0
  lr: 0.0003 -> 2.9999999999999997e-05  (CosineAnnealing)
  Network: SIREN  omega_0=30.0
════════════════════════════════════════════════════════════════
  Epoch     1/4500  loss=3.2168e-01  lr=3.00e-04  (0.0s)

  Done in 44.3s | min loss = 1.6161e-05


════════════════════════════════════════════════════════════════
  Training: 4500 epochs | 512 pts/set | 8 sets
  Per epoch: 4096 pts | device: cuda:0
  lr: 0.0003 -> 2.9999999999999997e-05  (CosineAnnealing)
  Network: SIREN  omega_0=30.0
════════════════════════════════════════════════════════════════
  Epoch     1/4500  loss=4.1215e-01  lr=3.00e-04  (0.0s)

  Done in 54.9s | min loss = 1.5101e-05


════════════════════════════════════════════════════════════════
  Training: 4500 epochs | 512 pts/set | 8 sets
  Per epoch: 4096 pts | device: cuda:0
  lr: 0.0003 -> 2.9999999999999997e-05  (CosineAnnealing)
  Network: SIREN  omega_0=30.0
════════════════════════════════════════════════════════════════
  Epoch     1/4500  loss=3.5682e-01  lr=3.00e-04  (0.0s)

  Done in 51.4s | min loss = 1.6715e-05

    -> digits per seed=[3, 3, 3]  best_mean_relerr=5.681e-04  median_digits=3  (150.5s total)
[group 33/640] hidden=[128, 128, 128] omega0=30.0 lr=0.0003 N=512 epochs=6500  (3 seeds)

════════════════════════════════════════════════════════════════
  Training: 6500 epochs | 512 pts/set | 8 sets
  Per epoch: 4096 pts | device: cuda:0
  lr: 0.0003 -> 2.9999999999999997e-05  (CosineAnnealing)
  Network: SIREN  omega_0=30.0
════════════════════════════════════════════════════════════════
  Epoch     1/6500  loss=3.2168e-01  lr=3.00e-04  (0.0s)

  Done in 65.6s | min loss = 1.1561e-05


════════════════════════════════════════════════════════════════
  Training: 6500 epochs | 512 pts/set | 8 sets
  Per epoch: 4096 pts | device: cuda:0
  lr: 0.0003 -> 2.9999999999999997e-05  (CosineAnnealing)
  Network: SIREN  omega_0=30.0
════════════════════════════════════════════════════════════════
  Epoch     1/6500  loss=4.1215e-01  lr=3.00e-04  (0.0s)

  Done in 66.3s | min loss = 1.0678e-05


════════════════════════════════════════════════════════════════
  Training: 6500 epochs | 512 pts/set | 8 sets
  Per epoch: 4096 pts | device: cuda:0
  lr: 0.0003 -> 2.9999999999999997e-05  (CosineAnnealing)
  Network: SIREN  omega_0=30.0
════════════════════════════════════════════════════════════════
  Epoch     1/6500  loss=3.5682e-01  lr=3.00e-04  (0.0s)

  Done in 64.8s | min loss = 1.1756e-05

    -> digits per seed=[3, 4, 4]  best_mean_relerr=3.394e-04  median_digits=4  (196.6s total)
[group 34/640] hidden=[128, 128, 128] omega0=30.0 lr=0.0003 N=512 epochs=10000  (3 seeds)

════════════════════════════════════════════════════════════════
  Training: 10000 epochs | 512 pts/set | 8 sets
  Per epoch: 4096 pts | device: cuda:0
  lr: 0.0003 -> 2.9999999999999997e-05  (CosineAnnealing)
  Network: SIREN  omega_0=30.0
════════════════════════════════════════════════════════════════
  Epoch     1/10000  loss=3.2168e-01  lr=3.00e-04  (0.0s)

  Done in 99.3s | min loss = 9.3846e-06


════════════════════════════════════════════════════════════════
  Training: 10000 epochs | 512 pts/set | 8 sets
  Per epoch: 4096 pts | device: cuda:0
  lr: 0.0003 -> 2.9999999999999997e-05  (CosineAnnealing)
  Network: SIREN  omega_0=30.0
════════════════════════════════════════════════════════════════
  Epoch     1/10000  loss=4.1215e-01  lr=3.00e-04  (0.0s)

  Done in 100.4s | min loss = 7.9149e-06


════════════════════════════════════════════════════════════════
  Training: 10000 epochs | 512 pts/set | 8 sets
  Per epoch: 4096 pts | device: cuda:0
  lr: 0.0003 -> 2.9999999999999997e-05  (CosineAnnealing)
  Network: SIREN  omega_0=30.0
════════════════════════════════════════════════════════════════
  Epoch     1/10000  loss=3.5682e-01  lr=3.00e-04  (0.0s)

  Done in 98.9s | min loss = 1.0377e-05

    -> digits per seed=[3, 3, 3]  best_mean_relerr=2.533e-03  median_digits=3  (298.6s total)
[group 35/640] hidden=[128, 128, 128] omega0=30.0 lr=0.0003 N=512 epochs=15000  (3 seeds)

════════════════════════════════════════════════════════════════
  Training: 15000 epochs | 512 pts/set | 8 sets
  Per epoch: 4096 pts | device: cuda:0
  lr: 0.0003 -> 2.9999999999999997e-05  (CosineAnnealing)
  Network: SIREN  omega_0=30.0
════════════════════════════════════════════════════════════════
  Epoch     1/15000  loss=3.2168e-01  lr=3.00e-04  (0.0s)

  Done in 150.3s | min loss = 7.9561e-06


════════════════════════════════════════════════════════════════
  Training: 15000 epochs | 512 pts/set | 8 sets
  Per epoch: 4096 pts | device: cuda:0
  lr: 0.0003 -> 2.9999999999999997e-05  (CosineAnnealing)
  Network: SIREN  omega_0=30.0
════════════════════════════════════════════════════════════════
  Epoch     1/15000  loss=4.1215e-01  lr=3.00e-04  (0.0s)

  Done in 148.2s | min loss = 8.3652e-06


════════════════════════════════════════════════════════════════
  Training: 15000 epochs | 512 pts/set | 8 sets
  Per epoch: 4096 pts | device: cuda:0
  lr: 0.0003 -> 2.9999999999999997e-05  (CosineAnnealing)
  Network: SIREN  omega_0=30.0
════════════════════════════════════════════════════════════════
  Epoch     1/15000  loss=3.5682e-01  lr=3.00e-04  (0.0s)

  Done in 149.6s | min loss = 7.7697e-06

    -> digits per seed=[3, 3, 3]  best_mean_relerr=1.528e-03  median_digits=3  (448.1s total)
[group 36/640] hidden=[128, 128, 128] omega0=30.0 lr=0.0003 N=1024 epochs=3000  (3 seeds)

════════════════════════════════════════════════════════════════
  Training: 3000 epochs | 1024 pts/set | 8 sets
  Per epoch: 8192 pts | device: cuda:0
  lr: 0.0003 -> 2.9999999999999997e-05  (CosineAnnealing)
  Network: SIREN  omega_0=30.0
════════════════════════════════════════════════════════════════
  Epoch     1/3000  loss=3.7510e-01  lr=3.00e-04  (0.0s)

  Done in 30.0s | min loss = 1.6514e-05


════════════════════════════════════════════════════════════════
  Training: 3000 epochs | 1024 pts/set | 8 sets
  Per epoch: 8192 pts | device: cuda:0
  lr: 0.0003 -> 2.9999999999999997e-05  (CosineAnnealing)
  Network: SIREN  omega_0=30.0
════════════════════════════════════════════════════════════════
  Epoch     1/3000  loss=3.7994e-01  lr=3.00e-04  (0.0s)

  Done in 30.0s | min loss = 1.7211e-05


════════════════════════════════════════════════════════════════
  Training: 3000 epochs | 1024 pts/set | 8 sets
  Per epoch: 8192 pts | device: cuda:0
  lr: 0.0003 -> 2.9999999999999997e-05  (CosineAnnealing)
  Network: SIREN  omega_0=30.0
════════════════════════════════════════════════════════════════
  Epoch     1/3000  loss=3.6021e-01  lr=3.00e-04  (0.0s)

  Done in 30.6s | min loss = 1.6458e-05

    -> digits per seed=[4, 3, 3]  best_mean_relerr=3.347e-04  median_digits=3  (90.7s total)
[group 37/640] hidden=[128, 128, 128] omega0=30.0 lr=0.0003 N=1024 epochs=4500  (3 seeds)

════════════════════════════════════════════════════════════════
  Training: 4500 epochs | 1024 pts/set | 8 sets
  Per epoch: 8192 pts | device: cuda:0
  lr: 0.0003 -> 2.9999999999999997e-05  (CosineAnnealing)
  Network: SIREN  omega_0=30.0
════════════════════════════════════════════════════════════════
  Epoch     1/4500  loss=3.7510e-01  lr=3.00e-04  (0.0s)

  Done in 45.4s | min loss = 1.0080e-05


════════════════════════════════════════════════════════════════
  Training: 4500 epochs | 1024 pts/set | 8 sets
  Per epoch: 8192 pts | device: cuda:0
  lr: 0.0003 -> 2.9999999999999997e-05  (CosineAnnealing)
  Network: SIREN  omega_0=30.0
════════════════════════════════════════════════════════════════
  Epoch     1/4500  loss=3.7994e-01  lr=3.00e-04  (0.0s)

  Done in 44.1s | min loss = 1.0332e-05


════════════════════════════════════════════════════════════════
  Training: 4500 epochs | 1024 pts/set | 8 sets
  Per epoch: 8192 pts | device: cuda:0
  lr: 0.0003 -> 2.9999999999999997e-05  (CosineAnnealing)
  Network: SIREN  omega_0=30.0
════════════════════════════════════════════════════════════════
  Epoch     1/4500  loss=3.6021e-01  lr=3.00e-04  (0.0s)

  Done in 44.6s | min loss = 1.0118e-05

    -> digits per seed=[3, 4, 4]  best_mean_relerr=5.877e-04  median_digits=4  (134.1s total)
[group 38/640] hidden=[128, 128, 128] omega0=30.0 lr=0.0003 N=1024 epochs=6500  (3 seeds)

════════════════════════════════════════════════════════════════
  Training: 6500 epochs | 1024 pts/set | 8 sets
  Per epoch: 8192 pts | device: cuda:0
  lr: 0.0003 -> 2.9999999999999997e-05  (CosineAnnealing)
  Network: SIREN  omega_0=30.0
════════════════════════════════════════════════════════════════
  Epoch     1/6500  loss=3.7510e-01  lr=3.00e-04  (0.0s)

  Done in 64.8s | min loss = 7.2730e-06


════════════════════════════════════════════════════════════════
  Training: 6500 epochs | 1024 pts/set | 8 sets
  Per epoch: 8192 pts | device: cuda:0
  lr: 0.0003 -> 2.9999999999999997e-05  (CosineAnnealing)
  Network: SIREN  omega_0=30.0
════════════════════════════════════════════════════════════════
  Epoch     1/6500  loss=3.7994e-01  lr=3.00e-04  (0.0s)

  Done in 66.2s | min loss = 7.2595e-06


════════════════════════════════════════════════════════════════
  Training: 6500 epochs | 1024 pts/set | 8 sets
  Per epoch: 8192 pts | device: cuda:0
  lr: 0.0003 -> 2.9999999999999997e-05  (CosineAnnealing)
  Network: SIREN  omega_0=30.0
════════════════════════════════════════════════════════════════
  Epoch     1/6500  loss=3.6021e-01  lr=3.00e-04  (0.0s)

  Done in 66.3s | min loss = 7.3618e-06

    -> digits per seed=[3, 3, 3]  best_mean_relerr=1.326e-03  median_digits=3  (197.3s total)
[group 39/640] hidden=[128, 128, 128] omega0=30.0 lr=0.0003 N=1024 epochs=10000  (3 seeds)

════════════════════════════════════════════════════════════════
  Training: 10000 epochs | 1024 pts/set | 8 sets
  Per epoch: 8192 pts | device: cuda:0
  lr: 0.0003 -> 2.9999999999999997e-05  (CosineAnnealing)
  Network: SIREN  omega_0=30.0
════════════════════════════════════════════════════════════════
  Epoch     1/10000  loss=3.7510e-01  lr=3.00e-04  (0.0s)

  Done in 102.0s | min loss = 5.6983e-06


════════════════════════════════════════════════════════════════
  Training: 10000 epochs | 1024 pts/set | 8 sets
  Per epoch: 8192 pts | device: cuda:0
  lr: 0.0003 -> 2.9999999999999997e-05  (CosineAnnealing)
  Network: SIREN  omega_0=30.0
════════════════════════════════════════════════════════════════
  Epoch     1/10000  loss=3.7994e-01  lr=3.00e-04  (0.0s)

  Done in 99.0s | min loss = 6.1496e-06


════════════════════════════════════════════════════════════════
  Training: 10000 epochs | 1024 pts/set | 8 sets
  Per epoch: 8192 pts | device: cuda:0
  lr: 0.0003 -> 2.9999999999999997e-05  (CosineAnnealing)
  Network: SIREN  omega_0=30.0
════════════════════════════════════════════════════════════════
  Epoch     1/10000  loss=3.6021e-01  lr=3.00e-04  (0.0s)

  Done in 99.7s | min loss = 5.6581e-06

    -> digits per seed=[3, 3, 3]  best_mean_relerr=8.769e-04  median_digits=3  (300.7s total)
[group 40/640] hidden=[128, 128, 128] omega0=30.0 lr=0.0003 N=1024 epochs=15000  (3 seeds)

════════════════════════════════════════════════════════════════
  Training: 15000 epochs | 1024 pts/set | 8 sets
  Per epoch: 8192 pts | device: cuda:0
  lr: 0.0003 -> 2.9999999999999997e-05  (CosineAnnealing)
  Network: SIREN  omega_0=30.0
════════════════════════════════════════════════════════════════
  Epoch     1/15000  loss=3.7510e-01  lr=3.00e-04  (0.0s)

  Done in 150.3s | min loss = 4.1627e-06


════════════════════════════════════════════════════════════════
  Training: 15000 epochs | 1024 pts/set | 8 sets
  Per epoch: 8192 pts | device: cuda:0
  lr: 0.0003 -> 2.9999999999999997e-05  (CosineAnnealing)
  Network: SIREN  omega_0=30.0
════════════════════════════════════════════════════════════════
  Epoch     1/15000  loss=3.7994e-01  lr=3.00e-04  (0.0s)

  Done in 152.1s | min loss = 4.6527e-06


════════════════════════════════════════════════════════════════
  Training: 15000 epochs | 1024 pts/set | 8 sets
  Per epoch: 8192 pts | device: cuda:0
  lr: 0.0003 -> 2.9999999999999997e-05  (CosineAnnealing)
  Network: SIREN  omega_0=30.0
════════════════════════════════════════════════════════════════
  Epoch     1/15000  loss=3.6021e-01  lr=3.00e-04  (0.0s)

  Done in 151.0s | min loss = 4.9962e-06

    -> digits per seed=[3, 3, 3]  best_mean_relerr=1.105e-03  median_digits=3  (453.4s total)
[group 41/640] hidden=[128, 128, 128] omega0=37.5 lr=0.0001 N=512 epochs=3000  (3 seeds)

════════════════════════════════════════════════════════════════
  Training: 3000 epochs | 512 pts/set | 8 sets
  Per epoch: 4096 pts | device: cuda:0
  lr: 0.0001 -> 1e-05  (CosineAnnealing)
  Network: SIREN  omega_0=37.5
════════════════════════════════════════════════════════════════
  Epoch     1/3000  loss=3.2168e-01  lr=1.00e-04  (0.0s)

  Done in 31.1s | min loss = 4.1836e-05


════════════════════════════════════════════════════════════════
  Training: 3000 epochs | 512 pts/set | 8 sets
  Per epoch: 4096 pts | device: cuda:0
  lr: 0.0001 -> 1e-05  (CosineAnnealing)
  Network: SIREN  omega_0=37.5
════════════════════════════════════════════════════════════════
  Epoch     1/3000  loss=4.1215e-01  lr=1.00e-04  (0.0s)

  Done in 30.0s | min loss = 4.7699e-05


════════════════════════════════════════════════════════════════
  Training: 3000 epochs | 512 pts/set | 8 sets
  Per epoch: 4096 pts | device: cuda:0
  lr: 0.0001 -> 1e-05  (CosineAnnealing)
  Network: SIREN  omega_0=37.5
════════════════════════════════════════════════════════════════
  Epoch     1/3000  loss=3.5682e-01  lr=1.00e-04  (0.0s)

  Done in 30.2s | min loss = 4.6600e-05

    -> digits per seed=[4, 4, 4]  best_mean_relerr=3.597e-04  median_digits=4  (91.2s total)
[group 42/640] hidden=[128, 128, 128] omega0=37.5 lr=0.0001 N=512 epochs=4500  (3 seeds)

════════════════════════════════════════════════════════════════
  Training: 4500 epochs | 512 pts/set | 8 sets
  Per epoch: 4096 pts | device: cuda:0
  lr: 0.0001 -> 1e-05  (CosineAnnealing)
  Network: SIREN  omega_0=37.5
════════════════════════════════════════════════════════════════
  Epoch     1/4500  loss=3.2168e-01  lr=1.00e-04  (0.0s)

  Done in 45.0s | min loss = 2.6516e-05


════════════════════════════════════════════════════════════════
  Training: 4500 epochs | 512 pts/set | 8 sets
  Per epoch: 4096 pts | device: cuda:0
  lr: 0.0001 -> 1e-05  (CosineAnnealing)
  Network: SIREN  omega_0=37.5
════════════════════════════════════════════════════════════════
  Epoch     1/4500  loss=4.1215e-01  lr=1.00e-04  (0.0s)

  Done in 45.6s | min loss = 2.8096e-05


════════════════════════════════════════════════════════════════
  Training: 4500 epochs | 512 pts/set | 8 sets
  Per epoch: 4096 pts | device: cuda:0
  lr: 0.0001 -> 1e-05  (CosineAnnealing)
  Network: SIREN  omega_0=37.5
════════════════════════════════════════════════════════════════
  Epoch     1/4500  loss=3.5682e-01  lr=1.00e-04  (0.0s)

  Done in 45.2s | min loss = 2.9369e-05

    -> digits per seed=[4, 3, 4]  best_mean_relerr=2.276e-04  median_digits=4  (135.7s total)
[group 43/640] hidden=[128, 128, 128] omega0=37.5 lr=0.0001 N=512 epochs=6500  (3 seeds)

════════════════════════════════════════════════════════════════
  Training: 6500 epochs | 512 pts/set | 8 sets
  Per epoch: 4096 pts | device: cuda:0
  lr: 0.0001 -> 1e-05  (CosineAnnealing)
  Network: SIREN  omega_0=37.5
════════════════════════════════════════════════════════════════
  Epoch     1/6500  loss=3.2168e-01  lr=1.00e-04  (0.0s)

  Done in 64.8s | min loss = 1.7998e-05


════════════════════════════════════════════════════════════════
  Training: 6500 epochs | 512 pts/set | 8 sets
  Per epoch: 4096 pts | device: cuda:0
  lr: 0.0001 -> 1e-05  (CosineAnnealing)
  Network: SIREN  omega_0=37.5
════════════════════════════════════════════════════════════════
  Epoch     1/6500  loss=4.1215e-01  lr=1.00e-04  (0.0s)

  Done in 65.2s | min loss = 1.7996e-05


════════════════════════════════════════════════════════════════
  Training: 6500 epochs | 512 pts/set | 8 sets
  Per epoch: 4096 pts | device: cuda:0
  lr: 0.0001 -> 1e-05  (CosineAnnealing)
  Network: SIREN  omega_0=37.5
════════════════════════════════════════════════════════════════
  Epoch     1/6500  loss=3.5682e-01  lr=1.00e-04  (0.0s)

  Done in 64.2s | min loss = 1.9379e-05

    -> digits per seed=[4, 4, 4]  best_mean_relerr=3.790e-04  median_digits=4  (194.2s total)
[group 44/640] hidden=[128, 128, 128] omega0=37.5 lr=0.0001 N=512 epochs=10000  (3 seeds)

════════════════════════════════════════════════════════════════
  Training: 10000 epochs | 512 pts/set | 8 sets
  Per epoch: 4096 pts | device: cuda:0
  lr: 0.0001 -> 1e-05  (CosineAnnealing)
  Network: SIREN  omega_0=37.5
════════════════════════════════════════════════════════════════
  Epoch     1/10000  loss=3.2168e-01  lr=1.00e-04  (0.0s)

  Done in 101.8s | min loss = 1.0641e-05


════════════════════════════════════════════════════════════════
  Training: 10000 epochs | 512 pts/set | 8 sets
  Per epoch: 4096 pts | device: cuda:0
  lr: 0.0001 -> 1e-05  (CosineAnnealing)
  Network: SIREN  omega_0=37.5
════════════════════════════════════════════════════════════════
  Epoch     1/10000  loss=4.1215e-01  lr=1.00e-04  (0.0s)

  Done in 101.5s | min loss = 1.1178e-05


════════════════════════════════════════════════════════════════
  Training: 10000 epochs | 512 pts/set | 8 sets
  Per epoch: 4096 pts | device: cuda:0
  lr: 0.0001 -> 1e-05  (CosineAnnealing)
  Network: SIREN  omega_0=37.5
════════════════════════════════════════════════════════════════
  Epoch     1/10000  loss=3.5682e-01  lr=1.00e-04  (0.0s)

  Done in 99.6s | min loss = 1.3422e-05

    -> digits per seed=[3, 3, 3]  best_mean_relerr=8.737e-04  median_digits=3  (303.0s total)
[group 45/640] hidden=[128, 128, 128] omega0=37.5 lr=0.0001 N=512 epochs=15000  (3 seeds)

════════════════════════════════════════════════════════════════
  Training: 15000 epochs | 512 pts/set | 8 sets
  Per epoch: 4096 pts | device: cuda:0
  lr: 0.0001 -> 1e-05  (CosineAnnealing)
  Network: SIREN  omega_0=37.5
════════════════════════════════════════════════════════════════
  Epoch     1/15000  loss=3.2168e-01  lr=1.00e-04  (0.0s)

  Done in 152.8s | min loss = 7.4190e-06


════════════════════════════════════════════════════════════════
  Training: 15000 epochs | 512 pts/set | 8 sets
  Per epoch: 4096 pts | device: cuda:0
  lr: 0.0001 -> 1e-05  (CosineAnnealing)
  Network: SIREN  omega_0=37.5
════════════════════════════════════════════════════════════════
  Epoch     1/15000  loss=4.1215e-01  lr=1.00e-04  (0.0s)

  Done in 151.8s | min loss = 8.3947e-06


════════════════════════════════════════════════════════════════
  Training: 15000 epochs | 512 pts/set | 8 sets
  Per epoch: 4096 pts | device: cuda:0
  lr: 0.0001 -> 1e-05  (CosineAnnealing)
  Network: SIREN  omega_0=37.5
════════════════════════════════════════════════════════════════
  Epoch     1/15000  loss=3.5682e-01  lr=1.00e-04  (0.0s)

  Done in 152.5s | min loss = 7.9605e-06

    -> digits per seed=[4, 3, 3]  best_mean_relerr=3.793e-04  median_digits=3  (457.1s total)
[group 46/640] hidden=[128, 128, 128] omega0=37.5 lr=0.0001 N=1024 epochs=3000  (3 seeds)

════════════════════════════════════════════════════════════════
  Training: 3000 epochs | 1024 pts/set | 8 sets
  Per epoch: 8192 pts | device: cuda:0
  lr: 0.0001 -> 1e-05  (CosineAnnealing)
  Network: SIREN  omega_0=37.5
════════════════════════════════════════════════════════════════
  Epoch     1/3000  loss=3.7510e-01  lr=1.00e-04  (0.0s)

  Done in 30.3s | min loss = 3.3942e-05


════════════════════════════════════════════════════════════════
  Training: 3000 epochs | 1024 pts/set | 8 sets
  Per epoch: 8192 pts | device: cuda:0
  lr: 0.0001 -> 1e-05  (CosineAnnealing)
  Network: SIREN  omega_0=37.5
════════════════════════════════════════════════════════════════
  Epoch     1/3000  loss=3.7994e-01  lr=1.00e-04  (0.0s)

  Done in 31.1s | min loss = 3.2792e-05


════════════════════════════════════════════════════════════════
  Training: 3000 epochs | 1024 pts/set | 8 sets
  Per epoch: 8192 pts | device: cuda:0
  lr: 0.0001 -> 1e-05  (CosineAnnealing)
  Network: SIREN  omega_0=37.5
════════════════════════════════════════════════════════════════
  Epoch     1/3000  loss=3.6021e-01  lr=1.00e-04  (0.0s)

  Done in 30.6s | min loss = 3.5065e-05

    -> digits per seed=[4, 4, 4]  best_mean_relerr=2.457e-04  median_digits=4  (92.0s total)
[group 47/640] hidden=[128, 128, 128] omega0=37.5 lr=0.0001 N=1024 epochs=4500  (3 seeds)

════════════════════════════════════════════════════════════════
  Training: 4500 epochs | 1024 pts/set | 8 sets
  Per epoch: 8192 pts | device: cuda:0
  lr: 0.0001 -> 1e-05  (CosineAnnealing)
  Network: SIREN  omega_0=37.5
════════════════════════════════════════════════════════════════
  Epoch     1/4500  loss=3.7510e-01  lr=1.00e-04  (0.0s)

  Done in 46.4s | min loss = 1.9373e-05


════════════════════════════════════════════════════════════════
  Training: 4500 epochs | 1024 pts/set | 8 sets
  Per epoch: 8192 pts | device: cuda:0
  lr: 0.0001 -> 1e-05  (CosineAnnealing)
  Network: SIREN  omega_0=37.5
════════════════════════════════════════════════════════════════
  Epoch     1/4500  loss=3.7994e-01  lr=1.00e-04  (0.0s)

  Done in 45.4s | min loss = 1.9717e-05


════════════════════════════════════════════════════════════════
  Training: 4500 epochs | 1024 pts/set | 8 sets
  Per epoch: 8192 pts | device: cuda:0
  lr: 0.0001 -> 1e-05  (CosineAnnealing)
  Network: SIREN  omega_0=37.5
════════════════════════════════════════════════════════════════
  Epoch     1/4500  loss=3.6021e-01  lr=1.00e-04  (0.0s)

  Done in 44.9s | min loss = 2.1303e-05

    -> digits per seed=[4, 4, 4]  best_mean_relerr=2.920e-04  median_digits=4  (136.7s total)
[group 48/640] hidden=[128, 128, 128] omega0=37.5 lr=0.0001 N=1024 epochs=6500  (3 seeds)

════════════════════════════════════════════════════════════════
  Training: 6500 epochs | 1024 pts/set | 8 sets
  Per epoch: 8192 pts | device: cuda:0
  lr: 0.0001 -> 1e-05  (CosineAnnealing)
  Network: SIREN  omega_0=37.5
════════════════════════════════════════════════════════════════
  Epoch     1/6500  loss=3.7510e-01  lr=1.00e-04  (0.0s)

  Done in 64.1s | min loss = 1.2897e-05


════════════════════════════════════════════════════════════════
  Training: 6500 epochs | 1024 pts/set | 8 sets
  Per epoch: 8192 pts | device: cuda:0
  lr: 0.0001 -> 1e-05  (CosineAnnealing)
  Network: SIREN  omega_0=37.5
════════════════════════════════════════════════════════════════
  Epoch     1/6500  loss=3.7994e-01  lr=1.00e-04  (0.0s)

  Done in 66.1s | min loss = 1.3219e-05


════════════════════════════════════════════════════════════════
  Training: 6500 epochs | 1024 pts/set | 8 sets
  Per epoch: 8192 pts | device: cuda:0
  lr: 0.0001 -> 1e-05  (CosineAnnealing)
  Network: SIREN  omega_0=37.5
════════════════════════════════════════════════════════════════
  Epoch     1/6500  loss=3.6021e-01  lr=1.00e-04  (0.0s)

  Done in 64.3s | min loss = 1.3216e-05

    -> digits per seed=[4, 4, 3]  best_mean_relerr=2.635e-04  median_digits=4  (194.5s total)
[group 49/640] hidden=[128, 128, 128] omega0=37.5 lr=0.0001 N=1024 epochs=10000  (3 seeds)

════════════════════════════════════════════════════════════════
  Training: 10000 epochs | 1024 pts/set | 8 sets
  Per epoch: 8192 pts | device: cuda:0
  lr: 0.0001 -> 1e-05  (CosineAnnealing)
  Network: SIREN  omega_0=37.5
════════════════════════════════════════════════════════════════
  Epoch     1/10000  loss=3.7510e-01  lr=1.00e-04  (0.0s)

  Done in 100.6s | min loss = 7.7638e-06


════════════════════════════════════════════════════════════════
  Training: 10000 epochs | 1024 pts/set | 8 sets
  Per epoch: 8192 pts | device: cuda:0
  lr: 0.0001 -> 1e-05  (CosineAnnealing)
  Network: SIREN  omega_0=37.5
════════════════════════════════════════════════════════════════
  Epoch     1/10000  loss=3.7994e-01  lr=1.00e-04  (0.0s)

  Done in 103.2s | min loss = 8.1091e-06


════════════════════════════════════════════════════════════════
  Training: 10000 epochs | 1024 pts/set | 8 sets
  Per epoch: 8192 pts | device: cuda:0
  lr: 0.0001 -> 1e-05  (CosineAnnealing)
  Network: SIREN  omega_0=37.5
════════════════════════════════════════════════════════════════
  Epoch     1/10000  loss=3.6021e-01  lr=1.00e-04  (0.0s)

  Done in 101.8s | min loss = 8.7784e-06

    -> digits per seed=[4, 4, 4]  best_mean_relerr=3.072e-04  median_digits=4  (305.5s total)
[group 50/640] hidden=[128, 128, 128] omega0=37.5 lr=0.0001 N=1024 epochs=15000  (3 seeds)

════════════════════════════════════════════════════════════════
  Training: 15000 epochs | 1024 pts/set | 8 sets
  Per epoch: 8192 pts | device: cuda:0
  lr: 0.0001 -> 1e-05  (CosineAnnealing)
  Network: SIREN  omega_0=37.5
════════════════════════════════════════════════════════════════
  Epoch     1/15000  loss=3.7510e-01  lr=1.00e-04  (0.0s)

  Done in 163.6s | min loss = 4.4560e-06


════════════════════════════════════════════════════════════════
  Training: 15000 epochs | 1024 pts/set | 8 sets
  Per epoch: 8192 pts | device: cuda:0
  lr: 0.0001 -> 1e-05  (CosineAnnealing)
  Network: SIREN  omega_0=37.5
════════════════════════════════════════════════════════════════
  Epoch     1/15000  loss=3.7994e-01  lr=1.00e-04  (0.0s)

  Done in 152.3s | min loss = 4.9451e-06


════════════════════════════════════════════════════════════════
  Training: 15000 epochs | 1024 pts/set | 8 sets
  Per epoch: 8192 pts | device: cuda:0
  lr: 0.0001 -> 1e-05  (CosineAnnealing)
  Network: SIREN  omega_0=37.5
════════════════════════════════════════════════════════════════
  Epoch     1/15000  loss=3.6021e-01  lr=1.00e-04  (0.0s)

  Done in 162.2s | min loss = 5.2201e-06

    -> digits per seed=[4, 3, 4]  best_mean_relerr=3.935e-04  median_digits=4  (478.1s total)
[group 51/640] hidden=[128, 128, 128] omega0=37.5 lr=0.00015 N=512 epochs=3000  (3 seeds)

════════════════════════════════════════════════════════════════
  Training: 3000 epochs | 512 pts/set | 8 sets
  Per epoch: 4096 pts | device: cuda:0
  lr: 0.00015 -> 1.4999999999999999e-05  (CosineAnnealing)
  Network: SIREN  omega_0=37.5
════════════════════════════════════════════════════════════════
  Epoch     1/3000  loss=3.2168e-01  lr=1.50e-04  (0.0s)

  Done in 29.0s | min loss = 3.2144e-05


════════════════════════════════════════════════════════════════
  Training: 3000 epochs | 512 pts/set | 8 sets
  Per epoch: 4096 pts | device: cuda:0
  lr: 0.00015 -> 1.4999999999999999e-05  (CosineAnnealing)
  Network: SIREN  omega_0=37.5
════════════════════════════════════════════════════════════════
  Epoch     1/3000  loss=4.1215e-01  lr=1.50e-04  (0.0s)

  Done in 29.5s | min loss = 3.4592e-05


════════════════════════════════════════════════════════════════
  Training: 3000 epochs | 512 pts/set | 8 sets
  Per epoch: 4096 pts | device: cuda:0
  lr: 0.00015 -> 1.4999999999999999e-05  (CosineAnnealing)
  Network: SIREN  omega_0=37.5
════════════════════════════════════════════════════════════════
  Epoch     1/3000  loss=3.5682e-01  lr=1.50e-04  (0.0s)

  Done in 29.9s | min loss = 3.3059e-05

    -> digits per seed=[4, 4, 4]  best_mean_relerr=3.079e-04  median_digits=4  (88.4s total)
[group 52/640] hidden=[128, 128, 128] omega0=37.5 lr=0.00015 N=512 epochs=4500  (3 seeds)

════════════════════════════════════════════════════════════════
  Training: 4500 epochs | 512 pts/set | 8 sets
  Per epoch: 4096 pts | device: cuda:0
  lr: 0.00015 -> 1.4999999999999999e-05  (CosineAnnealing)
  Network: SIREN  omega_0=37.5
════════════════════════════════════════════════════════════════
  Epoch     1/4500  loss=3.2168e-01  lr=1.50e-04  (0.0s)

  Done in 44.4s | min loss = 1.9786e-05


════════════════════════════════════════════════════════════════
  Training: 4500 epochs | 512 pts/set | 8 sets
  Per epoch: 4096 pts | device: cuda:0
  lr: 0.00015 -> 1.4999999999999999e-05  (CosineAnnealing)
  Network: SIREN  omega_0=37.5
════════════════════════════════════════════════════════════════
  Epoch     1/4500  loss=4.1215e-01  lr=1.50e-04  (0.0s)

  Done in 44.7s | min loss = 2.0950e-05


════════════════════════════════════════════════════════════════
  Training: 4500 epochs | 512 pts/set | 8 sets
  Per epoch: 4096 pts | device: cuda:0
  lr: 0.00015 -> 1.4999999999999999e-05  (CosineAnnealing)
  Network: SIREN  omega_0=37.5
════════════════════════════════════════════════════════════════
  Epoch     1/4500  loss=3.5682e-01  lr=1.50e-04  (0.0s)

  Done in 43.3s | min loss = 2.1239e-05

    -> digits per seed=[3, 4, 4]  best_mean_relerr=4.187e-04  median_digits=4  (132.3s total)
[group 53/640] hidden=[128, 128, 128] omega0=37.5 lr=0.00015 N=512 epochs=6500  (3 seeds)

════════════════════════════════════════════════════════════════
  Training: 6500 epochs | 512 pts/set | 8 sets
  Per epoch: 4096 pts | device: cuda:0
  lr: 0.00015 -> 1.4999999999999999e-05  (CosineAnnealing)
  Network: SIREN  omega_0=37.5
════════════════════════════════════════════════════════════════
  Epoch     1/6500  loss=3.2168e-01  lr=1.50e-04  (0.0s)

  Done in 63.7s | min loss = 1.2868e-05


════════════════════════════════════════════════════════════════
  Training: 6500 epochs | 512 pts/set | 8 sets
  Per epoch: 4096 pts | device: cuda:0
  lr: 0.00015 -> 1.4999999999999999e-05  (CosineAnnealing)
  Network: SIREN  omega_0=37.5
════════════════════════════════════════════════════════════════
  Epoch     1/6500  loss=4.1215e-01  lr=1.50e-04  (0.0s)

  Done in 64.2s | min loss = 1.3856e-05


════════════════════════════════════════════════════════════════
  Training: 6500 epochs | 512 pts/set | 8 sets
  Per epoch: 4096 pts | device: cuda:0
  lr: 0.00015 -> 1.4999999999999999e-05  (CosineAnnealing)
  Network: SIREN  omega_0=37.5
════════════════════════════════════════════════════════════════
  Epoch     1/6500  loss=3.5682e-01  lr=1.50e-04  (0.0s)

  Done in 72.8s | min loss = 1.4979e-05

    -> digits per seed=[4, 3, 4]  best_mean_relerr=4.822e-04  median_digits=4  (200.7s total)
[group 54/640] hidden=[128, 128, 128] omega0=37.5 lr=0.00015 N=512 epochs=10000  (3 seeds)

════════════════════════════════════════════════════════════════
  Training: 10000 epochs | 512 pts/set | 8 sets
  Per epoch: 4096 pts | device: cuda:0
  lr: 0.00015 -> 1.4999999999999999e-05  (CosineAnnealing)
  Network: SIREN  omega_0=37.5
════════════════════════════════════════════════════════════════
  Epoch     1/10000  loss=3.2168e-01  lr=1.50e-04  (0.0s)

  Done in 105.8s | min loss = 9.3426e-06


════════════════════════════════════════════════════════════════
  Training: 10000 epochs | 512 pts/set | 8 sets
  Per epoch: 4096 pts | device: cuda:0
  lr: 0.00015 -> 1.4999999999999999e-05  (CosineAnnealing)
  Network: SIREN  omega_0=37.5
════════════════════════════════════════════════════════════════
  Epoch     1/10000  loss=4.1215e-01  lr=1.50e-04  (0.0s)

  Done in 104.4s | min loss = 1.0329e-05


════════════════════════════════════════════════════════════════
  Training: 10000 epochs | 512 pts/set | 8 sets
  Per epoch: 4096 pts | device: cuda:0
  lr: 0.00015 -> 1.4999999999999999e-05  (CosineAnnealing)
  Network: SIREN  omega_0=37.5
════════════════════════════════════════════════════════════════
  Epoch     1/10000  loss=3.5682e-01  lr=1.50e-04  (0.0s)

  Done in 100.0s | min loss = 1.1448e-05

    -> digits per seed=[4, 3, 3]  best_mean_relerr=4.575e-04  median_digits=3  (310.2s total)
[group 55/640] hidden=[128, 128, 128] omega0=37.5 lr=0.00015 N=512 epochs=15000  (3 seeds)

════════════════════════════════════════════════════════════════
  Training: 15000 epochs | 512 pts/set | 8 sets
  Per epoch: 4096 pts | device: cuda:0
  lr: 0.00015 -> 1.4999999999999999e-05  (CosineAnnealing)
  Network: SIREN  omega_0=37.5
════════════════════════════════════════════════════════════════
  Epoch     1/15000  loss=3.2168e-01  lr=1.50e-04  (0.0s)

  Done in 161.3s | min loss = 7.5052e-06


════════════════════════════════════════════════════════════════
  Training: 15000 epochs | 512 pts/set | 8 sets
  Per epoch: 4096 pts | device: cuda:0
  lr: 0.00015 -> 1.4999999999999999e-05  (CosineAnnealing)
  Network: SIREN  omega_0=37.5
════════════════════════════════════════════════════════════════
  Epoch     1/15000  loss=4.1215e-01  lr=1.50e-04  (0.0s)

  Done in 149.1s | min loss = 7.5734e-06


════════════════════════════════════════════════════════════════
  Training: 15000 epochs | 512 pts/set | 8 sets
  Per epoch: 4096 pts | device: cuda:0
  lr: 0.00015 -> 1.4999999999999999e-05  (CosineAnnealing)
  Network: SIREN  omega_0=37.5
════════════════════════════════════════════════════════════════
  Epoch     1/15000  loss=3.5682e-01  lr=1.50e-04  (0.0s)

  Done in 147.6s | min loss = 7.9520e-06

    -> digits per seed=[4, 3, 3]  best_mean_relerr=5.675e-04  median_digits=3  (458.0s total)
[group 56/640] hidden=[128, 128, 128] omega0=37.5 lr=0.00015 N=1024 epochs=3000  (3 seeds)

════════════════════════════════════════════════════════════════
  Training: 3000 epochs | 1024 pts/set | 8 sets
  Per epoch: 8192 pts | device: cuda:0
  lr: 0.00015 -> 1.4999999999999999e-05  (CosineAnnealing)
  Network: SIREN  omega_0=37.5
════════════════════════════════════════════════════════════════
  Epoch     1/3000  loss=3.7510e-01  lr=1.50e-04  (0.0s)

  Done in 29.7s | min loss = 2.2759e-05


════════════════════════════════════════════════════════════════
  Training: 3000 epochs | 1024 pts/set | 8 sets
  Per epoch: 8192 pts | device: cuda:0
  lr: 0.00015 -> 1.4999999999999999e-05  (CosineAnnealing)
  Network: SIREN  omega_0=37.5
════════════════════════════════════════════════════════════════
  Epoch     1/3000  loss=3.7994e-01  lr=1.50e-04  (0.0s)

  Done in 29.7s | min loss = 2.4896e-05


════════════════════════════════════════════════════════════════
  Training: 3000 epochs | 1024 pts/set | 8 sets
  Per epoch: 8192 pts | device: cuda:0
  lr: 0.00015 -> 1.4999999999999999e-05  (CosineAnnealing)
  Network: SIREN  omega_0=37.5
════════════════════════════════════════════════════════════════
  Epoch     1/3000  loss=3.6021e-01  lr=1.50e-04  (0.0s)

  Done in 30.4s | min loss = 2.4381e-05

    -> digits per seed=[4, 4, 4]  best_mean_relerr=6.109e-04  median_digits=4  (89.8s total)
[group 57/640] hidden=[128, 128, 128] omega0=37.5 lr=0.00015 N=1024 epochs=4500  (3 seeds)

════════════════════════════════════════════════════════════════
  Training: 4500 epochs | 1024 pts/set | 8 sets
  Per epoch: 8192 pts | device: cuda:0
  lr: 0.00015 -> 1.4999999999999999e-05  (CosineAnnealing)
  Network: SIREN  omega_0=37.5
════════════════════════════════════════════════════════════════
  Epoch     1/4500  loss=3.7510e-01  lr=1.50e-04  (0.0s)

  Done in 45.1s | min loss = 1.2965e-05


════════════════════════════════════════════════════════════════
  Training: 4500 epochs | 1024 pts/set | 8 sets
  Per epoch: 8192 pts | device: cuda:0
  lr: 0.00015 -> 1.4999999999999999e-05  (CosineAnnealing)
  Network: SIREN  omega_0=37.5
════════════════════════════════════════════════════════════════
  Epoch     1/4500  loss=3.7994e-01  lr=1.50e-04  (0.0s)

  Done in 44.4s | min loss = 1.4310e-05


════════════════════════════════════════════════════════════════
  Training: 4500 epochs | 1024 pts/set | 8 sets
  Per epoch: 8192 pts | device: cuda:0
  lr: 0.00015 -> 1.4999999999999999e-05  (CosineAnnealing)
  Network: SIREN  omega_0=37.5
════════════════════════════════════════════════════════════════
  Epoch     1/4500  loss=3.6021e-01  lr=1.50e-04  (0.0s)

  Done in 44.3s | min loss = 1.4551e-05

    -> digits per seed=[4, 3, 4]  best_mean_relerr=2.350e-04  median_digits=4  (133.8s total)
[group 58/640] hidden=[128, 128, 128] omega0=37.5 lr=0.00015 N=1024 epochs=6500  (3 seeds)

════════════════════════════════════════════════════════════════
  Training: 6500 epochs | 1024 pts/set | 8 sets
  Per epoch: 8192 pts | device: cuda:0
  lr: 0.00015 -> 1.4999999999999999e-05  (CosineAnnealing)
  Network: SIREN  omega_0=37.5
════════════════════════════════════════════════════════════════
  Epoch     1/6500  loss=3.7510e-01  lr=1.50e-04  (0.0s)

  Done in 64.1s | min loss = 9.7472e-06


════════════════════════════════════════════════════════════════
  Training: 6500 epochs | 1024 pts/set | 8 sets
  Per epoch: 8192 pts | device: cuda:0
  lr: 0.00015 -> 1.4999999999999999e-05  (CosineAnnealing)
  Network: SIREN  omega_0=37.5
════════════════════════════════════════════════════════════════
  Epoch     1/6500  loss=3.7994e-01  lr=1.50e-04  (0.0s)

  Done in 65.7s | min loss = 9.6216e-06


════════════════════════════════════════════════════════════════
  Training: 6500 epochs | 1024 pts/set | 8 sets
  Per epoch: 8192 pts | device: cuda:0
  lr: 0.00015 -> 1.4999999999999999e-05  (CosineAnnealing)
  Network: SIREN  omega_0=37.5
════════════════════════════════════════════════════════════════
  Epoch     1/6500  loss=3.6021e-01  lr=1.50e-04  (0.0s)

  Done in 65.9s | min loss = 1.0199e-05

    -> digits per seed=[4, 3, 3]  best_mean_relerr=8.021e-04  median_digits=3  (195.8s total)
[group 59/640] hidden=[128, 128, 128] omega0=37.5 lr=0.00015 N=1024 epochs=10000  (3 seeds)

════════════════════════════════════════════════════════════════
  Training: 10000 epochs | 1024 pts/set | 8 sets
  Per epoch: 8192 pts | device: cuda:0
  lr: 0.00015 -> 1.4999999999999999e-05  (CosineAnnealing)
  Network: SIREN  omega_0=37.5
════════════════════════════════════════════════════════════════
  Epoch     1/10000  loss=3.7510e-01  lr=1.50e-04  (0.0s)

  Done in 101.6s | min loss = 6.2189e-06


════════════════════════════════════════════════════════════════
  Training: 10000 epochs | 1024 pts/set | 8 sets
  Per epoch: 8192 pts | device: cuda:0
  lr: 0.00015 -> 1.4999999999999999e-05  (CosineAnnealing)
  Network: SIREN  omega_0=37.5
════════════════════════════════════════════════════════════════
  Epoch     1/10000  loss=3.7994e-01  lr=1.50e-04  (0.0s)

  Done in 100.5s | min loss = 6.3619e-06


════════════════════════════════════════════════════════════════
  Training: 10000 epochs | 1024 pts/set | 8 sets
  Per epoch: 8192 pts | device: cuda:0
  lr: 0.00015 -> 1.4999999999999999e-05  (CosineAnnealing)
  Network: SIREN  omega_0=37.5
════════════════════════════════════════════════════════════════
  Epoch     1/10000  loss=3.6021e-01  lr=1.50e-04  (0.0s)

  Done in 100.2s | min loss = 7.3492e-06

    -> digits per seed=[3, 3, 4]  best_mean_relerr=3.282e-04  median_digits=3  (302.3s total)
[group 60/640] hidden=[128, 128, 128] omega0=37.5 lr=0.00015 N=1024 epochs=15000  (3 seeds)

════════════════════════════════════════════════════════════════
  Training: 15000 epochs | 1024 pts/set | 8 sets
  Per epoch: 8192 pts | device: cuda:0
  lr: 0.00015 -> 1.4999999999999999e-05  (CosineAnnealing)
  Network: SIREN  omega_0=37.5
════════════════════════════════════════════════════════════════
  Epoch     1/15000  loss=3.7510e-01  lr=1.50e-04  (0.0s)

  Done in 151.9s | min loss = 3.5908e-06


════════════════════════════════════════════════════════════════
  Training: 15000 epochs | 1024 pts/set | 8 sets
  Per epoch: 8192 pts | device: cuda:0
  lr: 0.00015 -> 1.4999999999999999e-05  (CosineAnnealing)
  Network: SIREN  omega_0=37.5
════════════════════════════════════════════════════════════════
  Epoch     1/15000  loss=3.7994e-01  lr=1.50e-04  (0.0s)

  Done in 149.4s | min loss = 4.2816e-06


════════════════════════════════════════════════════════════════
  Training: 15000 epochs | 1024 pts/set | 8 sets
  Per epoch: 8192 pts | device: cuda:0
  lr: 0.00015 -> 1.4999999999999999e-05  (CosineAnnealing)
  Network: SIREN  omega_0=37.5
════════════════════════════════════════════════════════════════
  Epoch     1/15000  loss=3.6021e-01  lr=1.50e-04  (0.0s)

  Done in 150.7s | min loss = 4.7405e-06

    -> digits per seed=[4, 4, 3]  best_mean_relerr=4.824e-04  median_digits=4  (451.9s total)
[group 61/640] hidden=[128, 128, 128] omega0=37.5 lr=0.0002 N=512 epochs=3000  (3 seeds)

════════════════════════════════════════════════════════════════
  Training: 3000 epochs | 512 pts/set | 8 sets
  Per epoch: 4096 pts | device: cuda:0
  lr: 0.0002 -> 2e-05  (CosineAnnealing)
  Network: SIREN  omega_0=37.5
════════════════════════════════════════════════════════════════
  Epoch     1/3000  loss=3.2168e-01  lr=2.00e-04  (0.0s)

  Done in 29.8s | min loss = 2.4758e-05


════════════════════════════════════════════════════════════════
  Training: 3000 epochs | 512 pts/set | 8 sets
  Per epoch: 4096 pts | device: cuda:0
  lr: 0.0002 -> 2e-05  (CosineAnnealing)
  Network: SIREN  omega_0=37.5
════════════════════════════════════════════════════════════════
  Epoch     1/3000  loss=4.1215e-01  lr=2.00e-04  (0.0s)

  Done in 30.3s | min loss = 2.7007e-05


════════════════════════════════════════════════════════════════
  Training: 3000 epochs | 512 pts/set | 8 sets
  Per epoch: 4096 pts | device: cuda:0
  lr: 0.0002 -> 2e-05  (CosineAnnealing)
  Network: SIREN  omega_0=37.5
════════════════════════════════════════════════════════════════
  Epoch     1/3000  loss=3.5682e-01  lr=2.00e-04  (0.0s)

  Done in 29.9s | min loss = 2.6026e-05

    -> digits per seed=[4, 3, 4]  best_mean_relerr=2.829e-04  median_digits=4  (90.1s total)
[group 62/640] hidden=[128, 128, 128] omega0=37.5 lr=0.0002 N=512 epochs=4500  (3 seeds)

════════════════════════════════════════════════════════════════
  Training: 4500 epochs | 512 pts/set | 8 sets
  Per epoch: 4096 pts | device: cuda:0
  lr: 0.0002 -> 2e-05  (CosineAnnealing)
  Network: SIREN  omega_0=37.5
════════════════════════════════════════════════════════════════
  Epoch     1/4500  loss=3.2168e-01  lr=2.00e-04  (0.0s)

  Done in 45.3s | min loss = 1.5472e-05


════════════════════════════════════════════════════════════════
  Training: 4500 epochs | 512 pts/set | 8 sets
  Per epoch: 4096 pts | device: cuda:0
  lr: 0.0002 -> 2e-05  (CosineAnnealing)
  Network: SIREN  omega_0=37.5
════════════════════════════════════════════════════════════════
  Epoch     1/4500  loss=4.1215e-01  lr=2.00e-04  (0.0s)

  Done in 45.7s | min loss = 1.5958e-05


════════════════════════════════════════════════════════════════
  Training: 4500 epochs | 512 pts/set | 8 sets
  Per epoch: 4096 pts | device: cuda:0
  lr: 0.0002 -> 2e-05  (CosineAnnealing)
  Network: SIREN  omega_0=37.5
════════════════════════════════════════════════════════════════
  Epoch     1/4500  loss=3.5682e-01  lr=2.00e-04  (0.0s)

  Done in 45.9s | min loss = 1.7852e-05

    -> digits per seed=[4, 4, 3]  best_mean_relerr=3.507e-04  median_digits=4  (136.9s total)
[group 63/640] hidden=[128, 128, 128] omega0=37.5 lr=0.0002 N=512 epochs=6500  (3 seeds)

════════════════════════════════════════════════════════════════
  Training: 6500 epochs | 512 pts/set | 8 sets
  Per epoch: 4096 pts | device: cuda:0
  lr: 0.0002 -> 2e-05  (CosineAnnealing)
  Network: SIREN  omega_0=37.5
════════════════════════════════════════════════════════════════
  Epoch     1/6500  loss=3.2168e-01  lr=2.00e-04  (0.0s)

  Done in 66.0s | min loss = 1.0899e-05


════════════════════════════════════════════════════════════════
  Training: 6500 epochs | 512 pts/set | 8 sets
  Per epoch: 4096 pts | device: cuda:0
  lr: 0.0002 -> 2e-05  (CosineAnnealing)
  Network: SIREN  omega_0=37.5
════════════════════════════════════════════════════════════════
  Epoch     1/6500  loss=4.1215e-01  lr=2.00e-04  (0.0s)

  Done in 65.6s | min loss = 1.2615e-05


════════════════════════════════════════════════════════════════
  Training: 6500 epochs | 512 pts/set | 8 sets
  Per epoch: 4096 pts | device: cuda:0
  lr: 0.0002 -> 2e-05  (CosineAnnealing)
  Network: SIREN  omega_0=37.5
════════════════════════════════════════════════════════════════
  Epoch     1/6500  loss=3.5682e-01  lr=2.00e-04  (0.0s)

  Done in 65.4s | min loss = 1.2896e-05

    -> digits per seed=[4, 4, 4]  best_mean_relerr=3.652e-04  median_digits=4  (197.0s total)
[group 64/640] hidden=[128, 128, 128] omega0=37.5 lr=0.0002 N=512 epochs=10000  (3 seeds)

════════════════════════════════════════════════════════════════
  Training: 10000 epochs | 512 pts/set | 8 sets
  Per epoch: 4096 pts | device: cuda:0
  lr: 0.0002 -> 2e-05  (CosineAnnealing)
  Network: SIREN  omega_0=37.5
════════════════════════════════════════════════════════════════
  Epoch     1/10000  loss=3.2168e-01  lr=2.00e-04  (0.0s)

  Done in 100.8s | min loss = 9.5310e-06


════════════════════════════════════════════════════════════════
  Training: 10000 epochs | 512 pts/set | 8 sets
  Per epoch: 4096 pts | device: cuda:0
  lr: 0.0002 -> 2e-05  (CosineAnnealing)
  Network: SIREN  omega_0=37.5
════════════════════════════════════════════════════════════════
  Epoch     1/10000  loss=4.1215e-01  lr=2.00e-04  (0.0s)

  Done in 101.0s | min loss = 9.8189e-06


════════════════════════════════════════════════════════════════
  Training: 10000 epochs | 512 pts/set | 8 sets
  Per epoch: 4096 pts | device: cuda:0
  lr: 0.0002 -> 2e-05  (CosineAnnealing)
  Network: SIREN  omega_0=37.5
════════════════════════════════════════════════════════════════
  Epoch     1/10000  loss=3.5682e-01  lr=2.00e-04  (0.0s)

  Done in 101.0s | min loss = 1.0226e-05

    -> digits per seed=[3, 3, 3]  best_mean_relerr=8.789e-04  median_digits=3  (302.8s total)
[group 65/640] hidden=[128, 128, 128] omega0=37.5 lr=0.0002 N=512 epochs=15000  (3 seeds)

════════════════════════════════════════════════════════════════
  Training: 15000 epochs | 512 pts/set | 8 sets
  Per epoch: 4096 pts | device: cuda:0
  lr: 0.0002 -> 2e-05  (CosineAnnealing)
  Network: SIREN  omega_0=37.5
════════════════════════════════════════════════════════════════
  Epoch     1/15000  loss=3.2168e-01  lr=2.00e-04  (0.0s)

  Done in 151.9s | min loss = 7.1906e-06


════════════════════════════════════════════════════════════════
  Training: 15000 epochs | 512 pts/set | 8 sets
  Per epoch: 4096 pts | device: cuda:0
  lr: 0.0002 -> 2e-05  (CosineAnnealing)
  Network: SIREN  omega_0=37.5
════════════════════════════════════════════════════════════════
  Epoch     1/15000  loss=4.1215e-01  lr=2.00e-04  (0.0s)

  Done in 150.3s | min loss = 7.7694e-06


════════════════════════════════════════════════════════════════
  Training: 15000 epochs | 512 pts/set | 8 sets
  Per epoch: 4096 pts | device: cuda:0
  lr: 0.0002 -> 2e-05  (CosineAnnealing)
  Network: SIREN  omega_0=37.5
════════════════════════════════════════════════════════════════
  Epoch     1/15000  loss=3.5682e-01  lr=2.00e-04  (0.0s)

  Done in 159.8s | min loss = 8.5067e-06

    -> digits per seed=[3, 3, 3]  best_mean_relerr=5.441e-04  median_digits=3  (461.9s total)
[group 66/640] hidden=[128, 128, 128] omega0=37.5 lr=0.0002 N=1024 epochs=3000  (3 seeds)

════════════════════════════════════════════════════════════════
  Training: 3000 epochs | 1024 pts/set | 8 sets
  Per epoch: 8192 pts | device: cuda:0
  lr: 0.0002 -> 2e-05  (CosineAnnealing)
  Network: SIREN  omega_0=37.5
════════════════════════════════════════════════════════════════
  Epoch     1/3000  loss=3.7510e-01  lr=2.00e-04  (0.0s)

  Done in 31.9s | min loss = 1.6600e-05


════════════════════════════════════════════════════════════════
  Training: 3000 epochs | 1024 pts/set | 8 sets
  Per epoch: 8192 pts | device: cuda:0
  lr: 0.0002 -> 2e-05  (CosineAnnealing)
  Network: SIREN  omega_0=37.5
════════════════════════════════════════════════════════════════
  Epoch     1/3000  loss=3.7994e-01  lr=2.00e-04  (0.0s)

  Done in 32.0s | min loss = 1.8617e-05


════════════════════════════════════════════════════════════════
  Training: 3000 epochs | 1024 pts/set | 8 sets
  Per epoch: 8192 pts | device: cuda:0
  lr: 0.0002 -> 2e-05  (CosineAnnealing)
  Network: SIREN  omega_0=37.5
════════════════════════════════════════════════════════════════
  Epoch     1/3000  loss=3.6021e-01  lr=2.00e-04  (0.0s)

  Done in 33.0s | min loss = 1.8297e-05

    -> digits per seed=[4, 3, 4]  best_mean_relerr=4.766e-04  median_digits=4  (96.9s total)
[group 67/640] hidden=[128, 128, 128] omega0=37.5 lr=0.0002 N=1024 epochs=4500  (3 seeds)

════════════════════════════════════════════════════════════════
  Training: 4500 epochs | 1024 pts/set | 8 sets
  Per epoch: 8192 pts | device: cuda:0
  lr: 0.0002 -> 2e-05  (CosineAnnealing)
  Network: SIREN  omega_0=37.5
════════════════════════════════════════════════════════════════
  Epoch     1/4500  loss=3.7510e-01  lr=2.00e-04  (0.0s)

  Done in 48.2s | min loss = 1.0391e-05


════════════════════════════════════════════════════════════════
  Training: 4500 epochs | 1024 pts/set | 8 sets
  Per epoch: 8192 pts | device: cuda:0
  lr: 0.0002 -> 2e-05  (CosineAnnealing)
  Network: SIREN  omega_0=37.5
════════════════════════════════════════════════════════════════
  Epoch     1/4500  loss=3.7994e-01  lr=2.00e-04  (0.0s)

  Done in 46.4s | min loss = 1.1107e-05


════════════════════════════════════════════════════════════════
  Training: 4500 epochs | 1024 pts/set | 8 sets
  Per epoch: 8192 pts | device: cuda:0
  lr: 0.0002 -> 2e-05  (CosineAnnealing)
  Network: SIREN  omega_0=37.5
════════════════════════════════════════════════════════════════
  Epoch     1/4500  loss=3.6021e-01  lr=2.00e-04  (0.0s)

  Done in 45.3s | min loss = 1.1212e-05

    -> digits per seed=[4, 4, 4]  best_mean_relerr=1.678e-04  median_digits=4  (139.8s total)
[group 68/640] hidden=[128, 128, 128] omega0=37.5 lr=0.0002 N=1024 epochs=6500  (3 seeds)

════════════════════════════════════════════════════════════════
  Training: 6500 epochs | 1024 pts/set | 8 sets
  Per epoch: 8192 pts | device: cuda:0
  lr: 0.0002 -> 2e-05  (CosineAnnealing)
  Network: SIREN  omega_0=37.5
════════════════════════════════════════════════════════════════
  Epoch     1/6500  loss=3.7510e-01  lr=2.00e-04  (0.0s)

  Done in 64.9s | min loss = 7.4082e-06


════════════════════════════════════════════════════════════════
  Training: 6500 epochs | 1024 pts/set | 8 sets
  Per epoch: 8192 pts | device: cuda:0
  lr: 0.0002 -> 2e-05  (CosineAnnealing)
  Network: SIREN  omega_0=37.5
════════════════════════════════════════════════════════════════
  Epoch     1/6500  loss=3.7994e-01  lr=2.00e-04  (0.0s)

  Done in 65.9s | min loss = 7.6225e-06


════════════════════════════════════════════════════════════════
  Training: 6500 epochs | 1024 pts/set | 8 sets
  Per epoch: 8192 pts | device: cuda:0
  lr: 0.0002 -> 2e-05  (CosineAnnealing)
  Network: SIREN  omega_0=37.5
════════════════════════════════════════════════════════════════
  Epoch     1/6500  loss=3.6021e-01  lr=2.00e-04  (0.0s)

  Done in 64.9s | min loss = 7.9632e-06

    -> digits per seed=[4, 3, 4]  best_mean_relerr=4.077e-04  median_digits=4  (195.7s total)
[group 69/640] hidden=[128, 128, 128] omega0=37.5 lr=0.0002 N=1024 epochs=10000  (3 seeds)

════════════════════════════════════════════════════════════════
  Training: 10000 epochs | 1024 pts/set | 8 sets
  Per epoch: 8192 pts | device: cuda:0
  lr: 0.0002 -> 2e-05  (CosineAnnealing)
  Network: SIREN  omega_0=37.5
════════════════════════════════════════════════════════════════
  Epoch     1/10000  loss=3.7510e-01  lr=2.00e-04  (0.0s)

  Done in 100.7s | min loss = 5.5624e-06


════════════════════════════════════════════════════════════════
  Training: 10000 epochs | 1024 pts/set | 8 sets
  Per epoch: 8192 pts | device: cuda:0
  lr: 0.0002 -> 2e-05  (CosineAnnealing)
  Network: SIREN  omega_0=37.5
════════════════════════════════════════════════════════════════
  Epoch     1/10000  loss=3.7994e-01  lr=2.00e-04  (0.0s)

  Done in 100.2s | min loss = 6.1313e-06


════════════════════════════════════════════════════════════════
  Training: 10000 epochs | 1024 pts/set | 8 sets
  Per epoch: 8192 pts | device: cuda:0
  lr: 0.0002 -> 2e-05  (CosineAnnealing)
  Network: SIREN  omega_0=37.5
════════════════════════════════════════════════════════════════
  Epoch     1/10000  loss=3.6021e-01  lr=2.00e-04  (0.0s)

  Done in 99.6s | min loss = 6.1603e-06

    -> digits per seed=[3, 3, 3]  best_mean_relerr=7.531e-04  median_digits=3  (300.5s total)
[group 70/640] hidden=[128, 128, 128] omega0=37.5 lr=0.0002 N=1024 epochs=15000  (3 seeds)

════════════════════════════════════════════════════════════════
  Training: 15000 epochs | 1024 pts/set | 8 sets
  Per epoch: 8192 pts | device: cuda:0
  lr: 0.0002 -> 2e-05  (CosineAnnealing)
  Network: SIREN  omega_0=37.5
════════════════════════════════════════════════════════════════
  Epoch     1/15000  loss=3.7510e-01  lr=2.00e-04  (0.0s)

  Done in 149.7s | min loss = 3.9946e-06


════════════════════════════════════════════════════════════════
  Training: 15000 epochs | 1024 pts/set | 8 sets
  Per epoch: 8192 pts | device: cuda:0
  lr: 0.0002 -> 2e-05  (CosineAnnealing)
  Network: SIREN  omega_0=37.5
════════════════════════════════════════════════════════════════
  Epoch     1/15000  loss=3.7994e-01  lr=2.00e-04  (0.0s)

  Done in 149.7s | min loss = 4.6559e-06


════════════════════════════════════════════════════════════════
  Training: 15000 epochs | 1024 pts/set | 8 sets
  Per epoch: 8192 pts | device: cuda:0
  lr: 0.0002 -> 2e-05  (CosineAnnealing)
  Network: SIREN  omega_0=37.5
════════════════════════════════════════════════════════════════
  Epoch     1/15000  loss=3.6021e-01  lr=2.00e-04  (0.0s)

  Done in 149.2s | min loss = 4.0838e-06

    -> digits per seed=[4, 4, 3]  best_mean_relerr=2.521e-04  median_digits=4  (448.5s total)
[group 71/640] hidden=[128, 128, 128] omega0=37.5 lr=0.0003 N=512 epochs=3000  (3 seeds)

════════════════════════════════════════════════════════════════
  Training: 3000 epochs | 512 pts/set | 8 sets
  Per epoch: 4096 pts | device: cuda:0
  lr: 0.0003 -> 2.9999999999999997e-05  (CosineAnnealing)
  Network: SIREN  omega_0=37.5
════════════════════════════════════════════════════════════════
  Epoch     1/3000  loss=3.2168e-01  lr=3.00e-04  (0.0s)

  Done in 29.4s | min loss = 2.0625e-05


════════════════════════════════════════════════════════════════
  Training: 3000 epochs | 512 pts/set | 8 sets
  Per epoch: 4096 pts | device: cuda:0
  lr: 0.0003 -> 2.9999999999999997e-05  (CosineAnnealing)
  Network: SIREN  omega_0=37.5
════════════════════════════════════════════════════════════════
  Epoch     1/3000  loss=4.1215e-01  lr=3.00e-04  (0.0s)

  Done in 29.8s | min loss = 1.9418e-05


════════════════════════════════════════════════════════════════
  Training: 3000 epochs | 512 pts/set | 8 sets
  Per epoch: 4096 pts | device: cuda:0
  lr: 0.0003 -> 2.9999999999999997e-05  (CosineAnnealing)
  Network: SIREN  omega_0=37.5
════════════════════════════════════════════════════════════════
  Epoch     1/3000  loss=3.5682e-01  lr=3.00e-04  (0.0s)

  Done in 29.2s | min loss = 2.2870e-05

    -> digits per seed=[4, 3, 4]  best_mean_relerr=5.692e-04  median_digits=4  (88.4s total)
[group 72/640] hidden=[128, 128, 128] omega0=37.5 lr=0.0003 N=512 epochs=4500  (3 seeds)

════════════════════════════════════════════════════════════════
  Training: 4500 epochs | 512 pts/set | 8 sets
  Per epoch: 4096 pts | device: cuda:0
  lr: 0.0003 -> 2.9999999999999997e-05  (CosineAnnealing)
  Network: SIREN  omega_0=37.5
════════════════════════════════════════════════════════════════
  Epoch     1/4500  loss=3.2168e-01  lr=3.00e-04  (0.0s)

  Done in 44.4s | min loss = 1.2963e-05


════════════════════════════════════════════════════════════════
  Training: 4500 epochs | 512 pts/set | 8 sets
  Per epoch: 4096 pts | device: cuda:0
  lr: 0.0003 -> 2.9999999999999997e-05  (CosineAnnealing)
  Network: SIREN  omega_0=37.5
════════════════════════════════════════════════════════════════
  Epoch     1/4500  loss=4.1215e-01  lr=3.00e-04  (0.0s)

  Done in 44.9s | min loss = 1.3355e-05


════════════════════════════════════════════════════════════════
  Training: 4500 epochs | 512 pts/set | 8 sets
  Per epoch: 4096 pts | device: cuda:0
  lr: 0.0003 -> 2.9999999999999997e-05  (CosineAnnealing)
  Network: SIREN  omega_0=37.5
════════════════════════════════════════════════════════════════
  Epoch     1/4500  loss=3.5682e-01  lr=3.00e-04  (0.0s)

  Done in 44.6s | min loss = 1.6119e-05

    -> digits per seed=[4, 4, 3]  best_mean_relerr=4.295e-04  median_digits=4  (133.9s total)
[group 73/640] hidden=[128, 128, 128] omega0=37.5 lr=0.0003 N=512 epochs=6500  (3 seeds)

════════════════════════════════════════════════════════════════
  Training: 6500 epochs | 512 pts/set | 8 sets
  Per epoch: 4096 pts | device: cuda:0
  lr: 0.0003 -> 2.9999999999999997e-05  (CosineAnnealing)
  Network: SIREN  omega_0=37.5
════════════════════════════════════════════════════════════════
  Epoch     1/6500  loss=3.2168e-01  lr=3.00e-04  (0.0s)

  Done in 65.0s | min loss = 1.0615e-05


════════════════════════════════════════════════════════════════
  Training: 6500 epochs | 512 pts/set | 8 sets
  Per epoch: 4096 pts | device: cuda:0
  lr: 0.0003 -> 2.9999999999999997e-05  (CosineAnnealing)
  Network: SIREN  omega_0=37.5
════════════════════════════════════════════════════════════════
  Epoch     1/6500  loss=4.1215e-01  lr=3.00e-04  (0.0s)

  Done in 63.1s | min loss = 1.0831e-05


════════════════════════════════════════════════════════════════
  Training: 6500 epochs | 512 pts/set | 8 sets
  Per epoch: 4096 pts | device: cuda:0
  lr: 0.0003 -> 2.9999999999999997e-05  (CosineAnnealing)
  Network: SIREN  omega_0=37.5
════════════════════════════════════════════════════════════════
  Epoch     1/6500  loss=3.5682e-01  lr=3.00e-04  (0.0s)

  Done in 65.4s | min loss = 1.2247e-05

    -> digits per seed=[4, 3, 3]  best_mean_relerr=4.996e-04  median_digits=3  (193.5s total)
[group 74/640] hidden=[128, 128, 128] omega0=37.5 lr=0.0003 N=512 epochs=10000  (3 seeds)

════════════════════════════════════════════════════════════════
  Training: 10000 epochs | 512 pts/set | 8 sets
  Per epoch: 4096 pts | device: cuda:0
  lr: 0.0003 -> 2.9999999999999997e-05  (CosineAnnealing)
  Network: SIREN  omega_0=37.5
════════════════════════════════════════════════════════════════
  Epoch     1/10000  loss=3.2168e-01  lr=3.00e-04  (0.0s)

  Done in 99.5s | min loss = 1.1287e-05


════════════════════════════════════════════════════════════════
  Training: 10000 epochs | 512 pts/set | 8 sets
  Per epoch: 4096 pts | device: cuda:0
  lr: 0.0003 -> 2.9999999999999997e-05  (CosineAnnealing)
  Network: SIREN  omega_0=37.5
════════════════════════════════════════════════════════════════
  Epoch     1/10000  loss=4.1215e-01  lr=3.00e-04  (0.0s)

  Done in 98.5s | min loss = 1.1367e-05


════════════════════════════════════════════════════════════════
  Training: 10000 epochs | 512 pts/set | 8 sets
  Per epoch: 4096 pts | device: cuda:0
  lr: 0.0003 -> 2.9999999999999997e-05  (CosineAnnealing)
  Network: SIREN  omega_0=37.5
════════════════════════════════════════════════════════════════
  Epoch     1/10000  loss=3.5682e-01  lr=3.00e-04  (0.0s)

  Done in 105.8s | min loss = 1.1129e-05

    -> digits per seed=[4, 3, 3]  best_mean_relerr=1.107e-03  median_digits=3  (303.8s total)
[group 75/640] hidden=[128, 128, 128] omega0=37.5 lr=0.0003 N=512 epochs=15000  (3 seeds)

════════════════════════════════════════════════════════════════
  Training: 15000 epochs | 512 pts/set | 8 sets
  Per epoch: 4096 pts | device: cuda:0
  lr: 0.0003 -> 2.9999999999999997e-05  (CosineAnnealing)
  Network: SIREN  omega_0=37.5
════════════════════════════════════════════════════════════════
  Epoch     1/15000  loss=3.2168e-01  lr=3.00e-04  (0.0s)

  Done in 158.7s | min loss = 8.9465e-06


════════════════════════════════════════════════════════════════
  Training: 15000 epochs | 512 pts/set | 8 sets
  Per epoch: 4096 pts | device: cuda:0
  lr: 0.0003 -> 2.9999999999999997e-05  (CosineAnnealing)
  Network: SIREN  omega_0=37.5
════════════════════════════════════════════════════════════════
  Epoch     1/15000  loss=4.1215e-01  lr=3.00e-04  (0.0s)

  Done in 147.9s | min loss = 1.0112e-05


════════════════════════════════════════════════════════════════
  Training: 15000 epochs | 512 pts/set | 8 sets
  Per epoch: 4096 pts | device: cuda:0
  lr: 0.0003 -> 2.9999999999999997e-05  (CosineAnnealing)
  Network: SIREN  omega_0=37.5
════════════════════════════════════════════════════════════════
  Epoch     1/15000  loss=3.5682e-01  lr=3.00e-04  (0.0s)

  Done in 144.7s | min loss = 1.0985e-05

    -> digits per seed=[3, 3, 3]  best_mean_relerr=9.891e-04  median_digits=3  (451.3s total)
[group 76/640] hidden=[128, 128, 128] omega0=37.5 lr=0.0003 N=1024 epochs=3000  (3 seeds)

════════════════════════════════════════════════════════════════
  Training: 3000 epochs | 1024 pts/set | 8 sets
  Per epoch: 8192 pts | device: cuda:0
  lr: 0.0003 -> 2.9999999999999997e-05  (CosineAnnealing)
  Network: SIREN  omega_0=37.5
════════════════════════════════════════════════════════════════
  Epoch     1/3000  loss=3.7510e-01  lr=3.00e-04  (0.0s)

  Done in 29.3s | min loss = 1.2206e-05


════════════════════════════════════════════════════════════════
  Training: 3000 epochs | 1024 pts/set | 8 sets
  Per epoch: 8192 pts | device: cuda:0
  lr: 0.0003 -> 2.9999999999999997e-05  (CosineAnnealing)
  Network: SIREN  omega_0=37.5
════════════════════════════════════════════════════════════════
  Epoch     1/3000  loss=3.7994e-01  lr=3.00e-04  (0.0s)

  Done in 29.4s | min loss = 1.3306e-05


════════════════════════════════════════════════════════════════
  Training: 3000 epochs | 1024 pts/set | 8 sets
  Per epoch: 8192 pts | device: cuda:0
  lr: 0.0003 -> 2.9999999999999997e-05  (CosineAnnealing)
  Network: SIREN  omega_0=37.5
════════════════════════════════════════════════════════════════
  Epoch     1/3000  loss=3.6021e-01  lr=3.00e-04  (0.0s)

  Done in 29.0s | min loss = 1.2745e-05

    -> digits per seed=[4, 4, 4]  best_mean_relerr=1.938e-04  median_digits=4  (87.7s total)
[group 77/640] hidden=[128, 128, 128] omega0=37.5 lr=0.0003 N=1024 epochs=4500  (3 seeds)

════════════════════════════════════════════════════════════════
  Training: 4500 epochs | 1024 pts/set | 8 sets
  Per epoch: 8192 pts | device: cuda:0
  lr: 0.0003 -> 2.9999999999999997e-05  (CosineAnnealing)
  Network: SIREN  omega_0=37.5
════════════════════════════════════════════════════════════════
  Epoch     1/4500  loss=3.7510e-01  lr=3.00e-04  (0.0s)

  Done in 43.7s | min loss = 7.7602e-06


════════════════════════════════════════════════════════════════
  Training: 4500 epochs | 1024 pts/set | 8 sets
  Per epoch: 8192 pts | device: cuda:0
  lr: 0.0003 -> 2.9999999999999997e-05  (CosineAnnealing)
  Network: SIREN  omega_0=37.5
════════════════════════════════════════════════════════════════
  Epoch     1/4500  loss=3.7994e-01  lr=3.00e-04  (0.0s)

  Done in 45.1s | min loss = 8.2627e-06


════════════════════════════════════════════════════════════════
  Training: 4500 epochs | 1024 pts/set | 8 sets
  Per epoch: 8192 pts | device: cuda:0
  lr: 0.0003 -> 2.9999999999999997e-05  (CosineAnnealing)
  Network: SIREN  omega_0=37.5
════════════════════════════════════════════════════════════════
  Epoch     1/4500  loss=3.6021e-01  lr=3.00e-04  (0.0s)

  Done in 44.0s | min loss = 8.0353e-06

    -> digits per seed=[4, 3, 4]  best_mean_relerr=4.506e-04  median_digits=4  (132.7s total)
[group 78/640] hidden=[128, 128, 128] omega0=37.5 lr=0.0003 N=1024 epochs=6500  (3 seeds)

════════════════════════════════════════════════════════════════
  Training: 6500 epochs | 1024 pts/set | 8 sets
  Per epoch: 8192 pts | device: cuda:0
  lr: 0.0003 -> 2.9999999999999997e-05  (CosineAnnealing)
  Network: SIREN  omega_0=37.5
════════════════════════════════════════════════════════════════
  Epoch     1/6500  loss=3.7510e-01  lr=3.00e-04  (0.0s)

  Done in 63.5s | min loss = 5.3446e-06


════════════════════════════════════════════════════════════════
  Training: 6500 epochs | 1024 pts/set | 8 sets
  Per epoch: 8192 pts | device: cuda:0
  lr: 0.0003 -> 2.9999999999999997e-05  (CosineAnnealing)
  Network: SIREN  omega_0=37.5
════════════════════════════════════════════════════════════════
  Epoch     1/6500  loss=3.7994e-01  lr=3.00e-04  (0.0s)

  Done in 63.6s | min loss = 6.1338e-06


════════════════════════════════════════════════════════════════
  Training: 6500 epochs | 1024 pts/set | 8 sets
  Per epoch: 8192 pts | device: cuda:0
  lr: 0.0003 -> 2.9999999999999997e-05  (CosineAnnealing)
  Network: SIREN  omega_0=37.5
════════════════════════════════════════════════════════════════
  Epoch     1/6500  loss=3.6021e-01  lr=3.00e-04  (0.0s)

  Done in 63.9s | min loss = 6.2510e-06

    -> digits per seed=[4, 3, 4]  best_mean_relerr=3.402e-04  median_digits=4  (190.9s total)
[group 79/640] hidden=[128, 128, 128] omega0=37.5 lr=0.0003 N=1024 epochs=10000  (3 seeds)

════════════════════════════════════════════════════════════════
  Training: 10000 epochs | 1024 pts/set | 8 sets
  Per epoch: 8192 pts | device: cuda:0
  lr: 0.0003 -> 2.9999999999999997e-05  (CosineAnnealing)
  Network: SIREN  omega_0=37.5
════════════════════════════════════════════════════════════════
  Epoch     1/10000  loss=3.7510e-01  lr=3.00e-04  (0.0s)

  Done in 97.9s | min loss = 5.3010e-06


════════════════════════════════════════════════════════════════
  Training: 10000 epochs | 1024 pts/set | 8 sets
  Per epoch: 8192 pts | device: cuda:0
  lr: 0.0003 -> 2.9999999999999997e-05  (CosineAnnealing)
  Network: SIREN  omega_0=37.5
════════════════════════════════════════════════════════════════
  Epoch     1/10000  loss=3.7994e-01  lr=3.00e-04  (0.0s)

  Done in 103.2s | min loss = 5.6270e-06


════════════════════════════════════════════════════════════════
  Training: 10000 epochs | 1024 pts/set | 8 sets
  Per epoch: 8192 pts | device: cuda:0
  lr: 0.0003 -> 2.9999999999999997e-05  (CosineAnnealing)
  Network: SIREN  omega_0=37.5
════════════════════════════════════════════════════════════════
  Epoch     1/10000  loss=3.6021e-01  lr=3.00e-04  (0.0s)

  Done in 98.1s | min loss = 5.7616e-06

    -> digits per seed=[3, 3, 3]  best_mean_relerr=1.502e-03  median_digits=3  (299.2s total)
[group 80/640] hidden=[128, 128, 128] omega0=37.5 lr=0.0003 N=1024 epochs=15000  (3 seeds)

════════════════════════════════════════════════════════════════
  Training: 15000 epochs | 1024 pts/set | 8 sets
  Per epoch: 8192 pts | device: cuda:0
  lr: 0.0003 -> 2.9999999999999997e-05  (CosineAnnealing)
  Network: SIREN  omega_0=37.5
════════════════════════════════════════════════════════════════
  Epoch     1/15000  loss=3.7510e-01  lr=3.00e-04  (0.0s)

  Done in 146.5s | min loss = 4.6633e-06


════════════════════════════════════════════════════════════════
  Training: 15000 epochs | 1024 pts/set | 8 sets
  Per epoch: 8192 pts | device: cuda:0
  lr: 0.0003 -> 2.9999999999999997e-05  (CosineAnnealing)
  Network: SIREN  omega_0=37.5
════════════════════════════════════════════════════════════════
  Epoch     1/15000  loss=3.7994e-01  lr=3.00e-04  (0.0s)

  Done in 154.1s | min loss = 4.6122e-06


════════════════════════════════════════════════════════════════
  Training: 15000 epochs | 1024 pts/set | 8 sets
  Per epoch: 8192 pts | device: cuda:0
  lr: 0.0003 -> 2.9999999999999997e-05  (CosineAnnealing)
  Network: SIREN  omega_0=37.5
════════════════════════════════════════════════════════════════
  Epoch     1/15000  loss=3.6021e-01  lr=3.00e-04  (0.0s)

  Done in 144.8s | min loss = 5.1351e-06

    -> digits per seed=[3, 3, 3]  best_mean_relerr=7.795e-04  median_digits=3  (445.5s total)
[group 81/640] hidden=[128, 128, 128] omega0=45.0 lr=0.0001 N=512 epochs=3000  (3 seeds)

════════════════════════════════════════════════════════════════
  Training: 3000 epochs | 512 pts/set | 8 sets
  Per epoch: 4096 pts | device: cuda:0
  lr: 0.0001 -> 1e-05  (CosineAnnealing)
  Network: SIREN  omega_0=45.0
════════════════════════════════════════════════════════════════
  Epoch     1/3000  loss=3.2168e-01  lr=1.00e-04  (0.0s)

  Done in 27.8s | min loss = 4.2723e-05


════════════════════════════════════════════════════════════════
  Training: 3000 epochs | 512 pts/set | 8 sets
  Per epoch: 4096 pts | device: cuda:0
  lr: 0.0001 -> 1e-05  (CosineAnnealing)
  Network: SIREN  omega_0=45.0
════════════════════════════════════════════════════════════════
  Epoch     1/3000  loss=4.1215e-01  lr=1.00e-04  (0.0s)

  Done in 28.0s | min loss = 4.3577e-05


════════════════════════════════════════════════════════════════
  Training: 3000 epochs | 512 pts/set | 8 sets
  Per epoch: 4096 pts | device: cuda:0
  lr: 0.0001 -> 1e-05  (CosineAnnealing)
  Network: SIREN  omega_0=45.0
════════════════════════════════════════════════════════════════
  Epoch     1/3000  loss=3.5682e-01  lr=1.00e-04  (0.0s)

  Done in 27.8s | min loss = 4.2923e-05

    -> digits per seed=[4, 4, 4]  best_mean_relerr=2.754e-04  median_digits=4  (83.6s total)
[group 82/640] hidden=[128, 128, 128] omega0=45.0 lr=0.0001 N=512 epochs=4500  (3 seeds)

════════════════════════════════════════════════════════════════
  Training: 4500 epochs | 512 pts/set | 8 sets
  Per epoch: 4096 pts | device: cuda:0
  lr: 0.0001 -> 1e-05  (CosineAnnealing)
  Network: SIREN  omega_0=45.0
════════════════════════════════════════════════════════════════
  Epoch     1/4500  loss=3.2168e-01  lr=1.00e-04  (0.0s)

  Done in 41.5s | min loss = 2.6038e-05


════════════════════════════════════════════════════════════════
  Training: 4500 epochs | 512 pts/set | 8 sets
  Per epoch: 4096 pts | device: cuda:0
  lr: 0.0001 -> 1e-05  (CosineAnnealing)
  Network: SIREN  omega_0=45.0
════════════════════════════════════════════════════════════════
  Epoch     1/4500  loss=4.1215e-01  lr=1.00e-04  (0.0s)

  Done in 41.6s | min loss = 2.7518e-05


════════════════════════════════════════════════════════════════
  Training: 4500 epochs | 512 pts/set | 8 sets
  Per epoch: 4096 pts | device: cuda:0
  lr: 0.0001 -> 1e-05  (CosineAnnealing)
  Network: SIREN  omega_0=45.0
════════════════════════════════════════════════════════════════
  Epoch     1/4500  loss=3.5682e-01  lr=1.00e-04  (0.0s)

  Done in 42.1s | min loss = 2.6331e-05

    -> digits per seed=[4, 4, 4]  best_mean_relerr=2.221e-04  median_digits=4  (125.3s total)
[group 83/640] hidden=[128, 128, 128] omega0=45.0 lr=0.0001 N=512 epochs=6500  (3 seeds)

════════════════════════════════════════════════════════════════
  Training: 6500 epochs | 512 pts/set | 8 sets
  Per epoch: 4096 pts | device: cuda:0
  lr: 0.0001 -> 1e-05  (CosineAnnealing)
  Network: SIREN  omega_0=45.0
════════════════════════════════════════════════════════════════
  Epoch     1/6500  loss=3.2168e-01  lr=1.00e-04  (0.0s)

  Done in 60.8s | min loss = 1.7706e-05


════════════════════════════════════════════════════════════════
  Training: 6500 epochs | 512 pts/set | 8 sets
  Per epoch: 4096 pts | device: cuda:0
  lr: 0.0001 -> 1e-05  (CosineAnnealing)
  Network: SIREN  omega_0=45.0
════════════════════════════════════════════════════════════════
  Epoch     1/6500  loss=4.1215e-01  lr=1.00e-04  (0.0s)

  Done in 60.3s | min loss = 1.8461e-05


════════════════════════════════════════════════════════════════
  Training: 6500 epochs | 512 pts/set | 8 sets
  Per epoch: 4096 pts | device: cuda:0
  lr: 0.0001 -> 1e-05  (CosineAnnealing)
  Network: SIREN  omega_0=45.0
════════════════════════════════════════════════════════════════
  Epoch     1/6500  loss=3.5682e-01  lr=1.00e-04  (0.0s)

  Done in 60.4s | min loss = 1.7452e-05

    -> digits per seed=[3, 4, 4]  best_mean_relerr=7.500e-04  median_digits=4  (181.4s total)
[group 84/640] hidden=[128, 128, 128] omega0=45.0 lr=0.0001 N=512 epochs=10000  (3 seeds)

════════════════════════════════════════════════════════════════
  Training: 10000 epochs | 512 pts/set | 8 sets
  Per epoch: 4096 pts | device: cuda:0
  lr: 0.0001 -> 1e-05  (CosineAnnealing)
  Network: SIREN  omega_0=45.0
════════════════════════════════════════════════════════════════
  Epoch     1/10000  loss=3.2168e-01  lr=1.00e-04  (0.0s)

  Done in 92.8s | min loss = 1.0959e-05


════════════════════════════════════════════════════════════════
  Training: 10000 epochs | 512 pts/set | 8 sets
  Per epoch: 4096 pts | device: cuda:0
  lr: 0.0001 -> 1e-05  (CosineAnnealing)
  Network: SIREN  omega_0=45.0
════════════════════════════════════════════════════════════════
  Epoch     1/10000  loss=4.1215e-01  lr=1.00e-04  (0.0s)

  Done in 92.6s | min loss = 1.0870e-05


════════════════════════════════════════════════════════════════
  Training: 10000 epochs | 512 pts/set | 8 sets
  Per epoch: 4096 pts | device: cuda:0
  lr: 0.0001 -> 1e-05  (CosineAnnealing)
  Network: SIREN  omega_0=45.0
════════════════════════════════════════════════════════════════
  Epoch     1/10000  loss=3.5682e-01  lr=1.00e-04  (0.0s)

  Done in 92.5s | min loss = 1.1349e-05

    -> digits per seed=[4, 4, 3]  best_mean_relerr=7.238e-04  median_digits=4  (277.9s total)
[group 85/640] hidden=[128, 128, 128] omega0=45.0 lr=0.0001 N=512 epochs=15000  (3 seeds)

════════════════════════════════════════════════════════════════
  Training: 15000 epochs | 512 pts/set | 8 sets
  Per epoch: 4096 pts | device: cuda:0
  lr: 0.0001 -> 1e-05  (CosineAnnealing)
  Network: SIREN  omega_0=45.0
════════════════════════════════════════════════════════════════
  Epoch     1/15000  loss=3.2168e-01  lr=1.00e-04  (0.0s)

  Done in 138.5s | min loss = 7.6171e-06


════════════════════════════════════════════════════════════════
  Training: 15000 epochs | 512 pts/set | 8 sets
  Per epoch: 4096 pts | device: cuda:0
  lr: 0.0001 -> 1e-05  (CosineAnnealing)
  Network: SIREN  omega_0=45.0
════════════════════════════════════════════════════════════════
  Epoch     1/15000  loss=4.1215e-01  lr=1.00e-04  (0.0s)

  Done in 138.2s | min loss = 8.3260e-06


════════════════════════════════════════════════════════════════
  Training: 15000 epochs | 512 pts/set | 8 sets
  Per epoch: 4096 pts | device: cuda:0
  lr: 0.0001 -> 1e-05  (CosineAnnealing)
  Network: SIREN  omega_0=45.0
════════════════════════════════════════════════════════════════
  Epoch     1/15000  loss=3.5682e-01  lr=1.00e-04  (0.0s)

  Done in 150.2s | min loss = 7.8156e-06

    -> digits per seed=[4, 4, 3]  best_mean_relerr=6.065e-04  median_digits=4  (426.9s total)
[group 86/640] hidden=[128, 128, 128] omega0=45.0 lr=0.0001 N=1024 epochs=3000  (3 seeds)

════════════════════════════════════════════════════════════════
  Training: 3000 epochs | 1024 pts/set | 8 sets
  Per epoch: 8192 pts | device: cuda:0
  lr: 0.0001 -> 1e-05  (CosineAnnealing)
  Network: SIREN  omega_0=45.0
════════════════════════════════════════════════════════════════
  Epoch     1/3000  loss=3.7510e-01  lr=1.00e-04  (0.0s)

  Done in 30.7s | min loss = 3.3603e-05


════════════════════════════════════════════════════════════════
  Training: 3000 epochs | 1024 pts/set | 8 sets
  Per epoch: 8192 pts | device: cuda:0
  lr: 0.0001 -> 1e-05  (CosineAnnealing)
  Network: SIREN  omega_0=45.0
════════════════════════════════════════════════════════════════
  Epoch     1/3000  loss=3.7994e-01  lr=1.00e-04  (0.0s)

  Done in 30.5s | min loss = 3.5897e-05


════════════════════════════════════════════════════════════════
  Training: 3000 epochs | 1024 pts/set | 8 sets
  Per epoch: 8192 pts | device: cuda:0
  lr: 0.0001 -> 1e-05  (CosineAnnealing)
  Network: SIREN  omega_0=45.0
════════════════════════════════════════════════════════════════
  Epoch     1/3000  loss=3.6021e-01  lr=1.00e-04  (0.0s)

  Done in 30.7s | min loss = 3.5692e-05

    -> digits per seed=[4, 4, 4]  best_mean_relerr=3.290e-04  median_digits=4  (91.9s total)
[group 87/640] hidden=[128, 128, 128] omega0=45.0 lr=0.0001 N=1024 epochs=4500  (3 seeds)

════════════════════════════════════════════════════════════════
  Training: 4500 epochs | 1024 pts/set | 8 sets
  Per epoch: 8192 pts | device: cuda:0
  lr: 0.0001 -> 1e-05  (CosineAnnealing)
  Network: SIREN  omega_0=45.0
════════════════════════════════════════════════════════════════
  Epoch     1/4500  loss=3.7510e-01  lr=1.00e-04  (0.0s)

  Done in 45.6s | min loss = 1.9946e-05


════════════════════════════════════════════════════════════════
  Training: 4500 epochs | 1024 pts/set | 8 sets
  Per epoch: 8192 pts | device: cuda:0
  lr: 0.0001 -> 1e-05  (CosineAnnealing)
  Network: SIREN  omega_0=45.0
════════════════════════════════════════════════════════════════
  Epoch     1/4500  loss=3.7994e-01  lr=1.00e-04  (0.0s)

  Done in 47.3s | min loss = 2.1721e-05


════════════════════════════════════════════════════════════════
  Training: 4500 epochs | 1024 pts/set | 8 sets
  Per epoch: 8192 pts | device: cuda:0
  lr: 0.0001 -> 1e-05  (CosineAnnealing)
  Network: SIREN  omega_0=45.0
════════════════════════════════════════════════════════════════
  Epoch     1/4500  loss=3.6021e-01  lr=1.00e-04  (0.0s)

  Done in 46.3s | min loss = 2.2106e-05

    -> digits per seed=[3, 4, 4]  best_mean_relerr=2.945e-04  median_digits=4  (139.1s total)
[group 88/640] hidden=[128, 128, 128] omega0=45.0 lr=0.0001 N=1024 epochs=6500  (3 seeds)

════════════════════════════════════════════════════════════════
  Training: 6500 epochs | 1024 pts/set | 8 sets
  Per epoch: 8192 pts | device: cuda:0
  lr: 0.0001 -> 1e-05  (CosineAnnealing)
  Network: SIREN  omega_0=45.0
════════════════════════════════════════════════════════════════
  Epoch     1/6500  loss=3.7510e-01  lr=1.00e-04  (0.0s)

  Done in 66.8s | min loss = 1.3036e-05


════════════════════════════════════════════════════════════════
  Training: 6500 epochs | 1024 pts/set | 8 sets
  Per epoch: 8192 pts | device: cuda:0
  lr: 0.0001 -> 1e-05  (CosineAnnealing)
  Network: SIREN  omega_0=45.0
════════════════════════════════════════════════════════════════
  Epoch     1/6500  loss=3.7994e-01  lr=1.00e-04  (0.0s)

  Done in 66.7s | min loss = 1.4668e-05


════════════════════════════════════════════════════════════════
  Training: 6500 epochs | 1024 pts/set | 8 sets
  Per epoch: 8192 pts | device: cuda:0
  lr: 0.0001 -> 1e-05  (CosineAnnealing)
  Network: SIREN  omega_0=45.0
════════════════════════════════════════════════════════════════
  Epoch     1/6500  loss=3.6021e-01  lr=1.00e-04  (0.0s)

  Done in 66.6s | min loss = 1.4217e-05

    -> digits per seed=[4, 4, 3]  best_mean_relerr=3.869e-04  median_digits=4  (200.1s total)
[group 89/640] hidden=[128, 128, 128] omega0=45.0 lr=0.0001 N=1024 epochs=10000  (3 seeds)

════════════════════════════════════════════════════════════════
  Training: 10000 epochs | 1024 pts/set | 8 sets
  Per epoch: 8192 pts | device: cuda:0
  lr: 0.0001 -> 1e-05  (CosineAnnealing)
  Network: SIREN  omega_0=45.0
════════════════════════════════════════════════════════════════
  Epoch     1/10000  loss=3.7510e-01  lr=1.00e-04  (0.0s)

  Done in 101.7s | min loss = 7.5919e-06


════════════════════════════════════════════════════════════════
  Training: 10000 epochs | 1024 pts/set | 8 sets
  Per epoch: 8192 pts | device: cuda:0
  lr: 0.0001 -> 1e-05  (CosineAnnealing)
  Network: SIREN  omega_0=45.0
════════════════════════════════════════════════════════════════
  Epoch     1/10000  loss=3.7994e-01  lr=1.00e-04  (0.0s)

  Done in 92.6s | min loss = 9.1383e-06


════════════════════════════════════════════════════════════════
  Training: 10000 epochs | 1024 pts/set | 8 sets
  Per epoch: 8192 pts | device: cuda:0
  lr: 0.0001 -> 1e-05  (CosineAnnealing)
  Network: SIREN  omega_0=45.0
════════════════════════════════════════════════════════════════
  Epoch     1/10000  loss=3.6021e-01  lr=1.00e-04  (0.0s)

  Done in 95.2s | min loss = 8.7834e-06

    -> digits per seed=[3, 4, 4]  best_mean_relerr=3.668e-04  median_digits=4  (289.5s total)
[group 90/640] hidden=[128, 128, 128] omega0=45.0 lr=0.0001 N=1024 epochs=15000  (3 seeds)

════════════════════════════════════════════════════════════════
  Training: 15000 epochs | 1024 pts/set | 8 sets
  Per epoch: 8192 pts | device: cuda:0
  lr: 0.0001 -> 1e-05  (CosineAnnealing)
  Network: SIREN  omega_0=45.0
════════════════════════════════════════════════════════════════
  Epoch     1/15000  loss=3.7510e-01  lr=1.00e-04  (0.0s)

  Done in 147.8s | min loss = 4.2857e-06


════════════════════════════════════════════════════════════════
  Training: 15000 epochs | 1024 pts/set | 8 sets
  Per epoch: 8192 pts | device: cuda:0
  lr: 0.0001 -> 1e-05  (CosineAnnealing)
  Network: SIREN  omega_0=45.0
════════════════════════════════════════════════════════════════
  Epoch     1/15000  loss=3.7994e-01  lr=1.00e-04  (0.0s)

  Done in 150.5s | min loss = 5.5186e-06


════════════════════════════════════════════════════════════════
  Training: 15000 epochs | 1024 pts/set | 8 sets
  Per epoch: 8192 pts | device: cuda:0
  lr: 0.0001 -> 1e-05  (CosineAnnealing)
  Network: SIREN  omega_0=45.0
════════════════════════════════════════════════════════════════
  Epoch     1/15000  loss=3.6021e-01  lr=1.00e-04  (0.0s)

  Done in 155.2s | min loss = 5.1821e-06

    -> digits per seed=[3, 4, 4]  best_mean_relerr=4.848e-04  median_digits=4  (453.5s total)
[group 91/640] hidden=[128, 128, 128] omega0=45.0 lr=0.00015 N=512 epochs=3000  (3 seeds)

════════════════════════════════════════════════════════════════
  Training: 3000 epochs | 512 pts/set | 8 sets
  Per epoch: 4096 pts | device: cuda:0
  lr: 0.00015 -> 1.4999999999999999e-05  (CosineAnnealing)
  Network: SIREN  omega_0=45.0
════════════════════════════════════════════════════════════════
  Epoch     1/3000  loss=3.2168e-01  lr=1.50e-04  (0.0s)

  Done in 30.9s | min loss = 2.8287e-05


════════════════════════════════════════════════════════════════
  Training: 3000 epochs | 512 pts/set | 8 sets
  Per epoch: 4096 pts | device: cuda:0
  lr: 0.00015 -> 1.4999999999999999e-05  (CosineAnnealing)
  Network: SIREN  omega_0=45.0
════════════════════════════════════════════════════════════════
  Epoch     1/3000  loss=4.1215e-01  lr=1.50e-04  (0.0s)

  Done in 31.1s | min loss = 3.0621e-05


════════════════════════════════════════════════════════════════
  Training: 3000 epochs | 512 pts/set | 8 sets
  Per epoch: 4096 pts | device: cuda:0
  lr: 0.00015 -> 1.4999999999999999e-05  (CosineAnnealing)
  Network: SIREN  omega_0=45.0
════════════════════════════════════════════════════════════════
  Epoch     1/3000  loss=3.5682e-01  lr=1.50e-04  (0.0s)

  Done in 31.1s | min loss = 2.9798e-05

    -> digits per seed=[4, 3, 4]  best_mean_relerr=2.877e-04  median_digits=4  (93.1s total)
[group 92/640] hidden=[128, 128, 128] omega0=45.0 lr=0.00015 N=512 epochs=4500  (3 seeds)

════════════════════════════════════════════════════════════════
  Training: 4500 epochs | 512 pts/set | 8 sets
  Per epoch: 4096 pts | device: cuda:0
  lr: 0.00015 -> 1.4999999999999999e-05  (CosineAnnealing)
  Network: SIREN  omega_0=45.0
════════════════════════════════════════════════════════════════
  Epoch     1/4500  loss=3.2168e-01  lr=1.50e-04  (0.0s)

  Done in 46.1s | min loss = 1.8227e-05


════════════════════════════════════════════════════════════════
  Training: 4500 epochs | 512 pts/set | 8 sets
  Per epoch: 4096 pts | device: cuda:0
  lr: 0.00015 -> 1.4999999999999999e-05  (CosineAnnealing)
  Network: SIREN  omega_0=45.0
════════════════════════════════════════════════════════════════
  Epoch     1/4500  loss=4.1215e-01  lr=1.50e-04  (0.0s)

  Done in 45.8s | min loss = 1.9179e-05


════════════════════════════════════════════════════════════════
  Training: 4500 epochs | 512 pts/set | 8 sets
  Per epoch: 4096 pts | device: cuda:0
  lr: 0.00015 -> 1.4999999999999999e-05  (CosineAnnealing)
  Network: SIREN  omega_0=45.0
════════════════════════════════════════════════════════════════
  Epoch     1/4500  loss=3.5682e-01  lr=1.50e-04  (0.0s)

  Done in 45.9s | min loss = 1.7514e-05

    -> digits per seed=[3, 4, 3]  best_mean_relerr=6.837e-04  median_digits=3  (137.8s total)
[group 93/640] hidden=[128, 128, 128] omega0=45.0 lr=0.00015 N=512 epochs=6500  (3 seeds)

════════════════════════════════════════════════════════════════
  Training: 6500 epochs | 512 pts/set | 8 sets
  Per epoch: 4096 pts | device: cuda:0
  lr: 0.00015 -> 1.4999999999999999e-05  (CosineAnnealing)
  Network: SIREN  omega_0=45.0
════════════════════════════════════════════════════════════════
  Epoch     1/6500  loss=3.2168e-01  lr=1.50e-04  (0.0s)

  Done in 66.0s | min loss = 1.3246e-05


════════════════════════════════════════════════════════════════
  Training: 6500 epochs | 512 pts/set | 8 sets
  Per epoch: 4096 pts | device: cuda:0
  lr: 0.00015 -> 1.4999999999999999e-05  (CosineAnnealing)
  Network: SIREN  omega_0=45.0
════════════════════════════════════════════════════════════════
  Epoch     1/6500  loss=4.1215e-01  lr=1.50e-04  (0.0s)

  Done in 65.8s | min loss = 1.3402e-05


════════════════════════════════════════════════════════════════
  Training: 6500 epochs | 512 pts/set | 8 sets
  Per epoch: 4096 pts | device: cuda:0
  lr: 0.00015 -> 1.4999999999999999e-05  (CosineAnnealing)
  Network: SIREN  omega_0=45.0
════════════════════════════════════════════════════════════════
  Epoch     1/6500  loss=3.5682e-01  lr=1.50e-04  (0.0s)

  Done in 61.4s | min loss = 1.2270e-05

    -> digits per seed=[4, 4, 3]  best_mean_relerr=3.251e-04  median_digits=4  (193.2s total)
[group 94/640] hidden=[128, 128, 128] omega0=45.0 lr=0.00015 N=512 epochs=10000  (3 seeds)

════════════════════════════════════════════════════════════════
  Training: 10000 epochs | 512 pts/set | 8 sets
  Per epoch: 4096 pts | device: cuda:0
  lr: 0.00015 -> 1.4999999999999999e-05  (CosineAnnealing)
  Network: SIREN  omega_0=45.0
════════════════════════════════════════════════════════════════
  Epoch     1/10000  loss=3.2168e-01  lr=1.50e-04  (0.0s)

  Done in 92.8s | min loss = 1.0121e-05


════════════════════════════════════════════════════════════════
  Training: 10000 epochs | 512 pts/set | 8 sets
  Per epoch: 4096 pts | device: cuda:0
  lr: 0.00015 -> 1.4999999999999999e-05  (CosineAnnealing)
  Network: SIREN  omega_0=45.0
════════════════════════════════════════════════════════════════
  Epoch     1/10000  loss=4.1215e-01  lr=1.50e-04  (0.0s)

  Done in 95.6s | min loss = 1.0280e-05


════════════════════════════════════════════════════════════════
  Training: 10000 epochs | 512 pts/set | 8 sets
  Per epoch: 4096 pts | device: cuda:0
  lr: 0.00015 -> 1.4999999999999999e-05  (CosineAnnealing)
  Network: SIREN  omega_0=45.0
════════════════════════════════════════════════════════════════
  Epoch     1/10000  loss=3.5682e-01  lr=1.50e-04  (0.0s)

  Done in 114.0s | min loss = 1.1394e-05

    -> digits per seed=[4, 4, 3]  best_mean_relerr=4.360e-04  median_digits=4  (302.4s total)
[group 95/640] hidden=[128, 128, 128] omega0=45.0 lr=0.00015 N=512 epochs=15000  (3 seeds)

════════════════════════════════════════════════════════════════
  Training: 15000 epochs | 512 pts/set | 8 sets
  Per epoch: 4096 pts | device: cuda:0
  lr: 0.00015 -> 1.4999999999999999e-05  (CosineAnnealing)
  Network: SIREN  omega_0=45.0
════════════════════════════════════════════════════════════════
  Epoch     1/15000  loss=3.2168e-01  lr=1.50e-04  (0.0s)

  Done in 149.6s | min loss = 6.1745e-06


════════════════════════════════════════════════════════════════
  Training: 15000 epochs | 512 pts/set | 8 sets
  Per epoch: 4096 pts | device: cuda:0
  lr: 0.00015 -> 1.4999999999999999e-05  (CosineAnnealing)
  Network: SIREN  omega_0=45.0
════════════════════════════════════════════════════════════════
  Epoch     1/15000  loss=4.1215e-01  lr=1.50e-04  (0.0s)

  Done in 156.9s | min loss = 7.7032e-06


════════════════════════════════════════════════════════════════
  Training: 15000 epochs | 512 pts/set | 8 sets
  Per epoch: 4096 pts | device: cuda:0
  lr: 0.00015 -> 1.4999999999999999e-05  (CosineAnnealing)
  Network: SIREN  omega_0=45.0
════════════════════════════════════════════════════════════════
  Epoch     1/15000  loss=3.5682e-01  lr=1.50e-04  (0.0s)

  Done in 148.0s | min loss = 7.0043e-06

    -> digits per seed=[3, 4, 3]  best_mean_relerr=7.277e-04  median_digits=3  (454.5s total)
[group 96/640] hidden=[128, 128, 128] omega0=45.0 lr=0.00015 N=1024 epochs=3000  (3 seeds)

════════════════════════════════════════════════════════════════
  Training: 3000 epochs | 1024 pts/set | 8 sets
  Per epoch: 8192 pts | device: cuda:0
  lr: 0.00015 -> 1.4999999999999999e-05  (CosineAnnealing)
  Network: SIREN  omega_0=45.0
════════════════════════════════════════════════════════════════
  Epoch     1/3000  loss=3.7510e-01  lr=1.50e-04  (0.0s)

  Done in 29.2s | min loss = 2.1845e-05


════════════════════════════════════════════════════════════════
  Training: 3000 epochs | 1024 pts/set | 8 sets
  Per epoch: 8192 pts | device: cuda:0
  lr: 0.00015 -> 1.4999999999999999e-05  (CosineAnnealing)
  Network: SIREN  omega_0=45.0
════════════════════════════════════════════════════════════════
  Epoch     1/3000  loss=3.7994e-01  lr=1.50e-04  (0.0s)

  Done in 29.6s | min loss = 2.3753e-05


════════════════════════════════════════════════════════════════
  Training: 3000 epochs | 1024 pts/set | 8 sets
  Per epoch: 8192 pts | device: cuda:0
  lr: 0.00015 -> 1.4999999999999999e-05  (CosineAnnealing)
  Network: SIREN  omega_0=45.0
════════════════════════════════════════════════════════════════
  Epoch     1/3000  loss=3.6021e-01  lr=1.50e-04  (0.0s)

  Done in 30.1s | min loss = 2.3397e-05

    -> digits per seed=[4, 3, 4]  best_mean_relerr=2.918e-04  median_digits=4  (89.0s total)
[group 97/640] hidden=[128, 128, 128] omega0=45.0 lr=0.00015 N=1024 epochs=4500  (3 seeds)

════════════════════════════════════════════════════════════════
  Training: 4500 epochs | 1024 pts/set | 8 sets
  Per epoch: 8192 pts | device: cuda:0
  lr: 0.00015 -> 1.4999999999999999e-05  (CosineAnnealing)
  Network: SIREN  omega_0=45.0
════════════════════════════════════════════════════════════════
  Epoch     1/4500  loss=3.7510e-01  lr=1.50e-04  (0.0s)

  Done in 44.8s | min loss = 1.2491e-05


════════════════════════════════════════════════════════════════
  Training: 4500 epochs | 1024 pts/set | 8 sets
  Per epoch: 8192 pts | device: cuda:0
  lr: 0.00015 -> 1.4999999999999999e-05  (CosineAnnealing)
  Network: SIREN  omega_0=45.0
════════════════════════════════════════════════════════════════
  Epoch     1/4500  loss=3.7994e-01  lr=1.50e-04  (0.0s)

  Done in 45.0s | min loss = 1.4146e-05


════════════════════════════════════════════════════════════════
  Training: 4500 epochs | 1024 pts/set | 8 sets
  Per epoch: 8192 pts | device: cuda:0
  lr: 0.00015 -> 1.4999999999999999e-05  (CosineAnnealing)
  Network: SIREN  omega_0=45.0
════════════════════════════════════════════════════════════════
  Epoch     1/4500  loss=3.6021e-01  lr=1.50e-04  (0.0s)

  Done in 44.8s | min loss = 1.4697e-05

    -> digits per seed=[3, 4, 4]  best_mean_relerr=4.819e-04  median_digits=4  (134.7s total)
[group 98/640] hidden=[128, 128, 128] omega0=45.0 lr=0.00015 N=1024 epochs=6500  (3 seeds)

════════════════════════════════════════════════════════════════
  Training: 6500 epochs | 1024 pts/set | 8 sets
  Per epoch: 8192 pts | device: cuda:0
  lr: 0.00015 -> 1.4999999999999999e-05  (CosineAnnealing)
  Network: SIREN  omega_0=45.0
════════════════════════════════════════════════════════════════
  Epoch     1/6500  loss=3.7510e-01  lr=1.50e-04  (0.0s)

  Done in 65.1s | min loss = 8.5065e-06


════════════════════════════════════════════════════════════════
  Training: 6500 epochs | 1024 pts/set | 8 sets
  Per epoch: 8192 pts | device: cuda:0
  lr: 0.00015 -> 1.4999999999999999e-05  (CosineAnnealing)
  Network: SIREN  omega_0=45.0
════════════════════════════════════════════════════════════════
  Epoch     1/6500  loss=3.7994e-01  lr=1.50e-04  (0.0s)

  Done in 65.5s | min loss = 9.5796e-06


════════════════════════════════════════════════════════════════
  Training: 6500 epochs | 1024 pts/set | 8 sets
  Per epoch: 8192 pts | device: cuda:0
  lr: 0.00015 -> 1.4999999999999999e-05  (CosineAnnealing)
  Network: SIREN  omega_0=45.0
════════════════════════════════════════════════════════════════
  Epoch     1/6500  loss=3.6021e-01  lr=1.50e-04  (0.0s)

  Done in 64.2s | min loss = 8.7480e-06

    -> digits per seed=[4, 3, 4]  best_mean_relerr=2.415e-04  median_digits=4  (194.7s total)
[group 99/640] hidden=[128, 128, 128] omega0=45.0 lr=0.00015 N=1024 epochs=10000  (3 seeds)

════════════════════════════════════════════════════════════════
  Training: 10000 epochs | 1024 pts/set | 8 sets
  Per epoch: 8192 pts | device: cuda:0
  lr: 0.00015 -> 1.4999999999999999e-05  (CosineAnnealing)
  Network: SIREN  omega_0=45.0
════════════════════════════════════════════════════════════════
  Epoch     1/10000  loss=3.7510e-01  lr=1.50e-04  (0.0s)

  Done in 98.5s | min loss = 5.8492e-06


════════════════════════════════════════════════════════════════
  Training: 10000 epochs | 1024 pts/set | 8 sets
  Per epoch: 8192 pts | device: cuda:0
  lr: 0.00015 -> 1.4999999999999999e-05  (CosineAnnealing)
  Network: SIREN  omega_0=45.0
════════════════════════════════════════════════════════════════
  Epoch     1/10000  loss=3.7994e-01  lr=1.50e-04  (0.0s)

  Done in 98.0s | min loss = 6.2054e-06


════════════════════════════════════════════════════════════════
  Training: 10000 epochs | 1024 pts/set | 8 sets
  Per epoch: 8192 pts | device: cuda:0
  lr: 0.00015 -> 1.4999999999999999e-05  (CosineAnnealing)
  Network: SIREN  omega_0=45.0
════════════════════════════════════════════════════════════════
  Epoch     1/10000  loss=3.6021e-01  lr=1.50e-04  (0.0s)

  Done in 99.7s | min loss = 6.5610e-06

    -> digits per seed=[3, 3, 3]  best_mean_relerr=8.985e-04  median_digits=3  (296.2s total)
[group 100/640] hidden=[128, 128, 128] omega0=45.0 lr=0.00015 N=1024 epochs=15000  (3 seeds)

════════════════════════════════════════════════════════════════
  Training: 15000 epochs | 1024 pts/set | 8 sets
  Per epoch: 8192 pts | device: cuda:0
  lr: 0.00015 -> 1.4999999999999999e-05  (CosineAnnealing)
  Network: SIREN  omega_0=45.0
════════════════════════════════════════════════════════════════
  Epoch     1/15000  loss=3.7510e-01  lr=1.50e-04  (0.0s)

  Done in 151.1s | min loss = 3.5568e-06


════════════════════════════════════════════════════════════════
  Training: 15000 epochs | 1024 pts/set | 8 sets
  Per epoch: 8192 pts | device: cuda:0
  lr: 0.00015 -> 1.4999999999999999e-05  (CosineAnnealing)
  Network: SIREN  omega_0=45.0
════════════════════════════════════════════════════════════════
  Epoch     1/15000  loss=3.7994e-01  lr=1.50e-04  (0.0s)

  Done in 150.8s | min loss = 4.6968e-06


════════════════════════════════════════════════════════════════
  Training: 15000 epochs | 1024 pts/set | 8 sets
  Per epoch: 8192 pts | device: cuda:0
  lr: 0.00015 -> 1.4999999999999999e-05  (CosineAnnealing)
  Network: SIREN  omega_0=45.0
════════════════════════════════════════════════════════════════
  Epoch     1/15000  loss=3.6021e-01  lr=1.50e-04  (0.0s)

  Done in 150.6s | min loss = 4.3522e-06

    -> digits per seed=[4, 4, 4]  best_mean_relerr=4.462e-04  median_digits=4  (452.5s total)
[group 101/640] hidden=[128, 128, 128] omega0=45.0 lr=0.0002 N=512 epochs=3000  (3 seeds)

════════════════════════════════════════════════════════════════
  Training: 3000 epochs | 512 pts/set | 8 sets
  Per epoch: 4096 pts | device: cuda:0
  lr: 0.0002 -> 2e-05  (CosineAnnealing)
  Network: SIREN  omega_0=45.0
════════════════════════════════════════════════════════════════
  Epoch     1/3000  loss=3.2168e-01  lr=2.00e-04  (0.0s)

  Done in 30.1s | min loss = 2.0987e-05


════════════════════════════════════════════════════════════════
  Training: 3000 epochs | 512 pts/set | 8 sets
  Per epoch: 4096 pts | device: cuda:0
  lr: 0.0002 -> 2e-05  (CosineAnnealing)
  Network: SIREN  omega_0=45.0
════════════════════════════════════════════════════════════════
  Epoch     1/3000  loss=4.1215e-01  lr=2.00e-04  (0.0s)

  Done in 30.0s | min loss = 2.2720e-05


════════════════════════════════════════════════════════════════
  Training: 3000 epochs | 512 pts/set | 8 sets
  Per epoch: 4096 pts | device: cuda:0
  lr: 0.0002 -> 2e-05  (CosineAnnealing)
  Network: SIREN  omega_0=45.0
════════════════════════════════════════════════════════════════
  Epoch     1/3000  loss=3.5682e-01  lr=2.00e-04  (0.0s)

  Done in 29.8s | min loss = 2.4007e-05

    -> digits per seed=[4, 3, 4]  best_mean_relerr=2.236e-04  median_digits=4  (89.9s total)
[group 102/640] hidden=[128, 128, 128] omega0=45.0 lr=0.0002 N=512 epochs=4500  (3 seeds)

════════════════════════════════════════════════════════════════
  Training: 4500 epochs | 512 pts/set | 8 sets
  Per epoch: 4096 pts | device: cuda:0
  lr: 0.0002 -> 2e-05  (CosineAnnealing)
  Network: SIREN  omega_0=45.0
════════════════════════════════════════════════════════════════
  Epoch     1/4500  loss=3.2168e-01  lr=2.00e-04  (0.0s)

  Done in 45.2s | min loss = 1.4000e-05


════════════════════════════════════════════════════════════════
  Training: 4500 epochs | 512 pts/set | 8 sets
  Per epoch: 4096 pts | device: cuda:0
  lr: 0.0002 -> 2e-05  (CosineAnnealing)
  Network: SIREN  omega_0=45.0
════════════════════════════════════════════════════════════════
  Epoch     1/4500  loss=4.1215e-01  lr=2.00e-04  (0.0s)

  Done in 45.1s | min loss = 1.4921e-05


════════════════════════════════════════════════════════════════
  Training: 4500 epochs | 512 pts/set | 8 sets
  Per epoch: 4096 pts | device: cuda:0
  lr: 0.0002 -> 2e-05  (CosineAnnealing)
  Network: SIREN  omega_0=45.0
════════════════════════════════════════════════════════════════
  Epoch     1/4500  loss=3.5682e-01  lr=2.00e-04  (0.0s)

  Done in 44.2s | min loss = 1.4645e-05

    -> digits per seed=[4, 4, 4]  best_mean_relerr=4.607e-04  median_digits=4  (134.4s total)
[group 103/640] hidden=[128, 128, 128] omega0=45.0 lr=0.0002 N=512 epochs=6500  (3 seeds)

════════════════════════════════════════════════════════════════
  Training: 6500 epochs | 512 pts/set | 8 sets
  Per epoch: 4096 pts | device: cuda:0
  lr: 0.0002 -> 2e-05  (CosineAnnealing)
  Network: SIREN  omega_0=45.0
════════════════════════════════════════════════════════════════
  Epoch     1/6500  loss=3.2168e-01  lr=2.00e-04  (0.0s)

  Done in 64.3s | min loss = 1.0777e-05


════════════════════════════════════════════════════════════════
  Training: 6500 epochs | 512 pts/set | 8 sets
  Per epoch: 4096 pts | device: cuda:0
  lr: 0.0002 -> 2e-05  (CosineAnnealing)
  Network: SIREN  omega_0=45.0
════════════════════════════════════════════════════════════════
  Epoch     1/6500  loss=4.1215e-01  lr=2.00e-04  (0.0s)

  Done in 63.4s | min loss = 1.0850e-05


════════════════════════════════════════════════════════════════
  Training: 6500 epochs | 512 pts/set | 8 sets
  Per epoch: 4096 pts | device: cuda:0
  lr: 0.0002 -> 2e-05  (CosineAnnealing)
  Network: SIREN  omega_0=45.0
════════════════════════════════════════════════════════════════
  Epoch     1/6500  loss=3.5682e-01  lr=2.00e-04  (0.0s)

  Done in 62.7s | min loss = 1.1049e-05

    -> digits per seed=[4, 4, 3]  best_mean_relerr=2.907e-04  median_digits=4  (190.3s total)
[group 104/640] hidden=[128, 128, 128] omega0=45.0 lr=0.0002 N=512 epochs=10000  (3 seeds)

════════════════════════════════════════════════════════════════
  Training: 10000 epochs | 512 pts/set | 8 sets
  Per epoch: 4096 pts | device: cuda:0
  lr: 0.0002 -> 2e-05  (CosineAnnealing)
  Network: SIREN  omega_0=45.0
════════════════════════════════════════════════════════════════
  Epoch     1/10000  loss=3.2168e-01  lr=2.00e-04  (0.0s)

  Done in 99.3s | min loss = 1.0760e-05


════════════════════════════════════════════════════════════════
  Training: 10000 epochs | 512 pts/set | 8 sets
  Per epoch: 4096 pts | device: cuda:0
  lr: 0.0002 -> 2e-05  (CosineAnnealing)
  Network: SIREN  omega_0=45.0
════════════════════════════════════════════════════════════════
  Epoch     1/10000  loss=4.1215e-01  lr=2.00e-04  (0.0s)

  Done in 99.2s | min loss = 9.9844e-06


════════════════════════════════════════════════════════════════
  Training: 10000 epochs | 512 pts/set | 8 sets
  Per epoch: 4096 pts | device: cuda:0
  lr: 0.0002 -> 2e-05  (CosineAnnealing)
  Network: SIREN  omega_0=45.0
════════════════════════════════════════════════════════════════
  Epoch     1/10000  loss=3.5682e-01  lr=2.00e-04  (0.0s)

  Done in 99.3s | min loss = 9.1193e-06

    -> digits per seed=[3, 3, 3]  best_mean_relerr=5.853e-04  median_digits=3  (297.8s total)
[group 105/640] hidden=[128, 128, 128] omega0=45.0 lr=0.0002 N=512 epochs=15000  (3 seeds)

════════════════════════════════════════════════════════════════
  Training: 15000 epochs | 512 pts/set | 8 sets
  Per epoch: 4096 pts | device: cuda:0
  lr: 0.0002 -> 2e-05  (CosineAnnealing)
  Network: SIREN  omega_0=45.0
════════════════════════════════════════════════════════════════
  Epoch     1/15000  loss=3.2168e-01  lr=2.00e-04  (0.0s)

  Done in 150.4s | min loss = 8.5034e-06


════════════════════════════════════════════════════════════════
  Training: 15000 epochs | 512 pts/set | 8 sets
  Per epoch: 4096 pts | device: cuda:0
  lr: 0.0002 -> 2e-05  (CosineAnnealing)
  Network: SIREN  omega_0=45.0
════════════════════════════════════════════════════════════════
  Epoch     1/15000  loss=4.1215e-01  lr=2.00e-04  (0.0s)

  Done in 150.0s | min loss = 1.0356e-05


════════════════════════════════════════════════════════════════
  Training: 15000 epochs | 512 pts/set | 8 sets
  Per epoch: 4096 pts | device: cuda:0
  lr: 0.0002 -> 2e-05  (CosineAnnealing)
  Network: SIREN  omega_0=45.0
════════════════════════════════════════════════════════════════
  Epoch     1/15000  loss=3.5682e-01  lr=2.00e-04  (0.0s)

  Done in 148.0s | min loss = 7.1938e-06

    -> digits per seed=[4, 3, 3]  best_mean_relerr=4.670e-04  median_digits=3  (448.4s total)
[group 106/640] hidden=[128, 128, 128] omega0=45.0 lr=0.0002 N=1024 epochs=3000  (3 seeds)

════════════════════════════════════════════════════════════════
  Training: 3000 epochs | 1024 pts/set | 8 sets
  Per epoch: 8192 pts | device: cuda:0
  lr: 0.0002 -> 2e-05  (CosineAnnealing)
  Network: SIREN  omega_0=45.0
════════════════════════════════════════════════════════════════
  Epoch     1/3000  loss=3.7510e-01  lr=2.00e-04  (0.0s)

  Done in 29.8s | min loss = 1.5948e-05


════════════════════════════════════════════════════════════════
  Training: 3000 epochs | 1024 pts/set | 8 sets
  Per epoch: 8192 pts | device: cuda:0
  lr: 0.0002 -> 2e-05  (CosineAnnealing)
  Network: SIREN  omega_0=45.0
════════════════════════════════════════════════════════════════
  Epoch     1/3000  loss=3.7994e-01  lr=2.00e-04  (0.0s)

  Done in 31.3s | min loss = 1.6235e-05


════════════════════════════════════════════════════════════════
  Training: 3000 epochs | 1024 pts/set | 8 sets
  Per epoch: 8192 pts | device: cuda:0
  lr: 0.0002 -> 2e-05  (CosineAnnealing)
  Network: SIREN  omega_0=45.0
════════════════════════════════════════════════════════════════
  Epoch     1/3000  loss=3.6021e-01  lr=2.00e-04  (0.0s)

  Done in 30.3s | min loss = 1.6243e-05

    -> digits per seed=[4, 4, 4]  best_mean_relerr=2.455e-04  median_digits=4  (91.5s total)
[group 107/640] hidden=[128, 128, 128] omega0=45.0 lr=0.0002 N=1024 epochs=4500  (3 seeds)

════════════════════════════════════════════════════════════════
  Training: 4500 epochs | 1024 pts/set | 8 sets
  Per epoch: 8192 pts | device: cuda:0
  lr: 0.0002 -> 2e-05  (CosineAnnealing)
  Network: SIREN  omega_0=45.0
════════════════════════════════════════════════════════════════
  Epoch     1/4500  loss=3.7510e-01  lr=2.00e-04  (0.0s)

  Done in 45.2s | min loss = 9.4520e-06


════════════════════════════════════════════════════════════════
  Training: 4500 epochs | 1024 pts/set | 8 sets
  Per epoch: 8192 pts | device: cuda:0
  lr: 0.0002 -> 2e-05  (CosineAnnealing)
  Network: SIREN  omega_0=45.0
════════════════════════════════════════════════════════════════
  Epoch     1/4500  loss=3.7994e-01  lr=2.00e-04  (0.0s)

  Done in 45.7s | min loss = 1.0683e-05


════════════════════════════════════════════════════════════════
  Training: 4500 epochs | 1024 pts/set | 8 sets
  Per epoch: 8192 pts | device: cuda:0
  lr: 0.0002 -> 2e-05  (CosineAnnealing)
  Network: SIREN  omega_0=45.0
════════════════════════════════════════════════════════════════
  Epoch     1/4500  loss=3.6021e-01  lr=2.00e-04  (0.0s)

  Done in 45.2s | min loss = 9.7030e-06

    -> digits per seed=[4, 4, 4]  best_mean_relerr=4.678e-04  median_digits=4  (136.2s total)
[group 108/640] hidden=[128, 128, 128] omega0=45.0 lr=0.0002 N=1024 epochs=6500  (3 seeds)

════════════════════════════════════════════════════════════════
  Training: 6500 epochs | 1024 pts/set | 8 sets
  Per epoch: 8192 pts | device: cuda:0
  lr: 0.0002 -> 2e-05  (CosineAnnealing)
  Network: SIREN  omega_0=45.0
════════════════════════════════════════════════════════════════
  Epoch     1/6500  loss=3.7510e-01  lr=2.00e-04  (0.0s)

  Done in 63.4s | min loss = 6.7968e-06


════════════════════════════════════════════════════════════════
  Training: 6500 epochs | 1024 pts/set | 8 sets
  Per epoch: 8192 pts | device: cuda:0
  lr: 0.0002 -> 2e-05  (CosineAnnealing)
  Network: SIREN  omega_0=45.0
════════════════════════════════════════════════════════════════
  Epoch     1/6500  loss=3.7994e-01  lr=2.00e-04  (0.0s)

  Done in 66.1s | min loss = 6.6788e-06


════════════════════════════════════════════════════════════════
  Training: 6500 epochs | 1024 pts/set | 8 sets
  Per epoch: 8192 pts | device: cuda:0
  lr: 0.0002 -> 2e-05  (CosineAnnealing)
  Network: SIREN  omega_0=45.0
════════════════════════════════════════════════════════════════
  Epoch     1/6500  loss=3.6021e-01  lr=2.00e-04  (0.0s)

  Done in 64.9s | min loss = 7.0938e-06

    -> digits per seed=[4, 3, 3]  best_mean_relerr=5.945e-04  median_digits=3  (194.4s total)
[group 109/640] hidden=[128, 128, 128] omega0=45.0 lr=0.0002 N=1024 epochs=10000  (3 seeds)

════════════════════════════════════════════════════════════════
  Training: 10000 epochs | 1024 pts/set | 8 sets
  Per epoch: 8192 pts | device: cuda:0
  lr: 0.0002 -> 2e-05  (CosineAnnealing)
  Network: SIREN  omega_0=45.0
════════════════════════════════════════════════════════════════
  Epoch     1/10000  loss=3.7510e-01  lr=2.00e-04  (0.0s)

  Done in 99.0s | min loss = 5.3682e-06


════════════════════════════════════════════════════════════════
  Training: 10000 epochs | 1024 pts/set | 8 sets
  Per epoch: 8192 pts | device: cuda:0
  lr: 0.0002 -> 2e-05  (CosineAnnealing)
  Network: SIREN  omega_0=45.0
════════════════════════════════════════════════════════════════
  Epoch     1/10000  loss=3.7994e-01  lr=2.00e-04  (0.0s)

  Done in 97.9s | min loss = 5.2864e-06


════════════════════════════════════════════════════════════════
  Training: 10000 epochs | 1024 pts/set | 8 sets
  Per epoch: 8192 pts | device: cuda:0
  lr: 0.0002 -> 2e-05  (CosineAnnealing)
  Network: SIREN  omega_0=45.0
════════════════════════════════════════════════════════════════
  Epoch     1/10000  loss=3.6021e-01  lr=2.00e-04  (0.0s)

  Done in 98.2s | min loss = 5.8671e-06

    -> digits per seed=[3, 3, 3]  best_mean_relerr=9.308e-04  median_digits=3  (295.1s total)
[group 110/640] hidden=[128, 128, 128] omega0=45.0 lr=0.0002 N=1024 epochs=15000  (3 seeds)

════════════════════════════════════════════════════════════════
  Training: 15000 epochs | 1024 pts/set | 8 sets
  Per epoch: 8192 pts | device: cuda:0
  lr: 0.0002 -> 2e-05  (CosineAnnealing)
  Network: SIREN  omega_0=45.0
════════════════════════════════════════════════════════════════
  Epoch     1/15000  loss=3.7510e-01  lr=2.00e-04  (0.0s)

  Done in 150.1s | min loss = 4.4268e-06


════════════════════════════════════════════════════════════════
  Training: 15000 epochs | 1024 pts/set | 8 sets
  Per epoch: 8192 pts | device: cuda:0
  lr: 0.0002 -> 2e-05  (CosineAnnealing)
  Network: SIREN  omega_0=45.0
════════════════════════════════════════════════════════════════
  Epoch     1/15000  loss=3.7994e-01  lr=2.00e-04  (0.0s)

  Done in 151.8s | min loss = 4.2872e-06


════════════════════════════════════════════════════════════════
  Training: 15000 epochs | 1024 pts/set | 8 sets
  Per epoch: 8192 pts | device: cuda:0
  lr: 0.0002 -> 2e-05  (CosineAnnealing)
  Network: SIREN  omega_0=45.0
════════════════════════════════════════════════════════════════
  Epoch     1/15000  loss=3.6021e-01  lr=2.00e-04  (0.0s)

  Done in 149.0s | min loss = 4.6697e-06

    -> digits per seed=[3, 3, 3]  best_mean_relerr=1.501e-03  median_digits=3  (450.8s total)
[group 111/640] hidden=[128, 128, 128] omega0=45.0 lr=0.0003 N=512 epochs=3000  (3 seeds)

════════════════════════════════════════════════════════════════
  Training: 3000 epochs | 512 pts/set | 8 sets
  Per epoch: 4096 pts | device: cuda:0
  lr: 0.0003 -> 2.9999999999999997e-05  (CosineAnnealing)
  Network: SIREN  omega_0=45.0
════════════════════════════════════════════════════════════════
  Epoch     1/3000  loss=3.2168e-01  lr=3.00e-04  (0.0s)

  Done in 29.7s | min loss = 1.7691e-05


════════════════════════════════════════════════════════════════
  Training: 3000 epochs | 512 pts/set | 8 sets
  Per epoch: 4096 pts | device: cuda:0
  lr: 0.0003 -> 2.9999999999999997e-05  (CosineAnnealing)
  Network: SIREN  omega_0=45.0
════════════════════════════════════════════════════════════════
  Epoch     1/3000  loss=4.1215e-01  lr=3.00e-04  (0.0s)

  Done in 29.9s | min loss = 1.9415e-05


════════════════════════════════════════════════════════════════
  Training: 3000 epochs | 512 pts/set | 8 sets
  Per epoch: 4096 pts | device: cuda:0
  lr: 0.0003 -> 2.9999999999999997e-05  (CosineAnnealing)
  Network: SIREN  omega_0=45.0
════════════════════════════════════════════════════════════════
  Epoch     1/3000  loss=3.5682e-01  lr=3.00e-04  (0.0s)

  Done in 30.1s | min loss = 1.7835e-05

    -> digits per seed=[4, 4, 4]  best_mean_relerr=2.332e-04  median_digits=4  (89.7s total)
[group 112/640] hidden=[128, 128, 128] omega0=45.0 lr=0.0003 N=512 epochs=4500  (3 seeds)

════════════════════════════════════════════════════════════════
  Training: 4500 epochs | 512 pts/set | 8 sets
  Per epoch: 4096 pts | device: cuda:0
  lr: 0.0003 -> 2.9999999999999997e-05  (CosineAnnealing)
  Network: SIREN  omega_0=45.0
════════════════════════════════════════════════════════════════
  Epoch     1/4500  loss=3.2168e-01  lr=3.00e-04  (0.0s)

  Done in 45.7s | min loss = 1.1589e-05


════════════════════════════════════════════════════════════════
  Training: 4500 epochs | 512 pts/set | 8 sets
  Per epoch: 4096 pts | device: cuda:0
  lr: 0.0003 -> 2.9999999999999997e-05  (CosineAnnealing)
  Network: SIREN  omega_0=45.0
════════════════════════════════════════════════════════════════
  Epoch     1/4500  loss=4.1215e-01  lr=3.00e-04  (0.0s)

  Done in 46.3s | min loss = 1.3096e-05


════════════════════════════════════════════════════════════════
  Training: 4500 epochs | 512 pts/set | 8 sets
  Per epoch: 4096 pts | device: cuda:0
  lr: 0.0003 -> 2.9999999999999997e-05  (CosineAnnealing)
  Network: SIREN  omega_0=45.0
════════════════════════════════════════════════════════════════
  Epoch     1/4500  loss=3.5682e-01  lr=3.00e-04  (0.0s)

  Done in 45.6s | min loss = 1.1993e-05

    -> digits per seed=[3, 3, 3]  best_mean_relerr=7.082e-04  median_digits=3  (137.7s total)
[group 113/640] hidden=[128, 128, 128] omega0=45.0 lr=0.0003 N=512 epochs=6500  (3 seeds)

════════════════════════════════════════════════════════════════
  Training: 6500 epochs | 512 pts/set | 8 sets
  Per epoch: 4096 pts | device: cuda:0
  lr: 0.0003 -> 2.9999999999999997e-05  (CosineAnnealing)
  Network: SIREN  omega_0=45.0
════════════════════════════════════════════════════════════════
  Epoch     1/6500  loss=3.2168e-01  lr=3.00e-04  (0.0s)

  Done in 64.4s | min loss = 1.1563e-05


════════════════════════════════════════════════════════════════
  Training: 6500 epochs | 512 pts/set | 8 sets
  Per epoch: 4096 pts | device: cuda:0
  lr: 0.0003 -> 2.9999999999999997e-05  (CosineAnnealing)
  Network: SIREN  omega_0=45.0
════════════════════════════════════════════════════════════════
  Epoch     1/6500  loss=4.1215e-01  lr=3.00e-04  (0.0s)

  Done in 64.6s | min loss = 1.0728e-05


════════════════════════════════════════════════════════════════
  Training: 6500 epochs | 512 pts/set | 8 sets
  Per epoch: 4096 pts | device: cuda:0
  lr: 0.0003 -> 2.9999999999999997e-05  (CosineAnnealing)
  Network: SIREN  omega_0=45.0
════════════════════════════════════════════════════════════════
  Epoch     1/6500  loss=3.5682e-01  lr=3.00e-04  (0.0s)

  Done in 64.1s | min loss = 1.0532e-05

    -> digits per seed=[4, 4, 3]  best_mean_relerr=6.832e-04  median_digits=4  (193.1s total)
[group 114/640] hidden=[128, 128, 128] omega0=45.0 lr=0.0003 N=512 epochs=10000  (3 seeds)

════════════════════════════════════════════════════════════════
  Training: 10000 epochs | 512 pts/set | 8 sets
  Per epoch: 4096 pts | device: cuda:0
  lr: 0.0003 -> 2.9999999999999997e-05  (CosineAnnealing)
  Network: SIREN  omega_0=45.0
════════════════════════════════════════════════════════════════
  Epoch     1/10000  loss=3.2168e-01  lr=3.00e-04  (0.0s)

  Done in 98.3s | min loss = 1.1289e-05


════════════════════════════════════════════════════════════════
  Training: 10000 epochs | 512 pts/set | 8 sets
  Per epoch: 4096 pts | device: cuda:0
  lr: 0.0003 -> 2.9999999999999997e-05  (CosineAnnealing)
  Network: SIREN  omega_0=45.0
════════════════════════════════════════════════════════════════
  Epoch     1/10000  loss=4.1215e-01  lr=3.00e-04  (0.0s)

  Done in 99.5s | min loss = 1.0186e-05


════════════════════════════════════════════════════════════════
  Training: 10000 epochs | 512 pts/set | 8 sets
  Per epoch: 4096 pts | device: cuda:0
  lr: 0.0003 -> 2.9999999999999997e-05  (CosineAnnealing)
  Network: SIREN  omega_0=45.0
════════════════════════════════════════════════════════════════
  Epoch     1/10000  loss=3.5682e-01  lr=3.00e-04  (0.0s)

  Done in 99.0s | min loss = 1.1207e-05

    -> digits per seed=[4, 3, 3]  best_mean_relerr=1.228e-03  median_digits=3  (296.7s total)
[group 115/640] hidden=[128, 128, 128] omega0=45.0 lr=0.0003 N=512 epochs=15000  (3 seeds)

════════════════════════════════════════════════════════════════
  Training: 15000 epochs | 512 pts/set | 8 sets
  Per epoch: 4096 pts | device: cuda:0
  lr: 0.0003 -> 2.9999999999999997e-05  (CosineAnnealing)
  Network: SIREN  omega_0=45.0
════════════════════════════════════════════════════════════════
  Epoch     1/15000  loss=3.2168e-01  lr=3.00e-04  (0.0s)

  Done in 147.5s | min loss = 1.0558e-05


════════════════════════════════════════════════════════════════
  Training: 15000 epochs | 512 pts/set | 8 sets
  Per epoch: 4096 pts | device: cuda:0
  lr: 0.0003 -> 2.9999999999999997e-05  (CosineAnnealing)
  Network: SIREN  omega_0=45.0
════════════════════════════════════════════════════════════════
  Epoch     1/15000  loss=4.1215e-01  lr=3.00e-04  (0.0s)

  Done in 150.4s | min loss = 1.2285e-05


════════════════════════════════════════════════════════════════
  Training: 15000 epochs | 512 pts/set | 8 sets
  Per epoch: 4096 pts | device: cuda:0
  lr: 0.0003 -> 2.9999999999999997e-05  (CosineAnnealing)
  Network: SIREN  omega_0=45.0
════════════════════════════════════════════════════════════════
  Epoch     1/15000  loss=3.5682e-01  lr=3.00e-04  (0.0s)

  Done in 146.5s | min loss = 1.0122e-05

    -> digits per seed=[3, 3, 3]  best_mean_relerr=2.345e-03  median_digits=3  (444.4s total)
[group 116/640] hidden=[128, 128, 128] omega0=45.0 lr=0.0003 N=1024 epochs=3000  (3 seeds)

════════════════════════════════════════════════════════════════
  Training: 3000 epochs | 1024 pts/set | 8 sets
  Per epoch: 8192 pts | device: cuda:0
  lr: 0.0003 -> 2.9999999999999997e-05  (CosineAnnealing)
  Network: SIREN  omega_0=45.0
════════════════════════════════════════════════════════════════
  Epoch     1/3000  loss=3.7510e-01  lr=3.00e-04  (0.0s)

  Done in 29.7s | min loss = 1.1374e-05


════════════════════════════════════════════════════════════════
  Training: 3000 epochs | 1024 pts/set | 8 sets
  Per epoch: 8192 pts | device: cuda:0
  lr: 0.0003 -> 2.9999999999999997e-05  (CosineAnnealing)
  Network: SIREN  omega_0=45.0
════════════════════════════════════════════════════════════════
  Epoch     1/3000  loss=3.7994e-01  lr=3.00e-04  (0.0s)

  Done in 29.8s | min loss = 1.2070e-05


════════════════════════════════════════════════════════════════
  Training: 3000 epochs | 1024 pts/set | 8 sets
  Per epoch: 8192 pts | device: cuda:0
  lr: 0.0003 -> 2.9999999999999997e-05  (CosineAnnealing)
  Network: SIREN  omega_0=45.0
════════════════════════════════════════════════════════════════
  Epoch     1/3000  loss=3.6021e-01  lr=3.00e-04  (0.0s)

  Done in 30.3s | min loss = 1.0550e-05

    -> digits per seed=[4, 4, 4]  best_mean_relerr=1.297e-04  median_digits=4  (89.7s total)
[group 117/640] hidden=[128, 128, 128] omega0=45.0 lr=0.0003 N=1024 epochs=4500  (3 seeds)

════════════════════════════════════════════════════════════════
  Training: 4500 epochs | 1024 pts/set | 8 sets
  Per epoch: 8192 pts | device: cuda:0
  lr: 0.0003 -> 2.9999999999999997e-05  (CosineAnnealing)
  Network: SIREN  omega_0=45.0
════════════════════════════════════════════════════════════════
  Epoch     1/4500  loss=3.7510e-01  lr=3.00e-04  (0.0s)

  Done in 45.5s | min loss = 6.9483e-06


════════════════════════════════════════════════════════════════
  Training: 4500 epochs | 1024 pts/set | 8 sets
  Per epoch: 8192 pts | device: cuda:0
  lr: 0.0003 -> 2.9999999999999997e-05  (CosineAnnealing)
  Network: SIREN  omega_0=45.0
════════════════════════════════════════════════════════════════
  Epoch     1/4500  loss=3.7994e-01  lr=3.00e-04  (0.0s)

  Done in 45.5s | min loss = 7.2734e-06


════════════════════════════════════════════════════════════════
  Training: 4500 epochs | 1024 pts/set | 8 sets
  Per epoch: 8192 pts | device: cuda:0
  lr: 0.0003 -> 2.9999999999999997e-05  (CosineAnnealing)
  Network: SIREN  omega_0=45.0
════════════════════════════════════════════════════════════════
  Epoch     1/4500  loss=3.6021e-01  lr=3.00e-04  (0.0s)

  Done in 45.6s | min loss = 6.6888e-06

    -> digits per seed=[4, 4, 4]  best_mean_relerr=2.758e-04  median_digits=4  (136.6s total)
[group 118/640] hidden=[128, 128, 128] omega0=45.0 lr=0.0003 N=1024 epochs=6500  (3 seeds)

════════════════════════════════════════════════════════════════
  Training: 6500 epochs | 1024 pts/set | 8 sets
  Per epoch: 8192 pts | device: cuda:0
  lr: 0.0003 -> 2.9999999999999997e-05  (CosineAnnealing)
  Network: SIREN  omega_0=45.0
════════════════════════════════════════════════════════════════
  Epoch     1/6500  loss=3.7510e-01  lr=3.00e-04  (0.0s)

  Done in 65.3s | min loss = 6.0153e-06


════════════════════════════════════════════════════════════════
  Training: 6500 epochs | 1024 pts/set | 8 sets
  Per epoch: 8192 pts | device: cuda:0
  lr: 0.0003 -> 2.9999999999999997e-05  (CosineAnnealing)
  Network: SIREN  omega_0=45.0
════════════════════════════════════════════════════════════════
  Epoch     1/6500  loss=3.7994e-01  lr=3.00e-04  (0.0s)

  Done in 65.4s | min loss = 5.4846e-06


════════════════════════════════════════════════════════════════
  Training: 6500 epochs | 1024 pts/set | 8 sets
  Per epoch: 8192 pts | device: cuda:0
  lr: 0.0003 -> 2.9999999999999997e-05  (CosineAnnealing)
  Network: SIREN  omega_0=45.0
════════════════════════════════════════════════════════════════
  Epoch     1/6500  loss=3.6021e-01  lr=3.00e-04  (0.0s)

  Done in 65.7s | min loss = 5.1761e-06

    -> digits per seed=[3, 3, 4]  best_mean_relerr=4.434e-04  median_digits=3  (196.4s total)
[group 119/640] hidden=[128, 128, 128] omega0=45.0 lr=0.0003 N=1024 epochs=10000  (3 seeds)

════════════════════════════════════════════════════════════════
  Training: 10000 epochs | 1024 pts/set | 8 sets
  Per epoch: 8192 pts | device: cuda:0
  lr: 0.0003 -> 2.9999999999999997e-05  (CosineAnnealing)
  Network: SIREN  omega_0=45.0
════════════════════════════════════════════════════════════════
  Epoch     1/10000  loss=3.7510e-01  lr=3.00e-04  (0.0s)

  Done in 98.6s | min loss = 5.0901e-06


════════════════════════════════════════════════════════════════
  Training: 10000 epochs | 1024 pts/set | 8 sets
  Per epoch: 8192 pts | device: cuda:0
  lr: 0.0003 -> 2.9999999999999997e-05  (CosineAnnealing)
  Network: SIREN  omega_0=45.0
════════════════════════════════════════════════════════════════
  Epoch     1/10000  loss=3.7994e-01  lr=3.00e-04  (0.0s)

  Done in 98.7s | min loss = 5.2632e-06


════════════════════════════════════════════════════════════════
  Training: 10000 epochs | 1024 pts/set | 8 sets
  Per epoch: 8192 pts | device: cuda:0
  lr: 0.0003 -> 2.9999999999999997e-05  (CosineAnnealing)
  Network: SIREN  omega_0=45.0
════════════════════════════════════════════════════════════════
  Epoch     1/10000  loss=3.6021e-01  lr=3.00e-04  (0.0s)

  Done in 100.9s | min loss = 5.3731e-06

    -> digits per seed=[3, 4, 3]  best_mean_relerr=1.193e-03  median_digits=3  (298.2s total)
[group 120/640] hidden=[128, 128, 128] omega0=45.0 lr=0.0003 N=1024 epochs=15000  (3 seeds)

════════════════════════════════════════════════════════════════
  Training: 15000 epochs | 1024 pts/set | 8 sets
  Per epoch: 8192 pts | device: cuda:0
  lr: 0.0003 -> 2.9999999999999997e-05  (CosineAnnealing)
  Network: SIREN  omega_0=45.0
════════════════════════════════════════════════════════════════
  Epoch     1/15000  loss=3.7510e-01  lr=3.00e-04  (0.0s)

  Done in 151.2s | min loss = 4.4014e-06


════════════════════════════════════════════════════════════════
  Training: 15000 epochs | 1024 pts/set | 8 sets
  Per epoch: 8192 pts | device: cuda:0
  lr: 0.0003 -> 2.9999999999999997e-05  (CosineAnnealing)
  Network: SIREN  omega_0=45.0
════════════════════════════════════════════════════════════════
  Epoch     1/15000  loss=3.7994e-01  lr=3.00e-04  (0.0s)

  Done in 150.0s | min loss = 5.1318e-06


════════════════════════════════════════════════════════════════
  Training: 15000 epochs | 1024 pts/set | 8 sets
  Per epoch: 8192 pts | device: cuda:0
  lr: 0.0003 -> 2.9999999999999997e-05  (CosineAnnealing)
  Network: SIREN  omega_0=45.0
════════════════════════════════════════════════════════════════
  Epoch     1/15000  loss=3.6021e-01  lr=3.00e-04  (0.0s)

  Done in 150.4s | min loss = 4.1523e-06

    -> digits per seed=[3, 3, 3]  best_mean_relerr=1.117e-03  median_digits=3  (451.6s total)
[group 121/640] hidden=[128, 128, 128] omega0=52.5 lr=0.0001 N=512 epochs=3000  (3 seeds)

════════════════════════════════════════════════════════════════
  Training: 3000 epochs | 512 pts/set | 8 sets
  Per epoch: 4096 pts | device: cuda:0
  lr: 0.0001 -> 1e-05  (CosineAnnealing)
  Network: SIREN  omega_0=52.5
════════════════════════════════════════════════════════════════
  Epoch     1/3000  loss=3.2168e-01  lr=1.00e-04  (0.0s)

  Done in 29.9s | min loss = 3.7688e-05


════════════════════════════════════════════════════════════════
  Training: 3000 epochs | 512 pts/set | 8 sets
  Per epoch: 4096 pts | device: cuda:0
  lr: 0.0001 -> 1e-05  (CosineAnnealing)
  Network: SIREN  omega_0=52.5
════════════════════════════════════════════════════════════════
  Epoch     1/3000  loss=4.1215e-01  lr=1.00e-04  (0.0s)

  Done in 29.2s | min loss = 4.0980e-05


════════════════════════════════════════════════════════════════
  Training: 3000 epochs | 512 pts/set | 8 sets
  Per epoch: 4096 pts | device: cuda:0
  lr: 0.0001 -> 1e-05  (CosineAnnealing)
  Network: SIREN  omega_0=52.5
════════════════════════════════════════════════════════════════
  Epoch     1/3000  loss=3.5682e-01  lr=1.00e-04  (0.0s)

  Done in 29.8s | min loss = 4.1939e-05

    -> digits per seed=[4, 4, 4]  best_mean_relerr=2.126e-04  median_digits=4  (88.8s total)
[group 122/640] hidden=[128, 128, 128] omega0=52.5 lr=0.0001 N=512 epochs=4500  (3 seeds)

════════════════════════════════════════════════════════════════
  Training: 4500 epochs | 512 pts/set | 8 sets
  Per epoch: 4096 pts | device: cuda:0
  lr: 0.0001 -> 1e-05  (CosineAnnealing)
  Network: SIREN  omega_0=52.5
════════════════════════════════════════════════════════════════
  Epoch     1/4500  loss=3.2168e-01  lr=1.00e-04  (0.0s)

  Done in 45.3s | min loss = 2.2890e-05


════════════════════════════════════════════════════════════════
  Training: 4500 epochs | 512 pts/set | 8 sets
  Per epoch: 4096 pts | device: cuda:0
  lr: 0.0001 -> 1e-05  (CosineAnnealing)
  Network: SIREN  omega_0=52.5
════════════════════════════════════════════════════════════════
  Epoch     1/4500  loss=4.1215e-01  lr=1.00e-04  (0.0s)

  Done in 45.3s | min loss = 2.5555e-05


════════════════════════════════════════════════════════════════
  Training: 4500 epochs | 512 pts/set | 8 sets
  Per epoch: 4096 pts | device: cuda:0
  lr: 0.0001 -> 1e-05  (CosineAnnealing)
  Network: SIREN  omega_0=52.5
════════════════════════════════════════════════════════════════
  Epoch     1/4500  loss=3.5682e-01  lr=1.00e-04  (0.0s)

  Done in 45.2s | min loss = 2.5516e-05

    -> digits per seed=[4, 4, 3]  best_mean_relerr=4.165e-04  median_digits=4  (135.9s total)
[group 123/640] hidden=[128, 128, 128] omega0=52.5 lr=0.0001 N=512 epochs=6500  (3 seeds)

════════════════════════════════════════════════════════════════
  Training: 6500 epochs | 512 pts/set | 8 sets
  Per epoch: 4096 pts | device: cuda:0
  lr: 0.0001 -> 1e-05  (CosineAnnealing)
  Network: SIREN  omega_0=52.5
════════════════════════════════════════════════════════════════
  Epoch     1/6500  loss=3.2168e-01  lr=1.00e-04  (0.0s)

  Done in 63.7s | min loss = 1.4396e-05


════════════════════════════════════════════════════════════════
  Training: 6500 epochs | 512 pts/set | 8 sets
  Per epoch: 4096 pts | device: cuda:0
  lr: 0.0001 -> 1e-05  (CosineAnnealing)
  Network: SIREN  omega_0=52.5
════════════════════════════════════════════════════════════════
  Epoch     1/6500  loss=4.1215e-01  lr=1.00e-04  (0.0s)

  Done in 63.2s | min loss = 1.8471e-05


════════════════════════════════════════════════════════════════
  Training: 6500 epochs | 512 pts/set | 8 sets
  Per epoch: 4096 pts | device: cuda:0
  lr: 0.0001 -> 1e-05  (CosineAnnealing)
  Network: SIREN  omega_0=52.5
════════════════════════════════════════════════════════════════
  Epoch     1/6500  loss=3.5682e-01  lr=1.00e-04  (0.0s)

  Done in 65.4s | min loss = 1.8214e-05

    -> digits per seed=[4, 4, 4]  best_mean_relerr=2.762e-04  median_digits=4  (192.3s total)
[group 124/640] hidden=[128, 128, 128] omega0=52.5 lr=0.0001 N=512 epochs=10000  (3 seeds)

════════════════════════════════════════════════════════════════
  Training: 10000 epochs | 512 pts/set | 8 sets
  Per epoch: 4096 pts | device: cuda:0
  lr: 0.0001 -> 1e-05  (CosineAnnealing)
  Network: SIREN  omega_0=52.5
════════════════════════════════════════════════════════════════
  Epoch     1/10000  loss=3.2168e-01  lr=1.00e-04  (0.0s)

  Done in 96.9s | min loss = 9.9981e-06


════════════════════════════════════════════════════════════════
  Training: 10000 epochs | 512 pts/set | 8 sets
  Per epoch: 4096 pts | device: cuda:0
  lr: 0.0001 -> 1e-05  (CosineAnnealing)
  Network: SIREN  omega_0=52.5
════════════════════════════════════════════════════════════════
  Epoch     1/10000  loss=4.1215e-01  lr=1.00e-04  (0.0s)

  Done in 99.4s | min loss = 1.2592e-05


════════════════════════════════════════════════════════════════
  Training: 10000 epochs | 512 pts/set | 8 sets
  Per epoch: 4096 pts | device: cuda:0
  lr: 0.0001 -> 1e-05  (CosineAnnealing)
  Network: SIREN  omega_0=52.5
════════════════════════════════════════════════════════════════
  Epoch     1/10000  loss=3.5682e-01  lr=1.00e-04  (0.0s)

  Done in 102.7s | min loss = 1.2138e-05

    -> digits per seed=[4, 3, 4]  best_mean_relerr=4.155e-04  median_digits=4  (299.0s total)
[group 125/640] hidden=[128, 128, 128] omega0=52.5 lr=0.0001 N=512 epochs=15000  (3 seeds)

════════════════════════════════════════════════════════════════
  Training: 15000 epochs | 512 pts/set | 8 sets
  Per epoch: 4096 pts | device: cuda:0
  lr: 0.0001 -> 1e-05  (CosineAnnealing)
  Network: SIREN  omega_0=52.5
════════════════════════════════════════════════════════════════
  Epoch     1/15000  loss=3.2168e-01  lr=1.00e-04  (0.0s)

  Done in 152.6s | min loss = 6.0997e-06


════════════════════════════════════════════════════════════════
  Training: 15000 epochs | 512 pts/set | 8 sets
  Per epoch: 4096 pts | device: cuda:0
  lr: 0.0001 -> 1e-05  (CosineAnnealing)
  Network: SIREN  omega_0=52.5
════════════════════════════════════════════════════════════════
  Epoch     1/15000  loss=4.1215e-01  lr=1.00e-04  (0.0s)

  Done in 151.2s | min loss = 9.1758e-06


════════════════════════════════════════════════════════════════
  Training: 15000 epochs | 512 pts/set | 8 sets
  Per epoch: 4096 pts | device: cuda:0
  lr: 0.0001 -> 1e-05  (CosineAnnealing)
  Network: SIREN  omega_0=52.5
════════════════════════════════════════════════════════════════
  Epoch     1/15000  loss=3.5682e-01  lr=1.00e-04  (0.0s)

  Done in 150.0s | min loss = 7.5539e-06

    -> digits per seed=[4, 3, 3]  best_mean_relerr=2.024e-04  median_digits=3  (453.8s total)
[group 126/640] hidden=[128, 128, 128] omega0=52.5 lr=0.0001 N=1024 epochs=3000  (3 seeds)

════════════════════════════════════════════════════════════════
  Training: 3000 epochs | 1024 pts/set | 8 sets
  Per epoch: 8192 pts | device: cuda:0
  lr: 0.0001 -> 1e-05  (CosineAnnealing)
  Network: SIREN  omega_0=52.5
════════════════════════════════════════════════════════════════
  Epoch     1/3000  loss=3.7510e-01  lr=1.00e-04  (0.0s)

  Done in 30.0s | min loss = 3.1596e-05


════════════════════════════════════════════════════════════════
  Training: 3000 epochs | 1024 pts/set | 8 sets
  Per epoch: 8192 pts | device: cuda:0
  lr: 0.0001 -> 1e-05  (CosineAnnealing)
  Network: SIREN  omega_0=52.5
════════════════════════════════════════════════════════════════
  Epoch     1/3000  loss=3.7994e-01  lr=1.00e-04  (0.0s)

  Done in 29.4s | min loss = 3.3960e-05


════════════════════════════════════════════════════════════════
  Training: 3000 epochs | 1024 pts/set | 8 sets
  Per epoch: 8192 pts | device: cuda:0
  lr: 0.0001 -> 1e-05  (CosineAnnealing)
  Network: SIREN  omega_0=52.5
════════════════════════════════════════════════════════════════
  Epoch     1/3000  loss=3.6021e-01  lr=1.00e-04  (0.0s)

  Done in 29.6s | min loss = 3.5007e-05

    -> digits per seed=[4, 3, 4]  best_mean_relerr=2.125e-04  median_digits=4  (89.1s total)
[group 127/640] hidden=[128, 128, 128] omega0=52.5 lr=0.0001 N=1024 epochs=4500  (3 seeds)

════════════════════════════════════════════════════════════════
  Training: 4500 epochs | 1024 pts/set | 8 sets
  Per epoch: 8192 pts | device: cuda:0
  lr: 0.0001 -> 1e-05  (CosineAnnealing)
  Network: SIREN  omega_0=52.5
════════════════════════════════════════════════════════════════
  Epoch     1/4500  loss=3.7510e-01  lr=1.00e-04  (0.0s)

  Done in 43.8s | min loss = 1.8308e-05


════════════════════════════════════════════════════════════════
  Training: 4500 epochs | 1024 pts/set | 8 sets
  Per epoch: 8192 pts | device: cuda:0
  lr: 0.0001 -> 1e-05  (CosineAnnealing)
  Network: SIREN  omega_0=52.5
════════════════════════════════════════════════════════════════
  Epoch     1/4500  loss=3.7994e-01  lr=1.00e-04  (0.0s)

  Done in 44.2s | min loss = 2.0092e-05


════════════════════════════════════════════════════════════════
  Training: 4500 epochs | 1024 pts/set | 8 sets
  Per epoch: 8192 pts | device: cuda:0
  lr: 0.0001 -> 1e-05  (CosineAnnealing)
  Network: SIREN  omega_0=52.5
════════════════════════════════════════════════════════════════
  Epoch     1/4500  loss=3.6021e-01  lr=1.00e-04  (0.0s)

  Done in 45.5s | min loss = 2.1130e-05

    -> digits per seed=[4, 4, 4]  best_mean_relerr=6.180e-04  median_digits=4  (133.5s total)
[group 128/640] hidden=[128, 128, 128] omega0=52.5 lr=0.0001 N=1024 epochs=6500  (3 seeds)

════════════════════════════════════════════════════════════════
  Training: 6500 epochs | 1024 pts/set | 8 sets
  Per epoch: 8192 pts | device: cuda:0
  lr: 0.0001 -> 1e-05  (CosineAnnealing)
  Network: SIREN  omega_0=52.5
════════════════════════════════════════════════════════════════
  Epoch     1/6500  loss=3.7510e-01  lr=1.00e-04  (0.0s)

  Done in 66.2s | min loss = 1.2835e-05


════════════════════════════════════════════════════════════════
  Training: 6500 epochs | 1024 pts/set | 8 sets
  Per epoch: 8192 pts | device: cuda:0
  lr: 0.0001 -> 1e-05  (CosineAnnealing)
  Network: SIREN  omega_0=52.5
════════════════════════════════════════════════════════════════
  Epoch     1/6500  loss=3.7994e-01  lr=1.00e-04  (0.0s)

  Done in 65.6s | min loss = 1.4196e-05


════════════════════════════════════════════════════════════════
  Training: 6500 epochs | 1024 pts/set | 8 sets
  Per epoch: 8192 pts | device: cuda:0
  lr: 0.0001 -> 1e-05  (CosineAnnealing)
  Network: SIREN  omega_0=52.5
════════════════════════════════════════════════════════════════
  Epoch     1/6500  loss=3.6021e-01  lr=1.00e-04  (0.0s)

  Done in 65.4s | min loss = 1.4341e-05

    -> digits per seed=[4, 3, 4]  best_mean_relerr=2.768e-04  median_digits=4  (197.1s total)
[group 129/640] hidden=[128, 128, 128] omega0=52.5 lr=0.0001 N=1024 epochs=10000  (3 seeds)

════════════════════════════════════════════════════════════════
  Training: 10000 epochs | 1024 pts/set | 8 sets
  Per epoch: 8192 pts | device: cuda:0
  lr: 0.0001 -> 1e-05  (CosineAnnealing)
  Network: SIREN  omega_0=52.5
════════════════════════════════════════════════════════════════
  Epoch     1/10000  loss=3.7510e-01  lr=1.00e-04  (0.0s)

  Done in 102.0s | min loss = 7.4328e-06


════════════════════════════════════════════════════════════════
  Training: 10000 epochs | 1024 pts/set | 8 sets
  Per epoch: 8192 pts | device: cuda:0
  lr: 0.0001 -> 1e-05  (CosineAnnealing)
  Network: SIREN  omega_0=52.5
════════════════════════════════════════════════════════════════
  Epoch     1/10000  loss=3.7994e-01  lr=1.00e-04  (0.0s)

  Done in 101.7s | min loss = 8.7109e-06


════════════════════════════════════════════════════════════════
  Training: 10000 epochs | 1024 pts/set | 8 sets
  Per epoch: 8192 pts | device: cuda:0
  lr: 0.0001 -> 1e-05  (CosineAnnealing)
  Network: SIREN  omega_0=52.5
════════════════════════════════════════════════════════════════
  Epoch     1/10000  loss=3.6021e-01  lr=1.00e-04  (0.0s)

  Done in 99.4s | min loss = 8.7373e-06

    -> digits per seed=[4, 3, 4]  best_mean_relerr=1.636e-04  median_digits=4  (303.1s total)
[group 130/640] hidden=[128, 128, 128] omega0=52.5 lr=0.0001 N=1024 epochs=15000  (3 seeds)

════════════════════════════════════════════════════════════════
  Training: 15000 epochs | 1024 pts/set | 8 sets
  Per epoch: 8192 pts | device: cuda:0
  lr: 0.0001 -> 1e-05  (CosineAnnealing)
  Network: SIREN  omega_0=52.5
════════════════════════════════════════════════════════════════
  Epoch     1/15000  loss=3.7510e-01  lr=1.00e-04  (0.0s)

  Done in 151.6s | min loss = 4.2814e-06


════════════════════════════════════════════════════════════════
  Training: 15000 epochs | 1024 pts/set | 8 sets
  Per epoch: 8192 pts | device: cuda:0
  lr: 0.0001 -> 1e-05  (CosineAnnealing)
  Network: SIREN  omega_0=52.5
════════════════════════════════════════════════════════════════
  Epoch     1/15000  loss=3.7994e-01  lr=1.00e-04  (0.0s)

  Done in 149.4s | min loss = 5.5339e-06


════════════════════════════════════════════════════════════════
  Training: 15000 epochs | 1024 pts/set | 8 sets
  Per epoch: 8192 pts | device: cuda:0
  lr: 0.0001 -> 1e-05  (CosineAnnealing)
  Network: SIREN  omega_0=52.5
════════════════════════════════════════════════════════════════
  Epoch     1/15000  loss=3.6021e-01  lr=1.00e-04  (0.0s)

  Done in 152.2s | min loss = 4.8888e-06

    -> digits per seed=[3, 4, 4]  best_mean_relerr=3.140e-04  median_digits=4  (453.2s total)
[group 131/640] hidden=[128, 128, 128] omega0=52.5 lr=0.00015 N=512 epochs=3000  (3 seeds)

════════════════════════════════════════════════════════════════
  Training: 3000 epochs | 512 pts/set | 8 sets
  Per epoch: 4096 pts | device: cuda:0
  lr: 0.00015 -> 1.4999999999999999e-05  (CosineAnnealing)
  Network: SIREN  omega_0=52.5
════════════════════════════════════════════════════════════════
  Epoch     1/3000  loss=3.2168e-01  lr=1.50e-04  (0.0s)

  Done in 29.8s | min loss = 2.3973e-05


════════════════════════════════════════════════════════════════
  Training: 3000 epochs | 512 pts/set | 8 sets
  Per epoch: 4096 pts | device: cuda:0
  lr: 0.00015 -> 1.4999999999999999e-05  (CosineAnnealing)
  Network: SIREN  omega_0=52.5
════════════════════════════════════════════════════════════════
  Epoch     1/3000  loss=4.1215e-01  lr=1.50e-04  (0.0s)

  Done in 30.0s | min loss = 2.7024e-05


════════════════════════════════════════════════════════════════
  Training: 3000 epochs | 512 pts/set | 8 sets
  Per epoch: 4096 pts | device: cuda:0
  lr: 0.00015 -> 1.4999999999999999e-05  (CosineAnnealing)
  Network: SIREN  omega_0=52.5
════════════════════════════════════════════════════════════════
  Epoch     1/3000  loss=3.5682e-01  lr=1.50e-04  (0.0s)

  Done in 29.9s | min loss = 2.4880e-05

    -> digits per seed=[4, 4, 4]  best_mean_relerr=4.954e-04  median_digits=4  (89.6s total)
[group 132/640] hidden=[128, 128, 128] omega0=52.5 lr=0.00015 N=512 epochs=4500  (3 seeds)

════════════════════════════════════════════════════════════════
  Training: 4500 epochs | 512 pts/set | 8 sets
  Per epoch: 4096 pts | device: cuda:0
  lr: 0.00015 -> 1.4999999999999999e-05  (CosineAnnealing)
  Network: SIREN  omega_0=52.5
════════════════════════════════════════════════════════════════
  Epoch     1/4500  loss=3.2168e-01  lr=1.50e-04  (0.0s)

  Done in 45.0s | min loss = 1.5618e-05


════════════════════════════════════════════════════════════════
  Training: 4500 epochs | 512 pts/set | 8 sets
  Per epoch: 4096 pts | device: cuda:0
  lr: 0.00015 -> 1.4999999999999999e-05  (CosineAnnealing)
  Network: SIREN  omega_0=52.5
════════════════════════════════════════════════════════════════
  Epoch     1/4500  loss=4.1215e-01  lr=1.50e-04  (0.0s)

  Done in 44.5s | min loss = 1.6644e-05


════════════════════════════════════════════════════════════════
  Training: 4500 epochs | 512 pts/set | 8 sets
  Per epoch: 4096 pts | device: cuda:0
  lr: 0.00015 -> 1.4999999999999999e-05  (CosineAnnealing)
  Network: SIREN  omega_0=52.5
════════════════════════════════════════════════════════════════
  Epoch     1/4500  loss=3.5682e-01  lr=1.50e-04  (0.0s)

  Done in 44.9s | min loss = 1.5572e-05

    -> digits per seed=[4, 3, 4]  best_mean_relerr=4.968e-04  median_digits=4  (134.4s total)
[group 133/640] hidden=[128, 128, 128] omega0=52.5 lr=0.00015 N=512 epochs=6500  (3 seeds)

════════════════════════════════════════════════════════════════
  Training: 6500 epochs | 512 pts/set | 8 sets
  Per epoch: 4096 pts | device: cuda:0
  lr: 0.00015 -> 1.4999999999999999e-05  (CosineAnnealing)
  Network: SIREN  omega_0=52.5
════════════════════════════════════════════════════════════════
  Epoch     1/6500  loss=3.2168e-01  lr=1.50e-04  (0.0s)

  Done in 65.3s | min loss = 1.0514e-05


════════════════════════════════════════════════════════════════
  Training: 6500 epochs | 512 pts/set | 8 sets
  Per epoch: 4096 pts | device: cuda:0
  lr: 0.00015 -> 1.4999999999999999e-05  (CosineAnnealing)
  Network: SIREN  omega_0=52.5
════════════════════════════════════════════════════════════════
  Epoch     1/6500  loss=4.1215e-01  lr=1.50e-04  (0.0s)

  Done in 65.6s | min loss = 1.2826e-05


════════════════════════════════════════════════════════════════
  Training: 6500 epochs | 512 pts/set | 8 sets
  Per epoch: 4096 pts | device: cuda:0
  lr: 0.00015 -> 1.4999999999999999e-05  (CosineAnnealing)
  Network: SIREN  omega_0=52.5
════════════════════════════════════════════════════════════════
  Epoch     1/6500  loss=3.5682e-01  lr=1.50e-04  (0.0s)

  Done in 63.9s | min loss = 1.2014e-05

    -> digits per seed=[4, 3, 4]  best_mean_relerr=2.485e-04  median_digits=4  (194.9s total)
[group 134/640] hidden=[128, 128, 128] omega0=52.5 lr=0.00015 N=512 epochs=10000  (3 seeds)

════════════════════════════════════════════════════════════════
  Training: 10000 epochs | 512 pts/set | 8 sets
  Per epoch: 4096 pts | device: cuda:0
  lr: 0.00015 -> 1.4999999999999999e-05  (CosineAnnealing)
  Network: SIREN  omega_0=52.5
════════════════════════════════════════════════════════════════
  Epoch     1/10000  loss=3.2168e-01  lr=1.50e-04  (0.0s)

  Done in 101.2s | min loss = 8.4131e-06


════════════════════════════════════════════════════════════════
  Training: 10000 epochs | 512 pts/set | 8 sets
  Per epoch: 4096 pts | device: cuda:0
  lr: 0.00015 -> 1.4999999999999999e-05  (CosineAnnealing)
  Network: SIREN  omega_0=52.5
════════════════════════════════════════════════════════════════
  Epoch     1/10000  loss=4.1215e-01  lr=1.50e-04  (0.0s)

  Done in 101.0s | min loss = 1.0720e-05


════════════════════════════════════════════════════════════════
  Training: 10000 epochs | 512 pts/set | 8 sets
  Per epoch: 4096 pts | device: cuda:0
  lr: 0.00015 -> 1.4999999999999999e-05  (CosineAnnealing)
  Network: SIREN  omega_0=52.5
════════════════════════════════════════════════════════════════
  Epoch     1/10000  loss=3.5682e-01  lr=1.50e-04  (0.0s)

  Done in 101.7s | min loss = 9.8896e-06

    -> digits per seed=[3, 4, 4]  best_mean_relerr=3.248e-04  median_digits=4  (303.8s total)
[group 135/640] hidden=[128, 128, 128] omega0=52.5 lr=0.00015 N=512 epochs=15000  (3 seeds)

════════════════════════════════════════════════════════════════
  Training: 15000 epochs | 512 pts/set | 8 sets
  Per epoch: 4096 pts | device: cuda:0
  lr: 0.00015 -> 1.4999999999999999e-05  (CosineAnnealing)
  Network: SIREN  omega_0=52.5
════════════════════════════════════════════════════════════════
  Epoch     1/15000  loss=3.2168e-01  lr=1.50e-04  (0.0s)

  Done in 147.6s | min loss = 6.9552e-06


════════════════════════════════════════════════════════════════
  Training: 15000 epochs | 512 pts/set | 8 sets
  Per epoch: 4096 pts | device: cuda:0
  lr: 0.00015 -> 1.4999999999999999e-05  (CosineAnnealing)
  Network: SIREN  omega_0=52.5
════════════════════════════════════════════════════════════════
  Epoch     1/15000  loss=4.1215e-01  lr=1.50e-04  (0.0s)

  Done in 151.1s | min loss = 9.1143e-06


════════════════════════════════════════════════════════════════
  Training: 15000 epochs | 512 pts/set | 8 sets
  Per epoch: 4096 pts | device: cuda:0
  lr: 0.00015 -> 1.4999999999999999e-05  (CosineAnnealing)
  Network: SIREN  omega_0=52.5
════════════════════════════════════════════════════════════════
  Epoch     1/15000  loss=3.5682e-01  lr=1.50e-04  (0.0s)

  Done in 149.6s | min loss = 8.1955e-06

    -> digits per seed=[4, 3, 3]  best_mean_relerr=9.613e-04  median_digits=3  (448.3s total)
[group 136/640] hidden=[128, 128, 128] omega0=52.5 lr=0.00015 N=1024 epochs=3000  (3 seeds)

════════════════════════════════════════════════════════════════
  Training: 3000 epochs | 1024 pts/set | 8 sets
  Per epoch: 8192 pts | device: cuda:0
  lr: 0.00015 -> 1.4999999999999999e-05  (CosineAnnealing)
  Network: SIREN  omega_0=52.5
════════════════════════════════════════════════════════════════
  Epoch     1/3000  loss=3.7510e-01  lr=1.50e-04  (0.0s)

  Done in 30.7s | min loss = 1.9292e-05


════════════════════════════════════════════════════════════════
  Training: 3000 epochs | 1024 pts/set | 8 sets
  Per epoch: 8192 pts | device: cuda:0
  lr: 0.00015 -> 1.4999999999999999e-05  (CosineAnnealing)
  Network: SIREN  omega_0=52.5
════════════════════════════════════════════════════════════════
  Epoch     1/3000  loss=3.7994e-01  lr=1.50e-04  (0.0s)

  Done in 30.3s | min loss = 2.0847e-05


════════════════════════════════════════════════════════════════
  Training: 3000 epochs | 1024 pts/set | 8 sets
  Per epoch: 8192 pts | device: cuda:0
  lr: 0.00015 -> 1.4999999999999999e-05  (CosineAnnealing)
  Network: SIREN  omega_0=52.5
════════════════════════════════════════════════════════════════
  Epoch     1/3000  loss=3.6021e-01  lr=1.50e-04  (0.0s)

  Done in 29.5s | min loss = 2.1464e-05

    -> digits per seed=[4, 4, 4]  best_mean_relerr=9.852e-05  median_digits=4  (90.5s total)
[group 137/640] hidden=[128, 128, 128] omega0=52.5 lr=0.00015 N=1024 epochs=4500  (3 seeds)

════════════════════════════════════════════════════════════════
  Training: 4500 epochs | 1024 pts/set | 8 sets
  Per epoch: 8192 pts | device: cuda:0
  lr: 0.00015 -> 1.4999999999999999e-05  (CosineAnnealing)
  Network: SIREN  omega_0=52.5
════════════════════════════════════════════════════════════════
  Epoch     1/4500  loss=3.7510e-01  lr=1.50e-04  (0.0s)

  Done in 44.9s | min loss = 1.2062e-05


════════════════════════════════════════════════════════════════
  Training: 4500 epochs | 1024 pts/set | 8 sets
  Per epoch: 8192 pts | device: cuda:0
  lr: 0.00015 -> 1.4999999999999999e-05  (CosineAnnealing)
  Network: SIREN  omega_0=52.5
════════════════════════════════════════════════════════════════
  Epoch     1/4500  loss=3.7994e-01  lr=1.50e-04  (0.0s)

  Done in 45.0s | min loss = 1.2627e-05


════════════════════════════════════════════════════════════════
  Training: 4500 epochs | 1024 pts/set | 8 sets
  Per epoch: 8192 pts | device: cuda:0
  lr: 0.00015 -> 1.4999999999999999e-05  (CosineAnnealing)
  Network: SIREN  omega_0=52.5
════════════════════════════════════════════════════════════════
  Epoch     1/4500  loss=3.6021e-01  lr=1.50e-04  (0.0s)

  Done in 44.6s | min loss = 1.3259e-05

    -> digits per seed=[4, 4, 4]  best_mean_relerr=2.772e-04  median_digits=4  (134.5s total)
[group 138/640] hidden=[128, 128, 128] omega0=52.5 lr=0.00015 N=1024 epochs=6500  (3 seeds)

════════════════════════════════════════════════════════════════
  Training: 6500 epochs | 1024 pts/set | 8 sets
  Per epoch: 8192 pts | device: cuda:0
  lr: 0.00015 -> 1.4999999999999999e-05  (CosineAnnealing)
  Network: SIREN  omega_0=52.5
════════════════════════════════════════════════════════════════
  Epoch     1/6500  loss=3.7510e-01  lr=1.50e-04  (0.0s)

  Done in 65.8s | min loss = 8.6433e-06


════════════════════════════════════════════════════════════════
  Training: 6500 epochs | 1024 pts/set | 8 sets
  Per epoch: 8192 pts | device: cuda:0
  lr: 0.00015 -> 1.4999999999999999e-05  (CosineAnnealing)
  Network: SIREN  omega_0=52.5
════════════════════════════════════════════════════════════════
  Epoch     1/6500  loss=3.7994e-01  lr=1.50e-04  (0.0s)

  Done in 65.5s | min loss = 8.8069e-06


════════════════════════════════════════════════════════════════
  Training: 6500 epochs | 1024 pts/set | 8 sets
  Per epoch: 8192 pts | device: cuda:0
  lr: 0.00015 -> 1.4999999999999999e-05  (CosineAnnealing)
  Network: SIREN  omega_0=52.5
════════════════════════════════════════════════════════════════
  Epoch     1/6500  loss=3.6021e-01  lr=1.50e-04  (0.0s)

  Done in 65.8s | min loss = 9.4169e-06

    -> digits per seed=[4, 3, 4]  best_mean_relerr=4.702e-04  median_digits=4  (197.1s total)
[group 139/640] hidden=[128, 128, 128] omega0=52.5 lr=0.00015 N=1024 epochs=10000  (3 seeds)

════════════════════════════════════════════════════════════════
  Training: 10000 epochs | 1024 pts/set | 8 sets
  Per epoch: 8192 pts | device: cuda:0
  lr: 0.00015 -> 1.4999999999999999e-05  (CosineAnnealing)
  Network: SIREN  omega_0=52.5
════════════════════════════════════════════════════════════════
  Epoch     1/10000  loss=3.7510e-01  lr=1.50e-04  (0.0s)

  Done in 99.7s | min loss = 6.0695e-06


════════════════════════════════════════════════════════════════
  Training: 10000 epochs | 1024 pts/set | 8 sets
  Per epoch: 8192 pts | device: cuda:0
  lr: 0.00015 -> 1.4999999999999999e-05  (CosineAnnealing)
  Network: SIREN  omega_0=52.5
════════════════════════════════════════════════════════════════
  Epoch     1/10000  loss=3.7994e-01  lr=1.50e-04  (0.0s)

  Done in 99.6s | min loss = 6.6535e-06


════════════════════════════════════════════════════════════════
  Training: 10000 epochs | 1024 pts/set | 8 sets
  Per epoch: 8192 pts | device: cuda:0
  lr: 0.00015 -> 1.4999999999999999e-05  (CosineAnnealing)
  Network: SIREN  omega_0=52.5
════════════════════════════════════════════════════════════════
  Epoch     1/10000  loss=3.6021e-01  lr=1.50e-04  (0.0s)

  Done in 99.2s | min loss = 7.0432e-06

    -> digits per seed=[4, 4, 3]  best_mean_relerr=4.631e-04  median_digits=4  (298.5s total)
[group 140/640] hidden=[128, 128, 128] omega0=52.5 lr=0.00015 N=1024 epochs=15000  (3 seeds)

════════════════════════════════════════════════════════════════
  Training: 15000 epochs | 1024 pts/set | 8 sets
  Per epoch: 8192 pts | device: cuda:0
  lr: 0.00015 -> 1.4999999999999999e-05  (CosineAnnealing)
  Network: SIREN  omega_0=52.5
════════════════════════════════════════════════════════════════
  Epoch     1/15000  loss=3.7510e-01  lr=1.50e-04  (0.0s)

  Done in 150.6s | min loss = 3.3253e-06


════════════════════════════════════════════════════════════════
  Training: 15000 epochs | 1024 pts/set | 8 sets
  Per epoch: 8192 pts | device: cuda:0
  lr: 0.00015 -> 1.4999999999999999e-05  (CosineAnnealing)
  Network: SIREN  omega_0=52.5
════════════════════════════════════════════════════════════════
  Epoch     1/15000  loss=3.7994e-01  lr=1.50e-04  (0.0s)

  Done in 152.5s | min loss = 4.8558e-06


════════════════════════════════════════════════════════════════
  Training: 15000 epochs | 1024 pts/set | 8 sets
  Per epoch: 8192 pts | device: cuda:0
  lr: 0.00015 -> 1.4999999999999999e-05  (CosineAnnealing)
  Network: SIREN  omega_0=52.5
════════════════════════════════════════════════════════════════
  Epoch     1/15000  loss=3.6021e-01  lr=1.50e-04  (0.0s)

  Done in 150.7s | min loss = 3.8751e-06

    -> digits per seed=[3, 3, 4]  best_mean_relerr=5.938e-04  median_digits=3  (453.9s total)
[group 141/640] hidden=[128, 128, 128] omega0=52.5 lr=0.0002 N=512 epochs=3000  (3 seeds)

════════════════════════════════════════════════════════════════
  Training: 3000 epochs | 512 pts/set | 8 sets
  Per epoch: 4096 pts | device: cuda:0
  lr: 0.0002 -> 2e-05  (CosineAnnealing)
  Network: SIREN  omega_0=52.5
════════════════════════════════════════════════════════════════
  Epoch     1/3000  loss=3.2168e-01  lr=2.00e-04  (0.0s)

  Done in 30.1s | min loss = 1.7426e-05


════════════════════════════════════════════════════════════════
  Training: 3000 epochs | 512 pts/set | 8 sets
  Per epoch: 4096 pts | device: cuda:0
  lr: 0.0002 -> 2e-05  (CosineAnnealing)
  Network: SIREN  omega_0=52.5
════════════════════════════════════════════════════════════════
  Epoch     1/3000  loss=4.1215e-01  lr=2.00e-04  (0.0s)

  Done in 29.9s | min loss = 2.2075e-05


════════════════════════════════════════════════════════════════
  Training: 3000 epochs | 512 pts/set | 8 sets
  Per epoch: 4096 pts | device: cuda:0
  lr: 0.0002 -> 2e-05  (CosineAnnealing)
  Network: SIREN  omega_0=52.5
════════════════════════════════════════════════════════════════
  Epoch     1/3000  loss=3.5682e-01  lr=2.00e-04  (0.0s)

  Done in 29.2s | min loss = 1.9330e-05

    -> digits per seed=[4, 4, 4]  best_mean_relerr=3.150e-04  median_digits=4  (89.2s total)
[group 142/640] hidden=[128, 128, 128] omega0=52.5 lr=0.0002 N=512 epochs=4500  (3 seeds)

════════════════════════════════════════════════════════════════
  Training: 4500 epochs | 512 pts/set | 8 sets
  Per epoch: 4096 pts | device: cuda:0
  lr: 0.0002 -> 2e-05  (CosineAnnealing)
  Network: SIREN  omega_0=52.5
════════════════════════════════════════════════════════════════
  Epoch     1/4500  loss=3.2168e-01  lr=2.00e-04  (0.0s)

  Done in 46.5s | min loss = 1.2226e-05


════════════════════════════════════════════════════════════════
  Training: 4500 epochs | 512 pts/set | 8 sets
  Per epoch: 4096 pts | device: cuda:0
  lr: 0.0002 -> 2e-05  (CosineAnnealing)
  Network: SIREN  omega_0=52.5
════════════════════════════════════════════════════════════════
  Epoch     1/4500  loss=4.1215e-01  lr=2.00e-04  (0.0s)

  Done in 45.3s | min loss = 1.4195e-05


════════════════════════════════════════════════════════════════
  Training: 4500 epochs | 512 pts/set | 8 sets
  Per epoch: 4096 pts | device: cuda:0
  lr: 0.0002 -> 2e-05  (CosineAnnealing)
  Network: SIREN  omega_0=52.5
════════════════════════════════════════════════════════════════
  Epoch     1/4500  loss=3.5682e-01  lr=2.00e-04  (0.0s)

  Done in 45.7s | min loss = 1.1649e-05

    -> digits per seed=[4, 4, 3]  best_mean_relerr=3.811e-04  median_digits=4  (137.5s total)
[group 143/640] hidden=[128, 128, 128] omega0=52.5 lr=0.0002 N=512 epochs=6500  (3 seeds)

════════════════════════════════════════════════════════════════
  Training: 6500 epochs | 512 pts/set | 8 sets
  Per epoch: 4096 pts | device: cuda:0
  lr: 0.0002 -> 2e-05  (CosineAnnealing)
  Network: SIREN  omega_0=52.5
════════════════════════════════════════════════════════════════
  Epoch     1/6500  loss=3.2168e-01  lr=2.00e-04  (0.0s)

  Done in 65.8s | min loss = 8.8448e-06


════════════════════════════════════════════════════════════════
  Training: 6500 epochs | 512 pts/set | 8 sets
  Per epoch: 4096 pts | device: cuda:0
  lr: 0.0002 -> 2e-05  (CosineAnnealing)
  Network: SIREN  omega_0=52.5
════════════════════════════════════════════════════════════════
  Epoch     1/6500  loss=4.1215e-01  lr=2.00e-04  (0.0s)

  Done in 64.8s | min loss = 1.1779e-05


════════════════════════════════════════════════════════════════
  Training: 6500 epochs | 512 pts/set | 8 sets
  Per epoch: 4096 pts | device: cuda:0
  lr: 0.0002 -> 2e-05  (CosineAnnealing)
  Network: SIREN  omega_0=52.5
════════════════════════════════════════════════════════════════
  Epoch     1/6500  loss=3.5682e-01  lr=2.00e-04  (0.0s)

  Done in 63.3s | min loss = 9.9893e-06

    -> digits per seed=[4, 3, 3]  best_mean_relerr=5.049e-04  median_digits=3  (193.9s total)
[group 144/640] hidden=[128, 128, 128] omega0=52.5 lr=0.0002 N=512 epochs=10000  (3 seeds)

════════════════════════════════════════════════════════════════
  Training: 10000 epochs | 512 pts/set | 8 sets
  Per epoch: 4096 pts | device: cuda:0
  lr: 0.0002 -> 2e-05  (CosineAnnealing)
  Network: SIREN  omega_0=52.5
════════════════════════════════════════════════════════════════
  Epoch     1/10000  loss=3.2168e-01  lr=2.00e-04  (0.0s)

  Done in 100.1s | min loss = 9.4416e-06


════════════════════════════════════════════════════════════════
  Training: 10000 epochs | 512 pts/set | 8 sets
  Per epoch: 4096 pts | device: cuda:0
  lr: 0.0002 -> 2e-05  (CosineAnnealing)
  Network: SIREN  omega_0=52.5
════════════════════════════════════════════════════════════════
  Epoch     1/10000  loss=4.1215e-01  lr=2.00e-04  (0.0s)

  Done in 99.2s | min loss = 9.7884e-06


════════════════════════════════════════════════════════════════
  Training: 10000 epochs | 512 pts/set | 8 sets
  Per epoch: 4096 pts | device: cuda:0
  lr: 0.0002 -> 2e-05  (CosineAnnealing)
  Network: SIREN  omega_0=52.5
════════════════════════════════════════════════════════════════
  Epoch     1/10000  loss=3.5682e-01  lr=2.00e-04  (0.0s)

  Done in 99.6s | min loss = 8.5051e-06

    -> digits per seed=[3, 3, 3]  best_mean_relerr=1.556e-03  median_digits=3  (298.9s total)
[group 145/640] hidden=[128, 128, 128] omega0=52.5 lr=0.0002 N=512 epochs=15000  (3 seeds)

════════════════════════════════════════════════════════════════
  Training: 15000 epochs | 512 pts/set | 8 sets
  Per epoch: 4096 pts | device: cuda:0
  lr: 0.0002 -> 2e-05  (CosineAnnealing)
  Network: SIREN  omega_0=52.5
════════════════════════════════════════════════════════════════
  Epoch     1/15000  loss=3.2168e-01  lr=2.00e-04  (0.0s)

  Done in 148.9s | min loss = 8.3408e-06


════════════════════════════════════════════════════════════════
  Training: 15000 epochs | 512 pts/set | 8 sets
  Per epoch: 4096 pts | device: cuda:0
  lr: 0.0002 -> 2e-05  (CosineAnnealing)
  Network: SIREN  omega_0=52.5
════════════════════════════════════════════════════════════════
  Epoch     1/15000  loss=4.1215e-01  lr=2.00e-04  (0.0s)

  Done in 152.5s | min loss = 8.3200e-06


════════════════════════════════════════════════════════════════
  Training: 15000 epochs | 512 pts/set | 8 sets
  Per epoch: 4096 pts | device: cuda:0
  lr: 0.0002 -> 2e-05  (CosineAnnealing)
  Network: SIREN  omega_0=52.5
════════════════════════════════════════════════════════════════
  Epoch     1/15000  loss=3.5682e-01  lr=2.00e-04  (0.0s)

  Done in 149.6s | min loss = 7.7958e-06

    -> digits per seed=[3, 3, 4]  best_mean_relerr=8.591e-04  median_digits=3  (451.0s total)
[group 146/640] hidden=[128, 128, 128] omega0=52.5 lr=0.0002 N=1024 epochs=3000  (3 seeds)

════════════════════════════════════════════════════════════════
  Training: 3000 epochs | 1024 pts/set | 8 sets
  Per epoch: 8192 pts | device: cuda:0
  lr: 0.0002 -> 2e-05  (CosineAnnealing)
  Network: SIREN  omega_0=52.5
════════════════════════════════════════════════════════════════
  Epoch     1/3000  loss=3.7510e-01  lr=2.00e-04  (0.0s)

  Done in 30.1s | min loss = 1.4413e-05


════════════════════════════════════════════════════════════════
  Training: 3000 epochs | 1024 pts/set | 8 sets
  Per epoch: 8192 pts | device: cuda:0
  lr: 0.0002 -> 2e-05  (CosineAnnealing)
  Network: SIREN  omega_0=52.5
════════════════════════════════════════════════════════════════
  Epoch     1/3000  loss=3.7994e-01  lr=2.00e-04  (0.0s)

  Done in 30.3s | min loss = 1.5223e-05


════════════════════════════════════════════════════════════════
  Training: 3000 epochs | 1024 pts/set | 8 sets
  Per epoch: 8192 pts | device: cuda:0
  lr: 0.0002 -> 2e-05  (CosineAnnealing)
  Network: SIREN  omega_0=52.5
════════════════════════════════════════════════════════════════
  Epoch     1/3000  loss=3.6021e-01  lr=2.00e-04  (0.0s)

  Done in 29.8s | min loss = 1.4483e-05

    -> digits per seed=[4, 4, 4]  best_mean_relerr=1.089e-04  median_digits=4  (90.3s total)
[group 147/640] hidden=[128, 128, 128] omega0=52.5 lr=0.0002 N=1024 epochs=4500  (3 seeds)

════════════════════════════════════════════════════════════════
  Training: 4500 epochs | 1024 pts/set | 8 sets
  Per epoch: 8192 pts | device: cuda:0
  lr: 0.0002 -> 2e-05  (CosineAnnealing)
  Network: SIREN  omega_0=52.5
════════════════════════════════════════════════════════════════
  Epoch     1/4500  loss=3.7510e-01  lr=2.00e-04  (0.0s)

  Done in 45.1s | min loss = 8.3472e-06


════════════════════════════════════════════════════════════════
  Training: 4500 epochs | 1024 pts/set | 8 sets
  Per epoch: 8192 pts | device: cuda:0
  lr: 0.0002 -> 2e-05  (CosineAnnealing)
  Network: SIREN  omega_0=52.5
════════════════════════════════════════════════════════════════
  Epoch     1/4500  loss=3.7994e-01  lr=2.00e-04  (0.0s)

  Done in 44.9s | min loss = 9.3843e-06


════════════════════════════════════════════════════════════════
  Training: 4500 epochs | 1024 pts/set | 8 sets
  Per epoch: 8192 pts | device: cuda:0
  lr: 0.0002 -> 2e-05  (CosineAnnealing)
  Network: SIREN  omega_0=52.5
════════════════════════════════════════════════════════════════
  Epoch     1/4500  loss=3.6021e-01  lr=2.00e-04  (0.0s)

  Done in 43.9s | min loss = 9.1928e-06

    -> digits per seed=[3, 4, 4]  best_mean_relerr=3.368e-04  median_digits=4  (134.0s total)
[group 148/640] hidden=[128, 128, 128] omega0=52.5 lr=0.0002 N=1024 epochs=6500  (3 seeds)

════════════════════════════════════════════════════════════════
  Training: 6500 epochs | 1024 pts/set | 8 sets
  Per epoch: 8192 pts | device: cuda:0
  lr: 0.0002 -> 2e-05  (CosineAnnealing)
  Network: SIREN  omega_0=52.5
════════════════════════════════════════════════════════════════
  Epoch     1/6500  loss=3.7510e-01  lr=2.00e-04  (0.0s)

  Done in 65.7s | min loss = 6.4168e-06


════════════════════════════════════════════════════════════════
  Training: 6500 epochs | 1024 pts/set | 8 sets
  Per epoch: 8192 pts | device: cuda:0
  lr: 0.0002 -> 2e-05  (CosineAnnealing)
  Network: SIREN  omega_0=52.5
════════════════════════════════════════════════════════════════
  Epoch     1/6500  loss=3.7994e-01  lr=2.00e-04  (0.0s)

  Done in 66.8s | min loss = 7.3218e-06


════════════════════════════════════════════════════════════════
  Training: 6500 epochs | 1024 pts/set | 8 sets
  Per epoch: 8192 pts | device: cuda:0
  lr: 0.0002 -> 2e-05  (CosineAnnealing)
  Network: SIREN  omega_0=52.5
════════════════════════════════════════════════════════════════
  Epoch     1/6500  loss=3.6021e-01  lr=2.00e-04  (0.0s)

  Done in 64.9s | min loss = 6.5353e-06

    -> digits per seed=[4, 3, 4]  best_mean_relerr=2.265e-04  median_digits=4  (197.5s total)
[group 149/640] hidden=[128, 128, 128] omega0=52.5 lr=0.0002 N=1024 epochs=10000  (3 seeds)

════════════════════════════════════════════════════════════════
  Training: 10000 epochs | 1024 pts/set | 8 sets
  Per epoch: 8192 pts | device: cuda:0
  lr: 0.0002 -> 2e-05  (CosineAnnealing)
  Network: SIREN  omega_0=52.5
════════════════════════════════════════════════════════════════
  Epoch     1/10000  loss=3.7510e-01  lr=2.00e-04  (0.0s)

  Done in 100.5s | min loss = 5.3862e-06


════════════════════════════════════════════════════════════════
  Training: 10000 epochs | 1024 pts/set | 8 sets
  Per epoch: 8192 pts | device: cuda:0
  lr: 0.0002 -> 2e-05  (CosineAnnealing)
  Network: SIREN  omega_0=52.5
════════════════════════════════════════════════════════════════
  Epoch     1/10000  loss=3.7994e-01  lr=2.00e-04  (0.0s)

  Done in 100.5s | min loss = 6.6833e-06


════════════════════════════════════════════════════════════════
  Training: 10000 epochs | 1024 pts/set | 8 sets
  Per epoch: 8192 pts | device: cuda:0
  lr: 0.0002 -> 2e-05  (CosineAnnealing)
  Network: SIREN  omega_0=52.5
════════════════════════════════════════════════════════════════
  Epoch     1/10000  loss=3.6021e-01  lr=2.00e-04  (0.0s)

  Done in 100.1s | min loss = 5.1459e-06

    -> digits per seed=[3, 3, 3]  best_mean_relerr=1.259e-03  median_digits=3  (301.1s total)
[group 150/640] hidden=[128, 128, 128] omega0=52.5 lr=0.0002 N=1024 epochs=15000  (3 seeds)

════════════════════════════════════════════════════════════════
  Training: 15000 epochs | 1024 pts/set | 8 sets
  Per epoch: 8192 pts | device: cuda:0
  lr: 0.0002 -> 2e-05  (CosineAnnealing)
  Network: SIREN  omega_0=52.5
════════════════════════════════════════════════════════════════
  Epoch     1/15000  loss=3.7510e-01  lr=2.00e-04  (0.0s)

  Done in 148.7s | min loss = 4.6028e-06


════════════════════════════════════════════════════════════════
  Training: 15000 epochs | 1024 pts/set | 8 sets
  Per epoch: 8192 pts | device: cuda:0
  lr: 0.0002 -> 2e-05  (CosineAnnealing)
  Network: SIREN  omega_0=52.5
════════════════════════════════════════════════════════════════
  Epoch     1/15000  loss=3.7994e-01  lr=2.00e-04  (0.0s)

  Done in 151.0s | min loss = 4.4451e-06


════════════════════════════════════════════════════════════════
  Training: 15000 epochs | 1024 pts/set | 8 sets
  Per epoch: 8192 pts | device: cuda:0
  lr: 0.0002 -> 2e-05  (CosineAnnealing)
  Network: SIREN  omega_0=52.5
════════════════════════════════════════════════════════════════
  Epoch     1/15000  loss=3.6021e-01  lr=2.00e-04  (0.0s)

  Done in 152.1s | min loss = 3.5924e-06

    -> digits per seed=[3, 3, 3]  best_mean_relerr=6.574e-04  median_digits=3  (451.8s total)
[group 151/640] hidden=[128, 128, 128] omega0=52.5 lr=0.0003 N=512 epochs=3000  (3 seeds)

════════════════════════════════════════════════════════════════
  Training: 3000 epochs | 512 pts/set | 8 sets
  Per epoch: 4096 pts | device: cuda:0
  lr: 0.0003 -> 2.9999999999999997e-05  (CosineAnnealing)
  Network: SIREN  omega_0=52.5
════════════════════════════════════════════════════════════════
  Epoch     1/3000  loss=3.2168e-01  lr=3.00e-04  (0.0s)

  Done in 30.1s | min loss = 1.5310e-05


════════════════════════════════════════════════════════════════
  Training: 3000 epochs | 512 pts/set | 8 sets
  Per epoch: 4096 pts | device: cuda:0
  lr: 0.0003 -> 2.9999999999999997e-05  (CosineAnnealing)
  Network: SIREN  omega_0=52.5
════════════════════════════════════════════════════════════════
  Epoch     1/3000  loss=4.1215e-01  lr=3.00e-04  (0.0s)

  Done in 30.1s | min loss = 1.8733e-05


════════════════════════════════════════════════════════════════
  Training: 3000 epochs | 512 pts/set | 8 sets
  Per epoch: 4096 pts | device: cuda:0
  lr: 0.0003 -> 2.9999999999999997e-05  (CosineAnnealing)
  Network: SIREN  omega_0=52.5
════════════════════════════════════════════════════════════════
  Epoch     1/3000  loss=3.5682e-01  lr=3.00e-04  (0.0s)

  Done in 29.9s | min loss = 1.5413e-05

    -> digits per seed=[4, 3, 4]  best_mean_relerr=3.425e-04  median_digits=4  (90.1s total)
[group 152/640] hidden=[128, 128, 128] omega0=52.5 lr=0.0003 N=512 epochs=4500  (3 seeds)

════════════════════════════════════════════════════════════════
  Training: 4500 epochs | 512 pts/set | 8 sets
  Per epoch: 4096 pts | device: cuda:0
  lr: 0.0003 -> 2.9999999999999997e-05  (CosineAnnealing)
  Network: SIREN  omega_0=52.5
════════════════════════════════════════════════════════════════
  Epoch     1/4500  loss=3.2168e-01  lr=3.00e-04  (0.0s)

  Done in 45.3s | min loss = 1.1531e-05


════════════════════════════════════════════════════════════════
  Training: 4500 epochs | 512 pts/set | 8 sets
  Per epoch: 4096 pts | device: cuda:0
  lr: 0.0003 -> 2.9999999999999997e-05  (CosineAnnealing)
  Network: SIREN  omega_0=52.5
════════════════════════════════════════════════════════════════
  Epoch     1/4500  loss=4.1215e-01  lr=3.00e-04  (0.0s)

  Done in 45.7s | min loss = 1.2642e-05


════════════════════════════════════════════════════════════════
  Training: 4500 epochs | 512 pts/set | 8 sets
  Per epoch: 4096 pts | device: cuda:0
  lr: 0.0003 -> 2.9999999999999997e-05  (CosineAnnealing)
  Network: SIREN  omega_0=52.5
════════════════════════════════════════════════════════════════
  Epoch     1/4500  loss=3.5682e-01  lr=3.00e-04  (0.0s)

  Done in 44.5s | min loss = 1.0447e-05

    -> digits per seed=[4, 4, 4]  best_mean_relerr=3.266e-04  median_digits=4  (135.5s total)
[group 153/640] hidden=[128, 128, 128] omega0=52.5 lr=0.0003 N=512 epochs=6500  (3 seeds)

════════════════════════════════════════════════════════════════
  Training: 6500 epochs | 512 pts/set | 8 sets
  Per epoch: 4096 pts | device: cuda:0
  lr: 0.0003 -> 2.9999999999999997e-05  (CosineAnnealing)
  Network: SIREN  omega_0=52.5
════════════════════════════════════════════════════════════════
  Epoch     1/6500  loss=3.2168e-01  lr=3.00e-04  (0.0s)

  Done in 65.1s | min loss = 9.1054e-06


════════════════════════════════════════════════════════════════
  Training: 6500 epochs | 512 pts/set | 8 sets
  Per epoch: 4096 pts | device: cuda:0
  lr: 0.0003 -> 2.9999999999999997e-05  (CosineAnnealing)
  Network: SIREN  omega_0=52.5
════════════════════════════════════════════════════════════════
  Epoch     1/6500  loss=4.1215e-01  lr=3.00e-04  (0.0s)

  Done in 65.1s | min loss = 1.1354e-05


════════════════════════════════════════════════════════════════
  Training: 6500 epochs | 512 pts/set | 8 sets
  Per epoch: 4096 pts | device: cuda:0
  lr: 0.0003 -> 2.9999999999999997e-05  (CosineAnnealing)
  Network: SIREN  omega_0=52.5
════════════════════════════════════════════════════════════════
  Epoch     1/6500  loss=3.5682e-01  lr=3.00e-04  (0.0s)

  Done in 64.5s | min loss = 7.9278e-06

    -> digits per seed=[4, 4, 3]  best_mean_relerr=3.182e-04  median_digits=4  (194.7s total)
[group 154/640] hidden=[128, 128, 128] omega0=52.5 lr=0.0003 N=512 epochs=10000  (3 seeds)

════════════════════════════════════════════════════════════════
  Training: 10000 epochs | 512 pts/set | 8 sets
  Per epoch: 4096 pts | device: cuda:0
  lr: 0.0003 -> 2.9999999999999997e-05  (CosineAnnealing)
  Network: SIREN  omega_0=52.5
════════════════════════════════════════════════════════════════
  Epoch     1/10000  loss=3.2168e-01  lr=3.00e-04  (0.0s)

  Done in 99.9s | min loss = 9.7813e-06


════════════════════════════════════════════════════════════════
  Training: 10000 epochs | 512 pts/set | 8 sets
  Per epoch: 4096 pts | device: cuda:0
  lr: 0.0003 -> 2.9999999999999997e-05  (CosineAnnealing)
  Network: SIREN  omega_0=52.5
════════════════════════════════════════════════════════════════
  Epoch     1/10000  loss=4.1215e-01  lr=3.00e-04  (0.0s)

  Done in 99.5s | min loss = 1.1301e-05


════════════════════════════════════════════════════════════════
  Training: 10000 epochs | 512 pts/set | 8 sets
  Per epoch: 4096 pts | device: cuda:0
  lr: 0.0003 -> 2.9999999999999997e-05  (CosineAnnealing)
  Network: SIREN  omega_0=52.5
════════════════════════════════════════════════════════════════
  Epoch     1/10000  loss=3.5682e-01  lr=3.00e-04  (0.0s)

  Done in 100.0s | min loss = 8.3136e-06

    -> digits per seed=[3, 3, 3]  best_mean_relerr=1.056e-03  median_digits=3  (299.4s total)
[group 155/640] hidden=[128, 128, 128] omega0=52.5 lr=0.0003 N=512 epochs=15000  (3 seeds)

════════════════════════════════════════════════════════════════
  Training: 15000 epochs | 512 pts/set | 8 sets
  Per epoch: 4096 pts | device: cuda:0
  lr: 0.0003 -> 2.9999999999999997e-05  (CosineAnnealing)
  Network: SIREN  omega_0=52.5
════════════════════════════════════════════════════════════════
  Epoch     1/15000  loss=3.2168e-01  lr=3.00e-04  (0.0s)

  Done in 149.8s | min loss = 9.6091e-06


════════════════════════════════════════════════════════════════
  Training: 15000 epochs | 512 pts/set | 8 sets
  Per epoch: 4096 pts | device: cuda:0
  lr: 0.0003 -> 2.9999999999999997e-05  (CosineAnnealing)
  Network: SIREN  omega_0=52.5
════════════════════════════════════════════════════════════════
  Epoch     1/15000  loss=4.1215e-01  lr=3.00e-04  (0.0s)

  Done in 150.3s | min loss = 1.2368e-05


════════════════════════════════════════════════════════════════
  Training: 15000 epochs | 512 pts/set | 8 sets
  Per epoch: 4096 pts | device: cuda:0
  lr: 0.0003 -> 2.9999999999999997e-05  (CosineAnnealing)
  Network: SIREN  omega_0=52.5
════════════════════════════════════════════════════════════════
  Epoch     1/15000  loss=3.5682e-01  lr=3.00e-04  (0.0s)

  Done in 148.9s | min loss = 7.3882e-06

    -> digits per seed=[3, 3, 3]  best_mean_relerr=1.723e-03  median_digits=3  (449.0s total)
[group 156/640] hidden=[128, 128, 128] omega0=52.5 lr=0.0003 N=1024 epochs=3000  (3 seeds)

════════════════════════════════════════════════════════════════
  Training: 3000 epochs | 1024 pts/set | 8 sets
  Per epoch: 8192 pts | device: cuda:0
  lr: 0.0003 -> 2.9999999999999997e-05  (CosineAnnealing)
  Network: SIREN  omega_0=52.5
════════════════════════════════════════════════════════════════
  Epoch     1/3000  loss=3.7510e-01  lr=3.00e-04  (0.0s)

  Done in 29.8s | min loss = 8.4147e-06


════════════════════════════════════════════════════════════════
  Training: 3000 epochs | 1024 pts/set | 8 sets
  Per epoch: 8192 pts | device: cuda:0
  lr: 0.0003 -> 2.9999999999999997e-05  (CosineAnnealing)
  Network: SIREN  omega_0=52.5
════════════════════════════════════════════════════════════════
  Epoch     1/3000  loss=3.7994e-01  lr=3.00e-04  (0.0s)

  Done in 30.1s | min loss = 1.1346e-05


════════════════════════════════════════════════════════════════
  Training: 3000 epochs | 1024 pts/set | 8 sets
  Per epoch: 8192 pts | device: cuda:0
  lr: 0.0003 -> 2.9999999999999997e-05  (CosineAnnealing)
  Network: SIREN  omega_0=52.5
════════════════════════════════════════════════════════════════
  Epoch     1/3000  loss=3.6021e-01  lr=3.00e-04  (0.0s)

  Done in 29.8s | min loss = 1.0027e-05

    -> digits per seed=[4, 4, 4]  best_mean_relerr=1.646e-04  median_digits=4  (89.7s total)
[group 157/640] hidden=[128, 128, 128] omega0=52.5 lr=0.0003 N=1024 epochs=4500  (3 seeds)

════════════════════════════════════════════════════════════════
  Training: 4500 epochs | 1024 pts/set | 8 sets
  Per epoch: 8192 pts | device: cuda:0
  lr: 0.0003 -> 2.9999999999999997e-05  (CosineAnnealing)
  Network: SIREN  omega_0=52.5
════════════════════════════════════════════════════════════════
  Epoch     1/4500  loss=3.7510e-01  lr=3.00e-04  (0.0s)

  Done in 44.0s | min loss = 5.6155e-06


════════════════════════════════════════════════════════════════
  Training: 4500 epochs | 1024 pts/set | 8 sets
  Per epoch: 8192 pts | device: cuda:0
  lr: 0.0003 -> 2.9999999999999997e-05  (CosineAnnealing)
  Network: SIREN  omega_0=52.5
════════════════════════════════════════════════════════════════
  Epoch     1/4500  loss=3.7994e-01  lr=3.00e-04  (0.0s)

  Done in 44.8s | min loss = 7.2682e-06


════════════════════════════════════════════════════════════════
  Training: 4500 epochs | 1024 pts/set | 8 sets
  Per epoch: 8192 pts | device: cuda:0
  lr: 0.0003 -> 2.9999999999999997e-05  (CosineAnnealing)
  Network: SIREN  omega_0=52.5
════════════════════════════════════════════════════════════════
  Epoch     1/4500  loss=3.6021e-01  lr=3.00e-04  (0.0s)

  Done in 45.6s | min loss = 6.4656e-06

    -> digits per seed=[4, 4, 4]  best_mean_relerr=2.068e-04  median_digits=4  (134.4s total)
[group 158/640] hidden=[128, 128, 128] omega0=52.5 lr=0.0003 N=1024 epochs=6500  (3 seeds)

════════════════════════════════════════════════════════════════
  Training: 6500 epochs | 1024 pts/set | 8 sets
  Per epoch: 8192 pts | device: cuda:0
  lr: 0.0003 -> 2.9999999999999997e-05  (CosineAnnealing)
  Network: SIREN  omega_0=52.5
════════════════════════════════════════════════════════════════
  Epoch     1/6500  loss=3.7510e-01  lr=3.00e-04  (0.0s)

  Done in 64.9s | min loss = 4.8665e-06


════════════════════════════════════════════════════════════════
  Training: 6500 epochs | 1024 pts/set | 8 sets
  Per epoch: 8192 pts | device: cuda:0
  lr: 0.0003 -> 2.9999999999999997e-05  (CosineAnnealing)
  Network: SIREN  omega_0=52.5
════════════════════════════════════════════════════════════════
  Epoch     1/6500  loss=3.7994e-01  lr=3.00e-04  (0.0s)

  Done in 64.2s | min loss = 5.5568e-06


════════════════════════════════════════════════════════════════
  Training: 6500 epochs | 1024 pts/set | 8 sets
  Per epoch: 8192 pts | device: cuda:0
  lr: 0.0003 -> 2.9999999999999997e-05  (CosineAnnealing)
  Network: SIREN  omega_0=52.5
════════════════════════════════════════════════════════════════
  Epoch     1/6500  loss=3.6021e-01  lr=3.00e-04  (0.0s)

  Done in 65.1s | min loss = 5.4577e-06

    -> digits per seed=[4, 4, 3]  best_mean_relerr=6.222e-04  median_digits=4  (194.1s total)
[group 159/640] hidden=[128, 128, 128] omega0=52.5 lr=0.0003 N=1024 epochs=10000  (3 seeds)

════════════════════════════════════════════════════════════════
  Training: 10000 epochs | 1024 pts/set | 8 sets
  Per epoch: 8192 pts | device: cuda:0
  lr: 0.0003 -> 2.9999999999999997e-05  (CosineAnnealing)
  Network: SIREN  omega_0=52.5
════════════════════════════════════════════════════════════════
  Epoch     1/10000  loss=3.7510e-01  lr=3.00e-04  (0.0s)

  Done in 100.7s | min loss = 5.0560e-06


════════════════════════════════════════════════════════════════
  Training: 10000 epochs | 1024 pts/set | 8 sets
  Per epoch: 8192 pts | device: cuda:0
  lr: 0.0003 -> 2.9999999999999997e-05  (CosineAnnealing)
  Network: SIREN  omega_0=52.5
════════════════════════════════════════════════════════════════
  Epoch     1/10000  loss=3.7994e-01  lr=3.00e-04  (0.0s)

  Done in 98.7s | min loss = 6.3104e-06


════════════════════════════════════════════════════════════════
  Training: 10000 epochs | 1024 pts/set | 8 sets
  Per epoch: 8192 pts | device: cuda:0
  lr: 0.0003 -> 2.9999999999999997e-05  (CosineAnnealing)
  Network: SIREN  omega_0=52.5
════════════════════════════════════════════════════════════════
  Epoch     1/10000  loss=3.6021e-01  lr=3.00e-04  (0.0s)

  Done in 100.3s | min loss = 5.4034e-06

    -> digits per seed=[3, 3, 4]  best_mean_relerr=3.727e-04  median_digits=3  (299.7s total)
[group 160/640] hidden=[128, 128, 128] omega0=52.5 lr=0.0003 N=1024 epochs=15000  (3 seeds)

════════════════════════════════════════════════════════════════
  Training: 15000 epochs | 1024 pts/set | 8 sets
  Per epoch: 8192 pts | device: cuda:0
  lr: 0.0003 -> 2.9999999999999997e-05  (CosineAnnealing)
  Network: SIREN  omega_0=52.5
════════════════════════════════════════════════════════════════
  Epoch     1/15000  loss=3.7510e-01  lr=3.00e-04  (0.0s)

  Done in 150.3s | min loss = 5.6946e-06


════════════════════════════════════════════════════════════════
  Training: 15000 epochs | 1024 pts/set | 8 sets
  Per epoch: 8192 pts | device: cuda:0
  lr: 0.0003 -> 2.9999999999999997e-05  (CosineAnnealing)
  Network: SIREN  omega_0=52.5
════════════════════════════════════════════════════════════════
  Epoch     1/15000  loss=3.7994e-01  lr=3.00e-04  (0.0s)

  Done in 150.0s | min loss = 5.6473e-06


════════════════════════════════════════════════════════════════
  Training: 15000 epochs | 1024 pts/set | 8 sets
  Per epoch: 8192 pts | device: cuda:0
  lr: 0.0003 -> 2.9999999999999997e-05  (CosineAnnealing)
  Network: SIREN  omega_0=52.5
════════════════════════════════════════════════════════════════
  Epoch     1/15000  loss=3.6021e-01  lr=3.00e-04  (0.0s)

  Done in 149.5s | min loss = 4.9293e-06

    -> digits per seed=[4, 3, 3]  best_mean_relerr=6.216e-04  median_digits=3  (449.8s total)
[group 161/640] hidden=[128, 128, 128, 128] omega0=30.0 lr=0.0001 N=512 epochs=3000  (3 seeds)

════════════════════════════════════════════════════════════════
  Training: 3000 epochs | 512 pts/set | 8 sets
  Per epoch: 4096 pts | device: cuda:0
  lr: 0.0001 -> 1e-05  (CosineAnnealing)
  Network: SIREN  omega_0=30.0
════════════════════════════════════════════════════════════════
  Epoch     1/3000  loss=4.0445e-01  lr=1.00e-04  (0.0s)

  Done in 38.1s | min loss = 3.2161e-05


════════════════════════════════════════════════════════════════
  Training: 3000 epochs | 512 pts/set | 8 sets
  Per epoch: 4096 pts | device: cuda:0
  lr: 0.0001 -> 1e-05  (CosineAnnealing)
  Network: SIREN  omega_0=30.0
════════════════════════════════════════════════════════════════
  Epoch     1/3000  loss=4.1948e-01  lr=1.00e-04  (0.0s)

  Done in 37.5s | min loss = 3.1171e-05


════════════════════════════════════════════════════════════════
  Training: 3000 epochs | 512 pts/set | 8 sets
  Per epoch: 4096 pts | device: cuda:0
  lr: 0.0001 -> 1e-05  (CosineAnnealing)
  Network: SIREN  omega_0=30.0
════════════════════════════════════════════════════════════════
  Epoch     1/3000  loss=3.4093e-01  lr=1.00e-04  (0.0s)

  Done in 37.0s | min loss = 3.0938e-05

    -> digits per seed=[4, 3, 4]  best_mean_relerr=2.934e-04  median_digits=4  (112.6s total)
[group 162/640] hidden=[128, 128, 128, 128] omega0=30.0 lr=0.0001 N=512 epochs=4500  (3 seeds)

════════════════════════════════════════════════════════════════
  Training: 4500 epochs | 512 pts/set | 8 sets
  Per epoch: 4096 pts | device: cuda:0
  lr: 0.0001 -> 1e-05  (CosineAnnealing)
  Network: SIREN  omega_0=30.0
════════════════════════════════════════════════════════════════
  Epoch     1/4500  loss=4.0445e-01  lr=1.00e-04  (0.0s)

  Done in 56.4s | min loss = 2.0154e-05


════════════════════════════════════════════════════════════════
  Training: 4500 epochs | 512 pts/set | 8 sets
  Per epoch: 4096 pts | device: cuda:0
  lr: 0.0001 -> 1e-05  (CosineAnnealing)
  Network: SIREN  omega_0=30.0
════════════════════════════════════════════════════════════════
  Epoch     1/4500  loss=4.1948e-01  lr=1.00e-04  (0.0s)

  Done in 55.7s | min loss = 1.9721e-05


════════════════════════════════════════════════════════════════
  Training: 4500 epochs | 512 pts/set | 8 sets
  Per epoch: 4096 pts | device: cuda:0
  lr: 0.0001 -> 1e-05  (CosineAnnealing)
  Network: SIREN  omega_0=30.0
════════════════════════════════════════════════════════════════
  Epoch     1/4500  loss=3.4093e-01  lr=1.00e-04  (0.0s)

  Done in 55.8s | min loss = 1.8199e-05

    -> digits per seed=[4, 4, 4]  best_mean_relerr=3.481e-04  median_digits=4  (168.0s total)
[group 163/640] hidden=[128, 128, 128, 128] omega0=30.0 lr=0.0001 N=512 epochs=6500  (3 seeds)

════════════════════════════════════════════════════════════════
  Training: 6500 epochs | 512 pts/set | 8 sets
  Per epoch: 4096 pts | device: cuda:0
  lr: 0.0001 -> 1e-05  (CosineAnnealing)
  Network: SIREN  omega_0=30.0
════════════════════════════════════════════════════════════════
  Epoch     1/6500  loss=4.0445e-01  lr=1.00e-04  (0.0s)

  Done in 81.2s | min loss = 1.2795e-05


════════════════════════════════════════════════════════════════
  Training: 6500 epochs | 512 pts/set | 8 sets
  Per epoch: 4096 pts | device: cuda:0
  lr: 0.0001 -> 1e-05  (CosineAnnealing)
  Network: SIREN  omega_0=30.0
════════════════════════════════════════════════════════════════
  Epoch     1/6500  loss=4.1948e-01  lr=1.00e-04  (0.0s)

  Done in 80.9s | min loss = 1.3827e-05


════════════════════════════════════════════════════════════════
  Training: 6500 epochs | 512 pts/set | 8 sets
  Per epoch: 4096 pts | device: cuda:0
  lr: 0.0001 -> 1e-05  (CosineAnnealing)
  Network: SIREN  omega_0=30.0
════════════════════════════════════════════════════════════════
  Epoch     1/6500  loss=3.4093e-01  lr=1.00e-04  (0.0s)

  Done in 79.4s | min loss = 1.2029e-05

    -> digits per seed=[3, 4, 3]  best_mean_relerr=4.436e-04  median_digits=3  (241.5s total)
[group 164/640] hidden=[128, 128, 128, 128] omega0=30.0 lr=0.0001 N=512 epochs=10000  (3 seeds)

════════════════════════════════════════════════════════════════
  Training: 10000 epochs | 512 pts/set | 8 sets
  Per epoch: 4096 pts | device: cuda:0
  lr: 0.0001 -> 1e-05  (CosineAnnealing)
  Network: SIREN  omega_0=30.0
════════════════════════════════════════════════════════════════
  Epoch     1/10000  loss=4.0445e-01  lr=1.00e-04  (0.0s)

  Done in 122.7s | min loss = 8.6614e-06


════════════════════════════════════════════════════════════════
  Training: 10000 epochs | 512 pts/set | 8 sets
  Per epoch: 4096 pts | device: cuda:0
  lr: 0.0001 -> 1e-05  (CosineAnnealing)
  Network: SIREN  omega_0=30.0
════════════════════════════════════════════════════════════════
  Epoch     1/10000  loss=4.1948e-01  lr=1.00e-04  (0.0s)

  Done in 124.5s | min loss = 8.5361e-06


════════════════════════════════════════════════════════════════
  Training: 10000 epochs | 512 pts/set | 8 sets
  Per epoch: 4096 pts | device: cuda:0
  lr: 0.0001 -> 1e-05  (CosineAnnealing)
  Network: SIREN  omega_0=30.0
════════════════════════════════════════════════════════════════
  Epoch     1/10000  loss=3.4093e-01  lr=1.00e-04  (0.0s)

  Done in 123.5s | min loss = 8.2424e-06

    -> digits per seed=[4, 3, 3]  best_mean_relerr=6.009e-04  median_digits=3  (370.6s total)
[group 165/640] hidden=[128, 128, 128, 128] omega0=30.0 lr=0.0001 N=512 epochs=15000  (3 seeds)

════════════════════════════════════════════════════════════════
  Training: 15000 epochs | 512 pts/set | 8 sets
  Per epoch: 4096 pts | device: cuda:0
  lr: 0.0001 -> 1e-05  (CosineAnnealing)
  Network: SIREN  omega_0=30.0
════════════════════════════════════════════════════════════════
  Epoch     1/15000  loss=4.0445e-01  lr=1.00e-04  (0.0s)

  Done in 184.3s | min loss = 5.5590e-06


════════════════════════════════════════════════════════════════
  Training: 15000 epochs | 512 pts/set | 8 sets
  Per epoch: 4096 pts | device: cuda:0
  lr: 0.0001 -> 1e-05  (CosineAnnealing)
  Network: SIREN  omega_0=30.0
════════════════════════════════════════════════════════════════
  Epoch     1/15000  loss=4.1948e-01  lr=1.00e-04  (0.0s)

  Done in 186.1s | min loss = 5.6319e-06


════════════════════════════════════════════════════════════════
  Training: 15000 epochs | 512 pts/set | 8 sets
  Per epoch: 4096 pts | device: cuda:0
  lr: 0.0001 -> 1e-05  (CosineAnnealing)
  Network: SIREN  omega_0=30.0
════════════════════════════════════════════════════════════════
  Epoch     1/15000  loss=3.4093e-01  lr=1.00e-04  (0.0s)

  Done in 183.4s | min loss = 5.2145e-06

    -> digits per seed=[4, 3, 4]  best_mean_relerr=3.940e-04  median_digits=4  (553.8s total)
[group 166/640] hidden=[128, 128, 128, 128] omega0=30.0 lr=0.0001 N=1024 epochs=3000  (3 seeds)

════════════════════════════════════════════════════════════════
  Training: 3000 epochs | 1024 pts/set | 8 sets
  Per epoch: 8192 pts | device: cuda:0
  lr: 0.0001 -> 1e-05  (CosineAnnealing)
  Network: SIREN  omega_0=30.0
════════════════════════════════════════════════════════════════
  Epoch     1/3000  loss=3.8063e-01  lr=1.00e-04  (0.0s)

  Done in 36.1s | min loss = 2.3460e-05


════════════════════════════════════════════════════════════════
  Training: 3000 epochs | 1024 pts/set | 8 sets
  Per epoch: 8192 pts | device: cuda:0
  lr: 0.0001 -> 1e-05  (CosineAnnealing)
  Network: SIREN  omega_0=30.0
════════════════════════════════════════════════════════════════
  Epoch     1/3000  loss=4.1656e-01  lr=1.00e-04  (0.0s)

  Done in 36.3s | min loss = 2.3925e-05


════════════════════════════════════════════════════════════════
  Training: 3000 epochs | 1024 pts/set | 8 sets
  Per epoch: 8192 pts | device: cuda:0
  lr: 0.0001 -> 1e-05  (CosineAnnealing)
  Network: SIREN  omega_0=30.0
════════════════════════════════════════════════════════════════
  Epoch     1/3000  loss=3.6719e-01  lr=1.00e-04  (0.0s)

  Done in 37.8s | min loss = 2.3511e-05

    -> digits per seed=[3, 4, 4]  best_mean_relerr=3.911e-04  median_digits=4  (110.2s total)
[group 167/640] hidden=[128, 128, 128, 128] omega0=30.0 lr=0.0001 N=1024 epochs=4500  (3 seeds)

════════════════════════════════════════════════════════════════
  Training: 4500 epochs | 1024 pts/set | 8 sets
  Per epoch: 8192 pts | device: cuda:0
  lr: 0.0001 -> 1e-05  (CosineAnnealing)
  Network: SIREN  omega_0=30.0
════════════════════════════════════════════════════════════════
  Epoch     1/4500  loss=3.8063e-01  lr=1.00e-04  (0.0s)

  Done in 56.2s | min loss = 1.3457e-05


════════════════════════════════════════════════════════════════
  Training: 4500 epochs | 1024 pts/set | 8 sets
  Per epoch: 8192 pts | device: cuda:0
  lr: 0.0001 -> 1e-05  (CosineAnnealing)
  Network: SIREN  omega_0=30.0
════════════════════════════════════════════════════════════════
  Epoch     1/4500  loss=4.1656e-01  lr=1.00e-04  (0.0s)

  Done in 55.3s | min loss = 1.3783e-05


════════════════════════════════════════════════════════════════
  Training: 4500 epochs | 1024 pts/set | 8 sets
  Per epoch: 8192 pts | device: cuda:0
  lr: 0.0001 -> 1e-05  (CosineAnnealing)
  Network: SIREN  omega_0=30.0
════════════════════════════════════════════════════════════════
  Epoch     1/4500  loss=3.6719e-01  lr=1.00e-04  (0.0s)

  Done in 55.1s | min loss = 1.3015e-05

    -> digits per seed=[3, 3, 4]  best_mean_relerr=2.667e-04  median_digits=3  (166.6s total)
[group 168/640] hidden=[128, 128, 128, 128] omega0=30.0 lr=0.0001 N=1024 epochs=6500  (3 seeds)

════════════════════════════════════════════════════════════════
  Training: 6500 epochs | 1024 pts/set | 8 sets
  Per epoch: 8192 pts | device: cuda:0
  lr: 0.0001 -> 1e-05  (CosineAnnealing)
  Network: SIREN  omega_0=30.0
════════════════════════════════════════════════════════════════
  Epoch     1/6500  loss=3.8063e-01  lr=1.00e-04  (0.0s)

  Done in 80.4s | min loss = 8.8346e-06


════════════════════════════════════════════════════════════════
  Training: 6500 epochs | 1024 pts/set | 8 sets
  Per epoch: 8192 pts | device: cuda:0
  lr: 0.0001 -> 1e-05  (CosineAnnealing)
  Network: SIREN  omega_0=30.0
════════════════════════════════════════════════════════════════
  Epoch     1/6500  loss=4.1656e-01  lr=1.00e-04  (0.0s)

  Done in 81.5s | min loss = 8.8302e-06


════════════════════════════════════════════════════════════════
  Training: 6500 epochs | 1024 pts/set | 8 sets
  Per epoch: 8192 pts | device: cuda:0
  lr: 0.0001 -> 1e-05  (CosineAnnealing)
  Network: SIREN  omega_0=30.0
════════════════════════════════════════════════════════════════
  Epoch     1/6500  loss=3.6719e-01  lr=1.00e-04  (0.0s)

  Done in 78.9s | min loss = 8.5728e-06

    -> digits per seed=[4, 4, 4]  best_mean_relerr=1.660e-04  median_digits=4  (240.8s total)
[group 169/640] hidden=[128, 128, 128, 128] omega0=30.0 lr=0.0001 N=1024 epochs=10000  (3 seeds)

════════════════════════════════════════════════════════════════
  Training: 10000 epochs | 1024 pts/set | 8 sets
  Per epoch: 8192 pts | device: cuda:0
  lr: 0.0001 -> 1e-05  (CosineAnnealing)
  Network: SIREN  omega_0=30.0
════════════════════════════════════════════════════════════════
  Epoch     1/10000  loss=3.8063e-01  lr=1.00e-04  (0.0s)

  Done in 124.6s | min loss = 5.7077e-06


════════════════════════════════════════════════════════════════
  Training: 10000 epochs | 1024 pts/set | 8 sets
  Per epoch: 8192 pts | device: cuda:0
  lr: 0.0001 -> 1e-05  (CosineAnnealing)
  Network: SIREN  omega_0=30.0
════════════════════════════════════════════════════════════════
  Epoch     1/10000  loss=4.1656e-01  lr=1.00e-04  (0.0s)

  Done in 125.9s | min loss = 5.5244e-06


════════════════════════════════════════════════════════════════
  Training: 10000 epochs | 1024 pts/set | 8 sets
  Per epoch: 8192 pts | device: cuda:0
  lr: 0.0001 -> 1e-05  (CosineAnnealing)
  Network: SIREN  omega_0=30.0
════════════════════════════════════════════════════════════════
  Epoch     1/10000  loss=3.6719e-01  lr=1.00e-04  (0.0s)

  Done in 125.6s | min loss = 5.7913e-06

    -> digits per seed=[4, 4, 4]  best_mean_relerr=2.927e-04  median_digits=4  (376.1s total)
[group 170/640] hidden=[128, 128, 128, 128] omega0=30.0 lr=0.0001 N=1024 epochs=15000  (3 seeds)

════════════════════════════════════════════════════════════════
  Training: 15000 epochs | 1024 pts/set | 8 sets
  Per epoch: 8192 pts | device: cuda:0
  lr: 0.0001 -> 1e-05  (CosineAnnealing)
  Network: SIREN  omega_0=30.0
════════════════════════════════════════════════════════════════
  Epoch     1/15000  loss=3.8063e-01  lr=1.00e-04  (0.0s)

  Done in 185.8s | min loss = 2.9561e-06


════════════════════════════════════════════════════════════════
  Training: 15000 epochs | 1024 pts/set | 8 sets
  Per epoch: 8192 pts | device: cuda:0
  lr: 0.0001 -> 1e-05  (CosineAnnealing)
  Network: SIREN  omega_0=30.0
════════════════════════════════════════════════════════════════
  Epoch     1/15000  loss=4.1656e-01  lr=1.00e-04  (0.0s)

  Done in 187.8s | min loss = 3.2413e-06


════════════════════════════════════════════════════════════════
  Training: 15000 epochs | 1024 pts/set | 8 sets
  Per epoch: 8192 pts | device: cuda:0
  lr: 0.0001 -> 1e-05  (CosineAnnealing)
  Network: SIREN  omega_0=30.0
════════════════════════════════════════════════════════════════
  Epoch     1/15000  loss=3.6719e-01  lr=1.00e-04  (0.0s)

  Done in 187.3s | min loss = 3.3952e-06

    -> digits per seed=[3, 4, 3]  best_mean_relerr=6.676e-04  median_digits=3  (560.9s total)
[group 171/640] hidden=[128, 128, 128, 128] omega0=30.0 lr=0.00015 N=512 epochs=3000  (3 seeds)

════════════════════════════════════════════════════════════════
  Training: 3000 epochs | 512 pts/set | 8 sets
  Per epoch: 4096 pts | device: cuda:0
  lr: 0.00015 -> 1.4999999999999999e-05  (CosineAnnealing)
  Network: SIREN  omega_0=30.0
════════════════════════════════════════════════════════════════
  Epoch     1/3000  loss=4.0445e-01  lr=1.50e-04  (0.0s)

  Done in 37.9s | min loss = 2.3305e-05


════════════════════════════════════════════════════════════════
  Training: 3000 epochs | 512 pts/set | 8 sets
  Per epoch: 4096 pts | device: cuda:0
  lr: 0.00015 -> 1.4999999999999999e-05  (CosineAnnealing)
  Network: SIREN  omega_0=30.0
════════════════════════════════════════════════════════════════
  Epoch     1/3000  loss=4.1948e-01  lr=1.50e-04  (0.0s)

  Done in 37.0s | min loss = 2.4917e-05


════════════════════════════════════════════════════════════════
  Training: 3000 epochs | 512 pts/set | 8 sets
  Per epoch: 4096 pts | device: cuda:0
  lr: 0.00015 -> 1.4999999999999999e-05  (CosineAnnealing)
  Network: SIREN  omega_0=30.0
════════════════════════════════════════════════════════════════
  Epoch     1/3000  loss=3.4093e-01  lr=1.50e-04  (0.0s)

  Done in 37.1s | min loss = 2.3843e-05

    -> digits per seed=[4, 4, 4]  best_mean_relerr=4.843e-04  median_digits=4  (112.0s total)
[group 172/640] hidden=[128, 128, 128, 128] omega0=30.0 lr=0.00015 N=512 epochs=4500  (3 seeds)

════════════════════════════════════════════════════════════════
  Training: 4500 epochs | 512 pts/set | 8 sets
  Per epoch: 4096 pts | device: cuda:0
  lr: 0.00015 -> 1.4999999999999999e-05  (CosineAnnealing)
  Network: SIREN  omega_0=30.0
════════════════════════════════════════════════════════════════
  Epoch     1/4500  loss=4.0445e-01  lr=1.50e-04  (0.0s)

  Done in 55.9s | min loss = 1.4261e-05


════════════════════════════════════════════════════════════════
  Training: 4500 epochs | 512 pts/set | 8 sets
  Per epoch: 4096 pts | device: cuda:0
  lr: 0.00015 -> 1.4999999999999999e-05  (CosineAnnealing)
  Network: SIREN  omega_0=30.0
════════════════════════════════════════════════════════════════
  Epoch     1/4500  loss=4.1948e-01  lr=1.50e-04  (0.0s)

  Done in 55.1s | min loss = 1.4641e-05


════════════════════════════════════════════════════════════════
  Training: 4500 epochs | 512 pts/set | 8 sets
  Per epoch: 4096 pts | device: cuda:0
  lr: 0.00015 -> 1.4999999999999999e-05  (CosineAnnealing)
  Network: SIREN  omega_0=30.0
════════════════════════════════════════════════════════════════
  Epoch     1/4500  loss=3.4093e-01  lr=1.50e-04  (0.0s)

  Done in 55.9s | min loss = 1.4354e-05

    -> digits per seed=[4, 3, 4]  best_mean_relerr=2.707e-04  median_digits=4  (166.9s total)
[group 173/640] hidden=[128, 128, 128, 128] omega0=30.0 lr=0.00015 N=512 epochs=6500  (3 seeds)

════════════════════════════════════════════════════════════════
  Training: 6500 epochs | 512 pts/set | 8 sets
  Per epoch: 4096 pts | device: cuda:0
  lr: 0.00015 -> 1.4999999999999999e-05  (CosineAnnealing)
  Network: SIREN  omega_0=30.0
════════════════════════════════════════════════════════════════
  Epoch     1/6500  loss=4.0445e-01  lr=1.50e-04  (0.0s)

  Done in 81.0s | min loss = 9.6068e-06


════════════════════════════════════════════════════════════════
  Training: 6500 epochs | 512 pts/set | 8 sets
  Per epoch: 4096 pts | device: cuda:0
  lr: 0.00015 -> 1.4999999999999999e-05  (CosineAnnealing)
  Network: SIREN  omega_0=30.0
════════════════════════════════════════════════════════════════
  Epoch     1/6500  loss=4.1948e-01  lr=1.50e-04  (0.0s)

  Done in 78.6s | min loss = 9.5368e-06


════════════════════════════════════════════════════════════════
  Training: 6500 epochs | 512 pts/set | 8 sets
  Per epoch: 4096 pts | device: cuda:0
  lr: 0.00015 -> 1.4999999999999999e-05  (CosineAnnealing)
  Network: SIREN  omega_0=30.0
════════════════════════════════════════════════════════════════
  Epoch     1/6500  loss=3.4093e-01  lr=1.50e-04  (0.0s)

  Done in 80.0s | min loss = 8.3313e-06

    -> digits per seed=[4, 4, 4]  best_mean_relerr=2.564e-04  median_digits=4  (239.7s total)
[group 174/640] hidden=[128, 128, 128, 128] omega0=30.0 lr=0.00015 N=512 epochs=10000  (3 seeds)

════════════════════════════════════════════════════════════════
  Training: 10000 epochs | 512 pts/set | 8 sets
  Per epoch: 4096 pts | device: cuda:0
  lr: 0.00015 -> 1.4999999999999999e-05  (CosineAnnealing)
  Network: SIREN  omega_0=30.0
════════════════════════════════════════════════════════════════
  Epoch     1/10000  loss=4.0445e-01  lr=1.50e-04  (0.0s)

  Done in 121.7s | min loss = 6.4605e-06


════════════════════════════════════════════════════════════════
  Training: 10000 epochs | 512 pts/set | 8 sets
  Per epoch: 4096 pts | device: cuda:0
  lr: 0.00015 -> 1.4999999999999999e-05  (CosineAnnealing)
  Network: SIREN  omega_0=30.0
════════════════════════════════════════════════════════════════
  Epoch     1/10000  loss=4.1948e-01  lr=1.50e-04  (0.0s)

  Done in 123.5s | min loss = 8.0143e-06


════════════════════════════════════════════════════════════════
  Training: 10000 epochs | 512 pts/set | 8 sets
  Per epoch: 4096 pts | device: cuda:0
  lr: 0.00015 -> 1.4999999999999999e-05  (CosineAnnealing)
  Network: SIREN  omega_0=30.0
════════════════════════════════════════════════════════════════
  Epoch     1/10000  loss=3.4093e-01  lr=1.50e-04  (0.0s)

  Done in 124.2s | min loss = 7.7069e-06

    -> digits per seed=[4, 3, 3]  best_mean_relerr=3.650e-04  median_digits=3  (369.4s total)
[group 175/640] hidden=[128, 128, 128, 128] omega0=30.0 lr=0.00015 N=512 epochs=15000  (3 seeds)

════════════════════════════════════════════════════════════════
  Training: 15000 epochs | 512 pts/set | 8 sets
  Per epoch: 4096 pts | device: cuda:0
  lr: 0.00015 -> 1.4999999999999999e-05  (CosineAnnealing)
  Network: SIREN  omega_0=30.0
════════════════════════════════════════════════════════════════
  Epoch     1/15000  loss=4.0445e-01  lr=1.50e-04  (0.0s)

  Done in 182.7s | min loss = 4.9368e-06


════════════════════════════════════════════════════════════════
  Training: 15000 epochs | 512 pts/set | 8 sets
  Per epoch: 4096 pts | device: cuda:0
  lr: 0.00015 -> 1.4999999999999999e-05  (CosineAnnealing)
  Network: SIREN  omega_0=30.0
════════════════════════════════════════════════════════════════
  Epoch     1/15000  loss=4.1948e-01  lr=1.50e-04  (0.0s)

  Done in 182.4s | min loss = 5.4883e-06


════════════════════════════════════════════════════════════════
  Training: 15000 epochs | 512 pts/set | 8 sets
  Per epoch: 4096 pts | device: cuda:0
  lr: 0.00015 -> 1.4999999999999999e-05  (CosineAnnealing)
  Network: SIREN  omega_0=30.0
════════════════════════════════════════════════════════════════
  Epoch     1/15000  loss=3.4093e-01  lr=1.50e-04  (0.0s)

  Done in 183.7s | min loss = 5.1576e-06

    -> digits per seed=[3, 3, 3]  best_mean_relerr=1.161e-03  median_digits=3  (548.8s total)
[group 176/640] hidden=[128, 128, 128, 128] omega0=30.0 lr=0.00015 N=1024 epochs=3000  (3 seeds)

════════════════════════════════════════════════════════════════
  Training: 3000 epochs | 1024 pts/set | 8 sets
  Per epoch: 8192 pts | device: cuda:0
  lr: 0.00015 -> 1.4999999999999999e-05  (CosineAnnealing)
  Network: SIREN  omega_0=30.0
════════════════════════════════════════════════════════════════
  Epoch     1/3000  loss=3.8063e-01  lr=1.50e-04  (0.0s)

  Done in 36.4s | min loss = 1.7493e-05


════════════════════════════════════════════════════════════════
  Training: 3000 epochs | 1024 pts/set | 8 sets
  Per epoch: 8192 pts | device: cuda:0
  lr: 0.00015 -> 1.4999999999999999e-05  (CosineAnnealing)
  Network: SIREN  omega_0=30.0
════════════════════════════════════════════════════════════════
  Epoch     1/3000  loss=4.1656e-01  lr=1.50e-04  (0.0s)

  Done in 36.7s | min loss = 1.7410e-05


════════════════════════════════════════════════════════════════
  Training: 3000 epochs | 1024 pts/set | 8 sets
  Per epoch: 8192 pts | device: cuda:0
  lr: 0.00015 -> 1.4999999999999999e-05  (CosineAnnealing)
  Network: SIREN  omega_0=30.0
════════════════════════════════════════════════════════════════
  Epoch     1/3000  loss=3.6719e-01  lr=1.50e-04  (0.0s)

  Done in 36.4s | min loss = 1.6060e-05

    -> digits per seed=[3, 4, 4]  best_mean_relerr=2.604e-04  median_digits=4  (109.6s total)
[group 177/640] hidden=[128, 128, 128, 128] omega0=30.0 lr=0.00015 N=1024 epochs=4500  (3 seeds)

════════════════════════════════════════════════════════════════
  Training: 4500 epochs | 1024 pts/set | 8 sets
  Per epoch: 8192 pts | device: cuda:0
  lr: 0.00015 -> 1.4999999999999999e-05  (CosineAnnealing)
  Network: SIREN  omega_0=30.0
════════════════════════════════════════════════════════════════
  Epoch     1/4500  loss=3.8063e-01  lr=1.50e-04  (0.0s)

  Done in 56.9s | min loss = 9.7742e-06


════════════════════════════════════════════════════════════════
  Training: 4500 epochs | 1024 pts/set | 8 sets
  Per epoch: 8192 pts | device: cuda:0
  lr: 0.00015 -> 1.4999999999999999e-05  (CosineAnnealing)
  Network: SIREN  omega_0=30.0
════════════════════════════════════════════════════════════════
  Epoch     1/4500  loss=4.1656e-01  lr=1.50e-04  (0.0s)

  Done in 55.3s | min loss = 9.6398e-06


════════════════════════════════════════════════════════════════
  Training: 4500 epochs | 1024 pts/set | 8 sets
  Per epoch: 8192 pts | device: cuda:0
  lr: 0.00015 -> 1.4999999999999999e-05  (CosineAnnealing)
  Network: SIREN  omega_0=30.0
════════════════════════════════════════════════════════════════
  Epoch     1/4500  loss=3.6719e-01  lr=1.50e-04  (0.0s)

  Done in 55.0s | min loss = 9.4256e-06

    -> digits per seed=[4, 4, 4]  best_mean_relerr=2.627e-04  median_digits=4  (167.1s total)
[group 178/640] hidden=[128, 128, 128, 128] omega0=30.0 lr=0.00015 N=1024 epochs=6500  (3 seeds)

════════════════════════════════════════════════════════════════
  Training: 6500 epochs | 1024 pts/set | 8 sets
  Per epoch: 8192 pts | device: cuda:0
  lr: 0.00015 -> 1.4999999999999999e-05  (CosineAnnealing)
  Network: SIREN  omega_0=30.0
════════════════════════════════════════════════════════════════
  Epoch     1/6500  loss=3.8063e-01  lr=1.50e-04  (0.0s)

  Done in 80.8s | min loss = 6.2336e-06


════════════════════════════════════════════════════════════════
  Training: 6500 epochs | 1024 pts/set | 8 sets
  Per epoch: 8192 pts | device: cuda:0
  lr: 0.00015 -> 1.4999999999999999e-05  (CosineAnnealing)
  Network: SIREN  omega_0=30.0
════════════════════════════════════════════════════════════════
  Epoch     1/6500  loss=4.1656e-01  lr=1.50e-04  (0.0s)

  Done in 80.0s | min loss = 6.7659e-06


════════════════════════════════════════════════════════════════
  Training: 6500 epochs | 1024 pts/set | 8 sets
  Per epoch: 8192 pts | device: cuda:0
  lr: 0.00015 -> 1.4999999999999999e-05  (CosineAnnealing)
  Network: SIREN  omega_0=30.0
════════════════════════════════════════════════════════════════
  Epoch     1/6500  loss=3.6719e-01  lr=1.50e-04  (0.0s)

  Done in 79.4s | min loss = 6.3516e-06

    -> digits per seed=[3, 4, 4]  best_mean_relerr=4.421e-04  median_digits=4  (240.2s total)
[group 179/640] hidden=[128, 128, 128, 128] omega0=30.0 lr=0.00015 N=1024 epochs=10000  (3 seeds)

════════════════════════════════════════════════════════════════
  Training: 10000 epochs | 1024 pts/set | 8 sets
  Per epoch: 8192 pts | device: cuda:0
  lr: 0.00015 -> 1.4999999999999999e-05  (CosineAnnealing)
  Network: SIREN  omega_0=30.0
════════════════════════════════════════════════════════════════
  Epoch     1/10000  loss=3.8063e-01  lr=1.50e-04  (0.0s)

  Done in 123.7s | min loss = 4.2302e-06


════════════════════════════════════════════════════════════════
  Training: 10000 epochs | 1024 pts/set | 8 sets
  Per epoch: 8192 pts | device: cuda:0
  lr: 0.00015 -> 1.4999999999999999e-05  (CosineAnnealing)
  Network: SIREN  omega_0=30.0
════════════════════════════════════════════════════════════════
  Epoch     1/10000  loss=4.1656e-01  lr=1.50e-04  (0.0s)

  Done in 123.0s | min loss = 4.5767e-06


════════════════════════════════════════════════════════════════
  Training: 10000 epochs | 1024 pts/set | 8 sets
  Per epoch: 8192 pts | device: cuda:0
  lr: 0.00015 -> 1.4999999999999999e-05  (CosineAnnealing)
  Network: SIREN  omega_0=30.0
════════════════════════════════════════════════════════════════
  Epoch     1/10000  loss=3.6719e-01  lr=1.50e-04  (0.0s)

  Done in 123.6s | min loss = 4.3734e-06

    -> digits per seed=[3, 4, 3]  best_mean_relerr=3.567e-04  median_digits=3  (370.4s total)
[group 180/640] hidden=[128, 128, 128, 128] omega0=30.0 lr=0.00015 N=1024 epochs=15000  (3 seeds)

════════════════════════════════════════════════════════════════
  Training: 15000 epochs | 1024 pts/set | 8 sets
  Per epoch: 8192 pts | device: cuda:0
  lr: 0.00015 -> 1.4999999999999999e-05  (CosineAnnealing)
  Network: SIREN  omega_0=30.0
════════════════════════════════════════════════════════════════
  Epoch     1/15000  loss=3.8063e-01  lr=1.50e-04  (0.0s)

  Done in 183.3s | min loss = 2.5295e-06


════════════════════════════════════════════════════════════════
  Training: 15000 epochs | 1024 pts/set | 8 sets
  Per epoch: 8192 pts | device: cuda:0
  lr: 0.00015 -> 1.4999999999999999e-05  (CosineAnnealing)
  Network: SIREN  omega_0=30.0
════════════════════════════════════════════════════════════════
  Epoch     1/15000  loss=4.1656e-01  lr=1.50e-04  (0.0s)

  Done in 180.5s | min loss = 2.8687e-06


════════════════════════════════════════════════════════════════
  Training: 15000 epochs | 1024 pts/set | 8 sets
  Per epoch: 8192 pts | device: cuda:0
  lr: 0.00015 -> 1.4999999999999999e-05  (CosineAnnealing)
  Network: SIREN  omega_0=30.0
════════════════════════════════════════════════════════════════
  Epoch     1/15000  loss=3.6719e-01  lr=1.50e-04  (0.0s)

  Done in 183.8s | min loss = 2.9607e-06

    -> digits per seed=[4, 4, 4]  best_mean_relerr=6.900e-04  median_digits=4  (547.7s total)
[group 181/640] hidden=[128, 128, 128, 128] omega0=30.0 lr=0.0002 N=512 epochs=3000  (3 seeds)

════════════════════════════════════════════════════════════════
  Training: 3000 epochs | 512 pts/set | 8 sets
  Per epoch: 4096 pts | device: cuda:0
  lr: 0.0002 -> 2e-05  (CosineAnnealing)
  Network: SIREN  omega_0=30.0
════════════════════════════════════════════════════════════════
  Epoch     1/3000  loss=4.0445e-01  lr=2.00e-04  (0.0s)

  Done in 36.2s | min loss = 1.9334e-05


════════════════════════════════════════════════════════════════
  Training: 3000 epochs | 512 pts/set | 8 sets
  Per epoch: 4096 pts | device: cuda:0
  lr: 0.0002 -> 2e-05  (CosineAnnealing)
  Network: SIREN  omega_0=30.0
════════════════════════════════════════════════════════════════
  Epoch     1/3000  loss=4.1948e-01  lr=2.00e-04  (0.0s)

  Done in 37.4s | min loss = 2.0598e-05


════════════════════════════════════════════════════════════════
  Training: 3000 epochs | 512 pts/set | 8 sets
  Per epoch: 4096 pts | device: cuda:0
  lr: 0.0002 -> 2e-05  (CosineAnnealing)
  Network: SIREN  omega_0=30.0
════════════════════════════════════════════════════════════════
  Epoch     1/3000  loss=3.4093e-01  lr=2.00e-04  (0.0s)

  Done in 37.2s | min loss = 2.0040e-05

    -> digits per seed=[4, 4, 4]  best_mean_relerr=5.676e-04  median_digits=4  (110.8s total)
[group 182/640] hidden=[128, 128, 128, 128] omega0=30.0 lr=0.0002 N=512 epochs=4500  (3 seeds)

════════════════════════════════════════════════════════════════
  Training: 4500 epochs | 512 pts/set | 8 sets
  Per epoch: 4096 pts | device: cuda:0
  lr: 0.0002 -> 2e-05  (CosineAnnealing)
  Network: SIREN  omega_0=30.0
════════════════════════════════════════════════════════════════
  Epoch     1/4500  loss=4.0445e-01  lr=2.00e-04  (0.0s)

  Done in 56.1s | min loss = 1.1442e-05


════════════════════════════════════════════════════════════════
  Training: 4500 epochs | 512 pts/set | 8 sets
  Per epoch: 4096 pts | device: cuda:0
  lr: 0.0002 -> 2e-05  (CosineAnnealing)
  Network: SIREN  omega_0=30.0
════════════════════════════════════════════════════════════════
  Epoch     1/4500  loss=4.1948e-01  lr=2.00e-04  (0.0s)

  Done in 54.8s | min loss = 1.1495e-05


════════════════════════════════════════════════════════════════
  Training: 4500 epochs | 512 pts/set | 8 sets
  Per epoch: 4096 pts | device: cuda:0
  lr: 0.0002 -> 2e-05  (CosineAnnealing)
  Network: SIREN  omega_0=30.0
════════════════════════════════════════════════════════════════
  Epoch     1/4500  loss=3.4093e-01  lr=2.00e-04  (0.0s)

  Done in 56.0s | min loss = 1.1806e-05

    -> digits per seed=[4, 4, 3]  best_mean_relerr=2.830e-04  median_digits=4  (166.9s total)
[group 183/640] hidden=[128, 128, 128, 128] omega0=30.0 lr=0.0002 N=512 epochs=6500  (3 seeds)

════════════════════════════════════════════════════════════════
  Training: 6500 epochs | 512 pts/set | 8 sets
  Per epoch: 4096 pts | device: cuda:0
  lr: 0.0002 -> 2e-05  (CosineAnnealing)
  Network: SIREN  omega_0=30.0
════════════════════════════════════════════════════════════════
  Epoch     1/6500  loss=4.0445e-01  lr=2.00e-04  (0.0s)

  Done in 81.9s | min loss = 8.4696e-06


════════════════════════════════════════════════════════════════
  Training: 6500 epochs | 512 pts/set | 8 sets
  Per epoch: 4096 pts | device: cuda:0
  lr: 0.0002 -> 2e-05  (CosineAnnealing)
  Network: SIREN  omega_0=30.0
════════════════════════════════════════════════════════════════
  Epoch     1/6500  loss=4.1948e-01  lr=2.00e-04  (0.0s)

  Done in 77.4s | min loss = 9.3982e-06


════════════════════════════════════════════════════════════════
  Training: 6500 epochs | 512 pts/set | 8 sets
  Per epoch: 4096 pts | device: cuda:0
  lr: 0.0002 -> 2e-05  (CosineAnnealing)
  Network: SIREN  omega_0=30.0
════════════════════════════════════════════════════════════════
  Epoch     1/6500  loss=3.4093e-01  lr=2.00e-04  (0.0s)

  Done in 81.2s | min loss = 8.4793e-06

    -> digits per seed=[4, 4, 4]  best_mean_relerr=5.278e-04  median_digits=4  (240.5s total)
[group 184/640] hidden=[128, 128, 128, 128] omega0=30.0 lr=0.0002 N=512 epochs=10000  (3 seeds)

════════════════════════════════════════════════════════════════
  Training: 10000 epochs | 512 pts/set | 8 sets
  Per epoch: 4096 pts | device: cuda:0
  lr: 0.0002 -> 2e-05  (CosineAnnealing)
  Network: SIREN  omega_0=30.0
════════════════════════════════════════════════════════════════
  Epoch     1/10000  loss=4.0445e-01  lr=2.00e-04  (0.0s)

  Done in 121.9s | min loss = 7.5080e-06


════════════════════════════════════════════════════════════════
  Training: 10000 epochs | 512 pts/set | 8 sets
  Per epoch: 4096 pts | device: cuda:0
  lr: 0.0002 -> 2e-05  (CosineAnnealing)
  Network: SIREN  omega_0=30.0
════════════════════════════════════════════════════════════════
  Epoch     1/10000  loss=4.1948e-01  lr=2.00e-04  (0.0s)

  Done in 123.9s | min loss = 8.3400e-06


════════════════════════════════════════════════════════════════
  Training: 10000 epochs | 512 pts/set | 8 sets
  Per epoch: 4096 pts | device: cuda:0
  lr: 0.0002 -> 2e-05  (CosineAnnealing)
  Network: SIREN  omega_0=30.0
════════════════════════════════════════════════════════════════
  Epoch     1/10000  loss=3.4093e-01  lr=2.00e-04  (0.0s)

  Done in 122.3s | min loss = 8.2800e-06

    -> digits per seed=[3, 4, 4]  best_mean_relerr=7.145e-04  median_digits=4  (368.1s total)
[group 185/640] hidden=[128, 128, 128, 128] omega0=30.0 lr=0.0002 N=512 epochs=15000  (3 seeds)

════════════════════════════════════════════════════════════════
  Training: 15000 epochs | 512 pts/set | 8 sets
  Per epoch: 4096 pts | device: cuda:0
  lr: 0.0002 -> 2e-05  (CosineAnnealing)
  Network: SIREN  omega_0=30.0
════════════════════════════════════════════════════════════════
  Epoch     1/15000  loss=4.0445e-01  lr=2.00e-04  (0.0s)

  Done in 184.3s | min loss = 6.1366e-06


════════════════════════════════════════════════════════════════
  Training: 15000 epochs | 512 pts/set | 8 sets
  Per epoch: 4096 pts | device: cuda:0
  lr: 0.0002 -> 2e-05  (CosineAnnealing)
  Network: SIREN  omega_0=30.0
════════════════════════════════════════════════════════════════
  Epoch     1/15000  loss=4.1948e-01  lr=2.00e-04  (0.0s)

  Done in 182.5s | min loss = 5.7862e-06


════════════════════════════════════════════════════════════════
  Training: 15000 epochs | 512 pts/set | 8 sets
  Per epoch: 4096 pts | device: cuda:0
  lr: 0.0002 -> 2e-05  (CosineAnnealing)
  Network: SIREN  omega_0=30.0
════════════════════════════════════════════════════════════════
  Epoch     1/15000  loss=3.4093e-01  lr=2.00e-04  (0.0s)

  Done in 184.4s | min loss = 7.2925e-06

    -> digits per seed=[3, 3, 3]  best_mean_relerr=7.273e-04  median_digits=3  (551.2s total)
[group 186/640] hidden=[128, 128, 128, 128] omega0=30.0 lr=0.0002 N=1024 epochs=3000  (3 seeds)

════════════════════════════════════════════════════════════════
  Training: 3000 epochs | 1024 pts/set | 8 sets
  Per epoch: 8192 pts | device: cuda:0
  lr: 0.0002 -> 2e-05  (CosineAnnealing)
  Network: SIREN  omega_0=30.0
════════════════════════════════════════════════════════════════
  Epoch     1/3000  loss=3.8063e-01  lr=2.00e-04  (0.0s)

  Done in 37.1s | min loss = 1.4014e-05


════════════════════════════════════════════════════════════════
  Training: 3000 epochs | 1024 pts/set | 8 sets
  Per epoch: 8192 pts | device: cuda:0
  lr: 0.0002 -> 2e-05  (CosineAnnealing)
  Network: SIREN  omega_0=30.0
════════════════════════════════════════════════════════════════
  Epoch     1/3000  loss=4.1656e-01  lr=2.00e-04  (0.0s)

  Done in 37.1s | min loss = 1.3698e-05


════════════════════════════════════════════════════════════════
  Training: 3000 epochs | 1024 pts/set | 8 sets
  Per epoch: 8192 pts | device: cuda:0
  lr: 0.0002 -> 2e-05  (CosineAnnealing)
  Network: SIREN  omega_0=30.0
════════════════════════════════════════════════════════════════
  Epoch     1/3000  loss=3.6719e-01  lr=2.00e-04  (0.0s)

  Done in 37.7s | min loss = 1.2704e-05

    -> digits per seed=[3, 3, 4]  best_mean_relerr=4.466e-04  median_digits=3  (111.9s total)
[group 187/640] hidden=[128, 128, 128, 128] omega0=30.0 lr=0.0002 N=1024 epochs=4500  (3 seeds)

════════════════════════════════════════════════════════════════
  Training: 4500 epochs | 1024 pts/set | 8 sets
  Per epoch: 8192 pts | device: cuda:0
  lr: 0.0002 -> 2e-05  (CosineAnnealing)
  Network: SIREN  omega_0=30.0
════════════════════════════════════════════════════════════════
  Epoch     1/4500  loss=3.8063e-01  lr=2.00e-04  (0.0s)

  Done in 55.7s | min loss = 7.3200e-06


════════════════════════════════════════════════════════════════
  Training: 4500 epochs | 1024 pts/set | 8 sets
  Per epoch: 8192 pts | device: cuda:0
  lr: 0.0002 -> 2e-05  (CosineAnnealing)
  Network: SIREN  omega_0=30.0
════════════════════════════════════════════════════════════════
  Epoch     1/4500  loss=4.1656e-01  lr=2.00e-04  (0.0s)

  Done in 55.5s | min loss = 7.9545e-06


════════════════════════════════════════════════════════════════
  Training: 4500 epochs | 1024 pts/set | 8 sets
  Per epoch: 8192 pts | device: cuda:0
  lr: 0.0002 -> 2e-05  (CosineAnnealing)
  Network: SIREN  omega_0=30.0
════════════════════════════════════════════════════════════════
  Epoch     1/4500  loss=3.6719e-01  lr=2.00e-04  (0.0s)

  Done in 55.5s | min loss = 7.4174e-06

    -> digits per seed=[4, 4, 4]  best_mean_relerr=3.590e-04  median_digits=4  (166.8s total)
[group 188/640] hidden=[128, 128, 128, 128] omega0=30.0 lr=0.0002 N=1024 epochs=6500  (3 seeds)

════════════════════════════════════════════════════════════════
  Training: 6500 epochs | 1024 pts/set | 8 sets
  Per epoch: 8192 pts | device: cuda:0
  lr: 0.0002 -> 2e-05  (CosineAnnealing)
  Network: SIREN  omega_0=30.0
════════════════════════════════════════════════════════════════
  Epoch     1/6500  loss=3.8063e-01  lr=2.00e-04  (0.0s)

  Done in 81.0s | min loss = 5.3970e-06


════════════════════════════════════════════════════════════════
  Training: 6500 epochs | 1024 pts/set | 8 sets
  Per epoch: 8192 pts | device: cuda:0
  lr: 0.0002 -> 2e-05  (CosineAnnealing)
  Network: SIREN  omega_0=30.0
════════════════════════════════════════════════════════════════
  Epoch     1/6500  loss=4.1656e-01  lr=2.00e-04  (0.0s)

  Done in 79.5s | min loss = 5.2715e-06


════════════════════════════════════════════════════════════════
  Training: 6500 epochs | 1024 pts/set | 8 sets
  Per epoch: 8192 pts | device: cuda:0
  lr: 0.0002 -> 2e-05  (CosineAnnealing)
  Network: SIREN  omega_0=30.0
════════════════════════════════════════════════════════════════
  Epoch     1/6500  loss=3.6719e-01  lr=2.00e-04  (0.0s)

  Done in 80.2s | min loss = 5.1905e-06

    -> digits per seed=[4, 4, 4]  best_mean_relerr=3.801e-04  median_digits=4  (240.6s total)
[group 189/640] hidden=[128, 128, 128, 128] omega0=30.0 lr=0.0002 N=1024 epochs=10000  (3 seeds)

════════════════════════════════════════════════════════════════
  Training: 10000 epochs | 1024 pts/set | 8 sets
  Per epoch: 8192 pts | device: cuda:0
  lr: 0.0002 -> 2e-05  (CosineAnnealing)
  Network: SIREN  omega_0=30.0
════════════════════════════════════════════════════════════════
  Epoch     1/10000  loss=3.8063e-01  lr=2.00e-04  (0.0s)

  Done in 125.0s | min loss = 3.9737e-06


════════════════════════════════════════════════════════════════
  Training: 10000 epochs | 1024 pts/set | 8 sets
  Per epoch: 8192 pts | device: cuda:0
  lr: 0.0002 -> 2e-05  (CosineAnnealing)
  Network: SIREN  omega_0=30.0
════════════════════════════════════════════════════════════════
  Epoch     1/10000  loss=4.1656e-01  lr=2.00e-04  (0.0s)

  Done in 122.1s | min loss = 4.1932e-06


════════════════════════════════════════════════════════════════
  Training: 10000 epochs | 1024 pts/set | 8 sets
  Per epoch: 8192 pts | device: cuda:0
  lr: 0.0002 -> 2e-05  (CosineAnnealing)
  Network: SIREN  omega_0=30.0
════════════════════════════════════════════════════════════════
  Epoch     1/10000  loss=3.6719e-01  lr=2.00e-04  (0.0s)

  Done in 123.6s | min loss = 4.0609e-06

    -> digits per seed=[4, 3, 4]  best_mean_relerr=6.066e-04  median_digits=4  (370.7s total)
[group 190/640] hidden=[128, 128, 128, 128] omega0=30.0 lr=0.0002 N=1024 epochs=15000  (3 seeds)

════════════════════════════════════════════════════════════════
  Training: 15000 epochs | 1024 pts/set | 8 sets
  Per epoch: 8192 pts | device: cuda:0
  lr: 0.0002 -> 2e-05  (CosineAnnealing)
  Network: SIREN  omega_0=30.0
════════════════════════════════════════════════════════════════
  Epoch     1/15000  loss=3.8063e-01  lr=2.00e-04  (0.0s)

  Done in 181.4s | min loss = 2.9831e-06


════════════════════════════════════════════════════════════════
  Training: 15000 epochs | 1024 pts/set | 8 sets
  Per epoch: 8192 pts | device: cuda:0
  lr: 0.0002 -> 2e-05  (CosineAnnealing)
  Network: SIREN  omega_0=30.0
════════════════════════════════════════════════════════════════
  Epoch     1/15000  loss=4.1656e-01  lr=2.00e-04  (0.0s)

  Done in 186.8s | min loss = 3.2668e-06


════════════════════════════════════════════════════════════════
  Training: 15000 epochs | 1024 pts/set | 8 sets
  Per epoch: 8192 pts | device: cuda:0
  lr: 0.0002 -> 2e-05  (CosineAnnealing)
  Network: SIREN  omega_0=30.0
════════════════════════════════════════════════════════════════
  Epoch     1/15000  loss=3.6719e-01  lr=2.00e-04  (0.0s)

  Done in 185.5s | min loss = 2.6590e-06

    -> digits per seed=[3, 4, 4]  best_mean_relerr=4.385e-04  median_digits=4  (553.7s total)
[group 191/640] hidden=[128, 128, 128, 128] omega0=30.0 lr=0.0003 N=512 epochs=3000  (3 seeds)

════════════════════════════════════════════════════════════════
  Training: 3000 epochs | 512 pts/set | 8 sets
  Per epoch: 4096 pts | device: cuda:0
  lr: 0.0003 -> 2.9999999999999997e-05  (CosineAnnealing)
  Network: SIREN  omega_0=30.0
════════════════════════════════════════════════════════════════
  Epoch     1/3000  loss=4.0445e-01  lr=3.00e-04  (0.0s)

  Done in 36.6s | min loss = 1.6512e-05


════════════════════════════════════════════════════════════════
  Training: 3000 epochs | 512 pts/set | 8 sets
  Per epoch: 4096 pts | device: cuda:0
  lr: 0.0003 -> 2.9999999999999997e-05  (CosineAnnealing)
  Network: SIREN  omega_0=30.0
════════════════════════════════════════════════════════════════
  Epoch     1/3000  loss=4.1948e-01  lr=3.00e-04  (0.0s)

  Done in 36.0s | min loss = 1.6205e-05


════════════════════════════════════════════════════════════════
  Training: 3000 epochs | 512 pts/set | 8 sets
  Per epoch: 4096 pts | device: cuda:0
  lr: 0.0003 -> 2.9999999999999997e-05  (CosineAnnealing)
  Network: SIREN  omega_0=30.0
════════════════════════════════════════════════════════════════
  Epoch     1/3000  loss=3.4093e-01  lr=3.00e-04  (0.0s)

  Done in 37.1s | min loss = 1.7900e-05

    -> digits per seed=[3, 4, 4]  best_mean_relerr=3.706e-04  median_digits=4  (109.6s total)
[group 192/640] hidden=[128, 128, 128, 128] omega0=30.0 lr=0.0003 N=512 epochs=4500  (3 seeds)

════════════════════════════════════════════════════════════════
  Training: 4500 epochs | 512 pts/set | 8 sets
  Per epoch: 4096 pts | device: cuda:0
  lr: 0.0003 -> 2.9999999999999997e-05  (CosineAnnealing)
  Network: SIREN  omega_0=30.0
════════════════════════════════════════════════════════════════
  Epoch     1/4500  loss=4.0445e-01  lr=3.00e-04  (0.0s)

  Done in 56.0s | min loss = 1.0160e-05


════════════════════════════════════════════════════════════════
  Training: 4500 epochs | 512 pts/set | 8 sets
  Per epoch: 4096 pts | device: cuda:0
  lr: 0.0003 -> 2.9999999999999997e-05  (CosineAnnealing)
  Network: SIREN  omega_0=30.0
════════════════════════════════════════════════════════════════
  Epoch     1/4500  loss=4.1948e-01  lr=3.00e-04  (0.0s)

  Done in 55.3s | min loss = 1.0024e-05


════════════════════════════════════════════════════════════════
  Training: 4500 epochs | 512 pts/set | 8 sets
  Per epoch: 4096 pts | device: cuda:0
  lr: 0.0003 -> 2.9999999999999997e-05  (CosineAnnealing)
  Network: SIREN  omega_0=30.0
════════════════════════════════════════════════════════════════
  Epoch     1/4500  loss=3.4093e-01  lr=3.00e-04  (0.0s)

  Done in 56.2s | min loss = 1.1131e-05

    -> digits per seed=[4, 3, 3]  best_mean_relerr=4.462e-04  median_digits=3  (167.6s total)
[group 193/640] hidden=[128, 128, 128, 128] omega0=30.0 lr=0.0003 N=512 epochs=6500  (3 seeds)

════════════════════════════════════════════════════════════════
  Training: 6500 epochs | 512 pts/set | 8 sets
  Per epoch: 4096 pts | device: cuda:0
  lr: 0.0003 -> 2.9999999999999997e-05  (CosineAnnealing)
  Network: SIREN  omega_0=30.0
════════════════════════════════════════════════════════════════
  Epoch     1/6500  loss=4.0445e-01  lr=3.00e-04  (0.0s)

  Done in 80.2s | min loss = 8.1763e-06


════════════════════════════════════════════════════════════════
  Training: 6500 epochs | 512 pts/set | 8 sets
  Per epoch: 4096 pts | device: cuda:0
  lr: 0.0003 -> 2.9999999999999997e-05  (CosineAnnealing)
  Network: SIREN  omega_0=30.0
════════════════════════════════════════════════════════════════
  Epoch     1/6500  loss=4.1948e-01  lr=3.00e-04  (0.0s)

  Done in 79.4s | min loss = 8.9765e-06


════════════════════════════════════════════════════════════════
  Training: 6500 epochs | 512 pts/set | 8 sets
  Per epoch: 4096 pts | device: cuda:0
  lr: 0.0003 -> 2.9999999999999997e-05  (CosineAnnealing)
  Network: SIREN  omega_0=30.0
════════════════════════════════════════════════════════════════
  Epoch     1/6500  loss=3.4093e-01  lr=3.00e-04  (0.0s)

  Done in 80.4s | min loss = 9.2302e-06

    -> digits per seed=[3, 4, 3]  best_mean_relerr=8.573e-04  median_digits=3  (240.1s total)
[group 194/640] hidden=[128, 128, 128, 128] omega0=30.0 lr=0.0003 N=512 epochs=10000  (3 seeds)

════════════════════════════════════════════════════════════════
  Training: 10000 epochs | 512 pts/set | 8 sets
  Per epoch: 4096 pts | device: cuda:0
  lr: 0.0003 -> 2.9999999999999997e-05  (CosineAnnealing)
  Network: SIREN  omega_0=30.0
════════════════════════════════════════════════════════════════
  Epoch     1/10000  loss=4.0445e-01  lr=3.00e-04  (0.0s)

  Done in 122.8s | min loss = 8.6679e-06


════════════════════════════════════════════════════════════════
  Training: 10000 epochs | 512 pts/set | 8 sets
  Per epoch: 4096 pts | device: cuda:0
  lr: 0.0003 -> 2.9999999999999997e-05  (CosineAnnealing)
  Network: SIREN  omega_0=30.0
════════════════════════════════════════════════════════════════
  Epoch     1/10000  loss=4.1948e-01  lr=3.00e-04  (0.0s)

  Done in 124.4s | min loss = 9.2002e-06


════════════════════════════════════════════════════════════════
  Training: 10000 epochs | 512 pts/set | 8 sets
  Per epoch: 4096 pts | device: cuda:0
  lr: 0.0003 -> 2.9999999999999997e-05  (CosineAnnealing)
  Network: SIREN  omega_0=30.0
════════════════════════════════════════════════════════════════
  Epoch     1/10000  loss=3.4093e-01  lr=3.00e-04  (0.0s)

  Done in 122.9s | min loss = 1.0393e-05

    -> digits per seed=[3, 3, 3]  best_mean_relerr=1.221e-03  median_digits=3  (370.1s total)
[group 195/640] hidden=[128, 128, 128, 128] omega0=30.0 lr=0.0003 N=512 epochs=15000  (3 seeds)

════════════════════════════════════════════════════════════════
  Training: 15000 epochs | 512 pts/set | 8 sets
  Per epoch: 4096 pts | device: cuda:0
  lr: 0.0003 -> 2.9999999999999997e-05  (CosineAnnealing)
  Network: SIREN  omega_0=30.0
════════════════════════════════════════════════════════════════
  Epoch     1/15000  loss=4.0445e-01  lr=3.00e-04  (0.0s)

  Done in 186.8s | min loss = 9.7981e-06


════════════════════════════════════════════════════════════════
  Training: 15000 epochs | 512 pts/set | 8 sets
  Per epoch: 4096 pts | device: cuda:0
  lr: 0.0003 -> 2.9999999999999997e-05  (CosineAnnealing)
  Network: SIREN  omega_0=30.0
════════════════════════════════════════════════════════════════
  Epoch     1/15000  loss=4.1948e-01  lr=3.00e-04  (0.0s)

  Done in 183.6s | min loss = 8.4186e-06


════════════════════════════════════════════════════════════════
  Training: 15000 epochs | 512 pts/set | 8 sets
  Per epoch: 4096 pts | device: cuda:0
  lr: 0.0003 -> 2.9999999999999997e-05  (CosineAnnealing)
  Network: SIREN  omega_0=30.0
════════════════════════════════════════════════════════════════
  Epoch     1/15000  loss=3.4093e-01  lr=3.00e-04  (0.0s)

  Done in 186.6s | min loss = 1.0291e-05

    -> digits per seed=[3, 3, 3]  best_mean_relerr=1.520e-03  median_digits=3  (557.0s total)
[group 196/640] hidden=[128, 128, 128, 128] omega0=30.0 lr=0.0003 N=1024 epochs=3000  (3 seeds)

════════════════════════════════════════════════════════════════
  Training: 3000 epochs | 1024 pts/set | 8 sets
  Per epoch: 8192 pts | device: cuda:0
  lr: 0.0003 -> 2.9999999999999997e-05  (CosineAnnealing)
  Network: SIREN  omega_0=30.0
════════════════════════════════════════════════════════════════
  Epoch     1/3000  loss=3.8063e-01  lr=3.00e-04  (0.0s)

  Done in 37.0s | min loss = 1.1298e-05


════════════════════════════════════════════════════════════════
  Training: 3000 epochs | 1024 pts/set | 8 sets
  Per epoch: 8192 pts | device: cuda:0
  lr: 0.0003 -> 2.9999999999999997e-05  (CosineAnnealing)
  Network: SIREN  omega_0=30.0
════════════════════════════════════════════════════════════════
  Epoch     1/3000  loss=4.1656e-01  lr=3.00e-04  (0.0s)

  Done in 36.9s | min loss = 9.8065e-06


════════════════════════════════════════════════════════════════
  Training: 3000 epochs | 1024 pts/set | 8 sets
  Per epoch: 8192 pts | device: cuda:0
  lr: 0.0003 -> 2.9999999999999997e-05  (CosineAnnealing)
  Network: SIREN  omega_0=30.0
════════════════════════════════════════════════════════════════
  Epoch     1/3000  loss=3.6719e-01  lr=3.00e-04  (0.0s)

  Done in 36.9s | min loss = 9.6647e-06

    -> digits per seed=[4, 4, 4]  best_mean_relerr=4.150e-04  median_digits=4  (110.8s total)
[group 197/640] hidden=[128, 128, 128, 128] omega0=30.0 lr=0.0003 N=1024 epochs=4500  (3 seeds)

════════════════════════════════════════════════════════════════
  Training: 4500 epochs | 1024 pts/set | 8 sets
  Per epoch: 8192 pts | device: cuda:0
  lr: 0.0003 -> 2.9999999999999997e-05  (CosineAnnealing)
  Network: SIREN  omega_0=30.0
════════════════════════════════════════════════════════════════
  Epoch     1/4500  loss=3.8063e-01  lr=3.00e-04  (0.0s)

  Done in 55.7s | min loss = 6.4761e-06


════════════════════════════════════════════════════════════════
  Training: 4500 epochs | 1024 pts/set | 8 sets
  Per epoch: 8192 pts | device: cuda:0
  lr: 0.0003 -> 2.9999999999999997e-05  (CosineAnnealing)
  Network: SIREN  omega_0=30.0
════════════════════════════════════════════════════════════════
  Epoch     1/4500  loss=4.1656e-01  lr=3.00e-04  (0.0s)

  Done in 54.8s | min loss = 6.1432e-06


════════════════════════════════════════════════════════════════
  Training: 4500 epochs | 1024 pts/set | 8 sets
  Per epoch: 8192 pts | device: cuda:0
  lr: 0.0003 -> 2.9999999999999997e-05  (CosineAnnealing)
  Network: SIREN  omega_0=30.0
════════════════════════════════════════════════════════════════
  Epoch     1/4500  loss=3.6719e-01  lr=3.00e-04  (0.0s)

  Done in 56.4s | min loss = 6.0610e-06

    -> digits per seed=[4, 3, 4]  best_mean_relerr=3.324e-04  median_digits=4  (166.9s total)
[group 198/640] hidden=[128, 128, 128, 128] omega0=30.0 lr=0.0003 N=1024 epochs=6500  (3 seeds)

════════════════════════════════════════════════════════════════
  Training: 6500 epochs | 1024 pts/set | 8 sets
  Per epoch: 8192 pts | device: cuda:0
  lr: 0.0003 -> 2.9999999999999997e-05  (CosineAnnealing)
  Network: SIREN  omega_0=30.0
════════════════════════════════════════════════════════════════
  Epoch     1/6500  loss=3.8063e-01  lr=3.00e-04  (0.0s)

  Done in 81.1s | min loss = 4.7397e-06


════════════════════════════════════════════════════════════════
  Training: 6500 epochs | 1024 pts/set | 8 sets
  Per epoch: 8192 pts | device: cuda:0
  lr: 0.0003 -> 2.9999999999999997e-05  (CosineAnnealing)
  Network: SIREN  omega_0=30.0
════════════════════════════════════════════════════════════════
  Epoch     1/6500  loss=4.1656e-01  lr=3.00e-04  (0.0s)

  Done in 79.3s | min loss = 4.6294e-06


════════════════════════════════════════════════════════════════
  Training: 6500 epochs | 1024 pts/set | 8 sets
  Per epoch: 8192 pts | device: cuda:0
  lr: 0.0003 -> 2.9999999999999997e-05  (CosineAnnealing)
  Network: SIREN  omega_0=30.0
════════════════════════════════════════════════════════════════
  Epoch     1/6500  loss=3.6719e-01  lr=3.00e-04  (0.0s)

  Done in 79.5s | min loss = 4.1353e-06

    -> digits per seed=[4, 3, 4]  best_mean_relerr=3.205e-04  median_digits=4  (239.9s total)
[group 199/640] hidden=[128, 128, 128, 128] omega0=30.0 lr=0.0003 N=1024 epochs=10000  (3 seeds)

════════════════════════════════════════════════════════════════
  Training: 10000 epochs | 1024 pts/set | 8 sets
  Per epoch: 8192 pts | device: cuda:0
  lr: 0.0003 -> 2.9999999999999997e-05  (CosineAnnealing)
  Network: SIREN  omega_0=30.0
════════════════════════════════════════════════════════════════
  Epoch     1/10000  loss=3.8063e-01  lr=3.00e-04  (0.0s)

  Done in 120.2s | min loss = 4.2796e-06


════════════════════════════════════════════════════════════════
  Training: 10000 epochs | 1024 pts/set | 8 sets
  Per epoch: 8192 pts | device: cuda:0
  lr: 0.0003 -> 2.9999999999999997e-05  (CosineAnnealing)
  Network: SIREN  omega_0=30.0
════════════════════════════════════════════════════════════════
  Epoch     1/10000  loss=4.1656e-01  lr=3.00e-04  (0.0s)

  Done in 124.7s | min loss = 3.7024e-06


════════════════════════════════════════════════════════════════
  Training: 10000 epochs | 1024 pts/set | 8 sets
  Per epoch: 8192 pts | device: cuda:0
  lr: 0.0003 -> 2.9999999999999997e-05  (CosineAnnealing)
  Network: SIREN  omega_0=30.0
════════════════════════════════════════════════════════════════
  Epoch     1/10000  loss=3.6719e-01  lr=3.00e-04  (0.0s)

  Done in 124.2s | min loss = 3.9924e-06

    -> digits per seed=[3, 3, 3]  best_mean_relerr=7.330e-04  median_digits=3  (369.1s total)
[group 200/640] hidden=[128, 128, 128, 128] omega0=30.0 lr=0.0003 N=1024 epochs=15000  (3 seeds)

════════════════════════════════════════════════════════════════
  Training: 15000 epochs | 1024 pts/set | 8 sets
  Per epoch: 8192 pts | device: cuda:0
  lr: 0.0003 -> 2.9999999999999997e-05  (CosineAnnealing)
  Network: SIREN  omega_0=30.0
════════════════════════════════════════════════════════════════
  Epoch     1/15000  loss=3.8063e-01  lr=3.00e-04  (0.0s)

  Done in 183.7s | min loss = 3.3848e-06


════════════════════════════════════════════════════════════════
  Training: 15000 epochs | 1024 pts/set | 8 sets
  Per epoch: 8192 pts | device: cuda:0
  lr: 0.0003 -> 2.9999999999999997e-05  (CosineAnnealing)
  Network: SIREN  omega_0=30.0
════════════════════════════════════════════════════════════════
  Epoch     1/15000  loss=4.1656e-01  lr=3.00e-04  (0.0s)

  Done in 184.2s | min loss = 3.0422e-06


════════════════════════════════════════════════════════════════
  Training: 15000 epochs | 1024 pts/set | 8 sets
  Per epoch: 8192 pts | device: cuda:0
  lr: 0.0003 -> 2.9999999999999997e-05  (CosineAnnealing)
  Network: SIREN  omega_0=30.0
════════════════════════════════════════════════════════════════
  Epoch     1/15000  loss=3.6719e-01  lr=3.00e-04  (0.0s)

  Done in 184.7s | min loss = 3.3447e-06

    -> digits per seed=[3, 4, 3]  best_mean_relerr=6.887e-04  median_digits=3  (552.6s total)
[group 201/640] hidden=[128, 128, 128, 128] omega0=37.5 lr=0.0001 N=512 epochs=3000  (3 seeds)

════════════════════════════════════════════════════════════════
  Training: 3000 epochs | 512 pts/set | 8 sets
  Per epoch: 4096 pts | device: cuda:0
  lr: 0.0001 -> 1e-05  (CosineAnnealing)
  Network: SIREN  omega_0=37.5
════════════════════════════════════════════════════════════════
  Epoch     1/3000  loss=4.0446e-01  lr=1.00e-04  (0.0s)

  Done in 37.2s | min loss = 3.0334e-05


════════════════════════════════════════════════════════════════
  Training: 3000 epochs | 512 pts/set | 8 sets
  Per epoch: 4096 pts | device: cuda:0
  lr: 0.0001 -> 1e-05  (CosineAnnealing)
  Network: SIREN  omega_0=37.5
════════════════════════════════════════════════════════════════
  Epoch     1/3000  loss=4.1948e-01  lr=1.00e-04  (0.0s)

  Done in 36.9s | min loss = 3.0816e-05


════════════════════════════════════════════════════════════════
  Training: 3000 epochs | 512 pts/set | 8 sets
  Per epoch: 4096 pts | device: cuda:0
  lr: 0.0001 -> 1e-05  (CosineAnnealing)
  Network: SIREN  omega_0=37.5
════════════════════════════════════════════════════════════════
  Epoch     1/3000  loss=3.4093e-01  lr=1.00e-04  (0.0s)

  Done in 37.6s | min loss = 3.2706e-05

    -> digits per seed=[4, 4, 4]  best_mean_relerr=2.509e-04  median_digits=4  (111.7s total)
[group 202/640] hidden=[128, 128, 128, 128] omega0=37.5 lr=0.0001 N=512 epochs=4500  (3 seeds)

════════════════════════════════════════════════════════════════
  Training: 4500 epochs | 512 pts/set | 8 sets
  Per epoch: 4096 pts | device: cuda:0
  lr: 0.0001 -> 1e-05  (CosineAnnealing)
  Network: SIREN  omega_0=37.5
════════════════════════════════════════════════════════════════
  Epoch     1/4500  loss=4.0446e-01  lr=1.00e-04  (0.0s)

  Done in 55.8s | min loss = 1.7806e-05


════════════════════════════════════════════════════════════════
  Training: 4500 epochs | 512 pts/set | 8 sets
  Per epoch: 4096 pts | device: cuda:0
  lr: 0.0001 -> 1e-05  (CosineAnnealing)
  Network: SIREN  omega_0=37.5
════════════════════════════════════════════════════════════════
  Epoch     1/4500  loss=4.1948e-01  lr=1.00e-04  (0.0s)

  Done in 54.9s | min loss = 1.8145e-05


════════════════════════════════════════════════════════════════
  Training: 4500 epochs | 512 pts/set | 8 sets
  Per epoch: 4096 pts | device: cuda:0
  lr: 0.0001 -> 1e-05  (CosineAnnealing)
  Network: SIREN  omega_0=37.5
════════════════════════════════════════════════════════════════
  Epoch     1/4500  loss=3.4093e-01  lr=1.00e-04  (0.0s)

  Done in 54.2s | min loss = 1.7875e-05

    -> digits per seed=[4, 3, 4]  best_mean_relerr=2.508e-04  median_digits=4  (164.8s total)
[group 203/640] hidden=[128, 128, 128, 128] omega0=37.5 lr=0.0001 N=512 epochs=6500  (3 seeds)

════════════════════════════════════════════════════════════════
  Training: 6500 epochs | 512 pts/set | 8 sets
  Per epoch: 4096 pts | device: cuda:0
  lr: 0.0001 -> 1e-05  (CosineAnnealing)
  Network: SIREN  omega_0=37.5
════════════════════════════════════════════════════════════════
  Epoch     1/6500  loss=4.0446e-01  lr=1.00e-04  (0.0s)

  Done in 79.9s | min loss = 1.2322e-05


════════════════════════════════════════════════════════════════
  Training: 6500 epochs | 512 pts/set | 8 sets
  Per epoch: 4096 pts | device: cuda:0
  lr: 0.0001 -> 1e-05  (CosineAnnealing)
  Network: SIREN  omega_0=37.5
════════════════════════════════════════════════════════════════
  Epoch     1/6500  loss=4.1948e-01  lr=1.00e-04  (0.0s)

  Done in 77.7s | min loss = 1.3545e-05


════════════════════════════════════════════════════════════════
  Training: 6500 epochs | 512 pts/set | 8 sets
  Per epoch: 4096 pts | device: cuda:0
  lr: 0.0001 -> 1e-05  (CosineAnnealing)
  Network: SIREN  omega_0=37.5
════════════════════════════════════════════════════════════════
  Epoch     1/6500  loss=3.4093e-01  lr=1.00e-04  (0.0s)

  Done in 79.5s | min loss = 1.1774e-05

    -> digits per seed=[3, 4, 4]  best_mean_relerr=3.444e-04  median_digits=4  (237.0s total)
[group 204/640] hidden=[128, 128, 128, 128] omega0=37.5 lr=0.0001 N=512 epochs=10000  (3 seeds)

════════════════════════════════════════════════════════════════
  Training: 10000 epochs | 512 pts/set | 8 sets
  Per epoch: 4096 pts | device: cuda:0
  lr: 0.0001 -> 1e-05  (CosineAnnealing)
  Network: SIREN  omega_0=37.5
════════════════════════════════════════════════════════════════
  Epoch     1/10000  loss=4.0446e-01  lr=1.00e-04  (0.0s)

  Done in 119.3s | min loss = 9.0020e-06


════════════════════════════════════════════════════════════════
  Training: 10000 epochs | 512 pts/set | 8 sets
  Per epoch: 4096 pts | device: cuda:0
  lr: 0.0001 -> 1e-05  (CosineAnnealing)
  Network: SIREN  omega_0=37.5
════════════════════════════════════════════════════════════════
  Epoch     1/10000  loss=4.1948e-01  lr=1.00e-04  (0.0s)

  Done in 122.4s | min loss = 8.7441e-06


════════════════════════════════════════════════════════════════
  Training: 10000 epochs | 512 pts/set | 8 sets
  Per epoch: 4096 pts | device: cuda:0
  lr: 0.0001 -> 1e-05  (CosineAnnealing)
  Network: SIREN  omega_0=37.5
════════════════════════════════════════════════════════════════
  Epoch     1/10000  loss=3.4093e-01  lr=1.00e-04  (0.0s)

  Done in 122.5s | min loss = 9.6184e-06

    -> digits per seed=[3, 3, 4]  best_mean_relerr=4.139e-04  median_digits=3  (364.2s total)
[group 205/640] hidden=[128, 128, 128, 128] omega0=37.5 lr=0.0001 N=512 epochs=15000  (3 seeds)

════════════════════════════════════════════════════════════════
  Training: 15000 epochs | 512 pts/set | 8 sets
  Per epoch: 4096 pts | device: cuda:0
  lr: 0.0001 -> 1e-05  (CosineAnnealing)
  Network: SIREN  omega_0=37.5
════════════════════════════════════════════════════════════════
  Epoch     1/15000  loss=4.0446e-01  lr=1.00e-04  (0.0s)

  Done in 184.5s | min loss = 5.2965e-06


════════════════════════════════════════════════════════════════
  Training: 15000 epochs | 512 pts/set | 8 sets
  Per epoch: 4096 pts | device: cuda:0
  lr: 0.0001 -> 1e-05  (CosineAnnealing)
  Network: SIREN  omega_0=37.5
════════════════════════════════════════════════════════════════
  Epoch     1/15000  loss=4.1948e-01  lr=1.00e-04  (0.0s)

  Done in 186.5s | min loss = 5.5924e-06


════════════════════════════════════════════════════════════════
  Training: 15000 epochs | 512 pts/set | 8 sets
  Per epoch: 4096 pts | device: cuda:0
  lr: 0.0001 -> 1e-05  (CosineAnnealing)
  Network: SIREN  omega_0=37.5
════════════════════════════════════════════════════════════════
  Epoch     1/15000  loss=3.4093e-01  lr=1.00e-04  (0.0s)

  Done in 186.6s | min loss = 6.2327e-06

    -> digits per seed=[3, 3, 3]  best_mean_relerr=8.385e-04  median_digits=3  (557.6s total)
[group 206/640] hidden=[128, 128, 128, 128] omega0=37.5 lr=0.0001 N=1024 epochs=3000  (3 seeds)

════════════════════════════════════════════════════════════════
  Training: 3000 epochs | 1024 pts/set | 8 sets
  Per epoch: 8192 pts | device: cuda:0
  lr: 0.0001 -> 1e-05  (CosineAnnealing)
  Network: SIREN  omega_0=37.5
════════════════════════════════════════════════════════════════
  Epoch     1/3000  loss=3.8063e-01  lr=1.00e-04  (0.0s)

  Done in 36.7s | min loss = 2.1238e-05


════════════════════════════════════════════════════════════════
  Training: 3000 epochs | 1024 pts/set | 8 sets
  Per epoch: 8192 pts | device: cuda:0
  lr: 0.0001 -> 1e-05  (CosineAnnealing)
  Network: SIREN  omega_0=37.5
════════════════════════════════════════════════════════════════
  Epoch     1/3000  loss=4.1656e-01  lr=1.00e-04  (0.0s)

  Done in 35.9s | min loss = 2.2696e-05


════════════════════════════════════════════════════════════════
  Training: 3000 epochs | 1024 pts/set | 8 sets
  Per epoch: 8192 pts | device: cuda:0
  lr: 0.0001 -> 1e-05  (CosineAnnealing)
  Network: SIREN  omega_0=37.5
════════════════════════════════════════════════════════════════
  Epoch     1/3000  loss=3.6720e-01  lr=1.00e-04  (0.0s)

  Done in 35.9s | min loss = 2.3363e-05

    -> digits per seed=[4, 4, 4]  best_mean_relerr=2.324e-04  median_digits=4  (108.5s total)
[group 207/640] hidden=[128, 128, 128, 128] omega0=37.5 lr=0.0001 N=1024 epochs=4500  (3 seeds)

════════════════════════════════════════════════════════════════
  Training: 4500 epochs | 1024 pts/set | 8 sets
  Per epoch: 8192 pts | device: cuda:0
  lr: 0.0001 -> 1e-05  (CosineAnnealing)
  Network: SIREN  omega_0=37.5
════════════════════════════════════════════════════════════════
  Epoch     1/4500  loss=3.8063e-01  lr=1.00e-04  (0.0s)

  Done in 54.7s | min loss = 1.2848e-05


════════════════════════════════════════════════════════════════
  Training: 4500 epochs | 1024 pts/set | 8 sets
  Per epoch: 8192 pts | device: cuda:0
  lr: 0.0001 -> 1e-05  (CosineAnnealing)
  Network: SIREN  omega_0=37.5
════════════════════════════════════════════════════════════════
  Epoch     1/4500  loss=4.1656e-01  lr=1.00e-04  (0.0s)

  Done in 55.1s | min loss = 1.2825e-05


════════════════════════════════════════════════════════════════
  Training: 4500 epochs | 1024 pts/set | 8 sets
  Per epoch: 8192 pts | device: cuda:0
  lr: 0.0001 -> 1e-05  (CosineAnnealing)
  Network: SIREN  omega_0=37.5
════════════════════════════════════════════════════════════════
  Epoch     1/4500  loss=3.6720e-01  lr=1.00e-04  (0.0s)

  Done in 55.5s | min loss = 1.4522e-05

    -> digits per seed=[4, 4, 4]  best_mean_relerr=2.476e-04  median_digits=4  (165.4s total)
[group 208/640] hidden=[128, 128, 128, 128] omega0=37.5 lr=0.0001 N=1024 epochs=6500  (3 seeds)

════════════════════════════════════════════════════════════════
  Training: 6500 epochs | 1024 pts/set | 8 sets
  Per epoch: 8192 pts | device: cuda:0
  lr: 0.0001 -> 1e-05  (CosineAnnealing)
  Network: SIREN  omega_0=37.5
════════════════════════════════════════════════════════════════
  Epoch     1/6500  loss=3.8063e-01  lr=1.00e-04  (0.0s)

  Done in 79.5s | min loss = 8.0233e-06


════════════════════════════════════════════════════════════════
  Training: 6500 epochs | 1024 pts/set | 8 sets
  Per epoch: 8192 pts | device: cuda:0
  lr: 0.0001 -> 1e-05  (CosineAnnealing)
  Network: SIREN  omega_0=37.5
════════════════════════════════════════════════════════════════
  Epoch     1/6500  loss=4.1656e-01  lr=1.00e-04  (0.0s)

  Done in 79.7s | min loss = 8.3378e-06


════════════════════════════════════════════════════════════════
  Training: 6500 epochs | 1024 pts/set | 8 sets
  Per epoch: 8192 pts | device: cuda:0
  lr: 0.0001 -> 1e-05  (CosineAnnealing)
  Network: SIREN  omega_0=37.5
════════════════════════════════════════════════════════════════
  Epoch     1/6500  loss=3.6720e-01  lr=1.00e-04  (0.0s)

  Done in 78.1s | min loss = 9.4662e-06

    -> digits per seed=[3, 4, 4]  best_mean_relerr=4.069e-04  median_digits=4  (237.3s total)
[group 209/640] hidden=[128, 128, 128, 128] omega0=37.5 lr=0.0001 N=1024 epochs=10000  (3 seeds)

════════════════════════════════════════════════════════════════
  Training: 10000 epochs | 1024 pts/set | 8 sets
  Per epoch: 8192 pts | device: cuda:0
  lr: 0.0001 -> 1e-05  (CosineAnnealing)
  Network: SIREN  omega_0=37.5
════════════════════════════════════════════════════════════════
  Epoch     1/10000  loss=3.8063e-01  lr=1.00e-04  (0.0s)

  Done in 121.9s | min loss = 5.5441e-06


════════════════════════════════════════════════════════════════
  Training: 10000 epochs | 1024 pts/set | 8 sets
  Per epoch: 8192 pts | device: cuda:0
  lr: 0.0001 -> 1e-05  (CosineAnnealing)
  Network: SIREN  omega_0=37.5
════════════════════════════════════════════════════════════════
  Epoch     1/10000  loss=4.1656e-01  lr=1.00e-04  (0.0s)

  Done in 122.9s | min loss = 5.4633e-06


════════════════════════════════════════════════════════════════
  Training: 10000 epochs | 1024 pts/set | 8 sets
  Per epoch: 8192 pts | device: cuda:0
  lr: 0.0001 -> 1e-05  (CosineAnnealing)
  Network: SIREN  omega_0=37.5
════════════════════════════════════════════════════════════════
  Epoch     1/10000  loss=3.6720e-01  lr=1.00e-04  (0.0s)

  Done in 119.9s | min loss = 5.9719e-06

    -> digits per seed=[4, 3, 4]  best_mean_relerr=4.811e-04  median_digits=4  (364.6s total)
[group 210/640] hidden=[128, 128, 128, 128] omega0=37.5 lr=0.0001 N=1024 epochs=15000  (3 seeds)

════════════════════════════════════════════════════════════════
  Training: 15000 epochs | 1024 pts/set | 8 sets
  Per epoch: 8192 pts | device: cuda:0
  lr: 0.0001 -> 1e-05  (CosineAnnealing)
  Network: SIREN  omega_0=37.5
════════════════════════════════════════════════════════════════
  Epoch     1/15000  loss=3.8063e-01  lr=1.00e-04  (0.0s)

  Done in 185.7s | min loss = 3.7967e-06


════════════════════════════════════════════════════════════════
  Training: 15000 epochs | 1024 pts/set | 8 sets
  Per epoch: 8192 pts | device: cuda:0
  lr: 0.0001 -> 1e-05  (CosineAnnealing)
  Network: SIREN  omega_0=37.5
════════════════════════════════════════════════════════════════
  Epoch     1/15000  loss=4.1656e-01  lr=1.00e-04  (0.0s)

  Done in 186.3s | min loss = 3.1853e-06


════════════════════════════════════════════════════════════════
  Training: 15000 epochs | 1024 pts/set | 8 sets
  Per epoch: 8192 pts | device: cuda:0
  lr: 0.0001 -> 1e-05  (CosineAnnealing)
  Network: SIREN  omega_0=37.5
════════════════════════════════════════════════════════════════
  Epoch     1/15000  loss=3.6720e-01  lr=1.00e-04  (0.0s)

  Done in 183.3s | min loss = 4.1504e-06

    -> digits per seed=[3, 4, 4]  best_mean_relerr=3.183e-04  median_digits=4  (555.3s total)
[group 211/640] hidden=[128, 128, 128, 128] omega0=37.5 lr=0.00015 N=512 epochs=3000  (3 seeds)

════════════════════════════════════════════════════════════════
  Training: 3000 epochs | 512 pts/set | 8 sets
  Per epoch: 4096 pts | device: cuda:0
  lr: 0.00015 -> 1.4999999999999999e-05  (CosineAnnealing)
  Network: SIREN  omega_0=37.5
════════════════════════════════════════════════════════════════
  Epoch     1/3000  loss=4.0446e-01  lr=1.50e-04  (0.0s)

  Done in 36.9s | min loss = 2.0729e-05


════════════════════════════════════════════════════════════════
  Training: 3000 epochs | 512 pts/set | 8 sets
  Per epoch: 4096 pts | device: cuda:0
  lr: 0.00015 -> 1.4999999999999999e-05  (CosineAnnealing)
  Network: SIREN  omega_0=37.5
════════════════════════════════════════════════════════════════
  Epoch     1/3000  loss=4.1948e-01  lr=1.50e-04  (0.0s)

  Done in 36.6s | min loss = 2.2127e-05


════════════════════════════════════════════════════════════════
  Training: 3000 epochs | 512 pts/set | 8 sets
  Per epoch: 4096 pts | device: cuda:0
  lr: 0.00015 -> 1.4999999999999999e-05  (CosineAnnealing)
  Network: SIREN  omega_0=37.5
════════════════════════════════════════════════════════════════
  Epoch     1/3000  loss=3.4093e-01  lr=1.50e-04  (0.0s)

  Done in 36.7s | min loss = 2.3746e-05

    -> digits per seed=[4, 4, 3]  best_mean_relerr=5.458e-04  median_digits=4  (110.2s total)
[group 212/640] hidden=[128, 128, 128, 128] omega0=37.5 lr=0.00015 N=512 epochs=4500  (3 seeds)

════════════════════════════════════════════════════════════════
  Training: 4500 epochs | 512 pts/set | 8 sets
  Per epoch: 4096 pts | device: cuda:0
  lr: 0.00015 -> 1.4999999999999999e-05  (CosineAnnealing)
  Network: SIREN  omega_0=37.5
════════════════════════════════════════════════════════════════
  Epoch     1/4500  loss=4.0446e-01  lr=1.50e-04  (0.0s)

  Done in 55.5s | min loss = 1.3375e-05


════════════════════════════════════════════════════════════════
  Training: 4500 epochs | 512 pts/set | 8 sets
  Per epoch: 4096 pts | device: cuda:0
  lr: 0.00015 -> 1.4999999999999999e-05  (CosineAnnealing)
  Network: SIREN  omega_0=37.5
════════════════════════════════════════════════════════════════
  Epoch     1/4500  loss=4.1948e-01  lr=1.50e-04  (0.0s)

  Done in 55.9s | min loss = 1.3038e-05


════════════════════════════════════════════════════════════════
  Training: 4500 epochs | 512 pts/set | 8 sets
  Per epoch: 4096 pts | device: cuda:0
  lr: 0.00015 -> 1.4999999999999999e-05  (CosineAnnealing)
  Network: SIREN  omega_0=37.5
════════════════════════════════════════════════════════════════
  Epoch     1/4500  loss=3.4093e-01  lr=1.50e-04  (0.0s)

  Done in 55.4s | min loss = 1.4626e-05

    -> digits per seed=[4, 4, 4]  best_mean_relerr=3.383e-04  median_digits=4  (166.8s total)
[group 213/640] hidden=[128, 128, 128, 128] omega0=37.5 lr=0.00015 N=512 epochs=6500  (3 seeds)

════════════════════════════════════════════════════════════════
  Training: 6500 epochs | 512 pts/set | 8 sets
  Per epoch: 4096 pts | device: cuda:0
  lr: 0.00015 -> 1.4999999999999999e-05  (CosineAnnealing)
  Network: SIREN  omega_0=37.5
════════════════════════════════════════════════════════════════
  Epoch     1/6500  loss=4.0446e-01  lr=1.50e-04  (0.0s)

  Done in 81.2s | min loss = 9.1067e-06


════════════════════════════════════════════════════════════════
  Training: 6500 epochs | 512 pts/set | 8 sets
  Per epoch: 4096 pts | device: cuda:0
  lr: 0.00015 -> 1.4999999999999999e-05  (CosineAnnealing)
  Network: SIREN  omega_0=37.5
════════════════════════════════════════════════════════════════
  Epoch     1/6500  loss=4.1948e-01  lr=1.50e-04  (0.0s)

  Done in 81.3s | min loss = 9.6326e-06


════════════════════════════════════════════════════════════════
  Training: 6500 epochs | 512 pts/set | 8 sets
  Per epoch: 4096 pts | device: cuda:0
  lr: 0.00015 -> 1.4999999999999999e-05  (CosineAnnealing)
  Network: SIREN  omega_0=37.5
════════════════════════════════════════════════════════════════
  Epoch     1/6500  loss=3.4093e-01  lr=1.50e-04  (0.0s)

  Done in 79.1s | min loss = 1.0549e-05

    -> digits per seed=[4, 3, 4]  best_mean_relerr=7.424e-04  median_digits=4  (241.6s total)
[group 214/640] hidden=[128, 128, 128, 128] omega0=37.5 lr=0.00015 N=512 epochs=10000  (3 seeds)

════════════════════════════════════════════════════════════════
  Training: 10000 epochs | 512 pts/set | 8 sets
  Per epoch: 4096 pts | device: cuda:0
  lr: 0.00015 -> 1.4999999999999999e-05  (CosineAnnealing)
  Network: SIREN  omega_0=37.5
════════════════════════════════════════════════════════════════
  Epoch     1/10000  loss=4.0446e-01  lr=1.50e-04  (0.0s)

  Done in 123.6s | min loss = 8.3262e-06


════════════════════════════════════════════════════════════════
  Training: 10000 epochs | 512 pts/set | 8 sets
  Per epoch: 4096 pts | device: cuda:0
  lr: 0.00015 -> 1.4999999999999999e-05  (CosineAnnealing)
  Network: SIREN  omega_0=37.5
════════════════════════════════════════════════════════════════
  Epoch     1/10000  loss=4.1948e-01  lr=1.50e-04  (0.0s)

  Done in 121.9s | min loss = 7.9105e-06


════════════════════════════════════════════════════════════════
  Training: 10000 epochs | 512 pts/set | 8 sets
  Per epoch: 4096 pts | device: cuda:0
  lr: 0.00015 -> 1.4999999999999999e-05  (CosineAnnealing)
  Network: SIREN  omega_0=37.5
════════════════════════════════════════════════════════════════
  Epoch     1/10000  loss=3.4093e-01  lr=1.50e-04  (0.0s)

  Done in 121.6s | min loss = 7.7566e-06

    -> digits per seed=[4, 3, 3]  best_mean_relerr=6.541e-04  median_digits=3  (367.1s total)
[group 215/640] hidden=[128, 128, 128, 128] omega0=37.5 lr=0.00015 N=512 epochs=15000  (3 seeds)

════════════════════════════════════════════════════════════════
  Training: 15000 epochs | 512 pts/set | 8 sets
  Per epoch: 4096 pts | device: cuda:0
  lr: 0.00015 -> 1.4999999999999999e-05  (CosineAnnealing)
  Network: SIREN  omega_0=37.5
════════════════════════════════════════════════════════════════
  Epoch     1/15000  loss=4.0446e-01  lr=1.50e-04  (0.0s)

  Done in 183.7s | min loss = 7.2709e-06


════════════════════════════════════════════════════════════════
  Training: 15000 epochs | 512 pts/set | 8 sets
  Per epoch: 4096 pts | device: cuda:0
  lr: 0.00015 -> 1.4999999999999999e-05  (CosineAnnealing)
  Network: SIREN  omega_0=37.5
════════════════════════════════════════════════════════════════
  Epoch     1/15000  loss=4.1948e-01  lr=1.50e-04  (0.0s)

  Done in 186.6s | min loss = 6.9227e-06


════════════════════════════════════════════════════════════════
  Training: 15000 epochs | 512 pts/set | 8 sets
  Per epoch: 4096 pts | device: cuda:0
  lr: 0.00015 -> 1.4999999999999999e-05  (CosineAnnealing)
  Network: SIREN  omega_0=37.5
════════════════════════════════════════════════════════════════
  Epoch     1/15000  loss=3.4093e-01  lr=1.50e-04  (0.0s)

  Done in 185.9s | min loss = 7.1620e-06

    -> digits per seed=[3, 3, 3]  best_mean_relerr=1.060e-03  median_digits=3  (556.2s total)
[group 216/640] hidden=[128, 128, 128, 128] omega0=37.5 lr=0.00015 N=1024 epochs=3000  (3 seeds)

════════════════════════════════════════════════════════════════
  Training: 3000 epochs | 1024 pts/set | 8 sets
  Per epoch: 8192 pts | device: cuda:0
  lr: 0.00015 -> 1.4999999999999999e-05  (CosineAnnealing)
  Network: SIREN  omega_0=37.5
════════════════════════════════════════════════════════════════
  Epoch     1/3000  loss=3.8063e-01  lr=1.50e-04  (0.0s)

  Done in 37.3s | min loss = 1.5832e-05


════════════════════════════════════════════════════════════════
  Training: 3000 epochs | 1024 pts/set | 8 sets
  Per epoch: 8192 pts | device: cuda:0
  lr: 0.00015 -> 1.4999999999999999e-05  (CosineAnnealing)
  Network: SIREN  omega_0=37.5
════════════════════════════════════════════════════════════════
  Epoch     1/3000  loss=4.1656e-01  lr=1.50e-04  (0.0s)

  Done in 37.6s | min loss = 1.4872e-05


════════════════════════════════════════════════════════════════
  Training: 3000 epochs | 1024 pts/set | 8 sets
  Per epoch: 8192 pts | device: cuda:0
  lr: 0.00015 -> 1.4999999999999999e-05  (CosineAnnealing)
  Network: SIREN  omega_0=37.5
════════════════════════════════════════════════════════════════
  Epoch     1/3000  loss=3.6720e-01  lr=1.50e-04  (0.0s)

  Done in 36.5s | min loss = 1.5560e-05

    -> digits per seed=[4, 4, 4]  best_mean_relerr=6.094e-04  median_digits=4  (111.4s total)
[group 217/640] hidden=[128, 128, 128, 128] omega0=37.5 lr=0.00015 N=1024 epochs=4500  (3 seeds)

════════════════════════════════════════════════════════════════
  Training: 4500 epochs | 1024 pts/set | 8 sets
  Per epoch: 8192 pts | device: cuda:0
  lr: 0.00015 -> 1.4999999999999999e-05  (CosineAnnealing)
  Network: SIREN  omega_0=37.5
════════════════════════════════════════════════════════════════
  Epoch     1/4500  loss=3.8063e-01  lr=1.50e-04  (0.0s)

  Done in 55.6s | min loss = 8.7819e-06


════════════════════════════════════════════════════════════════
  Training: 4500 epochs | 1024 pts/set | 8 sets
  Per epoch: 8192 pts | device: cuda:0
  lr: 0.00015 -> 1.4999999999999999e-05  (CosineAnnealing)
  Network: SIREN  omega_0=37.5
════════════════════════════════════════════════════════════════
  Epoch     1/4500  loss=4.1656e-01  lr=1.50e-04  (0.0s)

  Done in 54.6s | min loss = 8.5467e-06


════════════════════════════════════════════════════════════════
  Training: 4500 epochs | 1024 pts/set | 8 sets
  Per epoch: 8192 pts | device: cuda:0
  lr: 0.00015 -> 1.4999999999999999e-05  (CosineAnnealing)
  Network: SIREN  omega_0=37.5
════════════════════════════════════════════════════════════════
  Epoch     1/4500  loss=3.6720e-01  lr=1.50e-04  (0.0s)

  Done in 54.6s | min loss = 9.5946e-06

    -> digits per seed=[4, 3, 4]  best_mean_relerr=3.123e-04  median_digits=4  (164.9s total)
[group 218/640] hidden=[128, 128, 128, 128] omega0=37.5 lr=0.00015 N=1024 epochs=6500  (3 seeds)

════════════════════════════════════════════════════════════════
  Training: 6500 epochs | 1024 pts/set | 8 sets
  Per epoch: 8192 pts | device: cuda:0
  lr: 0.00015 -> 1.4999999999999999e-05  (CosineAnnealing)
  Network: SIREN  omega_0=37.5
════════════════════════════════════════════════════════════════
  Epoch     1/6500  loss=3.8063e-01  lr=1.50e-04  (0.0s)

  Done in 79.4s | min loss = 6.0355e-06


════════════════════════════════════════════════════════════════
  Training: 6500 epochs | 1024 pts/set | 8 sets
  Per epoch: 8192 pts | device: cuda:0
  lr: 0.00015 -> 1.4999999999999999e-05  (CosineAnnealing)
  Network: SIREN  omega_0=37.5
════════════════════════════════════════════════════════════════
  Epoch     1/6500  loss=4.1656e-01  lr=1.50e-04  (0.0s)

  Done in 82.2s | min loss = 5.9984e-06


════════════════════════════════════════════════════════════════
  Training: 6500 epochs | 1024 pts/set | 8 sets
  Per epoch: 8192 pts | device: cuda:0
  lr: 0.00015 -> 1.4999999999999999e-05  (CosineAnnealing)
  Network: SIREN  omega_0=37.5
════════════════════════════════════════════════════════════════
  Epoch     1/6500  loss=3.6720e-01  lr=1.50e-04  (0.0s)

  Done in 81.0s | min loss = 6.6227e-06

    -> digits per seed=[4, 4, 4]  best_mean_relerr=3.525e-04  median_digits=4  (242.7s total)
[group 219/640] hidden=[128, 128, 128, 128] omega0=37.5 lr=0.00015 N=1024 epochs=10000  (3 seeds)

════════════════════════════════════════════════════════════════
  Training: 10000 epochs | 1024 pts/set | 8 sets
  Per epoch: 8192 pts | device: cuda:0
  lr: 0.00015 -> 1.4999999999999999e-05  (CosineAnnealing)
  Network: SIREN  omega_0=37.5
════════════════════════════════════════════════════════════════
  Epoch     1/10000  loss=3.8063e-01  lr=1.50e-04  (0.0s)

  Done in 120.3s | min loss = 4.1393e-06


════════════════════════════════════════════════════════════════
  Training: 10000 epochs | 1024 pts/set | 8 sets
  Per epoch: 8192 pts | device: cuda:0
  lr: 0.00015 -> 1.4999999999999999e-05  (CosineAnnealing)
  Network: SIREN  omega_0=37.5
════════════════════════════════════════════════════════════════
  Epoch     1/10000  loss=4.1656e-01  lr=1.50e-04  (0.0s)

  Done in 123.3s | min loss = 4.5565e-06


════════════════════════════════════════════════════════════════
  Training: 10000 epochs | 1024 pts/set | 8 sets
  Per epoch: 8192 pts | device: cuda:0
  lr: 0.00015 -> 1.4999999999999999e-05  (CosineAnnealing)
  Network: SIREN  omega_0=37.5
════════════════════════════════════════════════════════════════
  Epoch     1/10000  loss=3.6720e-01  lr=1.50e-04  (0.0s)

  Done in 122.6s | min loss = 4.9896e-06

    -> digits per seed=[3, 3, 4]  best_mean_relerr=4.660e-04  median_digits=3  (366.2s total)
[group 220/640] hidden=[128, 128, 128, 128] omega0=37.5 lr=0.00015 N=1024 epochs=15000  (3 seeds)

════════════════════════════════════════════════════════════════
  Training: 15000 epochs | 1024 pts/set | 8 sets
  Per epoch: 8192 pts | device: cuda:0
  lr: 0.00015 -> 1.4999999999999999e-05  (CosineAnnealing)
  Network: SIREN  omega_0=37.5
════════════════════════════════════════════════════════════════
  Epoch     1/15000  loss=3.8063e-01  lr=1.50e-04  (0.0s)

  Done in 183.9s | min loss = 2.3687e-06


════════════════════════════════════════════════════════════════
  Training: 15000 epochs | 1024 pts/set | 8 sets
  Per epoch: 8192 pts | device: cuda:0
  lr: 0.00015 -> 1.4999999999999999e-05  (CosineAnnealing)
  Network: SIREN  omega_0=37.5
════════════════════════════════════════════════════════════════
  Epoch     1/15000  loss=4.1656e-01  lr=1.50e-04  (0.0s)

  Done in 186.4s | min loss = 3.2507e-06


════════════════════════════════════════════════════════════════
  Training: 15000 epochs | 1024 pts/set | 8 sets
  Per epoch: 8192 pts | device: cuda:0
  lr: 0.00015 -> 1.4999999999999999e-05  (CosineAnnealing)
  Network: SIREN  omega_0=37.5
════════════════════════════════════════════════════════════════
  Epoch     1/15000  loss=3.6720e-01  lr=1.50e-04  (0.0s)

  Done in 186.1s | min loss = 2.9578e-06

    -> digits per seed=[4, 3, 3]  best_mean_relerr=7.773e-04  median_digits=3  (556.5s total)
[group 221/640] hidden=[128, 128, 128, 128] omega0=37.5 lr=0.0002 N=512 epochs=3000  (3 seeds)

════════════════════════════════════════════════════════════════
  Training: 3000 epochs | 512 pts/set | 8 sets
  Per epoch: 4096 pts | device: cuda:0
  lr: 0.0002 -> 2e-05  (CosineAnnealing)
  Network: SIREN  omega_0=37.5
════════════════════════════════════════════════════════════════
  Epoch     1/3000  loss=4.0446e-01  lr=2.00e-04  (0.0s)

  Done in 37.1s | min loss = 1.8797e-05


════════════════════════════════════════════════════════════════
  Training: 3000 epochs | 512 pts/set | 8 sets
  Per epoch: 4096 pts | device: cuda:0
  lr: 0.0002 -> 2e-05  (CosineAnnealing)
  Network: SIREN  omega_0=37.5
════════════════════════════════════════════════════════════════
  Epoch     1/3000  loss=4.1948e-01  lr=2.00e-04  (0.0s)

  Done in 37.3s | min loss = 1.7978e-05


════════════════════════════════════════════════════════════════
  Training: 3000 epochs | 512 pts/set | 8 sets
  Per epoch: 4096 pts | device: cuda:0
  lr: 0.0002 -> 2e-05  (CosineAnnealing)
  Network: SIREN  omega_0=37.5
════════════════════════════════════════════════════════════════
  Epoch     1/3000  loss=3.4093e-01  lr=2.00e-04  (0.0s)

  Done in 37.4s | min loss = 1.9671e-05

    -> digits per seed=[3, 4, 4]  best_mean_relerr=5.133e-04  median_digits=4  (111.8s total)
[group 222/640] hidden=[128, 128, 128, 128] omega0=37.5 lr=0.0002 N=512 epochs=4500  (3 seeds)

════════════════════════════════════════════════════════════════
  Training: 4500 epochs | 512 pts/set | 8 sets
  Per epoch: 4096 pts | device: cuda:0
  lr: 0.0002 -> 2e-05  (CosineAnnealing)
  Network: SIREN  omega_0=37.5
════════════════════════════════════════════════════════════════
  Epoch     1/4500  loss=4.0446e-01  lr=2.00e-04  (0.0s)

  Done in 55.3s | min loss = 1.1247e-05


════════════════════════════════════════════════════════════════
  Training: 4500 epochs | 512 pts/set | 8 sets
  Per epoch: 4096 pts | device: cuda:0
  lr: 0.0002 -> 2e-05  (CosineAnnealing)
  Network: SIREN  omega_0=37.5
════════════════════════════════════════════════════════════════
  Epoch     1/4500  loss=4.1948e-01  lr=2.00e-04  (0.0s)

  Done in 53.6s | min loss = 1.0324e-05


════════════════════════════════════════════════════════════════
  Training: 4500 epochs | 512 pts/set | 8 sets
  Per epoch: 4096 pts | device: cuda:0
  lr: 0.0002 -> 2e-05  (CosineAnnealing)
  Network: SIREN  omega_0=37.5
════════════════════════════════════════════════════════════════
  Epoch     1/4500  loss=3.4093e-01  lr=2.00e-04  (0.0s)

  Done in 55.4s | min loss = 1.2239e-05

    -> digits per seed=[4, 3, 4]  best_mean_relerr=5.140e-04  median_digits=4  (164.4s total)
[group 223/640] hidden=[128, 128, 128, 128] omega0=37.5 lr=0.0002 N=512 epochs=6500  (3 seeds)

════════════════════════════════════════════════════════════════
  Training: 6500 epochs | 512 pts/set | 8 sets
  Per epoch: 4096 pts | device: cuda:0
  lr: 0.0002 -> 2e-05  (CosineAnnealing)
  Network: SIREN  omega_0=37.5
════════════════════════════════════════════════════════════════
  Epoch     1/6500  loss=4.0446e-01  lr=2.00e-04  (0.0s)

  Done in 80.8s | min loss = 8.9333e-06


════════════════════════════════════════════════════════════════
  Training: 6500 epochs | 512 pts/set | 8 sets
  Per epoch: 4096 pts | device: cuda:0
  lr: 0.0002 -> 2e-05  (CosineAnnealing)
  Network: SIREN  omega_0=37.5
════════════════════════════════════════════════════════════════
  Epoch     1/6500  loss=4.1948e-01  lr=2.00e-04  (0.0s)

  Done in 78.6s | min loss = 8.4923e-06


════════════════════════════════════════════════════════════════
  Training: 6500 epochs | 512 pts/set | 8 sets
  Per epoch: 4096 pts | device: cuda:0
  lr: 0.0002 -> 2e-05  (CosineAnnealing)
  Network: SIREN  omega_0=37.5
════════════════════════════════════════════════════════════════
  Epoch     1/6500  loss=3.4093e-01  lr=2.00e-04  (0.0s)

  Done in 77.7s | min loss = 9.3661e-06

    -> digits per seed=[4, 3, 3]  best_mean_relerr=6.024e-04  median_digits=3  (237.1s total)
[group 224/640] hidden=[128, 128, 128, 128] omega0=37.5 lr=0.0002 N=512 epochs=10000  (3 seeds)

════════════════════════════════════════════════════════════════
  Training: 10000 epochs | 512 pts/set | 8 sets
  Per epoch: 4096 pts | device: cuda:0
  lr: 0.0002 -> 2e-05  (CosineAnnealing)
  Network: SIREN  omega_0=37.5
════════════════════════════════════════════════════════════════
  Epoch     1/10000  loss=4.0446e-01  lr=2.00e-04  (0.0s)

  Done in 122.5s | min loss = 8.2906e-06


════════════════════════════════════════════════════════════════
  Training: 10000 epochs | 512 pts/set | 8 sets
  Per epoch: 4096 pts | device: cuda:0
  lr: 0.0002 -> 2e-05  (CosineAnnealing)
  Network: SIREN  omega_0=37.5
════════════════════════════════════════════════════════════════
  Epoch     1/10000  loss=4.1948e-01  lr=2.00e-04  (0.0s)

  Done in 126.0s | min loss = 8.2573e-06


════════════════════════════════════════════════════════════════
  Training: 10000 epochs | 512 pts/set | 8 sets
  Per epoch: 4096 pts | device: cuda:0
  lr: 0.0002 -> 2e-05  (CosineAnnealing)
  Network: SIREN  omega_0=37.5
════════════════════════════════════════════════════════════════
  Epoch     1/10000  loss=3.4093e-01  lr=2.00e-04  (0.0s)

  Done in 122.0s | min loss = 9.4665e-06

    -> digits per seed=[3, 3, 3]  best_mean_relerr=8.484e-04  median_digits=3  (370.5s total)
[group 225/640] hidden=[128, 128, 128, 128] omega0=37.5 lr=0.0002 N=512 epochs=15000  (3 seeds)

════════════════════════════════════════════════════════════════
  Training: 15000 epochs | 512 pts/set | 8 sets
  Per epoch: 4096 pts | device: cuda:0
  lr: 0.0002 -> 2e-05  (CosineAnnealing)
  Network: SIREN  omega_0=37.5
════════════════════════════════════════════════════════════════
  Epoch     1/15000  loss=4.0446e-01  lr=2.00e-04  (0.0s)

  Done in 187.4s | min loss = 7.0651e-06


════════════════════════════════════════════════════════════════
  Training: 15000 epochs | 512 pts/set | 8 sets
  Per epoch: 4096 pts | device: cuda:0
  lr: 0.0002 -> 2e-05  (CosineAnnealing)
  Network: SIREN  omega_0=37.5
════════════════════════════════════════════════════════════════
  Epoch     1/15000  loss=4.1948e-01  lr=2.00e-04  (0.0s)

  Done in 185.3s | min loss = 5.8164e-06


════════════════════════════════════════════════════════════════
  Training: 15000 epochs | 512 pts/set | 8 sets
  Per epoch: 4096 pts | device: cuda:0
  lr: 0.0002 -> 2e-05  (CosineAnnealing)
  Network: SIREN  omega_0=37.5
════════════════════════════════════════════════════════════════
  Epoch     1/15000  loss=3.4093e-01  lr=2.00e-04  (0.0s)

  Done in 184.4s | min loss = 8.0504e-06

    -> digits per seed=[3, 3, 3]  best_mean_relerr=1.782e-03  median_digits=3  (557.1s total)
[group 226/640] hidden=[128, 128, 128, 128] omega0=37.5 lr=0.0002 N=1024 epochs=3000  (3 seeds)

════════════════════════════════════════════════════════════════
  Training: 3000 epochs | 1024 pts/set | 8 sets
  Per epoch: 8192 pts | device: cuda:0
  lr: 0.0002 -> 2e-05  (CosineAnnealing)
  Network: SIREN  omega_0=37.5
════════════════════════════════════════════════════════════════
  Epoch     1/3000  loss=3.8063e-01  lr=2.00e-04  (0.0s)

  Done in 36.7s | min loss = 1.2657e-05


════════════════════════════════════════════════════════════════
  Training: 3000 epochs | 1024 pts/set | 8 sets
  Per epoch: 8192 pts | device: cuda:0
  lr: 0.0002 -> 2e-05  (CosineAnnealing)
  Network: SIREN  omega_0=37.5
════════════════════════════════════════════════════════════════
  Epoch     1/3000  loss=4.1656e-01  lr=2.00e-04  (0.0s)

  Done in 37.3s | min loss = 1.2092e-05


════════════════════════════════════════════════════════════════
  Training: 3000 epochs | 1024 pts/set | 8 sets
  Per epoch: 8192 pts | device: cuda:0
  lr: 0.0002 -> 2e-05  (CosineAnnealing)
  Network: SIREN  omega_0=37.5
════════════════════════════════════════════════════════════════
  Epoch     1/3000  loss=3.6720e-01  lr=2.00e-04  (0.0s)

  Done in 37.7s | min loss = 1.2281e-05

    -> digits per seed=[4, 4, 4]  best_mean_relerr=2.581e-04  median_digits=4  (111.7s total)
[group 227/640] hidden=[128, 128, 128, 128] omega0=37.5 lr=0.0002 N=1024 epochs=4500  (3 seeds)

════════════════════════════════════════════════════════════════
  Training: 4500 epochs | 1024 pts/set | 8 sets
  Per epoch: 8192 pts | device: cuda:0
  lr: 0.0002 -> 2e-05  (CosineAnnealing)
  Network: SIREN  omega_0=37.5
════════════════════════════════════════════════════════════════
  Epoch     1/4500  loss=3.8063e-01  lr=2.00e-04  (0.0s)

  Done in 55.5s | min loss = 6.9273e-06


════════════════════════════════════════════════════════════════
  Training: 4500 epochs | 1024 pts/set | 8 sets
  Per epoch: 8192 pts | device: cuda:0
  lr: 0.0002 -> 2e-05  (CosineAnnealing)
  Network: SIREN  omega_0=37.5
════════════════════════════════════════════════════════════════
  Epoch     1/4500  loss=4.1656e-01  lr=2.00e-04  (0.0s)

  Done in 54.7s | min loss = 7.3176e-06


════════════════════════════════════════════════════════════════
  Training: 4500 epochs | 1024 pts/set | 8 sets
  Per epoch: 8192 pts | device: cuda:0
  lr: 0.0002 -> 2e-05  (CosineAnnealing)
  Network: SIREN  omega_0=37.5
════════════════════════════════════════════════════════════════
  Epoch     1/4500  loss=3.6720e-01  lr=2.00e-04  (0.0s)

  Done in 54.3s | min loss = 7.6848e-06

    -> digits per seed=[4, 4, 4]  best_mean_relerr=2.489e-04  median_digits=4  (164.4s total)
[group 228/640] hidden=[128, 128, 128, 128] omega0=37.5 lr=0.0002 N=1024 epochs=6500  (3 seeds)

════════════════════════════════════════════════════════════════
  Training: 6500 epochs | 1024 pts/set | 8 sets
  Per epoch: 8192 pts | device: cuda:0
  lr: 0.0002 -> 2e-05  (CosineAnnealing)
  Network: SIREN  omega_0=37.5
════════════════════════════════════════════════════════════════
  Epoch     1/6500  loss=3.8063e-01  lr=2.00e-04  (0.0s)

  Done in 80.0s | min loss = 4.7895e-06


════════════════════════════════════════════════════════════════
  Training: 6500 epochs | 1024 pts/set | 8 sets
  Per epoch: 8192 pts | device: cuda:0
  lr: 0.0002 -> 2e-05  (CosineAnnealing)
  Network: SIREN  omega_0=37.5
════════════════════════════════════════════════════════════════
  Epoch     1/6500  loss=4.1656e-01  lr=2.00e-04  (0.0s)

  Done in 80.2s | min loss = 5.0673e-06


════════════════════════════════════════════════════════════════
  Training: 6500 epochs | 1024 pts/set | 8 sets
  Per epoch: 8192 pts | device: cuda:0
  lr: 0.0002 -> 2e-05  (CosineAnnealing)
  Network: SIREN  omega_0=37.5
════════════════════════════════════════════════════════════════
  Epoch     1/6500  loss=3.6720e-01  lr=2.00e-04  (0.0s)

  Done in 80.5s | min loss = 5.1891e-06

    -> digits per seed=[3, 3, 4]  best_mean_relerr=9.155e-04  median_digits=3  (240.7s total)
[group 229/640] hidden=[128, 128, 128, 128] omega0=37.5 lr=0.0002 N=1024 epochs=10000  (3 seeds)

════════════════════════════════════════════════════════════════
  Training: 10000 epochs | 1024 pts/set | 8 sets
  Per epoch: 8192 pts | device: cuda:0
  lr: 0.0002 -> 2e-05  (CosineAnnealing)
  Network: SIREN  omega_0=37.5
════════════════════════════════════════════════════════════════
  Epoch     1/10000  loss=3.8063e-01  lr=2.00e-04  (0.0s)

  Done in 121.5s | min loss = 4.5412e-06


════════════════════════════════════════════════════════════════
  Training: 10000 epochs | 1024 pts/set | 8 sets
  Per epoch: 8192 pts | device: cuda:0
  lr: 0.0002 -> 2e-05  (CosineAnnealing)
  Network: SIREN  omega_0=37.5
════════════════════════════════════════════════════════════════
  Epoch     1/10000  loss=4.1656e-01  lr=2.00e-04  (0.0s)

  Done in 122.6s | min loss = 3.8294e-06


════════════════════════════════════════════════════════════════
  Training: 10000 epochs | 1024 pts/set | 8 sets
  Per epoch: 8192 pts | device: cuda:0
  lr: 0.0002 -> 2e-05  (CosineAnnealing)
  Network: SIREN  omega_0=37.5
════════════════════════════════════════════════════════════════
  Epoch     1/10000  loss=3.6720e-01  lr=2.00e-04  (0.0s)

  Done in 123.5s | min loss = 4.7022e-06

    -> digits per seed=[4, 4, 3]  best_mean_relerr=4.358e-04  median_digits=4  (367.6s total)
[group 230/640] hidden=[128, 128, 128, 128] omega0=37.5 lr=0.0002 N=1024 epochs=15000  (3 seeds)

════════════════════════════════════════════════════════════════
  Training: 15000 epochs | 1024 pts/set | 8 sets
  Per epoch: 8192 pts | device: cuda:0
  lr: 0.0002 -> 2e-05  (CosineAnnealing)
  Network: SIREN  omega_0=37.5
════════════════════════════════════════════════════════════════
  Epoch     1/15000  loss=3.8063e-01  lr=2.00e-04  (0.0s)

  Done in 184.6s | min loss = 2.8744e-06


════════════════════════════════════════════════════════════════
  Training: 15000 epochs | 1024 pts/set | 8 sets
  Per epoch: 8192 pts | device: cuda:0
  lr: 0.0002 -> 2e-05  (CosineAnnealing)
  Network: SIREN  omega_0=37.5
════════════════════════════════════════════════════════════════
  Epoch     1/15000  loss=4.1656e-01  lr=2.00e-04  (0.0s)

  Done in 182.5s | min loss = 2.9171e-06


════════════════════════════════════════════════════════════════
  Training: 15000 epochs | 1024 pts/set | 8 sets
  Per epoch: 8192 pts | device: cuda:0
  lr: 0.0002 -> 2e-05  (CosineAnnealing)
  Network: SIREN  omega_0=37.5
════════════════════════════════════════════════════════════════
  Epoch     1/15000  loss=3.6720e-01  lr=2.00e-04  (0.0s)

  Done in 185.3s | min loss = 3.0384e-06

    -> digits per seed=[3, 3, 3]  best_mean_relerr=8.751e-04  median_digits=3  (552.4s total)
[group 231/640] hidden=[128, 128, 128, 128] omega0=37.5 lr=0.0003 N=512 epochs=3000  (3 seeds)

════════════════════════════════════════════════════════════════
  Training: 3000 epochs | 512 pts/set | 8 sets
  Per epoch: 4096 pts | device: cuda:0
  lr: 0.0003 -> 2.9999999999999997e-05  (CosineAnnealing)
  Network: SIREN  omega_0=37.5
════════════════════════════════════════════════════════════════
  Epoch     1/3000  loss=4.0446e-01  lr=3.00e-04  (0.0s)

  Done in 37.5s | min loss = 1.7891e-05


════════════════════════════════════════════════════════════════
  Training: 3000 epochs | 512 pts/set | 8 sets
  Per epoch: 4096 pts | device: cuda:0
  lr: 0.0003 -> 2.9999999999999997e-05  (CosineAnnealing)
  Network: SIREN  omega_0=37.5
════════════════════════════════════════════════════════════════
  Epoch     1/3000  loss=4.1948e-01  lr=3.00e-04  (0.0s)

  Done in 38.0s | min loss = 1.6835e-05


════════════════════════════════════════════════════════════════
  Training: 3000 epochs | 512 pts/set | 8 sets
  Per epoch: 4096 pts | device: cuda:0
  lr: 0.0003 -> 2.9999999999999997e-05  (CosineAnnealing)
  Network: SIREN  omega_0=37.5
════════════════════════════════════════════════════════════════
  Epoch     1/3000  loss=3.4093e-01  lr=3.00e-04  (0.0s)

  Done in 37.3s | min loss = 1.9138e-05

    -> digits per seed=[3, 3, 3]  best_mean_relerr=9.570e-04  median_digits=3  (112.8s total)
[group 232/640] hidden=[128, 128, 128, 128] omega0=37.5 lr=0.0003 N=512 epochs=4500  (3 seeds)

════════════════════════════════════════════════════════════════
  Training: 4500 epochs | 512 pts/set | 8 sets
  Per epoch: 4096 pts | device: cuda:0
  lr: 0.0003 -> 2.9999999999999997e-05  (CosineAnnealing)
  Network: SIREN  omega_0=37.5
════════════════════════════════════════════════════════════════
  Epoch     1/4500  loss=4.0446e-01  lr=3.00e-04  (0.0s)

  Done in 55.5s | min loss = 1.2133e-05


════════════════════════════════════════════════════════════════
  Training: 4500 epochs | 512 pts/set | 8 sets
  Per epoch: 4096 pts | device: cuda:0
  lr: 0.0003 -> 2.9999999999999997e-05  (CosineAnnealing)
  Network: SIREN  omega_0=37.5
════════════════════════════════════════════════════════════════
  Epoch     1/4500  loss=4.1948e-01  lr=3.00e-04  (0.0s)

  Done in 56.0s | min loss = 1.0075e-05


════════════════════════════════════════════════════════════════
  Training: 4500 epochs | 512 pts/set | 8 sets
  Per epoch: 4096 pts | device: cuda:0
  lr: 0.0003 -> 2.9999999999999997e-05  (CosineAnnealing)
  Network: SIREN  omega_0=37.5
════════════════════════════════════════════════════════════════
  Epoch     1/4500  loss=3.4093e-01  lr=3.00e-04  (0.0s)

  Done in 56.1s | min loss = 1.2179e-05

    -> digits per seed=[3, 4, 4]  best_mean_relerr=5.280e-04  median_digits=4  (167.6s total)
[group 233/640] hidden=[128, 128, 128, 128] omega0=37.5 lr=0.0003 N=512 epochs=6500  (3 seeds)

════════════════════════════════════════════════════════════════
  Training: 6500 epochs | 512 pts/set | 8 sets
  Per epoch: 4096 pts | device: cuda:0
  lr: 0.0003 -> 2.9999999999999997e-05  (CosineAnnealing)
  Network: SIREN  omega_0=37.5
════════════════════════════════════════════════════════════════
  Epoch     1/6500  loss=4.0446e-01  lr=3.00e-04  (0.0s)

  Done in 80.8s | min loss = 9.2473e-06


════════════════════════════════════════════════════════════════
  Training: 6500 epochs | 512 pts/set | 8 sets
  Per epoch: 4096 pts | device: cuda:0
  lr: 0.0003 -> 2.9999999999999997e-05  (CosineAnnealing)
  Network: SIREN  omega_0=37.5
════════════════════════════════════════════════════════════════
  Epoch     1/6500  loss=4.1948e-01  lr=3.00e-04  (0.0s)

  Done in 81.0s | min loss = 9.6360e-06


════════════════════════════════════════════════════════════════
  Training: 6500 epochs | 512 pts/set | 8 sets
  Per epoch: 4096 pts | device: cuda:0
  lr: 0.0003 -> 2.9999999999999997e-05  (CosineAnnealing)
  Network: SIREN  omega_0=37.5
════════════════════════════════════════════════════════════════
  Epoch     1/6500  loss=3.4093e-01  lr=3.00e-04  (0.0s)

  Done in 79.8s | min loss = 1.0134e-05

    -> digits per seed=[4, 3, 3]  best_mean_relerr=8.977e-04  median_digits=3  (241.6s total)
[group 234/640] hidden=[128, 128, 128, 128] omega0=37.5 lr=0.0003 N=512 epochs=10000  (3 seeds)

════════════════════════════════════════════════════════════════
  Training: 10000 epochs | 512 pts/set | 8 sets
  Per epoch: 4096 pts | device: cuda:0
  lr: 0.0003 -> 2.9999999999999997e-05  (CosineAnnealing)
  Network: SIREN  omega_0=37.5
════════════════════════════════════════════════════════════════
  Epoch     1/10000  loss=4.0446e-01  lr=3.00e-04  (0.0s)

  Done in 120.8s | min loss = 1.1875e-05


════════════════════════════════════════════════════════════════
  Training: 10000 epochs | 512 pts/set | 8 sets
  Per epoch: 4096 pts | device: cuda:0
  lr: 0.0003 -> 2.9999999999999997e-05  (CosineAnnealing)
  Network: SIREN  omega_0=37.5
════════════════════════════════════════════════════════════════
  Epoch     1/10000  loss=4.1948e-01  lr=3.00e-04  (0.0s)

  Done in 124.0s | min loss = 1.0885e-05


════════════════════════════════════════════════════════════════
  Training: 10000 epochs | 512 pts/set | 8 sets
  Per epoch: 4096 pts | device: cuda:0
  lr: 0.0003 -> 2.9999999999999997e-05  (CosineAnnealing)
  Network: SIREN  omega_0=37.5
════════════════════════════════════════════════════════════════
  Epoch     1/10000  loss=3.4093e-01  lr=3.00e-04  (0.0s)

  Done in 121.9s | min loss = 1.1172e-05

    -> digits per seed=[4, 3, 3]  best_mean_relerr=1.097e-03  median_digits=3  (366.6s total)
[group 235/640] hidden=[128, 128, 128, 128] omega0=37.5 lr=0.0003 N=512 epochs=15000  (3 seeds)

════════════════════════════════════════════════════════════════
  Training: 15000 epochs | 512 pts/set | 8 sets
  Per epoch: 4096 pts | device: cuda:0
  lr: 0.0003 -> 2.9999999999999997e-05  (CosineAnnealing)
  Network: SIREN  omega_0=37.5
════════════════════════════════════════════════════════════════
  Epoch     1/15000  loss=4.0446e-01  lr=3.00e-04  (0.0s)

  Done in 181.8s | min loss = 1.1629e-05


════════════════════════════════════════════════════════════════
  Training: 15000 epochs | 512 pts/set | 8 sets
  Per epoch: 4096 pts | device: cuda:0
  lr: 0.0003 -> 2.9999999999999997e-05  (CosineAnnealing)
  Network: SIREN  omega_0=37.5
════════════════════════════════════════════════════════════════
  Epoch     1/15000  loss=4.1948e-01  lr=3.00e-04  (0.0s)

  Done in 185.0s | min loss = 1.2895e-05


════════════════════════════════════════════════════════════════
  Training: 15000 epochs | 512 pts/set | 8 sets
  Per epoch: 4096 pts | device: cuda:0
  lr: 0.0003 -> 2.9999999999999997e-05  (CosineAnnealing)
  Network: SIREN  omega_0=37.5
════════════════════════════════════════════════════════════════
  Epoch     1/15000  loss=3.4093e-01  lr=3.00e-04  (0.0s)

  Done in 182.8s | min loss = 1.1486e-05

    -> digits per seed=[3, 3, 3]  best_mean_relerr=1.920e-03  median_digits=3  (549.6s total)
[group 236/640] hidden=[128, 128, 128, 128] omega0=37.5 lr=0.0003 N=1024 epochs=3000  (3 seeds)

════════════════════════════════════════════════════════════════
  Training: 3000 epochs | 1024 pts/set | 8 sets
  Per epoch: 8192 pts | device: cuda:0
  lr: 0.0003 -> 2.9999999999999997e-05  (CosineAnnealing)
  Network: SIREN  omega_0=37.5
════════════════════════════════════════════════════════════════
  Epoch     1/3000  loss=3.8063e-01  lr=3.00e-04  (0.0s)

  Done in 36.1s | min loss = 9.7165e-06


════════════════════════════════════════════════════════════════
  Training: 3000 epochs | 1024 pts/set | 8 sets
  Per epoch: 8192 pts | device: cuda:0
  lr: 0.0003 -> 2.9999999999999997e-05  (CosineAnnealing)
  Network: SIREN  omega_0=37.5
════════════════════════════════════════════════════════════════
  Epoch     1/3000  loss=4.1656e-01  lr=3.00e-04  (0.0s)

  Done in 36.7s | min loss = 9.5540e-06


════════════════════════════════════════════════════════════════
  Training: 3000 epochs | 1024 pts/set | 8 sets
  Per epoch: 8192 pts | device: cuda:0
  lr: 0.0003 -> 2.9999999999999997e-05  (CosineAnnealing)
  Network: SIREN  omega_0=37.5
════════════════════════════════════════════════════════════════
  Epoch     1/3000  loss=3.6720e-01  lr=3.00e-04  (0.0s)

  Done in 37.4s | min loss = 9.9588e-06

    -> digits per seed=[4, 4, 4]  best_mean_relerr=2.074e-04  median_digits=4  (110.1s total)
[group 237/640] hidden=[128, 128, 128, 128] omega0=37.5 lr=0.0003 N=1024 epochs=4500  (3 seeds)

════════════════════════════════════════════════════════════════
  Training: 4500 epochs | 1024 pts/set | 8 sets
  Per epoch: 8192 pts | device: cuda:0
  lr: 0.0003 -> 2.9999999999999997e-05  (CosineAnnealing)
  Network: SIREN  omega_0=37.5
════════════════════════════════════════════════════════════════
  Epoch     1/4500  loss=3.8063e-01  lr=3.00e-04  (0.0s)

  Done in 55.0s | min loss = 5.9344e-06


════════════════════════════════════════════════════════════════
  Training: 4500 epochs | 1024 pts/set | 8 sets
  Per epoch: 8192 pts | device: cuda:0
  lr: 0.0003 -> 2.9999999999999997e-05  (CosineAnnealing)
  Network: SIREN  omega_0=37.5
════════════════════════════════════════════════════════════════
  Epoch     1/4500  loss=4.1656e-01  lr=3.00e-04  (0.0s)

  Done in 56.3s | min loss = 6.1838e-06


════════════════════════════════════════════════════════════════
  Training: 4500 epochs | 1024 pts/set | 8 sets
  Per epoch: 8192 pts | device: cuda:0
  lr: 0.0003 -> 2.9999999999999997e-05  (CosineAnnealing)
  Network: SIREN  omega_0=37.5
════════════════════════════════════════════════════════════════
  Epoch     1/4500  loss=3.6720e-01  lr=3.00e-04  (0.0s)

  Done in 56.1s | min loss = 6.4457e-06

    -> digits per seed=[3, 4, 4]  best_mean_relerr=6.110e-04  median_digits=4  (167.3s total)
[group 238/640] hidden=[128, 128, 128, 128] omega0=37.5 lr=0.0003 N=1024 epochs=6500  (3 seeds)

════════════════════════════════════════════════════════════════
  Training: 6500 epochs | 1024 pts/set | 8 sets
  Per epoch: 8192 pts | device: cuda:0
  lr: 0.0003 -> 2.9999999999999997e-05  (CosineAnnealing)
  Network: SIREN  omega_0=37.5
════════════════════════════════════════════════════════════════
  Epoch     1/6500  loss=3.8063e-01  lr=3.00e-04  (0.0s)

  Done in 81.7s | min loss = 4.4611e-06


════════════════════════════════════════════════════════════════
  Training: 6500 epochs | 1024 pts/set | 8 sets
  Per epoch: 8192 pts | device: cuda:0
  lr: 0.0003 -> 2.9999999999999997e-05  (CosineAnnealing)
  Network: SIREN  omega_0=37.5
════════════════════════════════════════════════════════════════
  Epoch     1/6500  loss=4.1656e-01  lr=3.00e-04  (0.0s)

  Done in 80.3s | min loss = 4.8567e-06


════════════════════════════════════════════════════════════════
  Training: 6500 epochs | 1024 pts/set | 8 sets
  Per epoch: 8192 pts | device: cuda:0
  lr: 0.0003 -> 2.9999999999999997e-05  (CosineAnnealing)
  Network: SIREN  omega_0=37.5
════════════════════════════════════════════════════════════════
  Epoch     1/6500  loss=3.6720e-01  lr=3.00e-04  (0.0s)

  Done in 79.2s | min loss = 4.6447e-06

    -> digits per seed=[4, 3, 3]  best_mean_relerr=6.445e-04  median_digits=3  (241.2s total)
[group 239/640] hidden=[128, 128, 128, 128] omega0=37.5 lr=0.0003 N=1024 epochs=10000  (3 seeds)

════════════════════════════════════════════════════════════════
  Training: 10000 epochs | 1024 pts/set | 8 sets
  Per epoch: 8192 pts | device: cuda:0
  lr: 0.0003 -> 2.9999999999999997e-05  (CosineAnnealing)
  Network: SIREN  omega_0=37.5
════════════════════════════════════════════════════════════════
  Epoch     1/10000  loss=3.8063e-01  lr=3.00e-04  (0.0s)

  Done in 123.0s | min loss = 4.8687e-06


════════════════════════════════════════════════════════════════
  Training: 10000 epochs | 1024 pts/set | 8 sets
  Per epoch: 8192 pts | device: cuda:0
  lr: 0.0003 -> 2.9999999999999997e-05  (CosineAnnealing)
  Network: SIREN  omega_0=37.5
════════════════════════════════════════════════════════════════
  Epoch     1/10000  loss=4.1656e-01  lr=3.00e-04  (0.0s)

  Done in 124.4s | min loss = 4.8449e-06


════════════════════════════════════════════════════════════════
  Training: 10000 epochs | 1024 pts/set | 8 sets
  Per epoch: 8192 pts | device: cuda:0
  lr: 0.0003 -> 2.9999999999999997e-05  (CosineAnnealing)
  Network: SIREN  omega_0=37.5
════════════════════════════════════════════════════════════════
  Epoch     1/10000  loss=3.6720e-01  lr=3.00e-04  (0.0s)

  Done in 123.1s | min loss = 4.7431e-06

    -> digits per seed=[3, 3, 3]  best_mean_relerr=9.963e-04  median_digits=3  (370.4s total)
[group 240/640] hidden=[128, 128, 128, 128] omega0=37.5 lr=0.0003 N=1024 epochs=15000  (3 seeds)

════════════════════════════════════════════════════════════════
  Training: 15000 epochs | 1024 pts/set | 8 sets
  Per epoch: 8192 pts | device: cuda:0
  lr: 0.0003 -> 2.9999999999999997e-05  (CosineAnnealing)
  Network: SIREN  omega_0=37.5
════════════════════════════════════════════════════════════════
  Epoch     1/15000  loss=3.8063e-01  lr=3.00e-04  (0.0s)

  Done in 186.0s | min loss = 5.1706e-06


════════════════════════════════════════════════════════════════
  Training: 15000 epochs | 1024 pts/set | 8 sets
  Per epoch: 8192 pts | device: cuda:0
  lr: 0.0003 -> 2.9999999999999997e-05  (CosineAnnealing)
  Network: SIREN  omega_0=37.5
════════════════════════════════════════════════════════════════
  Epoch     1/15000  loss=4.1656e-01  lr=3.00e-04  (0.0s)

  Done in 186.7s | min loss = 4.5878e-06


════════════════════════════════════════════════════════════════
  Training: 15000 epochs | 1024 pts/set | 8 sets
  Per epoch: 8192 pts | device: cuda:0
  lr: 0.0003 -> 2.9999999999999997e-05  (CosineAnnealing)
  Network: SIREN  omega_0=37.5
════════════════════════════════════════════════════════════════
  Epoch     1/15000  loss=3.6720e-01  lr=3.00e-04  (0.0s)

  Done in 187.5s | min loss = 3.9747e-06

    -> digits per seed=[3, 3, 3]  best_mean_relerr=8.999e-04  median_digits=3  (560.2s total)
[group 241/640] hidden=[128, 128, 128, 128] omega0=45.0 lr=0.0001 N=512 epochs=3000  (3 seeds)

════════════════════════════════════════════════════════════════
  Training: 3000 epochs | 512 pts/set | 8 sets
  Per epoch: 4096 pts | device: cuda:0
  lr: 0.0001 -> 1e-05  (CosineAnnealing)
  Network: SIREN  omega_0=45.0
════════════════════════════════════════════════════════════════
  Epoch     1/3000  loss=4.0445e-01  lr=1.00e-04  (0.0s)

  Done in 36.6s | min loss = 2.7619e-05


════════════════════════════════════════════════════════════════
  Training: 3000 epochs | 512 pts/set | 8 sets
  Per epoch: 4096 pts | device: cuda:0
  lr: 0.0001 -> 1e-05  (CosineAnnealing)
  Network: SIREN  omega_0=45.0
════════════════════════════════════════════════════════════════
  Epoch     1/3000  loss=4.1948e-01  lr=1.00e-04  (0.0s)

  Done in 37.0s | min loss = 2.9180e-05


════════════════════════════════════════════════════════════════
  Training: 3000 epochs | 512 pts/set | 8 sets
  Per epoch: 4096 pts | device: cuda:0
  lr: 0.0001 -> 1e-05  (CosineAnnealing)
  Network: SIREN  omega_0=45.0
════════════════════════════════════════════════════════════════
  Epoch     1/3000  loss=3.4093e-01  lr=1.00e-04  (0.0s)

  Done in 36.5s | min loss = 2.8391e-05

    -> digits per seed=[3, 3, 4]  best_mean_relerr=4.256e-04  median_digits=3  (110.1s total)
[group 242/640] hidden=[128, 128, 128, 128] omega0=45.0 lr=0.0001 N=512 epochs=4500  (3 seeds)

════════════════════════════════════════════════════════════════
  Training: 4500 epochs | 512 pts/set | 8 sets
  Per epoch: 4096 pts | device: cuda:0
  lr: 0.0001 -> 1e-05  (CosineAnnealing)
  Network: SIREN  omega_0=45.0
════════════════════════════════════════════════════════════════
  Epoch     1/4500  loss=4.0445e-01  lr=1.00e-04  (0.0s)

  Done in 55.4s | min loss = 1.6295e-05


════════════════════════════════════════════════════════════════
  Training: 4500 epochs | 512 pts/set | 8 sets
  Per epoch: 4096 pts | device: cuda:0
  lr: 0.0001 -> 1e-05  (CosineAnnealing)
  Network: SIREN  omega_0=45.0
════════════════════════════════════════════════════════════════
  Epoch     1/4500  loss=4.1948e-01  lr=1.00e-04  (0.0s)

  Done in 54.8s | min loss = 1.6378e-05


════════════════════════════════════════════════════════════════
  Training: 4500 epochs | 512 pts/set | 8 sets
  Per epoch: 4096 pts | device: cuda:0
  lr: 0.0001 -> 1e-05  (CosineAnnealing)
  Network: SIREN  omega_0=45.0
════════════════════════════════════════════════════════════════
  Epoch     1/4500  loss=3.4093e-01  lr=1.00e-04  (0.0s)

  Done in 55.4s | min loss = 1.6213e-05

    -> digits per seed=[4, 4, 4]  best_mean_relerr=3.430e-04  median_digits=4  (165.7s total)
[group 243/640] hidden=[128, 128, 128, 128] omega0=45.0 lr=0.0001 N=512 epochs=6500  (3 seeds)

════════════════════════════════════════════════════════════════
  Training: 6500 epochs | 512 pts/set | 8 sets
  Per epoch: 4096 pts | device: cuda:0
  lr: 0.0001 -> 1e-05  (CosineAnnealing)
  Network: SIREN  omega_0=45.0
════════════════════════════════════════════════════════════════
  Epoch     1/6500  loss=4.0445e-01  lr=1.00e-04  (0.0s)

  Done in 81.1s | min loss = 1.1796e-05


════════════════════════════════════════════════════════════════
  Training: 6500 epochs | 512 pts/set | 8 sets
  Per epoch: 4096 pts | device: cuda:0
  lr: 0.0001 -> 1e-05  (CosineAnnealing)
  Network: SIREN  omega_0=45.0
════════════════════════════════════════════════════════════════
  Epoch     1/6500  loss=4.1948e-01  lr=1.00e-04  (0.0s)

  Done in 79.8s | min loss = 1.2174e-05


════════════════════════════════════════════════════════════════
  Training: 6500 epochs | 512 pts/set | 8 sets
  Per epoch: 4096 pts | device: cuda:0
  lr: 0.0001 -> 1e-05  (CosineAnnealing)
  Network: SIREN  omega_0=45.0
════════════════════════════════════════════════════════════════
  Epoch     1/6500  loss=3.4093e-01  lr=1.00e-04  (0.0s)

  Done in 79.6s | min loss = 1.2042e-05

    -> digits per seed=[3, 4, 3]  best_mean_relerr=4.205e-04  median_digits=3  (240.4s total)
[group 244/640] hidden=[128, 128, 128, 128] omega0=45.0 lr=0.0001 N=512 epochs=10000  (3 seeds)

════════════════════════════════════════════════════════════════
  Training: 10000 epochs | 512 pts/set | 8 sets
  Per epoch: 4096 pts | device: cuda:0
  lr: 0.0001 -> 1e-05  (CosineAnnealing)
  Network: SIREN  omega_0=45.0
════════════════════════════════════════════════════════════════
  Epoch     1/10000  loss=4.0445e-01  lr=1.00e-04  (0.0s)

  Done in 123.2s | min loss = 8.9656e-06


════════════════════════════════════════════════════════════════
  Training: 10000 epochs | 512 pts/set | 8 sets
  Per epoch: 4096 pts | device: cuda:0
  lr: 0.0001 -> 1e-05  (CosineAnnealing)
  Network: SIREN  omega_0=45.0
════════════════════════════════════════════════════════════════
  Epoch     1/10000  loss=4.1948e-01  lr=1.00e-04  (0.0s)

  Done in 124.7s | min loss = 9.1564e-06


════════════════════════════════════════════════════════════════
  Training: 10000 epochs | 512 pts/set | 8 sets
  Per epoch: 4096 pts | device: cuda:0
  lr: 0.0001 -> 1e-05  (CosineAnnealing)
  Network: SIREN  omega_0=45.0
════════════════════════════════════════════════════════════════
  Epoch     1/10000  loss=3.4093e-01  lr=1.00e-04  (0.0s)

  Done in 121.3s | min loss = 9.2396e-06

    -> digits per seed=[4, 3, 3]  best_mean_relerr=7.724e-04  median_digits=3  (369.1s total)
[group 245/640] hidden=[128, 128, 128, 128] omega0=45.0 lr=0.0001 N=512 epochs=15000  (3 seeds)

════════════════════════════════════════════════════════════════
  Training: 15000 epochs | 512 pts/set | 8 sets
  Per epoch: 4096 pts | device: cuda:0
  lr: 0.0001 -> 1e-05  (CosineAnnealing)
  Network: SIREN  omega_0=45.0
════════════════════════════════════════════════════════════════
  Epoch     1/15000  loss=4.0445e-01  lr=1.00e-04  (0.0s)

  Done in 182.0s | min loss = 5.4393e-06


════════════════════════════════════════════════════════════════
  Training: 15000 epochs | 512 pts/set | 8 sets
  Per epoch: 4096 pts | device: cuda:0
  lr: 0.0001 -> 1e-05  (CosineAnnealing)
  Network: SIREN  omega_0=45.0
════════════════════════════════════════════════════════════════
  Epoch     1/15000  loss=4.1948e-01  lr=1.00e-04  (0.0s)

  Done in 183.7s | min loss = 5.5478e-06


════════════════════════════════════════════════════════════════
  Training: 15000 epochs | 512 pts/set | 8 sets
  Per epoch: 4096 pts | device: cuda:0
  lr: 0.0001 -> 1e-05  (CosineAnnealing)
  Network: SIREN  omega_0=45.0
════════════════════════════════════════════════════════════════
  Epoch     1/15000  loss=3.4093e-01  lr=1.00e-04  (0.0s)

  Done in 185.3s | min loss = 5.9343e-06

    -> digits per seed=[3, 3, 3]  best_mean_relerr=8.036e-04  median_digits=3  (551.0s total)
[group 246/640] hidden=[128, 128, 128, 128] omega0=45.0 lr=0.0001 N=1024 epochs=3000  (3 seeds)

════════════════════════════════════════════════════════════════
  Training: 3000 epochs | 1024 pts/set | 8 sets
  Per epoch: 8192 pts | device: cuda:0
  lr: 0.0001 -> 1e-05  (CosineAnnealing)
  Network: SIREN  omega_0=45.0
════════════════════════════════════════════════════════════════
  Epoch     1/3000  loss=3.8063e-01  lr=1.00e-04  (0.0s)

  Done in 35.9s | min loss = 2.0813e-05


════════════════════════════════════════════════════════════════
  Training: 3000 epochs | 1024 pts/set | 8 sets
  Per epoch: 8192 pts | device: cuda:0
  lr: 0.0001 -> 1e-05  (CosineAnnealing)
  Network: SIREN  omega_0=45.0
════════════════════════════════════════════════════════════════
  Epoch     1/3000  loss=4.1656e-01  lr=1.00e-04  (0.0s)

  Done in 36.2s | min loss = 2.1554e-05


════════════════════════════════════════════════════════════════
  Training: 3000 epochs | 1024 pts/set | 8 sets
  Per epoch: 8192 pts | device: cuda:0
  lr: 0.0001 -> 1e-05  (CosineAnnealing)
  Network: SIREN  omega_0=45.0
════════════════════════════════════════════════════════════════
  Epoch     1/3000  loss=3.6720e-01  lr=1.00e-04  (0.0s)

  Done in 36.7s | min loss = 2.2450e-05

    -> digits per seed=[4, 4, 3]  best_mean_relerr=4.899e-04  median_digits=4  (108.9s total)
[group 247/640] hidden=[128, 128, 128, 128] omega0=45.0 lr=0.0001 N=1024 epochs=4500  (3 seeds)

════════════════════════════════════════════════════════════════
  Training: 4500 epochs | 1024 pts/set | 8 sets
  Per epoch: 8192 pts | device: cuda:0
  lr: 0.0001 -> 1e-05  (CosineAnnealing)
  Network: SIREN  omega_0=45.0
════════════════════════════════════════════════════════════════
  Epoch     1/4500  loss=3.8063e-01  lr=1.00e-04  (0.0s)

  Done in 56.3s | min loss = 1.2264e-05


════════════════════════════════════════════════════════════════
  Training: 4500 epochs | 1024 pts/set | 8 sets
  Per epoch: 8192 pts | device: cuda:0
  lr: 0.0001 -> 1e-05  (CosineAnnealing)
  Network: SIREN  omega_0=45.0
════════════════════════════════════════════════════════════════
  Epoch     1/4500  loss=4.1656e-01  lr=1.00e-04  (0.0s)

  Done in 56.2s | min loss = 1.2919e-05


════════════════════════════════════════════════════════════════
  Training: 4500 epochs | 1024 pts/set | 8 sets
  Per epoch: 8192 pts | device: cuda:0
  lr: 0.0001 -> 1e-05  (CosineAnnealing)
  Network: SIREN  omega_0=45.0
════════════════════════════════════════════════════════════════
  Epoch     1/4500  loss=3.6720e-01  lr=1.00e-04  (0.0s)

  Done in 56.1s | min loss = 1.3395e-05

    -> digits per seed=[4, 4, 4]  best_mean_relerr=2.566e-04  median_digits=4  (168.7s total)
[group 248/640] hidden=[128, 128, 128, 128] omega0=45.0 lr=0.0001 N=1024 epochs=6500  (3 seeds)

════════════════════════════════════════════════════════════════
  Training: 6500 epochs | 1024 pts/set | 8 sets
  Per epoch: 8192 pts | device: cuda:0
  lr: 0.0001 -> 1e-05  (CosineAnnealing)
  Network: SIREN  omega_0=45.0
════════════════════════════════════════════════════════════════
  Epoch     1/6500  loss=3.8063e-01  lr=1.00e-04  (0.0s)

  Done in 80.4s | min loss = 7.5842e-06


════════════════════════════════════════════════════════════════
  Training: 6500 epochs | 1024 pts/set | 8 sets
  Per epoch: 8192 pts | device: cuda:0
  lr: 0.0001 -> 1e-05  (CosineAnnealing)
  Network: SIREN  omega_0=45.0
════════════════════════════════════════════════════════════════
  Epoch     1/6500  loss=4.1656e-01  lr=1.00e-04  (0.0s)

  Done in 80.6s | min loss = 8.4881e-06


════════════════════════════════════════════════════════════════
  Training: 6500 epochs | 1024 pts/set | 8 sets
  Per epoch: 8192 pts | device: cuda:0
  lr: 0.0001 -> 1e-05  (CosineAnnealing)
  Network: SIREN  omega_0=45.0
════════════════════════════════════════════════════════════════
  Epoch     1/6500  loss=3.6720e-01  lr=1.00e-04  (0.0s)

  Done in 81.3s | min loss = 8.4337e-06

    -> digits per seed=[4, 3, 4]  best_mean_relerr=2.377e-04  median_digits=4  (242.4s total)
[group 249/640] hidden=[128, 128, 128, 128] omega0=45.0 lr=0.0001 N=1024 epochs=10000  (3 seeds)

════════════════════════════════════════════════════════════════
  Training: 10000 epochs | 1024 pts/set | 8 sets
  Per epoch: 8192 pts | device: cuda:0
  lr: 0.0001 -> 1e-05  (CosineAnnealing)
  Network: SIREN  omega_0=45.0
════════════════════════════════════════════════════════════════
  Epoch     1/10000  loss=3.8063e-01  lr=1.00e-04  (0.0s)

  Done in 123.8s | min loss = 4.9222e-06


════════════════════════════════════════════════════════════════
  Training: 10000 epochs | 1024 pts/set | 8 sets
  Per epoch: 8192 pts | device: cuda:0
  lr: 0.0001 -> 1e-05  (CosineAnnealing)
  Network: SIREN  omega_0=45.0
════════════════════════════════════════════════════════════════
  Epoch     1/10000  loss=4.1656e-01  lr=1.00e-04  (0.0s)

  Done in 124.3s | min loss = 5.3114e-06


════════════════════════════════════════════════════════════════
  Training: 10000 epochs | 1024 pts/set | 8 sets
  Per epoch: 8192 pts | device: cuda:0
  lr: 0.0001 -> 1e-05  (CosineAnnealing)
  Network: SIREN  omega_0=45.0
════════════════════════════════════════════════════════════════
  Epoch     1/10000  loss=3.6720e-01  lr=1.00e-04  (0.0s)

  Done in 123.4s | min loss = 6.0469e-06

    -> digits per seed=[4, 4, 3]  best_mean_relerr=2.529e-04  median_digits=4  (371.5s total)
[group 250/640] hidden=[128, 128, 128, 128] omega0=45.0 lr=0.0001 N=1024 epochs=15000  (3 seeds)

════════════════════════════════════════════════════════════════
  Training: 15000 epochs | 1024 pts/set | 8 sets
  Per epoch: 8192 pts | device: cuda:0
  lr: 0.0001 -> 1e-05  (CosineAnnealing)
  Network: SIREN  omega_0=45.0
════════════════════════════════════════════════════════════════
  Epoch     1/15000  loss=3.8063e-01  lr=1.00e-04  (0.0s)

  Done in 184.3s | min loss = 3.1447e-06


════════════════════════════════════════════════════════════════
  Training: 15000 epochs | 1024 pts/set | 8 sets
  Per epoch: 8192 pts | device: cuda:0
  lr: 0.0001 -> 1e-05  (CosineAnnealing)
  Network: SIREN  omega_0=45.0
════════════════════════════════════════════════════════════════
  Epoch     1/15000  loss=4.1656e-01  lr=1.00e-04  (0.0s)

  Done in 181.7s | min loss = 3.1783e-06


════════════════════════════════════════════════════════════════
  Training: 15000 epochs | 1024 pts/set | 8 sets
  Per epoch: 8192 pts | device: cuda:0
  lr: 0.0001 -> 1e-05  (CosineAnnealing)
  Network: SIREN  omega_0=45.0
════════════════════════════════════════════════════════════════
  Epoch     1/15000  loss=3.6720e-01  lr=1.00e-04  (0.0s)

  Done in 182.9s | min loss = 3.2068e-06

    -> digits per seed=[4, 3, 3]  best_mean_relerr=3.480e-04  median_digits=3  (548.8s total)
[group 251/640] hidden=[128, 128, 128, 128] omega0=45.0 lr=0.00015 N=512 epochs=3000  (3 seeds)

════════════════════════════════════════════════════════════════
  Training: 3000 epochs | 512 pts/set | 8 sets
  Per epoch: 4096 pts | device: cuda:0
  lr: 0.00015 -> 1.4999999999999999e-05  (CosineAnnealing)
  Network: SIREN  omega_0=45.0
════════════════════════════════════════════════════════════════
  Epoch     1/3000  loss=4.0445e-01  lr=1.50e-04  (0.0s)

  Done in 37.0s | min loss = 1.9661e-05


════════════════════════════════════════════════════════════════
  Training: 3000 epochs | 512 pts/set | 8 sets
  Per epoch: 4096 pts | device: cuda:0
  lr: 0.00015 -> 1.4999999999999999e-05  (CosineAnnealing)
  Network: SIREN  omega_0=45.0
════════════════════════════════════════════════════════════════
  Epoch     1/3000  loss=4.1948e-01  lr=1.50e-04  (0.0s)

  Done in 37.0s | min loss = 2.0729e-05


════════════════════════════════════════════════════════════════
  Training: 3000 epochs | 512 pts/set | 8 sets
  Per epoch: 4096 pts | device: cuda:0
  lr: 0.00015 -> 1.4999999999999999e-05  (CosineAnnealing)
  Network: SIREN  omega_0=45.0
════════════════════════════════════════════════════════════════
  Epoch     1/3000  loss=3.4093e-01  lr=1.50e-04  (0.0s)

  Done in 36.2s | min loss = 2.0291e-05

    -> digits per seed=[4, 4, 4]  best_mean_relerr=3.293e-04  median_digits=4  (110.2s total)
[group 252/640] hidden=[128, 128, 128, 128] omega0=45.0 lr=0.00015 N=512 epochs=4500  (3 seeds)

════════════════════════════════════════════════════════════════
  Training: 4500 epochs | 512 pts/set | 8 sets
  Per epoch: 4096 pts | device: cuda:0
  lr: 0.00015 -> 1.4999999999999999e-05  (CosineAnnealing)
  Network: SIREN  omega_0=45.0
════════════════════════════════════════════════════════════════
  Epoch     1/4500  loss=4.0445e-01  lr=1.50e-04  (0.0s)

  Done in 55.3s | min loss = 1.1692e-05


════════════════════════════════════════════════════════════════
  Training: 4500 epochs | 512 pts/set | 8 sets
  Per epoch: 4096 pts | device: cuda:0
  lr: 0.00015 -> 1.4999999999999999e-05  (CosineAnnealing)
  Network: SIREN  omega_0=45.0
════════════════════════════════════════════════════════════════
  Epoch     1/4500  loss=4.1948e-01  lr=1.50e-04  (0.0s)

  Done in 53.5s | min loss = 1.2274e-05


════════════════════════════════════════════════════════════════
  Training: 4500 epochs | 512 pts/set | 8 sets
  Per epoch: 4096 pts | device: cuda:0
  lr: 0.00015 -> 1.4999999999999999e-05  (CosineAnnealing)
  Network: SIREN  omega_0=45.0
════════════════════════════════════════════════════════════════
  Epoch     1/4500  loss=3.4093e-01  lr=1.50e-04  (0.0s)

  Done in 54.8s | min loss = 1.2217e-05

    -> digits per seed=[3, 4, 4]  best_mean_relerr=1.018e-04  median_digits=4  (163.6s total)
[group 253/640] hidden=[128, 128, 128, 128] omega0=45.0 lr=0.00015 N=512 epochs=6500  (3 seeds)

════════════════════════════════════════════════════════════════
  Training: 6500 epochs | 512 pts/set | 8 sets
  Per epoch: 4096 pts | device: cuda:0
  lr: 0.00015 -> 1.4999999999999999e-05  (CosineAnnealing)
  Network: SIREN  omega_0=45.0
════════════════════════════════════════════════════════════════
  Epoch     1/6500  loss=4.0445e-01  lr=1.50e-04  (0.0s)

  Done in 80.0s | min loss = 8.2757e-06


════════════════════════════════════════════════════════════════
  Training: 6500 epochs | 512 pts/set | 8 sets
  Per epoch: 4096 pts | device: cuda:0
  lr: 0.00015 -> 1.4999999999999999e-05  (CosineAnnealing)
  Network: SIREN  omega_0=45.0
════════════════════════════════════════════════════════════════
  Epoch     1/6500  loss=4.1948e-01  lr=1.50e-04  (0.0s)

  Done in 78.2s | min loss = 9.7724e-06


════════════════════════════════════════════════════════════════
  Training: 6500 epochs | 512 pts/set | 8 sets
  Per epoch: 4096 pts | device: cuda:0
  lr: 0.00015 -> 1.4999999999999999e-05  (CosineAnnealing)
  Network: SIREN  omega_0=45.0
════════════════════════════════════════════════════════════════
  Epoch     1/6500  loss=3.4093e-01  lr=1.50e-04  (0.0s)

  Done in 78.0s | min loss = 8.9809e-06

    -> digits per seed=[3, 4, 4]  best_mean_relerr=5.323e-04  median_digits=4  (236.3s total)
[group 254/640] hidden=[128, 128, 128, 128] omega0=45.0 lr=0.00015 N=512 epochs=10000  (3 seeds)

════════════════════════════════════════════════════════════════
  Training: 10000 epochs | 512 pts/set | 8 sets
  Per epoch: 4096 pts | device: cuda:0
  lr: 0.00015 -> 1.4999999999999999e-05  (CosineAnnealing)
  Network: SIREN  omega_0=45.0
════════════════════════════════════════════════════════════════
  Epoch     1/10000  loss=4.0445e-01  lr=1.50e-04  (0.0s)

  Done in 120.7s | min loss = 7.5311e-06


════════════════════════════════════════════════════════════════
  Training: 10000 epochs | 512 pts/set | 8 sets
  Per epoch: 4096 pts | device: cuda:0
  lr: 0.00015 -> 1.4999999999999999e-05  (CosineAnnealing)
  Network: SIREN  omega_0=45.0
════════════════════════════════════════════════════════════════
  Epoch     1/10000  loss=4.1948e-01  lr=1.50e-04  (0.0s)

  Done in 122.7s | min loss = 8.3981e-06


════════════════════════════════════════════════════════════════
  Training: 10000 epochs | 512 pts/set | 8 sets
  Per epoch: 4096 pts | device: cuda:0
  lr: 0.00015 -> 1.4999999999999999e-05  (CosineAnnealing)
  Network: SIREN  omega_0=45.0
════════════════════════════════════════════════════════════════
  Epoch     1/10000  loss=3.4093e-01  lr=1.50e-04  (0.0s)

  Done in 123.5s | min loss = 9.2239e-06

    -> digits per seed=[3, 3, 3]  best_mean_relerr=1.039e-03  median_digits=3  (366.9s total)
[group 255/640] hidden=[128, 128, 128, 128] omega0=45.0 lr=0.00015 N=512 epochs=15000  (3 seeds)

════════════════════════════════════════════════════════════════
  Training: 15000 epochs | 512 pts/set | 8 sets
  Per epoch: 4096 pts | device: cuda:0
  lr: 0.00015 -> 1.4999999999999999e-05  (CosineAnnealing)
  Network: SIREN  omega_0=45.0
════════════════════════════════════════════════════════════════
  Epoch     1/15000  loss=4.0445e-01  lr=1.50e-04  (0.0s)

  Done in 190.6s | min loss = 6.7584e-06


════════════════════════════════════════════════════════════════
  Training: 15000 epochs | 512 pts/set | 8 sets
  Per epoch: 4096 pts | device: cuda:0
  lr: 0.00015 -> 1.4999999999999999e-05  (CosineAnnealing)
  Network: SIREN  omega_0=45.0
════════════════════════════════════════════════════════════════
  Epoch     1/15000  loss=4.1948e-01  lr=1.50e-04  (0.0s)

  Done in 186.9s | min loss = 6.7923e-06


════════════════════════════════════════════════════════════════
  Training: 15000 epochs | 512 pts/set | 8 sets
  Per epoch: 4096 pts | device: cuda:0
  lr: 0.00015 -> 1.4999999999999999e-05  (CosineAnnealing)
  Network: SIREN  omega_0=45.0
════════════════════════════════════════════════════════════════
  Epoch     1/15000  loss=3.4093e-01  lr=1.50e-04  (0.0s)

  Done in 186.2s | min loss = 8.3457e-06

    -> digits per seed=[3, 3, 3]  best_mean_relerr=9.063e-04  median_digits=3  (563.7s total)
[group 256/640] hidden=[128, 128, 128, 128] omega0=45.0 lr=0.00015 N=1024 epochs=3000  (3 seeds)

════════════════════════════════════════════════════════════════
  Training: 3000 epochs | 1024 pts/set | 8 sets
  Per epoch: 8192 pts | device: cuda:0
  lr: 0.00015 -> 1.4999999999999999e-05  (CosineAnnealing)
  Network: SIREN  omega_0=45.0
════════════════════════════════════════════════════════════════
  Epoch     1/3000  loss=3.8063e-01  lr=1.50e-04  (0.0s)

  Done in 35.5s | min loss = 1.4615e-05


════════════════════════════════════════════════════════════════
  Training: 3000 epochs | 1024 pts/set | 8 sets
  Per epoch: 8192 pts | device: cuda:0
  lr: 0.00015 -> 1.4999999999999999e-05  (CosineAnnealing)
  Network: SIREN  omega_0=45.0
════════════════════════════════════════════════════════════════
  Epoch     1/3000  loss=4.1656e-01  lr=1.50e-04  (0.0s)

  Done in 36.2s | min loss = 1.3862e-05


════════════════════════════════════════════════════════════════
  Training: 3000 epochs | 1024 pts/set | 8 sets
  Per epoch: 8192 pts | device: cuda:0
  lr: 0.00015 -> 1.4999999999999999e-05  (CosineAnnealing)
  Network: SIREN  omega_0=45.0
════════════════════════════════════════════════════════════════
  Epoch     1/3000  loss=3.6720e-01  lr=1.50e-04  (0.0s)

  Done in 37.1s | min loss = 1.4467e-05

    -> digits per seed=[4, 4, 4]  best_mean_relerr=3.888e-04  median_digits=4  (108.8s total)
[group 257/640] hidden=[128, 128, 128, 128] omega0=45.0 lr=0.00015 N=1024 epochs=4500  (3 seeds)

════════════════════════════════════════════════════════════════
  Training: 4500 epochs | 1024 pts/set | 8 sets
  Per epoch: 8192 pts | device: cuda:0
  lr: 0.00015 -> 1.4999999999999999e-05  (CosineAnnealing)
  Network: SIREN  omega_0=45.0
════════════════════════════════════════════════════════════════
  Epoch     1/4500  loss=3.8063e-01  lr=1.50e-04  (0.0s)

  Done in 55.4s | min loss = 8.0961e-06


════════════════════════════════════════════════════════════════
  Training: 4500 epochs | 1024 pts/set | 8 sets
  Per epoch: 8192 pts | device: cuda:0
  lr: 0.00015 -> 1.4999999999999999e-05  (CosineAnnealing)
  Network: SIREN  omega_0=45.0
════════════════════════════════════════════════════════════════
  Epoch     1/4500  loss=4.1656e-01  lr=1.50e-04  (0.0s)

  Done in 55.9s | min loss = 7.9877e-06


════════════════════════════════════════════════════════════════
  Training: 4500 epochs | 1024 pts/set | 8 sets
  Per epoch: 8192 pts | device: cuda:0
  lr: 0.00015 -> 1.4999999999999999e-05  (CosineAnnealing)
  Network: SIREN  omega_0=45.0
════════════════════════════════════════════════════════════════
  Epoch     1/4500  loss=3.6720e-01  lr=1.50e-04  (0.0s)

  Done in 54.7s | min loss = 8.8251e-06

    -> digits per seed=[4, 3, 4]  best_mean_relerr=2.375e-04  median_digits=4  (166.0s total)
[group 258/640] hidden=[128, 128, 128, 128] omega0=45.0 lr=0.00015 N=1024 epochs=6500  (3 seeds)

════════════════════════════════════════════════════════════════
  Training: 6500 epochs | 1024 pts/set | 8 sets
  Per epoch: 8192 pts | device: cuda:0
  lr: 0.00015 -> 1.4999999999999999e-05  (CosineAnnealing)
  Network: SIREN  omega_0=45.0
════════════════════════════════════════════════════════════════
  Epoch     1/6500  loss=3.8063e-01  lr=1.50e-04  (0.0s)

  Done in 79.6s | min loss = 5.5995e-06


════════════════════════════════════════════════════════════════
  Training: 6500 epochs | 1024 pts/set | 8 sets
  Per epoch: 8192 pts | device: cuda:0
  lr: 0.00015 -> 1.4999999999999999e-05  (CosineAnnealing)
  Network: SIREN  omega_0=45.0
════════════════════════════════════════════════════════════════
  Epoch     1/6500  loss=4.1656e-01  lr=1.50e-04  (0.0s)

  Done in 81.2s | min loss = 5.9306e-06


════════════════════════════════════════════════════════════════
  Training: 6500 epochs | 1024 pts/set | 8 sets
  Per epoch: 8192 pts | device: cuda:0
  lr: 0.00015 -> 1.4999999999999999e-05  (CosineAnnealing)
  Network: SIREN  omega_0=45.0
════════════════════════════════════════════════════════════════
  Epoch     1/6500  loss=3.6720e-01  lr=1.50e-04  (0.0s)

  Done in 81.0s | min loss = 5.6018e-06

    -> digits per seed=[4, 3, 3]  best_mean_relerr=1.638e-04  median_digits=3  (241.8s total)
[group 259/640] hidden=[128, 128, 128, 128] omega0=45.0 lr=0.00015 N=1024 epochs=10000  (3 seeds)

════════════════════════════════════════════════════════════════
  Training: 10000 epochs | 1024 pts/set | 8 sets
  Per epoch: 8192 pts | device: cuda:0
  lr: 0.00015 -> 1.4999999999999999e-05  (CosineAnnealing)
  Network: SIREN  omega_0=45.0
════════════════════════════════════════════════════════════════
  Epoch     1/10000  loss=3.8063e-01  lr=1.50e-04  (0.0s)

  Done in 123.3s | min loss = 4.4004e-06


════════════════════════════════════════════════════════════════
  Training: 10000 epochs | 1024 pts/set | 8 sets
  Per epoch: 8192 pts | device: cuda:0
  lr: 0.00015 -> 1.4999999999999999e-05  (CosineAnnealing)
  Network: SIREN  omega_0=45.0
════════════════════════════════════════════════════════════════
  Epoch     1/10000  loss=4.1656e-01  lr=1.50e-04  (0.0s)

  Done in 122.4s | min loss = 5.6104e-06


════════════════════════════════════════════════════════════════
  Training: 10000 epochs | 1024 pts/set | 8 sets
  Per epoch: 8192 pts | device: cuda:0
  lr: 0.00015 -> 1.4999999999999999e-05  (CosineAnnealing)
  Network: SIREN  omega_0=45.0
════════════════════════════════════════════════════════════════
  Epoch     1/10000  loss=3.6720e-01  lr=1.50e-04  (0.0s)

  Done in 121.6s | min loss = 4.6575e-06

    -> digits per seed=[4, 3, 3]  best_mean_relerr=8.880e-04  median_digits=3  (367.2s total)
[group 260/640] hidden=[128, 128, 128, 128] omega0=45.0 lr=0.00015 N=1024 epochs=15000  (3 seeds)

════════════════════════════════════════════════════════════════
  Training: 15000 epochs | 1024 pts/set | 8 sets
  Per epoch: 8192 pts | device: cuda:0
  lr: 0.00015 -> 1.4999999999999999e-05  (CosineAnnealing)
  Network: SIREN  omega_0=45.0
════════════════════════════════════════════════════════════════
  Epoch     1/15000  loss=3.8063e-01  lr=1.50e-04  (0.0s)

  Done in 184.2s | min loss = 2.5152e-06


════════════════════════════════════════════════════════════════
  Training: 15000 epochs | 1024 pts/set | 8 sets
  Per epoch: 8192 pts | device: cuda:0
  lr: 0.00015 -> 1.4999999999999999e-05  (CosineAnnealing)
  Network: SIREN  omega_0=45.0
════════════════════════════════════════════════════════════════
  Epoch     1/15000  loss=4.1656e-01  lr=1.50e-04  (0.0s)

  Done in 181.7s | min loss = 3.7408e-06


════════════════════════════════════════════════════════════════
  Training: 15000 epochs | 1024 pts/set | 8 sets
  Per epoch: 8192 pts | device: cuda:0
  lr: 0.00015 -> 1.4999999999999999e-05  (CosineAnnealing)
  Network: SIREN  omega_0=45.0
════════════════════════════════════════════════════════════════
  Epoch     1/15000  loss=3.6720e-01  lr=1.50e-04  (0.0s)

  Done in 185.4s | min loss = 3.4204e-06

    -> digits per seed=[4, 3, 3]  best_mean_relerr=8.780e-04  median_digits=3  (551.3s total)
[group 261/640] hidden=[128, 128, 128, 128] omega0=45.0 lr=0.0002 N=512 epochs=3000  (3 seeds)

════════════════════════════════════════════════════════════════
  Training: 3000 epochs | 512 pts/set | 8 sets
  Per epoch: 4096 pts | device: cuda:0
  lr: 0.0002 -> 2e-05  (CosineAnnealing)
  Network: SIREN  omega_0=45.0
════════════════════════════════════════════════════════════════
  Epoch     1/3000  loss=4.0445e-01  lr=2.00e-04  (0.0s)

  Done in 37.5s | min loss = 1.7702e-05


════════════════════════════════════════════════════════════════
  Training: 3000 epochs | 512 pts/set | 8 sets
  Per epoch: 4096 pts | device: cuda:0
  lr: 0.0002 -> 2e-05  (CosineAnnealing)
  Network: SIREN  omega_0=45.0
════════════════════════════════════════════════════════════════
  Epoch     1/3000  loss=4.1948e-01  lr=2.00e-04  (0.0s)

  Done in 36.6s | min loss = 1.7749e-05


════════════════════════════════════════════════════════════════
  Training: 3000 epochs | 512 pts/set | 8 sets
  Per epoch: 4096 pts | device: cuda:0
  lr: 0.0002 -> 2e-05  (CosineAnnealing)
  Network: SIREN  omega_0=45.0
════════════════════════════════════════════════════════════════
  Epoch     1/3000  loss=3.4093e-01  lr=2.00e-04  (0.0s)

  Done in 36.7s | min loss = 1.8909e-05

    -> digits per seed=[3, 4, 4]  best_mean_relerr=3.111e-04  median_digits=4  (110.9s total)
[group 262/640] hidden=[128, 128, 128, 128] omega0=45.0 lr=0.0002 N=512 epochs=4500  (3 seeds)

════════════════════════════════════════════════════════════════
  Training: 4500 epochs | 512 pts/set | 8 sets
  Per epoch: 4096 pts | device: cuda:0
  lr: 0.0002 -> 2e-05  (CosineAnnealing)
  Network: SIREN  omega_0=45.0
════════════════════════════════════════════════════════════════
  Epoch     1/4500  loss=4.0445e-01  lr=2.00e-04  (0.0s)

  Done in 54.5s | min loss = 1.1114e-05


════════════════════════════════════════════════════════════════
  Training: 4500 epochs | 512 pts/set | 8 sets
  Per epoch: 4096 pts | device: cuda:0
  lr: 0.0002 -> 2e-05  (CosineAnnealing)
  Network: SIREN  omega_0=45.0
════════════════════════════════════════════════════════════════
  Epoch     1/4500  loss=4.1948e-01  lr=2.00e-04  (0.0s)

  Done in 54.7s | min loss = 1.0684e-05


════════════════════════════════════════════════════════════════
  Training: 4500 epochs | 512 pts/set | 8 sets
  Per epoch: 4096 pts | device: cuda:0
  lr: 0.0002 -> 2e-05  (CosineAnnealing)
  Network: SIREN  omega_0=45.0
════════════════════════════════════════════════════════════════
  Epoch     1/4500  loss=3.4093e-01  lr=2.00e-04  (0.0s)

  Done in 54.5s | min loss = 1.1914e-05

    -> digits per seed=[4, 4, 4]  best_mean_relerr=3.794e-04  median_digits=4  (163.8s total)
[group 263/640] hidden=[128, 128, 128, 128] omega0=45.0 lr=0.0002 N=512 epochs=6500  (3 seeds)

════════════════════════════════════════════════════════════════
  Training: 6500 epochs | 512 pts/set | 8 sets
  Per epoch: 4096 pts | device: cuda:0
  lr: 0.0002 -> 2e-05  (CosineAnnealing)
  Network: SIREN  omega_0=45.0
════════════════════════════════════════════════════════════════
  Epoch     1/6500  loss=4.0445e-01  lr=2.00e-04  (0.0s)

  Done in 78.9s | min loss = 8.6750e-06


════════════════════════════════════════════════════════════════
  Training: 6500 epochs | 512 pts/set | 8 sets
  Per epoch: 4096 pts | device: cuda:0
  lr: 0.0002 -> 2e-05  (CosineAnnealing)
  Network: SIREN  omega_0=45.0
════════════════════════════════════════════════════════════════
  Epoch     1/6500  loss=4.1948e-01  lr=2.00e-04  (0.0s)

  Done in 78.3s | min loss = 9.2222e-06


════════════════════════════════════════════════════════════════
  Training: 6500 epochs | 512 pts/set | 8 sets
  Per epoch: 4096 pts | device: cuda:0
  lr: 0.0002 -> 2e-05  (CosineAnnealing)
  Network: SIREN  omega_0=45.0
════════════════════════════════════════════════════════════════
  Epoch     1/6500  loss=3.4093e-01  lr=2.00e-04  (0.0s)

  Done in 79.1s | min loss = 9.1606e-06

    -> digits per seed=[3, 4, 4]  best_mean_relerr=5.617e-04  median_digits=4  (236.3s total)
[group 264/640] hidden=[128, 128, 128, 128] omega0=45.0 lr=0.0002 N=512 epochs=10000  (3 seeds)

════════════════════════════════════════════════════════════════
  Training: 10000 epochs | 512 pts/set | 8 sets
  Per epoch: 4096 pts | device: cuda:0
  lr: 0.0002 -> 2e-05  (CosineAnnealing)
  Network: SIREN  omega_0=45.0
════════════════════════════════════════════════════════════════
  Epoch     1/10000  loss=4.0445e-01  lr=2.00e-04  (0.0s)

  Done in 121.2s | min loss = 9.1253e-06


════════════════════════════════════════════════════════════════
  Training: 10000 epochs | 512 pts/set | 8 sets
  Per epoch: 4096 pts | device: cuda:0
  lr: 0.0002 -> 2e-05  (CosineAnnealing)
  Network: SIREN  omega_0=45.0
════════════════════════════════════════════════════════════════
  Epoch     1/10000  loss=4.1948e-01  lr=2.00e-04  (0.0s)

  Done in 119.3s | min loss = 9.4389e-06


════════════════════════════════════════════════════════════════
  Training: 10000 epochs | 512 pts/set | 8 sets
  Per epoch: 4096 pts | device: cuda:0
  lr: 0.0002 -> 2e-05  (CosineAnnealing)
  Network: SIREN  omega_0=45.0
════════════════════════════════════════════════════════════════
  Epoch     1/10000  loss=3.4093e-01  lr=2.00e-04  (0.0s)

  Done in 120.1s | min loss = 9.1605e-06

    -> digits per seed=[3, 3, 3]  best_mean_relerr=1.429e-03  median_digits=3  (360.6s total)
[group 265/640] hidden=[128, 128, 128, 128] omega0=45.0 lr=0.0002 N=512 epochs=15000  (3 seeds)

════════════════════════════════════════════════════════════════
  Training: 15000 epochs | 512 pts/set | 8 sets
  Per epoch: 4096 pts | device: cuda:0
  lr: 0.0002 -> 2e-05  (CosineAnnealing)
  Network: SIREN  omega_0=45.0
════════════════════════════════════════════════════════════════
  Epoch     1/15000  loss=4.0445e-01  lr=2.00e-04  (0.0s)

  Done in 188.5s | min loss = 7.0603e-06


════════════════════════════════════════════════════════════════
  Training: 15000 epochs | 512 pts/set | 8 sets
  Per epoch: 4096 pts | device: cuda:0
  lr: 0.0002 -> 2e-05  (CosineAnnealing)
  Network: SIREN  omega_0=45.0
════════════════════════════════════════════════════════════════
  Epoch     1/15000  loss=4.1948e-01  lr=2.00e-04  (0.0s)

  Done in 183.5s | min loss = 8.0766e-06


════════════════════════════════════════════════════════════════
  Training: 15000 epochs | 512 pts/set | 8 sets
  Per epoch: 4096 pts | device: cuda:0
  lr: 0.0002 -> 2e-05  (CosineAnnealing)
  Network: SIREN  omega_0=45.0
════════════════════════════════════════════════════════════════
  Epoch     1/15000  loss=3.4093e-01  lr=2.00e-04  (0.0s)

  Done in 182.8s | min loss = 7.0328e-06

    -> digits per seed=[3, 3, 3]  best_mean_relerr=1.872e-03  median_digits=3  (554.8s total)
[group 266/640] hidden=[128, 128, 128, 128] omega0=45.0 lr=0.0002 N=1024 epochs=3000  (3 seeds)

════════════════════════════════════════════════════════════════
  Training: 3000 epochs | 1024 pts/set | 8 sets
  Per epoch: 8192 pts | device: cuda:0
  lr: 0.0002 -> 2e-05  (CosineAnnealing)
  Network: SIREN  omega_0=45.0
════════════════════════════════════════════════════════════════
  Epoch     1/3000  loss=3.8063e-01  lr=2.00e-04  (0.0s)

  Done in 36.4s | min loss = 1.0301e-05


════════════════════════════════════════════════════════════════
  Training: 3000 epochs | 1024 pts/set | 8 sets
  Per epoch: 8192 pts | device: cuda:0
  lr: 0.0002 -> 2e-05  (CosineAnnealing)
  Network: SIREN  omega_0=45.0
════════════════════════════════════════════════════════════════
  Epoch     1/3000  loss=4.1656e-01  lr=2.00e-04  (0.0s)

  Done in 35.8s | min loss = 1.0841e-05


════════════════════════════════════════════════════════════════
  Training: 3000 epochs | 1024 pts/set | 8 sets
  Per epoch: 8192 pts | device: cuda:0
  lr: 0.0002 -> 2e-05  (CosineAnnealing)
  Network: SIREN  omega_0=45.0
════════════════════════════════════════════════════════════════
  Epoch     1/3000  loss=3.6720e-01  lr=2.00e-04  (0.0s)

  Done in 35.5s | min loss = 1.1114e-05

    -> digits per seed=[3, 4, 4]  best_mean_relerr=2.794e-04  median_digits=4  (107.7s total)
[group 267/640] hidden=[128, 128, 128, 128] omega0=45.0 lr=0.0002 N=1024 epochs=4500  (3 seeds)

════════════════════════════════════════════════════════════════
  Training: 4500 epochs | 1024 pts/set | 8 sets
  Per epoch: 8192 pts | device: cuda:0
  lr: 0.0002 -> 2e-05  (CosineAnnealing)
  Network: SIREN  omega_0=45.0
════════════════════════════════════════════════════════════════
  Epoch     1/4500  loss=3.8063e-01  lr=2.00e-04  (0.0s)

  Done in 55.3s | min loss = 6.2989e-06


════════════════════════════════════════════════════════════════
  Training: 4500 epochs | 1024 pts/set | 8 sets
  Per epoch: 8192 pts | device: cuda:0
  lr: 0.0002 -> 2e-05  (CosineAnnealing)
  Network: SIREN  omega_0=45.0
════════════════════════════════════════════════════════════════
  Epoch     1/4500  loss=4.1656e-01  lr=2.00e-04  (0.0s)

  Done in 54.7s | min loss = 6.7221e-06


════════════════════════════════════════════════════════════════
  Training: 4500 epochs | 1024 pts/set | 8 sets
  Per epoch: 8192 pts | device: cuda:0
  lr: 0.0002 -> 2e-05  (CosineAnnealing)
  Network: SIREN  omega_0=45.0
════════════════════════════════════════════════════════════════
  Epoch     1/4500  loss=3.6720e-01  lr=2.00e-04  (0.0s)

  Done in 54.2s | min loss = 6.9830e-06

    -> digits per seed=[4, 4, 4]  best_mean_relerr=3.932e-04  median_digits=4  (164.2s total)
[group 268/640] hidden=[128, 128, 128, 128] omega0=45.0 lr=0.0002 N=1024 epochs=6500  (3 seeds)

════════════════════════════════════════════════════════════════
  Training: 6500 epochs | 1024 pts/set | 8 sets
  Per epoch: 8192 pts | device: cuda:0
  lr: 0.0002 -> 2e-05  (CosineAnnealing)
  Network: SIREN  omega_0=45.0
════════════════════════════════════════════════════════════════
  Epoch     1/6500  loss=3.8063e-01  lr=2.00e-04  (0.0s)

  Done in 78.6s | min loss = 4.8560e-06


════════════════════════════════════════════════════════════════
  Training: 6500 epochs | 1024 pts/set | 8 sets
  Per epoch: 8192 pts | device: cuda:0
  lr: 0.0002 -> 2e-05  (CosineAnnealing)
  Network: SIREN  omega_0=45.0
════════════════════════════════════════════════════════════════
  Epoch     1/6500  loss=4.1656e-01  lr=2.00e-04  (0.0s)

  Done in 78.6s | min loss = 4.8112e-06


════════════════════════════════════════════════════════════════
  Training: 6500 epochs | 1024 pts/set | 8 sets
  Per epoch: 8192 pts | device: cuda:0
  lr: 0.0002 -> 2e-05  (CosineAnnealing)
  Network: SIREN  omega_0=45.0
════════════════════════════════════════════════════════════════
  Epoch     1/6500  loss=3.6720e-01  lr=2.00e-04  (0.0s)

  Done in 78.7s | min loss = 4.9936e-06

    -> digits per seed=[4, 3, 4]  best_mean_relerr=3.434e-04  median_digits=4  (235.9s total)
[group 269/640] hidden=[128, 128, 128, 128] omega0=45.0 lr=0.0002 N=1024 epochs=10000  (3 seeds)

════════════════════════════════════════════════════════════════
  Training: 10000 epochs | 1024 pts/set | 8 sets
  Per epoch: 8192 pts | device: cuda:0
  lr: 0.0002 -> 2e-05  (CosineAnnealing)
  Network: SIREN  omega_0=45.0
════════════════════════════════════════════════════════════════
  Epoch     1/10000  loss=3.8063e-01  lr=2.00e-04  (0.0s)

  Done in 122.9s | min loss = 4.0886e-06


════════════════════════════════════════════════════════════════
  Training: 10000 epochs | 1024 pts/set | 8 sets
  Per epoch: 8192 pts | device: cuda:0
  lr: 0.0002 -> 2e-05  (CosineAnnealing)
  Network: SIREN  omega_0=45.0
════════════════════════════════════════════════════════════════
  Epoch     1/10000  loss=4.1656e-01  lr=2.00e-04  (0.0s)

  Done in 121.9s | min loss = 4.2610e-06


════════════════════════════════════════════════════════════════
  Training: 10000 epochs | 1024 pts/set | 8 sets
  Per epoch: 8192 pts | device: cuda:0
  lr: 0.0002 -> 2e-05  (CosineAnnealing)
  Network: SIREN  omega_0=45.0
════════════════════════════════════════════════════════════════
  Epoch     1/10000  loss=3.6720e-01  lr=2.00e-04  (0.0s)

  Done in 122.1s | min loss = 4.3708e-06

    -> digits per seed=[4, 4, 3]  best_mean_relerr=6.926e-04  median_digits=4  (366.9s total)
[group 270/640] hidden=[128, 128, 128, 128] omega0=45.0 lr=0.0002 N=1024 epochs=15000  (3 seeds)

════════════════════════════════════════════════════════════════
  Training: 15000 epochs | 1024 pts/set | 8 sets
  Per epoch: 8192 pts | device: cuda:0
  lr: 0.0002 -> 2e-05  (CosineAnnealing)
  Network: SIREN  omega_0=45.0
════════════════════════════════════════════════════════════════
  Epoch     1/15000  loss=3.8063e-01  lr=2.00e-04  (0.0s)

  Done in 185.1s | min loss = 3.1208e-06


════════════════════════════════════════════════════════════════
  Training: 15000 epochs | 1024 pts/set | 8 sets
  Per epoch: 8192 pts | device: cuda:0
  lr: 0.0002 -> 2e-05  (CosineAnnealing)
  Network: SIREN  omega_0=45.0
════════════════════════════════════════════════════════════════
  Epoch     1/15000  loss=4.1656e-01  lr=2.00e-04  (0.0s)

  Done in 182.5s | min loss = 3.9342e-06


════════════════════════════════════════════════════════════════
  Training: 15000 epochs | 1024 pts/set | 8 sets
  Per epoch: 8192 pts | device: cuda:0
  lr: 0.0002 -> 2e-05  (CosineAnnealing)
  Network: SIREN  omega_0=45.0
════════════════════════════════════════════════════════════════
  Epoch     1/15000  loss=3.6720e-01  lr=2.00e-04  (0.0s)

  Done in 182.8s | min loss = 3.3812e-06

    -> digits per seed=[3, 3, 3]  best_mean_relerr=1.362e-03  median_digits=3  (550.4s total)
[group 271/640] hidden=[128, 128, 128, 128] omega0=45.0 lr=0.0003 N=512 epochs=3000  (3 seeds)

════════════════════════════════════════════════════════════════
  Training: 3000 epochs | 512 pts/set | 8 sets
  Per epoch: 4096 pts | device: cuda:0
  lr: 0.0003 -> 2.9999999999999997e-05  (CosineAnnealing)
  Network: SIREN  omega_0=45.0
════════════════════════════════════════════════════════════════
  Epoch     1/3000  loss=4.0445e-01  lr=3.00e-04  (0.0s)

  Done in 36.8s | min loss = 1.7376e-05


════════════════════════════════════════════════════════════════
  Training: 3000 epochs | 512 pts/set | 8 sets
  Per epoch: 4096 pts | device: cuda:0
  lr: 0.0003 -> 2.9999999999999997e-05  (CosineAnnealing)
  Network: SIREN  omega_0=45.0
════════════════════════════════════════════════════════════════
  Epoch     1/3000  loss=4.1948e-01  lr=3.00e-04  (0.0s)

  Done in 36.9s | min loss = 1.6452e-05


════════════════════════════════════════════════════════════════
  Training: 3000 epochs | 512 pts/set | 8 sets
  Per epoch: 4096 pts | device: cuda:0
  lr: 0.0003 -> 2.9999999999999997e-05  (CosineAnnealing)
  Network: SIREN  omega_0=45.0
════════════════════════════════════════════════════════════════
  Epoch     1/3000  loss=3.4093e-01  lr=3.00e-04  (0.0s)

  Done in 38.4s | min loss = 1.7713e-05

    -> digits per seed=[3, 4, 4]  best_mean_relerr=5.354e-04  median_digits=4  (112.1s total)
[group 272/640] hidden=[128, 128, 128, 128] omega0=45.0 lr=0.0003 N=512 epochs=4500  (3 seeds)

════════════════════════════════════════════════════════════════
  Training: 4500 epochs | 512 pts/set | 8 sets
  Per epoch: 4096 pts | device: cuda:0
  lr: 0.0003 -> 2.9999999999999997e-05  (CosineAnnealing)
  Network: SIREN  omega_0=45.0
════════════════════════════════════════════════════════════════
  Epoch     1/4500  loss=4.0445e-01  lr=3.00e-04  (0.0s)

  Done in 57.2s | min loss = 1.2032e-05


════════════════════════════════════════════════════════════════
  Training: 4500 epochs | 512 pts/set | 8 sets
  Per epoch: 4096 pts | device: cuda:0
  lr: 0.0003 -> 2.9999999999999997e-05  (CosineAnnealing)
  Network: SIREN  omega_0=45.0
════════════════════════════════════════════════════════════════
  Epoch     1/4500  loss=4.1948e-01  lr=3.00e-04  (0.0s)

  Done in 57.9s | min loss = 1.1071e-05


════════════════════════════════════════════════════════════════
  Training: 4500 epochs | 512 pts/set | 8 sets
  Per epoch: 4096 pts | device: cuda:0
  lr: 0.0003 -> 2.9999999999999997e-05  (CosineAnnealing)
  Network: SIREN  omega_0=45.0
════════════════════════════════════════════════════════════════
  Epoch     1/4500  loss=3.4093e-01  lr=3.00e-04  (0.0s)

  Done in 58.9s | min loss = 1.0935e-05

    -> digits per seed=[3, 4, 4]  best_mean_relerr=4.735e-04  median_digits=4  (173.9s total)
[group 273/640] hidden=[128, 128, 128, 128] omega0=45.0 lr=0.0003 N=512 epochs=6500  (3 seeds)

════════════════════════════════════════════════════════════════
  Training: 6500 epochs | 512 pts/set | 8 sets
  Per epoch: 4096 pts | device: cuda:0
  lr: 0.0003 -> 2.9999999999999997e-05  (CosineAnnealing)
  Network: SIREN  omega_0=45.0
════════════════════════════════════════════════════════════════
  Epoch     1/6500  loss=4.0445e-01  lr=3.00e-04  (0.0s)

  Done in 83.4s | min loss = 9.6015e-06


════════════════════════════════════════════════════════════════
  Training: 6500 epochs | 512 pts/set | 8 sets
  Per epoch: 4096 pts | device: cuda:0
  lr: 0.0003 -> 2.9999999999999997e-05  (CosineAnnealing)
  Network: SIREN  omega_0=45.0
════════════════════════════════════════════════════════════════
  Epoch     1/6500  loss=4.1948e-01  lr=3.00e-04  (0.0s)

  Done in 84.1s | min loss = 1.2005e-05


════════════════════════════════════════════════════════════════
  Training: 6500 epochs | 512 pts/set | 8 sets
  Per epoch: 4096 pts | device: cuda:0
  lr: 0.0003 -> 2.9999999999999997e-05  (CosineAnnealing)
  Network: SIREN  omega_0=45.0
════════════════════════════════════════════════════════════════
  Epoch     1/6500  loss=3.4093e-01  lr=3.00e-04  (0.0s)

  Done in 80.0s | min loss = 1.0545e-05

    -> digits per seed=[3, 4, 4]  best_mean_relerr=5.614e-04  median_digits=4  (247.6s total)
[group 274/640] hidden=[128, 128, 128, 128] omega0=45.0 lr=0.0003 N=512 epochs=10000  (3 seeds)

════════════════════════════════════════════════════════════════
  Training: 10000 epochs | 512 pts/set | 8 sets
  Per epoch: 4096 pts | device: cuda:0
  lr: 0.0003 -> 2.9999999999999997e-05  (CosineAnnealing)
  Network: SIREN  omega_0=45.0
════════════════════════════════════════════════════════════════
  Epoch     1/10000  loss=4.0445e-01  lr=3.00e-04  (0.0s)

  Done in 118.6s | min loss = 1.2907e-05


════════════════════════════════════════════════════════════════
  Training: 10000 epochs | 512 pts/set | 8 sets
  Per epoch: 4096 pts | device: cuda:0
  lr: 0.0003 -> 2.9999999999999997e-05  (CosineAnnealing)
  Network: SIREN  omega_0=45.0
════════════════════════════════════════════════════════════════
  Epoch     1/10000  loss=4.1948e-01  lr=3.00e-04  (0.0s)

  Done in 120.2s | min loss = 1.0654e-05


════════════════════════════════════════════════════════════════
  Training: 10000 epochs | 512 pts/set | 8 sets
  Per epoch: 4096 pts | device: cuda:0
  lr: 0.0003 -> 2.9999999999999997e-05  (CosineAnnealing)
  Network: SIREN  omega_0=45.0
════════════════════════════════════════════════════════════════
  Epoch     1/10000  loss=3.4093e-01  lr=3.00e-04  (0.0s)

  Done in 120.2s | min loss = 1.1472e-05

    -> digits per seed=[3, 3, 3]  best_mean_relerr=1.741e-03  median_digits=3  (359.0s total)
[group 275/640] hidden=[128, 128, 128, 128] omega0=45.0 lr=0.0003 N=512 epochs=15000  (3 seeds)

════════════════════════════════════════════════════════════════
  Training: 15000 epochs | 512 pts/set | 8 sets
  Per epoch: 4096 pts | device: cuda:0
  lr: 0.0003 -> 2.9999999999999997e-05  (CosineAnnealing)
  Network: SIREN  omega_0=45.0
════════════════════════════════════════════════════════════════
  Epoch     1/15000  loss=4.0445e-01  lr=3.00e-04  (0.0s)

  Done in 180.2s | min loss = 1.3706e-05


════════════════════════════════════════════════════════════════
  Training: 15000 epochs | 512 pts/set | 8 sets
  Per epoch: 4096 pts | device: cuda:0
  lr: 0.0003 -> 2.9999999999999997e-05  (CosineAnnealing)
  Network: SIREN  omega_0=45.0
════════════════════════════════════════════════════════════════
  Epoch     1/15000  loss=4.1948e-01  lr=3.00e-04  (0.0s)

  Done in 178.1s | min loss = 1.2630e-05


════════════════════════════════════════════════════════════════
  Training: 15000 epochs | 512 pts/set | 8 sets
  Per epoch: 4096 pts | device: cuda:0
  lr: 0.0003 -> 2.9999999999999997e-05  (CosineAnnealing)
  Network: SIREN  omega_0=45.0
════════════════════════════════════════════════════════════════
  Epoch     1/15000  loss=3.4093e-01  lr=3.00e-04  (0.0s)

  Done in 183.6s | min loss = 1.0600e-05

    -> digits per seed=[3, 3, 3]  best_mean_relerr=1.941e-03  median_digits=3  (541.9s total)
[group 276/640] hidden=[128, 128, 128, 128] omega0=45.0 lr=0.0003 N=1024 epochs=3000  (3 seeds)

════════════════════════════════════════════════════════════════
  Training: 3000 epochs | 1024 pts/set | 8 sets
  Per epoch: 8192 pts | device: cuda:0
  lr: 0.0003 -> 2.9999999999999997e-05  (CosineAnnealing)
  Network: SIREN  omega_0=45.0
════════════════════════════════════════════════════════════════
  Epoch     1/3000  loss=3.8063e-01  lr=3.00e-04  (0.0s)

  Done in 36.1s | min loss = 8.8375e-06


════════════════════════════════════════════════════════════════
  Training: 3000 epochs | 1024 pts/set | 8 sets
  Per epoch: 8192 pts | device: cuda:0
  lr: 0.0003 -> 2.9999999999999997e-05  (CosineAnnealing)
  Network: SIREN  omega_0=45.0
════════════════════════════════════════════════════════════════
  Epoch     1/3000  loss=4.1656e-01  lr=3.00e-04  (0.0s)

  Done in 36.2s | min loss = 9.1745e-06


════════════════════════════════════════════════════════════════
  Training: 3000 epochs | 1024 pts/set | 8 sets
  Per epoch: 8192 pts | device: cuda:0
  lr: 0.0003 -> 2.9999999999999997e-05  (CosineAnnealing)
  Network: SIREN  omega_0=45.0
════════════════════════════════════════════════════════════════
  Epoch     1/3000  loss=3.6720e-01  lr=3.00e-04  (0.0s)

  Done in 36.4s | min loss = 9.2294e-06

    -> digits per seed=[4, 4, 4]  best_mean_relerr=3.313e-04  median_digits=4  (108.7s total)
[group 277/640] hidden=[128, 128, 128, 128] omega0=45.0 lr=0.0003 N=1024 epochs=4500  (3 seeds)

════════════════════════════════════════════════════════════════
  Training: 4500 epochs | 1024 pts/set | 8 sets
  Per epoch: 8192 pts | device: cuda:0
  lr: 0.0003 -> 2.9999999999999997e-05  (CosineAnnealing)
  Network: SIREN  omega_0=45.0
════════════════════════════════════════════════════════════════
  Epoch     1/4500  loss=3.8063e-01  lr=3.00e-04  (0.0s)

  Done in 55.6s | min loss = 5.1542e-06


════════════════════════════════════════════════════════════════
  Training: 4500 epochs | 1024 pts/set | 8 sets
  Per epoch: 8192 pts | device: cuda:0
  lr: 0.0003 -> 2.9999999999999997e-05  (CosineAnnealing)
  Network: SIREN  omega_0=45.0
════════════════════════════════════════════════════════════════
  Epoch     1/4500  loss=4.1656e-01  lr=3.00e-04  (0.0s)

  Done in 54.7s | min loss = 6.0376e-06


════════════════════════════════════════════════════════════════
  Training: 4500 epochs | 1024 pts/set | 8 sets
  Per epoch: 8192 pts | device: cuda:0
  lr: 0.0003 -> 2.9999999999999997e-05  (CosineAnnealing)
  Network: SIREN  omega_0=45.0
════════════════════════════════════════════════════════════════
  Epoch     1/4500  loss=3.6720e-01  lr=3.00e-04  (0.0s)

  Done in 54.5s | min loss = 6.3040e-06

    -> digits per seed=[4, 4, 4]  best_mean_relerr=5.182e-04  median_digits=4  (164.8s total)
[group 278/640] hidden=[128, 128, 128, 128] omega0=45.0 lr=0.0003 N=1024 epochs=6500  (3 seeds)

════════════════════════════════════════════════════════════════
  Training: 6500 epochs | 1024 pts/set | 8 sets
  Per epoch: 8192 pts | device: cuda:0
  lr: 0.0003 -> 2.9999999999999997e-05  (CosineAnnealing)
  Network: SIREN  omega_0=45.0
════════════════════════════════════════════════════════════════
  Epoch     1/6500  loss=3.8063e-01  lr=3.00e-04  (0.0s)

  Done in 81.1s | min loss = 3.8415e-06


════════════════════════════════════════════════════════════════
  Training: 6500 epochs | 1024 pts/set | 8 sets
  Per epoch: 8192 pts | device: cuda:0
  lr: 0.0003 -> 2.9999999999999997e-05  (CosineAnnealing)
  Network: SIREN  omega_0=45.0
════════════════════════════════════════════════════════════════
  Epoch     1/6500  loss=4.1656e-01  lr=3.00e-04  (0.0s)

  Done in 79.5s | min loss = 4.5417e-06


════════════════════════════════════════════════════════════════
  Training: 6500 epochs | 1024 pts/set | 8 sets
  Per epoch: 8192 pts | device: cuda:0
  lr: 0.0003 -> 2.9999999999999997e-05  (CosineAnnealing)
  Network: SIREN  omega_0=45.0
════════════════════════════════════════════════════════════════
  Epoch     1/6500  loss=3.6720e-01  lr=3.00e-04  (0.0s)

  Done in 79.1s | min loss = 4.9058e-06

    -> digits per seed=[4, 3, 4]  best_mean_relerr=2.342e-04  median_digits=4  (239.7s total)
[group 279/640] hidden=[128, 128, 128, 128] omega0=45.0 lr=0.0003 N=1024 epochs=10000  (3 seeds)

════════════════════════════════════════════════════════════════
  Training: 10000 epochs | 1024 pts/set | 8 sets
  Per epoch: 8192 pts | device: cuda:0
  lr: 0.0003 -> 2.9999999999999997e-05  (CosineAnnealing)
  Network: SIREN  omega_0=45.0
════════════════════════════════════════════════════════════════
  Epoch     1/10000  loss=3.8063e-01  lr=3.00e-04  (0.0s)

  Done in 121.0s | min loss = 6.0496e-06


════════════════════════════════════════════════════════════════
  Training: 10000 epochs | 1024 pts/set | 8 sets
  Per epoch: 8192 pts | device: cuda:0
  lr: 0.0003 -> 2.9999999999999997e-05  (CosineAnnealing)
  Network: SIREN  omega_0=45.0
════════════════════════════════════════════════════════════════
  Epoch     1/10000  loss=4.1656e-01  lr=3.00e-04  (0.0s)

  Done in 121.8s | min loss = 5.2376e-06


════════════════════════════════════════════════════════════════
  Training: 10000 epochs | 1024 pts/set | 8 sets
  Per epoch: 8192 pts | device: cuda:0
  lr: 0.0003 -> 2.9999999999999997e-05  (CosineAnnealing)
  Network: SIREN  omega_0=45.0
════════════════════════════════════════════════════════════════
  Epoch     1/10000  loss=3.6720e-01  lr=3.00e-04  (0.0s)

  Done in 121.8s | min loss = 5.6899e-06

    -> digits per seed=[3, 3, 4]  best_mean_relerr=1.184e-03  median_digits=3  (364.6s total)
[group 280/640] hidden=[128, 128, 128, 128] omega0=45.0 lr=0.0003 N=1024 epochs=15000  (3 seeds)

════════════════════════════════════════════════════════════════
  Training: 15000 epochs | 1024 pts/set | 8 sets
  Per epoch: 8192 pts | device: cuda:0
  lr: 0.0003 -> 2.9999999999999997e-05  (CosineAnnealing)
  Network: SIREN  omega_0=45.0
════════════════════════════════════════════════════════════════
  Epoch     1/15000  loss=3.8063e-01  lr=3.00e-04  (0.0s)

  Done in 182.8s | min loss = 5.1370e-06


════════════════════════════════════════════════════════════════
  Training: 15000 epochs | 1024 pts/set | 8 sets
  Per epoch: 8192 pts | device: cuda:0
  lr: 0.0003 -> 2.9999999999999997e-05  (CosineAnnealing)
  Network: SIREN  omega_0=45.0
════════════════════════════════════════════════════════════════
  Epoch     1/15000  loss=4.1656e-01  lr=3.00e-04  (0.0s)

  Done in 185.6s | min loss = 6.5001e-06


════════════════════════════════════════════════════════════════
  Training: 15000 epochs | 1024 pts/set | 8 sets
  Per epoch: 8192 pts | device: cuda:0
  lr: 0.0003 -> 2.9999999999999997e-05  (CosineAnnealing)
  Network: SIREN  omega_0=45.0
════════════════════════════════════════════════════════════════
  Epoch     1/15000  loss=3.6720e-01  lr=3.00e-04  (0.0s)

  Done in 185.7s | min loss = 4.4738e-06

    -> digits per seed=[3, 4, 3]  best_mean_relerr=7.847e-04  median_digits=3  (554.1s total)
[group 281/640] hidden=[128, 128, 128, 128] omega0=52.5 lr=0.0001 N=512 epochs=3000  (3 seeds)

════════════════════════════════════════════════════════════════
  Training: 3000 epochs | 512 pts/set | 8 sets
  Per epoch: 4096 pts | device: cuda:0
  lr: 0.0001 -> 1e-05  (CosineAnnealing)
  Network: SIREN  omega_0=52.5
════════════════════════════════════════════════════════════════
  Epoch     1/3000  loss=4.0446e-01  lr=1.00e-04  (0.0s)

  Done in 37.3s | min loss = 2.2157e-05


════════════════════════════════════════════════════════════════
  Training: 3000 epochs | 512 pts/set | 8 sets
  Per epoch: 4096 pts | device: cuda:0
  lr: 0.0001 -> 1e-05  (CosineAnnealing)
  Network: SIREN  omega_0=52.5
════════════════════════════════════════════════════════════════
  Epoch     1/3000  loss=4.1948e-01  lr=1.00e-04  (0.0s)

  Done in 37.3s | min loss = 2.6878e-05


════════════════════════════════════════════════════════════════
  Training: 3000 epochs | 512 pts/set | 8 sets
  Per epoch: 4096 pts | device: cuda:0
  lr: 0.0001 -> 1e-05  (CosineAnnealing)
  Network: SIREN  omega_0=52.5
════════════════════════════════════════════════════════════════
  Epoch     1/3000  loss=3.4093e-01  lr=1.00e-04  (0.0s)

  Done in 37.4s | min loss = 2.5272e-05

    -> digits per seed=[3, 4, 4]  best_mean_relerr=3.298e-04  median_digits=4  (111.9s total)
[group 282/640] hidden=[128, 128, 128, 128] omega0=52.5 lr=0.0001 N=512 epochs=4500  (3 seeds)

════════════════════════════════════════════════════════════════
  Training: 4500 epochs | 512 pts/set | 8 sets
  Per epoch: 4096 pts | device: cuda:0
  lr: 0.0001 -> 1e-05  (CosineAnnealing)
  Network: SIREN  omega_0=52.5
════════════════════════════════════════════════════════════════
  Epoch     1/4500  loss=4.0446e-01  lr=1.00e-04  (0.0s)

  Done in 54.5s | min loss = 1.3820e-05


════════════════════════════════════════════════════════════════
  Training: 4500 epochs | 512 pts/set | 8 sets
  Per epoch: 4096 pts | device: cuda:0
  lr: 0.0001 -> 1e-05  (CosineAnnealing)
  Network: SIREN  omega_0=52.5
════════════════════════════════════════════════════════════════
  Epoch     1/4500  loss=4.1948e-01  lr=1.00e-04  (0.0s)

  Done in 55.0s | min loss = 1.5835e-05


════════════════════════════════════════════════════════════════
  Training: 4500 epochs | 512 pts/set | 8 sets
  Per epoch: 4096 pts | device: cuda:0
  lr: 0.0001 -> 1e-05  (CosineAnnealing)
  Network: SIREN  omega_0=52.5
════════════════════════════════════════════════════════════════
  Epoch     1/4500  loss=3.4093e-01  lr=1.00e-04  (0.0s)

  Done in 54.6s | min loss = 1.4905e-05

    -> digits per seed=[3, 4, 4]  best_mean_relerr=2.383e-04  median_digits=4  (164.2s total)
[group 283/640] hidden=[128, 128, 128, 128] omega0=52.5 lr=0.0001 N=512 epochs=6500  (3 seeds)

════════════════════════════════════════════════════════════════
  Training: 6500 epochs | 512 pts/set | 8 sets
  Per epoch: 4096 pts | device: cuda:0
  lr: 0.0001 -> 1e-05  (CosineAnnealing)
  Network: SIREN  omega_0=52.5
════════════════════════════════════════════════════════════════
  Epoch     1/6500  loss=4.0446e-01  lr=1.00e-04  (0.0s)

  Done in 77.8s | min loss = 1.0012e-05


════════════════════════════════════════════════════════════════
  Training: 6500 epochs | 512 pts/set | 8 sets
  Per epoch: 4096 pts | device: cuda:0
  lr: 0.0001 -> 1e-05  (CosineAnnealing)
  Network: SIREN  omega_0=52.5
════════════════════════════════════════════════════════════════
  Epoch     1/6500  loss=4.1948e-01  lr=1.00e-04  (0.0s)

  Done in 79.4s | min loss = 1.2482e-05


════════════════════════════════════════════════════════════════
  Training: 6500 epochs | 512 pts/set | 8 sets
  Per epoch: 4096 pts | device: cuda:0
  lr: 0.0001 -> 1e-05  (CosineAnnealing)
  Network: SIREN  omega_0=52.5
════════════════════════════════════════════════════════════════
  Epoch     1/6500  loss=3.4093e-01  lr=1.00e-04  (0.0s)

  Done in 79.3s | min loss = 1.0996e-05

    -> digits per seed=[3, 4, 4]  best_mean_relerr=6.043e-04  median_digits=4  (236.6s total)
[group 284/640] hidden=[128, 128, 128, 128] omega0=52.5 lr=0.0001 N=512 epochs=10000  (3 seeds)

════════════════════════════════════════════════════════════════
  Training: 10000 epochs | 512 pts/set | 8 sets
  Per epoch: 4096 pts | device: cuda:0
  lr: 0.0001 -> 1e-05  (CosineAnnealing)
  Network: SIREN  omega_0=52.5
════════════════════════════════════════════════════════════════
  Epoch     1/10000  loss=4.0446e-01  lr=1.00e-04  (0.0s)

  Done in 123.9s | min loss = 7.1395e-06


════════════════════════════════════════════════════════════════
  Training: 10000 epochs | 512 pts/set | 8 sets
  Per epoch: 4096 pts | device: cuda:0
  lr: 0.0001 -> 1e-05  (CosineAnnealing)
  Network: SIREN  omega_0=52.5
════════════════════════════════════════════════════════════════
  Epoch     1/10000  loss=4.1948e-01  lr=1.00e-04  (0.0s)

  Done in 123.1s | min loss = 8.6970e-06


════════════════════════════════════════════════════════════════
  Training: 10000 epochs | 512 pts/set | 8 sets
  Per epoch: 4096 pts | device: cuda:0
  lr: 0.0001 -> 1e-05  (CosineAnnealing)
  Network: SIREN  omega_0=52.5
════════════════════════════════════════════════════════════════
  Epoch     1/10000  loss=3.4093e-01  lr=1.00e-04  (0.0s)

  Done in 121.0s | min loss = 8.7889e-06

    -> digits per seed=[4, 3, 4]  best_mean_relerr=4.141e-04  median_digits=4  (368.0s total)
[group 285/640] hidden=[128, 128, 128, 128] omega0=52.5 lr=0.0001 N=512 epochs=15000  (3 seeds)

════════════════════════════════════════════════════════════════
  Training: 15000 epochs | 512 pts/set | 8 sets
  Per epoch: 4096 pts | device: cuda:0
  lr: 0.0001 -> 1e-05  (CosineAnnealing)
  Network: SIREN  omega_0=52.5
════════════════════════════════════════════════════════════════
  Epoch     1/15000  loss=4.0446e-01  lr=1.00e-04  (0.0s)

  Done in 179.8s | min loss = 6.2153e-06


════════════════════════════════════════════════════════════════
  Training: 15000 epochs | 512 pts/set | 8 sets
  Per epoch: 4096 pts | device: cuda:0
  lr: 0.0001 -> 1e-05  (CosineAnnealing)
  Network: SIREN  omega_0=52.5
════════════════════════════════════════════════════════════════
  Epoch     1/15000  loss=4.1948e-01  lr=1.00e-04  (0.0s)

  Done in 180.0s | min loss = 8.7138e-06


════════════════════════════════════════════════════════════════
  Training: 15000 epochs | 512 pts/set | 8 sets
  Per epoch: 4096 pts | device: cuda:0
  lr: 0.0001 -> 1e-05  (CosineAnnealing)
  Network: SIREN  omega_0=52.5
════════════════════════════════════════════════════════════════
  Epoch     1/15000  loss=3.4093e-01  lr=1.00e-04  (0.0s)

  Done in 183.5s | min loss = 6.2225e-06

    -> digits per seed=[3, 3, 3]  best_mean_relerr=1.302e-03  median_digits=3  (543.4s total)
[group 286/640] hidden=[128, 128, 128, 128] omega0=52.5 lr=0.0001 N=1024 epochs=3000  (3 seeds)

════════════════════════════════════════════════════════════════
  Training: 3000 epochs | 1024 pts/set | 8 sets
  Per epoch: 8192 pts | device: cuda:0
  lr: 0.0001 -> 1e-05  (CosineAnnealing)
  Network: SIREN  omega_0=52.5
════════════════════════════════════════════════════════════════
  Epoch     1/3000  loss=3.8064e-01  lr=1.00e-04  (0.0s)

  Done in 36.6s | min loss = 1.6825e-05


════════════════════════════════════════════════════════════════
  Training: 3000 epochs | 1024 pts/set | 8 sets
  Per epoch: 8192 pts | device: cuda:0
  lr: 0.0001 -> 1e-05  (CosineAnnealing)
  Network: SIREN  omega_0=52.5
════════════════════════════════════════════════════════════════
  Epoch     1/3000  loss=4.1656e-01  lr=1.00e-04  (0.0s)

  Done in 36.3s | min loss = 2.0622e-05


════════════════════════════════════════════════════════════════
  Training: 3000 epochs | 1024 pts/set | 8 sets
  Per epoch: 8192 pts | device: cuda:0
  lr: 0.0001 -> 1e-05  (CosineAnnealing)
  Network: SIREN  omega_0=52.5
════════════════════════════════════════════════════════════════
  Epoch     1/3000  loss=3.6720e-01  lr=1.00e-04  (0.0s)

  Done in 37.0s | min loss = 1.7742e-05

    -> digits per seed=[5, 4, 4]  best_mean_relerr=1.075e-04  median_digits=4  (109.9s total)
[group 287/640] hidden=[128, 128, 128, 128] omega0=52.5 lr=0.0001 N=1024 epochs=4500  (3 seeds)

════════════════════════════════════════════════════════════════
  Training: 4500 epochs | 1024 pts/set | 8 sets
  Per epoch: 8192 pts | device: cuda:0
  lr: 0.0001 -> 1e-05  (CosineAnnealing)
  Network: SIREN  omega_0=52.5
════════════════════════════════════════════════════════════════
  Epoch     1/4500  loss=3.8064e-01  lr=1.00e-04  (0.0s)

  Done in 56.2s | min loss = 9.7785e-06


════════════════════════════════════════════════════════════════
  Training: 4500 epochs | 1024 pts/set | 8 sets
  Per epoch: 8192 pts | device: cuda:0
  lr: 0.0001 -> 1e-05  (CosineAnnealing)
  Network: SIREN  omega_0=52.5
════════════════════════════════════════════════════════════════
  Epoch     1/4500  loss=4.1656e-01  lr=1.00e-04  (0.0s)

  Done in 54.5s | min loss = 1.2136e-05


════════════════════════════════════════════════════════════════
  Training: 4500 epochs | 1024 pts/set | 8 sets
  Per epoch: 8192 pts | device: cuda:0
  lr: 0.0001 -> 1e-05  (CosineAnnealing)
  Network: SIREN  omega_0=52.5
════════════════════════════════════════════════════════════════
  Epoch     1/4500  loss=3.6720e-01  lr=1.00e-04  (0.0s)

  Done in 55.9s | min loss = 1.0525e-05

    -> digits per seed=[4, 3, 3]  best_mean_relerr=2.052e-04  median_digits=3  (166.6s total)
[group 288/640] hidden=[128, 128, 128, 128] omega0=52.5 lr=0.0001 N=1024 epochs=6500  (3 seeds)

════════════════════════════════════════════════════════════════
  Training: 6500 epochs | 1024 pts/set | 8 sets
  Per epoch: 8192 pts | device: cuda:0
  lr: 0.0001 -> 1e-05  (CosineAnnealing)
  Network: SIREN  omega_0=52.5
════════════════════════════════════════════════════════════════
  Epoch     1/6500  loss=3.8064e-01  lr=1.00e-04  (0.0s)

  Done in 79.6s | min loss = 6.9010e-06


════════════════════════════════════════════════════════════════
  Training: 6500 epochs | 1024 pts/set | 8 sets
  Per epoch: 8192 pts | device: cuda:0
  lr: 0.0001 -> 1e-05  (CosineAnnealing)
  Network: SIREN  omega_0=52.5
════════════════════════════════════════════════════════════════
  Epoch     1/6500  loss=4.1656e-01  lr=1.00e-04  (0.0s)

  Done in 79.7s | min loss = 8.9264e-06


════════════════════════════════════════════════════════════════
  Training: 6500 epochs | 1024 pts/set | 8 sets
  Per epoch: 8192 pts | device: cuda:0
  lr: 0.0001 -> 1e-05  (CosineAnnealing)
  Network: SIREN  omega_0=52.5
════════════════════════════════════════════════════════════════
  Epoch     1/6500  loss=3.6720e-01  lr=1.00e-04  (0.0s)

  Done in 79.4s | min loss = 7.2078e-06

    -> digits per seed=[3, 3, 4]  best_mean_relerr=1.702e-04  median_digits=3  (238.7s total)
[group 289/640] hidden=[128, 128, 128, 128] omega0=52.5 lr=0.0001 N=1024 epochs=10000  (3 seeds)

════════════════════════════════════════════════════════════════
  Training: 10000 epochs | 1024 pts/set | 8 sets
  Per epoch: 8192 pts | device: cuda:0
  lr: 0.0001 -> 1e-05  (CosineAnnealing)
  Network: SIREN  omega_0=52.5
════════════════════════════════════════════════════════════════
  Epoch     1/10000  loss=3.8064e-01  lr=1.00e-04  (0.0s)

  Done in 121.9s | min loss = 5.1143e-06


════════════════════════════════════════════════════════════════
  Training: 10000 epochs | 1024 pts/set | 8 sets
  Per epoch: 8192 pts | device: cuda:0
  lr: 0.0001 -> 1e-05  (CosineAnnealing)
  Network: SIREN  omega_0=52.5
════════════════════════════════════════════════════════════════
  Epoch     1/10000  loss=4.1656e-01  lr=1.00e-04  (0.0s)

  Done in 121.9s | min loss = 5.4859e-06


════════════════════════════════════════════════════════════════
  Training: 10000 epochs | 1024 pts/set | 8 sets
  Per epoch: 8192 pts | device: cuda:0
  lr: 0.0001 -> 1e-05  (CosineAnnealing)
  Network: SIREN  omega_0=52.5
════════════════════════════════════════════════════════════════
  Epoch     1/10000  loss=3.6720e-01  lr=1.00e-04  (0.0s)

  Done in 122.6s | min loss = 4.9803e-06

    -> digits per seed=[3, 3, 4]  best_mean_relerr=6.787e-04  median_digits=3  (366.4s total)
[group 290/640] hidden=[128, 128, 128, 128] omega0=52.5 lr=0.0001 N=1024 epochs=15000  (3 seeds)

════════════════════════════════════════════════════════════════
  Training: 15000 epochs | 1024 pts/set | 8 sets
  Per epoch: 8192 pts | device: cuda:0
  lr: 0.0001 -> 1e-05  (CosineAnnealing)
  Network: SIREN  omega_0=52.5
════════════════════════════════════════════════════════════════
  Epoch     1/15000  loss=3.8064e-01  lr=1.00e-04  (0.0s)

  Done in 183.3s | min loss = 3.1936e-06


════════════════════════════════════════════════════════════════
  Training: 15000 epochs | 1024 pts/set | 8 sets
  Per epoch: 8192 pts | device: cuda:0
  lr: 0.0001 -> 1e-05  (CosineAnnealing)
  Network: SIREN  omega_0=52.5
════════════════════════════════════════════════════════════════
  Epoch     1/15000  loss=4.1656e-01  lr=1.00e-04  (0.0s)

  Done in 183.8s | min loss = 4.2212e-06


════════════════════════════════════════════════════════════════
  Training: 15000 epochs | 1024 pts/set | 8 sets
  Per epoch: 8192 pts | device: cuda:0
  lr: 0.0001 -> 1e-05  (CosineAnnealing)
  Network: SIREN  omega_0=52.5
════════════════════════════════════════════════════════════════
  Epoch     1/15000  loss=3.6720e-01  lr=1.00e-04  (0.0s)

  Done in 183.8s | min loss = 3.2108e-06

    -> digits per seed=[4, 3, 4]  best_mean_relerr=3.313e-04  median_digits=4  (551.0s total)
[group 291/640] hidden=[128, 128, 128, 128] omega0=52.5 lr=0.00015 N=512 epochs=3000  (3 seeds)

════════════════════════════════════════════════════════════════
  Training: 3000 epochs | 512 pts/set | 8 sets
  Per epoch: 4096 pts | device: cuda:0
  lr: 0.00015 -> 1.4999999999999999e-05  (CosineAnnealing)
  Network: SIREN  omega_0=52.5
════════════════════════════════════════════════════════════════
  Epoch     1/3000  loss=4.0446e-01  lr=1.50e-04  (0.0s)

  Done in 37.1s | min loss = 1.6488e-05


════════════════════════════════════════════════════════════════
  Training: 3000 epochs | 512 pts/set | 8 sets
  Per epoch: 4096 pts | device: cuda:0
  lr: 0.00015 -> 1.4999999999999999e-05  (CosineAnnealing)
  Network: SIREN  omega_0=52.5
════════════════════════════════════════════════════════════════
  Epoch     1/3000  loss=4.1948e-01  lr=1.50e-04  (0.0s)

  Done in 37.3s | min loss = 2.0069e-05


════════════════════════════════════════════════════════════════
  Training: 3000 epochs | 512 pts/set | 8 sets
  Per epoch: 4096 pts | device: cuda:0
  lr: 0.00015 -> 1.4999999999999999e-05  (CosineAnnealing)
  Network: SIREN  omega_0=52.5
════════════════════════════════════════════════════════════════
  Epoch     1/3000  loss=3.4093e-01  lr=1.50e-04  (0.0s)

  Done in 36.8s | min loss = 1.8429e-05

    -> digits per seed=[3, 4, 3]  best_mean_relerr=8.208e-04  median_digits=3  (111.2s total)
[group 292/640] hidden=[128, 128, 128, 128] omega0=52.5 lr=0.00015 N=512 epochs=4500  (3 seeds)

════════════════════════════════════════════════════════════════
  Training: 4500 epochs | 512 pts/set | 8 sets
  Per epoch: 4096 pts | device: cuda:0
  lr: 0.00015 -> 1.4999999999999999e-05  (CosineAnnealing)
  Network: SIREN  omega_0=52.5
════════════════════════════════════════════════════════════════
  Epoch     1/4500  loss=4.0446e-01  lr=1.50e-04  (0.0s)

  Done in 56.1s | min loss = 1.1159e-05


════════════════════════════════════════════════════════════════
  Training: 4500 epochs | 512 pts/set | 8 sets
  Per epoch: 4096 pts | device: cuda:0
  lr: 0.00015 -> 1.4999999999999999e-05  (CosineAnnealing)
  Network: SIREN  omega_0=52.5
════════════════════════════════════════════════════════════════
  Epoch     1/4500  loss=4.1948e-01  lr=1.50e-04  (0.0s)

  Done in 56.1s | min loss = 1.2955e-05


════════════════════════════════════════════════════════════════
  Training: 4500 epochs | 512 pts/set | 8 sets
  Per epoch: 4096 pts | device: cuda:0
  lr: 0.00015 -> 1.4999999999999999e-05  (CosineAnnealing)
  Network: SIREN  omega_0=52.5
════════════════════════════════════════════════════════════════
  Epoch     1/4500  loss=3.4093e-01  lr=1.50e-04  (0.0s)

  Done in 56.3s | min loss = 1.1041e-05

    -> digits per seed=[3, 3, 4]  best_mean_relerr=2.201e-04  median_digits=3  (168.5s total)
[group 293/640] hidden=[128, 128, 128, 128] omega0=52.5 lr=0.00015 N=512 epochs=6500  (3 seeds)

════════════════════════════════════════════════════════════════
  Training: 6500 epochs | 512 pts/set | 8 sets
  Per epoch: 4096 pts | device: cuda:0
  lr: 0.00015 -> 1.4999999999999999e-05  (CosineAnnealing)
  Network: SIREN  omega_0=52.5
════════════════════════════════════════════════════════════════
  Epoch     1/6500  loss=4.0446e-01  lr=1.50e-04  (0.0s)

  Done in 80.6s | min loss = 8.2549e-06


════════════════════════════════════════════════════════════════
  Training: 6500 epochs | 512 pts/set | 8 sets
  Per epoch: 4096 pts | device: cuda:0
  lr: 0.00015 -> 1.4999999999999999e-05  (CosineAnnealing)
  Network: SIREN  omega_0=52.5
════════════════════════════════════════════════════════════════
  Epoch     1/6500  loss=4.1948e-01  lr=1.50e-04  (0.0s)

  Done in 79.9s | min loss = 9.3471e-06


════════════════════════════════════════════════════════════════
  Training: 6500 epochs | 512 pts/set | 8 sets
  Per epoch: 4096 pts | device: cuda:0
  lr: 0.00015 -> 1.4999999999999999e-05  (CosineAnnealing)
  Network: SIREN  omega_0=52.5
════════════════════════════════════════════════════════════════
  Epoch     1/6500  loss=3.4093e-01  lr=1.50e-04  (0.0s)

  Done in 79.1s | min loss = 9.1564e-06

    -> digits per seed=[3, 4, 4]  best_mean_relerr=5.626e-04  median_digits=4  (239.5s total)
[group 294/640] hidden=[128, 128, 128, 128] omega0=52.5 lr=0.00015 N=512 epochs=10000  (3 seeds)

════════════════════════════════════════════════════════════════
  Training: 10000 epochs | 512 pts/set | 8 sets
  Per epoch: 4096 pts | device: cuda:0
  lr: 0.00015 -> 1.4999999999999999e-05  (CosineAnnealing)
  Network: SIREN  omega_0=52.5
════════════════════════════════════════════════════════════════
  Epoch     1/10000  loss=4.0446e-01  lr=1.50e-04  (0.0s)

  Done in 124.4s | min loss = 7.0100e-06


════════════════════════════════════════════════════════════════
  Training: 10000 epochs | 512 pts/set | 8 sets
  Per epoch: 4096 pts | device: cuda:0
  lr: 0.00015 -> 1.4999999999999999e-05  (CosineAnnealing)
  Network: SIREN  omega_0=52.5
════════════════════════════════════════════════════════════════
  Epoch     1/10000  loss=4.1948e-01  lr=1.50e-04  (0.0s)

  Done in 122.6s | min loss = 9.3704e-06


════════════════════════════════════════════════════════════════
  Training: 10000 epochs | 512 pts/set | 8 sets
  Per epoch: 4096 pts | device: cuda:0
  lr: 0.00015 -> 1.4999999999999999e-05  (CosineAnnealing)
  Network: SIREN  omega_0=52.5
════════════════════════════════════════════════════════════════
  Epoch     1/10000  loss=3.4093e-01  lr=1.50e-04  (0.0s)

  Done in 123.5s | min loss = 9.5392e-06

    -> digits per seed=[3, 4, 3]  best_mean_relerr=5.234e-04  median_digits=3  (370.5s total)
[group 295/640] hidden=[128, 128, 128, 128] omega0=52.5 lr=0.00015 N=512 epochs=15000  (3 seeds)

════════════════════════════════════════════════════════════════
  Training: 15000 epochs | 512 pts/set | 8 sets
  Per epoch: 4096 pts | device: cuda:0
  lr: 0.00015 -> 1.4999999999999999e-05  (CosineAnnealing)
  Network: SIREN  omega_0=52.5
════════════════════════════════════════════════════════════════
  Epoch     1/15000  loss=4.0446e-01  lr=1.50e-04  (0.0s)

  Done in 185.5s | min loss = 6.5211e-06


════════════════════════════════════════════════════════════════
  Training: 15000 epochs | 512 pts/set | 8 sets
  Per epoch: 4096 pts | device: cuda:0
  lr: 0.00015 -> 1.4999999999999999e-05  (CosineAnnealing)
  Network: SIREN  omega_0=52.5
════════════════════════════════════════════════════════════════
  Epoch     1/15000  loss=4.1948e-01  lr=1.50e-04  (0.0s)

  Done in 181.9s | min loss = 8.4099e-06


════════════════════════════════════════════════════════════════
  Training: 15000 epochs | 512 pts/set | 8 sets
  Per epoch: 4096 pts | device: cuda:0
  lr: 0.00015 -> 1.4999999999999999e-05  (CosineAnnealing)
  Network: SIREN  omega_0=52.5
════════════════════════════════════════════════════════════════
  Epoch     1/15000  loss=3.4093e-01  lr=1.50e-04  (0.0s)

  Done in 182.2s | min loss = 6.0803e-06

    -> digits per seed=[3, 3, 3]  best_mean_relerr=1.262e-03  median_digits=3  (549.6s total)
[group 296/640] hidden=[128, 128, 128, 128] omega0=52.5 lr=0.00015 N=1024 epochs=3000  (3 seeds)

════════════════════════════════════════════════════════════════
  Training: 3000 epochs | 1024 pts/set | 8 sets
  Per epoch: 8192 pts | device: cuda:0
  lr: 0.00015 -> 1.4999999999999999e-05  (CosineAnnealing)
  Network: SIREN  omega_0=52.5
════════════════════════════════════════════════════════════════
  Epoch     1/3000  loss=3.8064e-01  lr=1.50e-04  (0.0s)

  Done in 36.2s | min loss = 1.1058e-05


════════════════════════════════════════════════════════════════
  Training: 3000 epochs | 1024 pts/set | 8 sets
  Per epoch: 8192 pts | device: cuda:0
  lr: 0.00015 -> 1.4999999999999999e-05  (CosineAnnealing)
  Network: SIREN  omega_0=52.5
════════════════════════════════════════════════════════════════
  Epoch     1/3000  loss=4.1656e-01  lr=1.50e-04  (0.0s)

  Done in 36.2s | min loss = 1.3280e-05


════════════════════════════════════════════════════════════════
  Training: 3000 epochs | 1024 pts/set | 8 sets
  Per epoch: 8192 pts | device: cuda:0
  lr: 0.00015 -> 1.4999999999999999e-05  (CosineAnnealing)
  Network: SIREN  omega_0=52.5
════════════════════════════════════════════════════════════════
  Epoch     1/3000  loss=3.6720e-01  lr=1.50e-04  (0.0s)

  Done in 36.1s | min loss = 1.1814e-05

    -> digits per seed=[4, 4, 4]  best_mean_relerr=1.589e-04  median_digits=4  (108.4s total)
[group 297/640] hidden=[128, 128, 128, 128] omega0=52.5 lr=0.00015 N=1024 epochs=4500  (3 seeds)

════════════════════════════════════════════════════════════════
  Training: 4500 epochs | 1024 pts/set | 8 sets
  Per epoch: 8192 pts | device: cuda:0
  lr: 0.00015 -> 1.4999999999999999e-05  (CosineAnnealing)
  Network: SIREN  omega_0=52.5
════════════════════════════════════════════════════════════════
  Epoch     1/4500  loss=3.8064e-01  lr=1.50e-04  (0.0s)

  Done in 54.9s | min loss = 6.4777e-06


════════════════════════════════════════════════════════════════
  Training: 4500 epochs | 1024 pts/set | 8 sets
  Per epoch: 8192 pts | device: cuda:0
  lr: 0.00015 -> 1.4999999999999999e-05  (CosineAnnealing)
  Network: SIREN  omega_0=52.5
════════════════════════════════════════════════════════════════
  Epoch     1/4500  loss=4.1656e-01  lr=1.50e-04  (0.0s)

  Done in 55.4s | min loss = 7.7603e-06


════════════════════════════════════════════════════════════════
  Training: 4500 epochs | 1024 pts/set | 8 sets
  Per epoch: 8192 pts | device: cuda:0
  lr: 0.00015 -> 1.4999999999999999e-05  (CosineAnnealing)
  Network: SIREN  omega_0=52.5
════════════════════════════════════════════════════════════════
  Epoch     1/4500  loss=3.6720e-01  lr=1.50e-04  (0.0s)

  Done in 53.9s | min loss = 7.1772e-06

    -> digits per seed=[4, 3, 4]  best_mean_relerr=1.549e-04  median_digits=4  (164.3s total)
[group 298/640] hidden=[128, 128, 128, 128] omega0=52.5 lr=0.00015 N=1024 epochs=6500  (3 seeds)

════════════════════════════════════════════════════════════════
  Training: 6500 epochs | 1024 pts/set | 8 sets
  Per epoch: 8192 pts | device: cuda:0
  lr: 0.00015 -> 1.4999999999999999e-05  (CosineAnnealing)
  Network: SIREN  omega_0=52.5
════════════════════════════════════════════════════════════════
  Epoch     1/6500  loss=3.8064e-01  lr=1.50e-04  (0.0s)

  Done in 78.8s | min loss = 5.0768e-06


════════════════════════════════════════════════════════════════
  Training: 6500 epochs | 1024 pts/set | 8 sets
  Per epoch: 8192 pts | device: cuda:0
  lr: 0.00015 -> 1.4999999999999999e-05  (CosineAnnealing)
  Network: SIREN  omega_0=52.5
════════════════════════════════════════════════════════════════
  Epoch     1/6500  loss=4.1656e-01  lr=1.50e-04  (0.0s)

  Done in 80.1s | min loss = 6.1128e-06


════════════════════════════════════════════════════════════════
  Training: 6500 epochs | 1024 pts/set | 8 sets
  Per epoch: 8192 pts | device: cuda:0
  lr: 0.00015 -> 1.4999999999999999e-05  (CosineAnnealing)
  Network: SIREN  omega_0=52.5
════════════════════════════════════════════════════════════════
  Epoch     1/6500  loss=3.6720e-01  lr=1.50e-04  (0.0s)

  Done in 80.7s | min loss = 5.1116e-06

    -> digits per seed=[4, 4, 4]  best_mean_relerr=1.968e-04  median_digits=4  (239.6s total)
[group 299/640] hidden=[128, 128, 128, 128] omega0=52.5 lr=0.00015 N=1024 epochs=10000  (3 seeds)

════════════════════════════════════════════════════════════════
  Training: 10000 epochs | 1024 pts/set | 8 sets
  Per epoch: 8192 pts | device: cuda:0
  lr: 0.00015 -> 1.4999999999999999e-05  (CosineAnnealing)
  Network: SIREN  omega_0=52.5
════════════════════════════════════════════════════════════════
  Epoch     1/10000  loss=3.8064e-01  lr=1.50e-04  (0.0s)

  Done in 122.6s | min loss = 4.0669e-06


════════════════════════════════════════════════════════════════
  Training: 10000 epochs | 1024 pts/set | 8 sets
  Per epoch: 8192 pts | device: cuda:0
  lr: 0.00015 -> 1.4999999999999999e-05  (CosineAnnealing)
  Network: SIREN  omega_0=52.5
════════════════════════════════════════════════════════════════
  Epoch     1/10000  loss=4.1656e-01  lr=1.50e-04  (0.0s)

  Done in 121.7s | min loss = 4.3138e-06


════════════════════════════════════════════════════════════════
  Training: 10000 epochs | 1024 pts/set | 8 sets
  Per epoch: 8192 pts | device: cuda:0
  lr: 0.00015 -> 1.4999999999999999e-05  (CosineAnnealing)
  Network: SIREN  omega_0=52.5
════════════════════════════════════════════════════════════════
  Epoch     1/10000  loss=3.6720e-01  lr=1.50e-04  (0.0s)

  Done in 119.7s | min loss = 4.7312e-06

    -> digits per seed=[3, 4, 4]  best_mean_relerr=4.220e-04  median_digits=4  (363.9s total)
[group 300/640] hidden=[128, 128, 128, 128] omega0=52.5 lr=0.00015 N=1024 epochs=15000  (3 seeds)

════════════════════════════════════════════════════════════════
  Training: 15000 epochs | 1024 pts/set | 8 sets
  Per epoch: 8192 pts | device: cuda:0
  lr: 0.00015 -> 1.4999999999999999e-05  (CosineAnnealing)
  Network: SIREN  omega_0=52.5
════════════════════════════════════════════════════════════════
  Epoch     1/15000  loss=3.8064e-01  lr=1.50e-04  (0.0s)

  Done in 179.7s | min loss = 3.1623e-06


════════════════════════════════════════════════════════════════
  Training: 15000 epochs | 1024 pts/set | 8 sets
  Per epoch: 8192 pts | device: cuda:0
  lr: 0.00015 -> 1.4999999999999999e-05  (CosineAnnealing)
  Network: SIREN  omega_0=52.5
════════════════════════════════════════════════════════════════
  Epoch     1/15000  loss=4.1656e-01  lr=1.50e-04  (0.0s)

  Done in 180.3s | min loss = 3.3289e-06


════════════════════════════════════════════════════════════════
  Training: 15000 epochs | 1024 pts/set | 8 sets
  Per epoch: 8192 pts | device: cuda:0
  lr: 0.00015 -> 1.4999999999999999e-05  (CosineAnnealing)
  Network: SIREN  omega_0=52.5
════════════════════════════════════════════════════════════════
  Epoch     1/15000  loss=3.6720e-01  lr=1.50e-04  (0.0s)

  Done in 180.8s | min loss = 3.4054e-06

    -> digits per seed=[4, 2, 4]  best_mean_relerr=9.825e-04  median_digits=4  (540.7s total)
[group 301/640] hidden=[128, 128, 128, 128] omega0=52.5 lr=0.0002 N=512 epochs=3000  (3 seeds)

════════════════════════════════════════════════════════════════
  Training: 3000 epochs | 512 pts/set | 8 sets
  Per epoch: 4096 pts | device: cuda:0
  lr: 0.0002 -> 2e-05  (CosineAnnealing)
  Network: SIREN  omega_0=52.5
════════════════════════════════════════════════════════════════
  Epoch     1/3000  loss=4.0446e-01  lr=2.00e-04  (0.0s)

  Done in 36.9s | min loss = 1.5605e-05


════════════════════════════════════════════════════════════════
  Training: 3000 epochs | 512 pts/set | 8 sets
  Per epoch: 4096 pts | device: cuda:0
  lr: 0.0002 -> 2e-05  (CosineAnnealing)
  Network: SIREN  omega_0=52.5
════════════════════════════════════════════════════════════════
  Epoch     1/3000  loss=4.1948e-01  lr=2.00e-04  (0.0s)

  Done in 36.8s | min loss = 1.8491e-05


════════════════════════════════════════════════════════════════
  Training: 3000 epochs | 512 pts/set | 8 sets
  Per epoch: 4096 pts | device: cuda:0
  lr: 0.0002 -> 2e-05  (CosineAnnealing)
  Network: SIREN  omega_0=52.5
════════════════════════════════════════════════════════════════
  Epoch     1/3000  loss=3.4093e-01  lr=2.00e-04  (0.0s)

  Done in 36.7s | min loss = 1.7444e-05

    -> digits per seed=[3, 4, 3]  best_mean_relerr=6.275e-04  median_digits=3  (110.5s total)
[group 302/640] hidden=[128, 128, 128, 128] omega0=52.5 lr=0.0002 N=512 epochs=4500  (3 seeds)

════════════════════════════════════════════════════════════════
  Training: 4500 epochs | 512 pts/set | 8 sets
  Per epoch: 4096 pts | device: cuda:0
  lr: 0.0002 -> 2e-05  (CosineAnnealing)
  Network: SIREN  omega_0=52.5
════════════════════════════════════════════════════════════════
  Epoch     1/4500  loss=4.0446e-01  lr=2.00e-04  (0.0s)

  Done in 55.8s | min loss = 9.8060e-06


════════════════════════════════════════════════════════════════
  Training: 4500 epochs | 512 pts/set | 8 sets
  Per epoch: 4096 pts | device: cuda:0
  lr: 0.0002 -> 2e-05  (CosineAnnealing)
  Network: SIREN  omega_0=52.5
════════════════════════════════════════════════════════════════
  Epoch     1/4500  loss=4.1948e-01  lr=2.00e-04  (0.0s)

  Done in 55.0s | min loss = 1.1216e-05


════════════════════════════════════════════════════════════════
  Training: 4500 epochs | 512 pts/set | 8 sets
  Per epoch: 4096 pts | device: cuda:0
  lr: 0.0002 -> 2e-05  (CosineAnnealing)
  Network: SIREN  omega_0=52.5
════════════════════════════════════════════════════════════════
  Epoch     1/4500  loss=3.4093e-01  lr=2.00e-04  (0.0s)

  Done in 55.3s | min loss = 1.1231e-05

    -> digits per seed=[4, 4, 3]  best_mean_relerr=3.216e-04  median_digits=4  (166.0s total)
[group 303/640] hidden=[128, 128, 128, 128] omega0=52.5 lr=0.0002 N=512 epochs=6500  (3 seeds)

════════════════════════════════════════════════════════════════
  Training: 6500 epochs | 512 pts/set | 8 sets
  Per epoch: 4096 pts | device: cuda:0
  lr: 0.0002 -> 2e-05  (CosineAnnealing)
  Network: SIREN  omega_0=52.5
════════════════════════════════════════════════════════════════
  Epoch     1/6500  loss=4.0446e-01  lr=2.00e-04  (0.0s)

  Done in 78.8s | min loss = 7.4787e-06


════════════════════════════════════════════════════════════════
  Training: 6500 epochs | 512 pts/set | 8 sets
  Per epoch: 4096 pts | device: cuda:0
  lr: 0.0002 -> 2e-05  (CosineAnnealing)
  Network: SIREN  omega_0=52.5
════════════════════════════════════════════════════════════════
  Epoch     1/6500  loss=4.1948e-01  lr=2.00e-04  (0.0s)

  Done in 80.7s | min loss = 1.0027e-05


════════════════════════════════════════════════════════════════
  Training: 6500 epochs | 512 pts/set | 8 sets
  Per epoch: 4096 pts | device: cuda:0
  lr: 0.0002 -> 2e-05  (CosineAnnealing)
  Network: SIREN  omega_0=52.5
════════════════════════════════════════════════════════════════
  Epoch     1/6500  loss=3.4093e-01  lr=2.00e-04  (0.0s)

  Done in 82.3s | min loss = 8.8405e-06

    -> digits per seed=[3, 4, 4]  best_mean_relerr=3.039e-04  median_digits=4  (241.9s total)
[group 304/640] hidden=[128, 128, 128, 128] omega0=52.5 lr=0.0002 N=512 epochs=10000  (3 seeds)

════════════════════════════════════════════════════════════════
  Training: 10000 epochs | 512 pts/set | 8 sets
  Per epoch: 4096 pts | device: cuda:0
  lr: 0.0002 -> 2e-05  (CosineAnnealing)
  Network: SIREN  omega_0=52.5
════════════════════════════════════════════════════════════════
  Epoch     1/10000  loss=4.0446e-01  lr=2.00e-04  (0.0s)

  Done in 123.5s | min loss = 7.0217e-06


════════════════════════════════════════════════════════════════
  Training: 10000 epochs | 512 pts/set | 8 sets
  Per epoch: 4096 pts | device: cuda:0
  lr: 0.0002 -> 2e-05  (CosineAnnealing)
  Network: SIREN  omega_0=52.5
════════════════════════════════════════════════════════════════
  Epoch     1/10000  loss=4.1948e-01  lr=2.00e-04  (0.0s)

  Done in 123.4s | min loss = 1.1960e-05


════════════════════════════════════════════════════════════════
  Training: 10000 epochs | 512 pts/set | 8 sets
  Per epoch: 4096 pts | device: cuda:0
  lr: 0.0002 -> 2e-05  (CosineAnnealing)
  Network: SIREN  omega_0=52.5
════════════════════════════════════════════════════════════════
  Epoch     1/10000  loss=3.4093e-01  lr=2.00e-04  (0.0s)

  Done in 122.5s | min loss = 9.2106e-06

    -> digits per seed=[4, 3, 3]  best_mean_relerr=1.164e-03  median_digits=3  (369.5s total)
[group 305/640] hidden=[128, 128, 128, 128] omega0=52.5 lr=0.0002 N=512 epochs=15000  (3 seeds)

════════════════════════════════════════════════════════════════
  Training: 15000 epochs | 512 pts/set | 8 sets
  Per epoch: 4096 pts | device: cuda:0
  lr: 0.0002 -> 2e-05  (CosineAnnealing)
  Network: SIREN  omega_0=52.5
════════════════════════════════════════════════════════════════
  Epoch     1/15000  loss=4.0446e-01  lr=2.00e-04  (0.0s)

  Done in 185.7s | min loss = 6.8820e-06


════════════════════════════════════════════════════════════════
  Training: 15000 epochs | 512 pts/set | 8 sets
  Per epoch: 4096 pts | device: cuda:0
  lr: 0.0002 -> 2e-05  (CosineAnnealing)
  Network: SIREN  omega_0=52.5
════════════════════════════════════════════════════════════════
  Epoch     1/15000  loss=4.1948e-01  lr=2.00e-04  (0.0s)

  Done in 184.3s | min loss = 9.8189e-06


════════════════════════════════════════════════════════════════
  Training: 15000 epochs | 512 pts/set | 8 sets
  Per epoch: 4096 pts | device: cuda:0
  lr: 0.0002 -> 2e-05  (CosineAnnealing)
  Network: SIREN  omega_0=52.5
════════════════════════════════════════════════════════════════
  Epoch     1/15000  loss=3.4093e-01  lr=2.00e-04  (0.0s)

  Done in 180.0s | min loss = 6.7783e-06

    -> digits per seed=[4, 3, 3]  best_mean_relerr=2.752e-04  median_digits=3  (549.9s total)
[group 306/640] hidden=[128, 128, 128, 128] omega0=52.5 lr=0.0002 N=1024 epochs=3000  (3 seeds)

════════════════════════════════════════════════════════════════
  Training: 3000 epochs | 1024 pts/set | 8 sets
  Per epoch: 8192 pts | device: cuda:0
  lr: 0.0002 -> 2e-05  (CosineAnnealing)
  Network: SIREN  omega_0=52.5
════════════════════════════════════════════════════════════════
  Epoch     1/3000  loss=3.8064e-01  lr=2.00e-04  (0.0s)

  Done in 37.6s | min loss = 9.8243e-06


════════════════════════════════════════════════════════════════
  Training: 3000 epochs | 1024 pts/set | 8 sets
  Per epoch: 8192 pts | device: cuda:0
  lr: 0.0002 -> 2e-05  (CosineAnnealing)
  Network: SIREN  omega_0=52.5
════════════════════════════════════════════════════════════════
  Epoch     1/3000  loss=4.1656e-01  lr=2.00e-04  (0.0s)

  Done in 37.1s | min loss = 1.1063e-05


════════════════════════════════════════════════════════════════
  Training: 3000 epochs | 1024 pts/set | 8 sets
  Per epoch: 8192 pts | device: cuda:0
  lr: 0.0002 -> 2e-05  (CosineAnnealing)
  Network: SIREN  omega_0=52.5
════════════════════════════════════════════════════════════════
  Epoch     1/3000  loss=3.6720e-01  lr=2.00e-04  (0.0s)

  Done in 37.5s | min loss = 1.0211e-05

    -> digits per seed=[4, 3, 4]  best_mean_relerr=4.737e-04  median_digits=4  (112.1s total)
[group 307/640] hidden=[128, 128, 128, 128] omega0=52.5 lr=0.0002 N=1024 epochs=4500  (3 seeds)

════════════════════════════════════════════════════════════════
  Training: 4500 epochs | 1024 pts/set | 8 sets
  Per epoch: 8192 pts | device: cuda:0
  lr: 0.0002 -> 2e-05  (CosineAnnealing)
  Network: SIREN  omega_0=52.5
════════════════════════════════════════════════════════════════
  Epoch     1/4500  loss=3.8064e-01  lr=2.00e-04  (0.0s)

  Done in 56.2s | min loss = 5.7768e-06


════════════════════════════════════════════════════════════════
  Training: 4500 epochs | 1024 pts/set | 8 sets
  Per epoch: 8192 pts | device: cuda:0
  lr: 0.0002 -> 2e-05  (CosineAnnealing)
  Network: SIREN  omega_0=52.5
════════════════════════════════════════════════════════════════
  Epoch     1/4500  loss=4.1656e-01  lr=2.00e-04  (0.0s)

  Done in 55.8s | min loss = 6.8449e-06


════════════════════════════════════════════════════════════════
  Training: 4500 epochs | 1024 pts/set | 8 sets
  Per epoch: 8192 pts | device: cuda:0
  lr: 0.0002 -> 2e-05  (CosineAnnealing)
  Network: SIREN  omega_0=52.5
════════════════════════════════════════════════════════════════
  Epoch     1/4500  loss=3.6720e-01  lr=2.00e-04  (0.0s)

  Done in 54.8s | min loss = 6.5673e-06

    -> digits per seed=[4, 4, 4]  best_mean_relerr=1.854e-04  median_digits=4  (166.8s total)
[group 308/640] hidden=[128, 128, 128, 128] omega0=52.5 lr=0.0002 N=1024 epochs=6500  (3 seeds)

════════════════════════════════════════════════════════════════
  Training: 6500 epochs | 1024 pts/set | 8 sets
  Per epoch: 8192 pts | device: cuda:0
  lr: 0.0002 -> 2e-05  (CosineAnnealing)
  Network: SIREN  omega_0=52.5
════════════════════════════════════════════════════════════════
  Epoch     1/6500  loss=3.8064e-01  lr=2.00e-04  (0.0s)

  Done in 79.9s | min loss = 4.2397e-06


════════════════════════════════════════════════════════════════
  Training: 6500 epochs | 1024 pts/set | 8 sets
  Per epoch: 8192 pts | device: cuda:0
  lr: 0.0002 -> 2e-05  (CosineAnnealing)
  Network: SIREN  omega_0=52.5
════════════════════════════════════════════════════════════════
  Epoch     1/6500  loss=4.1656e-01  lr=2.00e-04  (0.0s)

  Done in 80.3s | min loss = 5.3494e-06


════════════════════════════════════════════════════════════════
  Training: 6500 epochs | 1024 pts/set | 8 sets
  Per epoch: 8192 pts | device: cuda:0
  lr: 0.0002 -> 2e-05  (CosineAnnealing)
  Network: SIREN  omega_0=52.5
════════════════════════════════════════════════════════════════
  Epoch     1/6500  loss=3.6720e-01  lr=2.00e-04  (0.0s)

  Done in 79.4s | min loss = 5.1241e-06

    -> digits per seed=[4, 4, 4]  best_mean_relerr=1.969e-04  median_digits=4  (239.6s total)
[group 309/640] hidden=[128, 128, 128, 128] omega0=52.5 lr=0.0002 N=1024 epochs=10000  (3 seeds)

════════════════════════════════════════════════════════════════
  Training: 10000 epochs | 1024 pts/set | 8 sets
  Per epoch: 8192 pts | device: cuda:0
  lr: 0.0002 -> 2e-05  (CosineAnnealing)
  Network: SIREN  omega_0=52.5
════════════════════════════════════════════════════════════════
  Epoch     1/10000  loss=3.8064e-01  lr=2.00e-04  (0.0s)

  Done in 124.4s | min loss = 4.2971e-06


════════════════════════════════════════════════════════════════
  Training: 10000 epochs | 1024 pts/set | 8 sets
  Per epoch: 8192 pts | device: cuda:0
  lr: 0.0002 -> 2e-05  (CosineAnnealing)
  Network: SIREN  omega_0=52.5
════════════════════════════════════════════════════════════════
  Epoch     1/10000  loss=4.1656e-01  lr=2.00e-04  (0.0s)

  Done in 120.7s | min loss = 4.5365e-06


════════════════════════════════════════════════════════════════
  Training: 10000 epochs | 1024 pts/set | 8 sets
  Per epoch: 8192 pts | device: cuda:0
  lr: 0.0002 -> 2e-05  (CosineAnnealing)
  Network: SIREN  omega_0=52.5
════════════════════════════════════════════════════════════════
  Epoch     1/10000  loss=3.6720e-01  lr=2.00e-04  (0.0s)

  Done in 120.1s | min loss = 4.6249e-06

    -> digits per seed=[4, 3, 3]  best_mean_relerr=3.863e-04  median_digits=3  (365.2s total)
[group 310/640] hidden=[128, 128, 128, 128] omega0=52.5 lr=0.0002 N=1024 epochs=15000  (3 seeds)

════════════════════════════════════════════════════════════════
  Training: 15000 epochs | 1024 pts/set | 8 sets
  Per epoch: 8192 pts | device: cuda:0
  lr: 0.0002 -> 2e-05  (CosineAnnealing)
  Network: SIREN  omega_0=52.5
════════════════════════════════════════════════════════════════
  Epoch     1/15000  loss=3.8064e-01  lr=2.00e-04  (0.0s)

  Done in 183.3s | min loss = 3.2973e-06


════════════════════════════════════════════════════════════════
  Training: 15000 epochs | 1024 pts/set | 8 sets
  Per epoch: 8192 pts | device: cuda:0
  lr: 0.0002 -> 2e-05  (CosineAnnealing)
  Network: SIREN  omega_0=52.5
════════════════════════════════════════════════════════════════
  Epoch     1/15000  loss=4.1656e-01  lr=2.00e-04  (0.0s)

  Done in 186.8s | min loss = 4.4668e-06


════════════════════════════════════════════════════════════════
  Training: 15000 epochs | 1024 pts/set | 8 sets
  Per epoch: 8192 pts | device: cuda:0
  lr: 0.0002 -> 2e-05  (CosineAnnealing)
  Network: SIREN  omega_0=52.5
════════════════════════════════════════════════════════════════
  Epoch     1/15000  loss=3.6720e-01  lr=2.00e-04  (0.0s)

  Done in 182.8s | min loss = 3.8221e-06

    -> digits per seed=[4, 3, 4]  best_mean_relerr=4.537e-04  median_digits=4  (552.9s total)
[group 311/640] hidden=[128, 128, 128, 128] omega0=52.5 lr=0.0003 N=512 epochs=3000  (3 seeds)

════════════════════════════════════════════════════════════════
  Training: 3000 epochs | 512 pts/set | 8 sets
  Per epoch: 4096 pts | device: cuda:0
  lr: 0.0003 -> 2.9999999999999997e-05  (CosineAnnealing)
  Network: SIREN  omega_0=52.5
════════════════════════════════════════════════════════════════
  Epoch     1/3000  loss=4.0446e-01  lr=3.00e-04  (0.0s)

  Done in 36.7s | min loss = 1.6522e-05


════════════════════════════════════════════════════════════════
  Training: 3000 epochs | 512 pts/set | 8 sets
  Per epoch: 4096 pts | device: cuda:0
  lr: 0.0003 -> 2.9999999999999997e-05  (CosineAnnealing)
  Network: SIREN  omega_0=52.5
════════════════════════════════════════════════════════════════
  Epoch     1/3000  loss=4.1948e-01  lr=3.00e-04  (0.0s)

  Done in 37.5s | min loss = 1.9083e-05


════════════════════════════════════════════════════════════════
  Training: 3000 epochs | 512 pts/set | 8 sets
  Per epoch: 4096 pts | device: cuda:0
  lr: 0.0003 -> 2.9999999999999997e-05  (CosineAnnealing)
  Network: SIREN  omega_0=52.5
════════════════════════════════════════════════════════════════
  Epoch     1/3000  loss=3.4093e-01  lr=3.00e-04  (0.0s)

  Done in 36.3s | min loss = 1.6783e-05

    -> digits per seed=[3, 3, 4]  best_mean_relerr=6.196e-04  median_digits=3  (110.6s total)
[group 312/640] hidden=[128, 128, 128, 128] omega0=52.5 lr=0.0003 N=512 epochs=4500  (3 seeds)

════════════════════════════════════════════════════════════════
  Training: 4500 epochs | 512 pts/set | 8 sets
  Per epoch: 4096 pts | device: cuda:0
  lr: 0.0003 -> 2.9999999999999997e-05  (CosineAnnealing)
  Network: SIREN  omega_0=52.5
════════════════════════════════════════════════════════════════
  Epoch     1/4500  loss=4.0446e-01  lr=3.00e-04  (0.0s)

  Done in 56.5s | min loss = 1.0016e-05


════════════════════════════════════════════════════════════════
  Training: 4500 epochs | 512 pts/set | 8 sets
  Per epoch: 4096 pts | device: cuda:0
  lr: 0.0003 -> 2.9999999999999997e-05  (CosineAnnealing)
  Network: SIREN  omega_0=52.5
════════════════════════════════════════════════════════════════
  Epoch     1/4500  loss=4.1948e-01  lr=3.00e-04  (0.0s)

  Done in 55.1s | min loss = 1.2322e-05


════════════════════════════════════════════════════════════════
  Training: 4500 epochs | 512 pts/set | 8 sets
  Per epoch: 4096 pts | device: cuda:0
  lr: 0.0003 -> 2.9999999999999997e-05  (CosineAnnealing)
  Network: SIREN  omega_0=52.5
════════════════════════════════════════════════════════════════
  Epoch     1/4500  loss=3.4093e-01  lr=3.00e-04  (0.0s)

  Done in 53.9s | min loss = 9.9195e-06

    -> digits per seed=[4, 4, 4]  best_mean_relerr=6.944e-04  median_digits=4  (165.4s total)
[group 313/640] hidden=[128, 128, 128, 128] omega0=52.5 lr=0.0003 N=512 epochs=6500  (3 seeds)

════════════════════════════════════════════════════════════════
  Training: 6500 epochs | 512 pts/set | 8 sets
  Per epoch: 4096 pts | device: cuda:0
  lr: 0.0003 -> 2.9999999999999997e-05  (CosineAnnealing)
  Network: SIREN  omega_0=52.5
════════════════════════════════════════════════════════════════
  Epoch     1/6500  loss=4.0446e-01  lr=3.00e-04  (0.0s)

  Done in 77.8s | min loss = 9.5021e-06


════════════════════════════════════════════════════════════════
  Training: 6500 epochs | 512 pts/set | 8 sets
  Per epoch: 4096 pts | device: cuda:0
  lr: 0.0003 -> 2.9999999999999997e-05  (CosineAnnealing)
  Network: SIREN  omega_0=52.5
════════════════════════════════════════════════════════════════
  Epoch     1/6500  loss=4.1948e-01  lr=3.00e-04  (0.0s)

  Done in 78.3s | min loss = 1.0975e-05


════════════════════════════════════════════════════════════════
  Training: 6500 epochs | 512 pts/set | 8 sets
  Per epoch: 4096 pts | device: cuda:0
  lr: 0.0003 -> 2.9999999999999997e-05  (CosineAnnealing)
  Network: SIREN  omega_0=52.5
════════════════════════════════════════════════════════════════
  Epoch     1/6500  loss=3.4093e-01  lr=3.00e-04  (0.0s)

  Done in 80.4s | min loss = 9.6207e-06

    -> digits per seed=[3, 3, 4]  best_mean_relerr=7.449e-04  median_digits=3  (236.6s total)
[group 314/640] hidden=[128, 128, 128, 128] omega0=52.5 lr=0.0003 N=512 epochs=10000  (3 seeds)

════════════════════════════════════════════════════════════════
  Training: 10000 epochs | 512 pts/set | 8 sets
  Per epoch: 4096 pts | device: cuda:0
  lr: 0.0003 -> 2.9999999999999997e-05  (CosineAnnealing)
  Network: SIREN  omega_0=52.5
════════════════════════════════════════════════════════════════
  Epoch     1/10000  loss=4.0446e-01  lr=3.00e-04  (0.0s)

  Done in 121.7s | min loss = 1.0418e-05


════════════════════════════════════════════════════════════════
  Training: 10000 epochs | 512 pts/set | 8 sets
  Per epoch: 4096 pts | device: cuda:0
  lr: 0.0003 -> 2.9999999999999997e-05  (CosineAnnealing)
  Network: SIREN  omega_0=52.5
════════════════════════════════════════════════════════════════
  Epoch     1/10000  loss=4.1948e-01  lr=3.00e-04  (0.0s)

  Done in 122.9s | min loss = 1.0992e-05


════════════════════════════════════════════════════════════════
  Training: 10000 epochs | 512 pts/set | 8 sets
  Per epoch: 4096 pts | device: cuda:0
  lr: 0.0003 -> 2.9999999999999997e-05  (CosineAnnealing)
  Network: SIREN  omega_0=52.5
════════════════════════════════════════════════════════════════
  Epoch     1/10000  loss=3.4093e-01  lr=3.00e-04  (0.0s)

  Done in 120.7s | min loss = 1.0933e-05

    -> digits per seed=[3, 3, 3]  best_mean_relerr=3.221e-03  median_digits=3  (365.3s total)
[group 315/640] hidden=[128, 128, 128, 128] omega0=52.5 lr=0.0003 N=512 epochs=15000  (3 seeds)

════════════════════════════════════════════════════════════════
  Training: 15000 epochs | 512 pts/set | 8 sets
  Per epoch: 4096 pts | device: cuda:0
  lr: 0.0003 -> 2.9999999999999997e-05  (CosineAnnealing)
  Network: SIREN  omega_0=52.5
════════════════════════════════════════════════════════════════
  Epoch     1/15000  loss=4.0446e-01  lr=3.00e-04  (0.0s)

  Done in 185.1s | min loss = 1.2494e-05


════════════════════════════════════════════════════════════════
  Training: 15000 epochs | 512 pts/set | 8 sets
  Per epoch: 4096 pts | device: cuda:0
  lr: 0.0003 -> 2.9999999999999997e-05  (CosineAnnealing)
  Network: SIREN  omega_0=52.5
════════════════════════════════════════════════════════════════
  Epoch     1/15000  loss=4.1948e-01  lr=3.00e-04  (0.0s)

  Done in 182.3s | min loss = 1.4313e-05


════════════════════════════════════════════════════════════════
  Training: 15000 epochs | 512 pts/set | 8 sets
  Per epoch: 4096 pts | device: cuda:0
  lr: 0.0003 -> 2.9999999999999997e-05  (CosineAnnealing)
  Network: SIREN  omega_0=52.5
════════════════════════════════════════════════════════════════
  Epoch     1/15000  loss=3.4093e-01  lr=3.00e-04  (0.0s)

  Done in 185.8s | min loss = 1.3058e-05

    -> digits per seed=[3, 3, 3]  best_mean_relerr=1.589e-03  median_digits=3  (553.2s total)
[group 316/640] hidden=[128, 128, 128, 128] omega0=52.5 lr=0.0003 N=1024 epochs=3000  (3 seeds)

════════════════════════════════════════════════════════════════
  Training: 3000 epochs | 1024 pts/set | 8 sets
  Per epoch: 8192 pts | device: cuda:0
  lr: 0.0003 -> 2.9999999999999997e-05  (CosineAnnealing)
  Network: SIREN  omega_0=52.5
════════════════════════════════════════════════════════════════
  Epoch     1/3000  loss=3.8064e-01  lr=3.00e-04  (0.0s)

  Done in 37.2s | min loss = 8.5882e-06


════════════════════════════════════════════════════════════════
  Training: 3000 epochs | 1024 pts/set | 8 sets
  Per epoch: 8192 pts | device: cuda:0
  lr: 0.0003 -> 2.9999999999999997e-05  (CosineAnnealing)
  Network: SIREN  omega_0=52.5
════════════════════════════════════════════════════════════════
  Epoch     1/3000  loss=4.1656e-01  lr=3.00e-04  (0.0s)

  Done in 36.8s | min loss = 9.1529e-06


════════════════════════════════════════════════════════════════
  Training: 3000 epochs | 1024 pts/set | 8 sets
  Per epoch: 8192 pts | device: cuda:0
  lr: 0.0003 -> 2.9999999999999997e-05  (CosineAnnealing)
  Network: SIREN  omega_0=52.5
════════════════════════════════════════════════════════════════
  Epoch     1/3000  loss=3.6720e-01  lr=3.00e-04  (0.0s)

  Done in 37.7s | min loss = 8.3638e-06

    -> digits per seed=[3, 4, 4]  best_mean_relerr=4.495e-04  median_digits=4  (111.7s total)
[group 317/640] hidden=[128, 128, 128, 128] omega0=52.5 lr=0.0003 N=1024 epochs=4500  (3 seeds)

════════════════════════════════════════════════════════════════
  Training: 4500 epochs | 1024 pts/set | 8 sets
  Per epoch: 8192 pts | device: cuda:0
  lr: 0.0003 -> 2.9999999999999997e-05  (CosineAnnealing)
  Network: SIREN  omega_0=52.5
════════════════════════════════════════════════════════════════
  Epoch     1/4500  loss=3.8064e-01  lr=3.00e-04  (0.0s)

  Done in 57.2s | min loss = 5.0567e-06


════════════════════════════════════════════════════════════════
  Training: 4500 epochs | 1024 pts/set | 8 sets
  Per epoch: 8192 pts | device: cuda:0
  lr: 0.0003 -> 2.9999999999999997e-05  (CosineAnnealing)
  Network: SIREN  omega_0=52.5
════════════════════════════════════════════════════════════════
  Epoch     1/4500  loss=4.1656e-01  lr=3.00e-04  (0.0s)

  Done in 55.5s | min loss = 6.3746e-06


════════════════════════════════════════════════════════════════
  Training: 4500 epochs | 1024 pts/set | 8 sets
  Per epoch: 8192 pts | device: cuda:0
  lr: 0.0003 -> 2.9999999999999997e-05  (CosineAnnealing)
  Network: SIREN  omega_0=52.5
════════════════════════════════════════════════════════════════
  Epoch     1/4500  loss=3.6720e-01  lr=3.00e-04  (0.0s)

  Done in 55.2s | min loss = 5.6421e-06

    -> digits per seed=[4, 4, 3]  best_mean_relerr=1.903e-04  median_digits=4  (168.0s total)
[group 318/640] hidden=[128, 128, 128, 128] omega0=52.5 lr=0.0003 N=1024 epochs=6500  (3 seeds)

════════════════════════════════════════════════════════════════
  Training: 6500 epochs | 1024 pts/set | 8 sets
  Per epoch: 8192 pts | device: cuda:0
  lr: 0.0003 -> 2.9999999999999997e-05  (CosineAnnealing)
  Network: SIREN  omega_0=52.5
════════════════════════════════════════════════════════════════
  Epoch     1/6500  loss=3.8064e-01  lr=3.00e-04  (0.0s)

  Done in 80.2s | min loss = 4.7530e-06


════════════════════════════════════════════════════════════════
  Training: 6500 epochs | 1024 pts/set | 8 sets
  Per epoch: 8192 pts | device: cuda:0
  lr: 0.0003 -> 2.9999999999999997e-05  (CosineAnnealing)
  Network: SIREN  omega_0=52.5
════════════════════════════════════════════════════════════════
  Epoch     1/6500  loss=4.1656e-01  lr=3.00e-04  (0.0s)

  Done in 79.7s | min loss = 5.2617e-06


════════════════════════════════════════════════════════════════
  Training: 6500 epochs | 1024 pts/set | 8 sets
  Per epoch: 8192 pts | device: cuda:0
  lr: 0.0003 -> 2.9999999999999997e-05  (CosineAnnealing)
  Network: SIREN  omega_0=52.5
════════════════════════════════════════════════════════════════
  Epoch     1/6500  loss=3.6720e-01  lr=3.00e-04  (0.0s)

  Done in 79.5s | min loss = 5.1662e-06

    -> digits per seed=[3, 4, 4]  best_mean_relerr=2.973e-04  median_digits=4  (239.4s total)
[group 319/640] hidden=[128, 128, 128, 128] omega0=52.5 lr=0.0003 N=1024 epochs=10000  (3 seeds)

════════════════════════════════════════════════════════════════
  Training: 10000 epochs | 1024 pts/set | 8 sets
  Per epoch: 8192 pts | device: cuda:0
  lr: 0.0003 -> 2.9999999999999997e-05  (CosineAnnealing)
  Network: SIREN  omega_0=52.5
════════════════════════════════════════════════════════════════
  Epoch     1/10000  loss=3.8064e-01  lr=3.00e-04  (0.0s)

  Done in 124.6s | min loss = 5.7574e-06


════════════════════════════════════════════════════════════════
  Training: 10000 epochs | 1024 pts/set | 8 sets
  Per epoch: 8192 pts | device: cuda:0
  lr: 0.0003 -> 2.9999999999999997e-05  (CosineAnnealing)
  Network: SIREN  omega_0=52.5
════════════════════════════════════════════════════════════════
  Epoch     1/10000  loss=4.1656e-01  lr=3.00e-04  (0.0s)

  Done in 122.9s | min loss = 4.9436e-06


════════════════════════════════════════════════════════════════
  Training: 10000 epochs | 1024 pts/set | 8 sets
  Per epoch: 8192 pts | device: cuda:0
  lr: 0.0003 -> 2.9999999999999997e-05  (CosineAnnealing)
  Network: SIREN  omega_0=52.5
════════════════════════════════════════════════════════════════
  Epoch     1/10000  loss=3.6720e-01  lr=3.00e-04  (0.0s)

  Done in 123.5s | min loss = 5.4035e-06

    -> digits per seed=[3, 3, 3]  best_mean_relerr=8.285e-04  median_digits=3  (371.1s total)
[group 320/640] hidden=[128, 128, 128, 128] omega0=52.5 lr=0.0003 N=1024 epochs=15000  (3 seeds)

════════════════════════════════════════════════════════════════
  Training: 15000 epochs | 1024 pts/set | 8 sets
  Per epoch: 8192 pts | device: cuda:0
  lr: 0.0003 -> 2.9999999999999997e-05  (CosineAnnealing)
  Network: SIREN  omega_0=52.5
════════════════════════════════════════════════════════════════
  Epoch     1/15000  loss=3.8064e-01  lr=3.00e-04  (0.0s)

  Done in 183.7s | min loss = 4.9728e-06


════════════════════════════════════════════════════════════════
  Training: 15000 epochs | 1024 pts/set | 8 sets
  Per epoch: 8192 pts | device: cuda:0
  lr: 0.0003 -> 2.9999999999999997e-05  (CosineAnnealing)
  Network: SIREN  omega_0=52.5
════════════════════════════════════════════════════════════════
  Epoch     1/15000  loss=4.1656e-01  lr=3.00e-04  (0.0s)

  Done in 187.5s | min loss = 5.1044e-06


════════════════════════════════════════════════════════════════
  Training: 15000 epochs | 1024 pts/set | 8 sets
  Per epoch: 8192 pts | device: cuda:0
  lr: 0.0003 -> 2.9999999999999997e-05  (CosineAnnealing)
  Network: SIREN  omega_0=52.5
════════════════════════════════════════════════════════════════
  Epoch     1/15000  loss=3.6720e-01  lr=3.00e-04  (0.0s)

  Done in 184.3s | min loss = 5.6909e-06

    -> digits per seed=[3, 3, 3]  best_mean_relerr=1.633e-03  median_digits=3  (555.5s total)
[group 321/640] hidden=[128, 128, 128, 128, 128] omega0=30.0 lr=0.0001 N=512 epochs=3000  (3 seeds)

════════════════════════════════════════════════════════════════
  Training: 3000 epochs | 512 pts/set | 8 sets
  Per epoch: 4096 pts | device: cuda:0
  lr: 0.0001 -> 1e-05  (CosineAnnealing)
  Network: SIREN  omega_0=30.0
════════════════════════════════════════════════════════════════
  Epoch     1/3000  loss=3.3524e-01  lr=1.00e-04  (0.0s)

  Done in 43.9s | min loss = 2.5170e-05


════════════════════════════════════════════════════════════════
  Training: 3000 epochs | 512 pts/set | 8 sets
  Per epoch: 4096 pts | device: cuda:0
  lr: 0.0001 -> 1e-05  (CosineAnnealing)
  Network: SIREN  omega_0=30.0
════════════════════════════════════════════════════════════════
  Epoch     1/3000  loss=3.6175e-01  lr=1.00e-04  (0.0s)

  Done in 42.7s | min loss = 2.6340e-05


════════════════════════════════════════════════════════════════
  Training: 3000 epochs | 512 pts/set | 8 sets
  Per epoch: 4096 pts | device: cuda:0
  lr: 0.0001 -> 1e-05  (CosineAnnealing)
  Network: SIREN  omega_0=30.0
════════════════════════════════════════════════════════════════
  Epoch     1/3000  loss=3.6881e-01  lr=1.00e-04  (0.0s)

  Done in 43.1s | min loss = 2.5065e-05

    -> digits per seed=[3, 3, 3]  best_mean_relerr=5.000e-04  median_digits=3  (129.8s total)
[group 322/640] hidden=[128, 128, 128, 128, 128] omega0=30.0 lr=0.0001 N=512 epochs=4500  (3 seeds)

════════════════════════════════════════════════════════════════
  Training: 4500 epochs | 512 pts/set | 8 sets
  Per epoch: 4096 pts | device: cuda:0
  lr: 0.0001 -> 1e-05  (CosineAnnealing)
  Network: SIREN  omega_0=30.0
════════════════════════════════════════════════════════════════
  Epoch     1/4500  loss=3.3524e-01  lr=1.00e-04  (0.0s)

  Done in 65.9s | min loss = 1.5391e-05


════════════════════════════════════════════════════════════════
  Training: 4500 epochs | 512 pts/set | 8 sets
  Per epoch: 4096 pts | device: cuda:0
  lr: 0.0001 -> 1e-05  (CosineAnnealing)
  Network: SIREN  omega_0=30.0
════════════════════════════════════════════════════════════════
  Epoch     1/4500  loss=3.6175e-01  lr=1.00e-04  (0.0s)

  Done in 64.3s | min loss = 1.4762e-05


════════════════════════════════════════════════════════════════
  Training: 4500 epochs | 512 pts/set | 8 sets
  Per epoch: 4096 pts | device: cuda:0
  lr: 0.0001 -> 1e-05  (CosineAnnealing)
  Network: SIREN  omega_0=30.0
════════════════════════════════════════════════════════════════
  Epoch     1/4500  loss=3.6881e-01  lr=1.00e-04  (0.0s)

  Done in 67.4s | min loss = 1.3421e-05

    -> digits per seed=[4, 4, 4]  best_mean_relerr=2.594e-04  median_digits=4  (197.7s total)
[group 323/640] hidden=[128, 128, 128, 128, 128] omega0=30.0 lr=0.0001 N=512 epochs=6500  (3 seeds)

════════════════════════════════════════════════════════════════
  Training: 6500 epochs | 512 pts/set | 8 sets
  Per epoch: 4096 pts | device: cuda:0
  lr: 0.0001 -> 1e-05  (CosineAnnealing)
  Network: SIREN  omega_0=30.0
════════════════════════════════════════════════════════════════
  Epoch     1/6500  loss=3.3524e-01  lr=1.00e-04  (0.0s)

  Done in 94.2s | min loss = 1.1224e-05


════════════════════════════════════════════════════════════════
  Training: 6500 epochs | 512 pts/set | 8 sets
  Per epoch: 4096 pts | device: cuda:0
  lr: 0.0001 -> 1e-05  (CosineAnnealing)
  Network: SIREN  omega_0=30.0
════════════════════════════════════════════════════════════════
  Epoch     1/6500  loss=3.6175e-01  lr=1.00e-04  (0.0s)

  Done in 94.6s | min loss = 9.8971e-06


════════════════════════════════════════════════════════════════
  Training: 6500 epochs | 512 pts/set | 8 sets
  Per epoch: 4096 pts | device: cuda:0
  lr: 0.0001 -> 1e-05  (CosineAnnealing)
  Network: SIREN  omega_0=30.0
════════════════════════════════════════════════════════════════
  Epoch     1/6500  loss=3.6881e-01  lr=1.00e-04  (0.0s)

  Done in 95.8s | min loss = 1.0584e-05

    -> digits per seed=[3, 3, 4]  best_mean_relerr=6.772e-04  median_digits=3  (284.6s total)
[group 324/640] hidden=[128, 128, 128, 128, 128] omega0=30.0 lr=0.0001 N=512 epochs=10000  (3 seeds)

════════════════════════════════════════════════════════════════
  Training: 10000 epochs | 512 pts/set | 8 sets
  Per epoch: 4096 pts | device: cuda:0
  lr: 0.0001 -> 1e-05  (CosineAnnealing)
  Network: SIREN  omega_0=30.0
════════════════════════════════════════════════════════════════
  Epoch     1/10000  loss=3.3524e-01  lr=1.00e-04  (0.0s)

  Done in 147.8s | min loss = 7.8320e-06


════════════════════════════════════════════════════════════════
  Training: 10000 epochs | 512 pts/set | 8 sets
  Per epoch: 4096 pts | device: cuda:0
  lr: 0.0001 -> 1e-05  (CosineAnnealing)
  Network: SIREN  omega_0=30.0
════════════════════════════════════════════════════════════════
  Epoch     1/10000  loss=3.6175e-01  lr=1.00e-04  (0.0s)

  Done in 146.5s | min loss = 7.3859e-06


════════════════════════════════════════════════════════════════
  Training: 10000 epochs | 512 pts/set | 8 sets
  Per epoch: 4096 pts | device: cuda:0
  lr: 0.0001 -> 1e-05  (CosineAnnealing)
  Network: SIREN  omega_0=30.0
════════════════════════════════════════════════════════════════
  Epoch     1/10000  loss=3.6881e-01  lr=1.00e-04  (0.0s)

  Done in 143.2s | min loss = 7.8577e-06

    -> digits per seed=[4, 4, 3]  best_mean_relerr=4.082e-04  median_digits=4  (437.6s total)
[group 325/640] hidden=[128, 128, 128, 128, 128] omega0=30.0 lr=0.0001 N=512 epochs=15000  (3 seeds)

════════════════════════════════════════════════════════════════
  Training: 15000 epochs | 512 pts/set | 8 sets
  Per epoch: 4096 pts | device: cuda:0
  lr: 0.0001 -> 1e-05  (CosineAnnealing)
  Network: SIREN  omega_0=30.0
════════════════════════════════════════════════════════════════
  Epoch     1/15000  loss=3.3524e-01  lr=1.00e-04  (0.0s)

  Done in 221.9s | min loss = 4.4571e-06


════════════════════════════════════════════════════════════════
  Training: 15000 epochs | 512 pts/set | 8 sets
  Per epoch: 4096 pts | device: cuda:0
  lr: 0.0001 -> 1e-05  (CosineAnnealing)
  Network: SIREN  omega_0=30.0
════════════════════════════════════════════════════════════════
  Epoch     1/15000  loss=3.6175e-01  lr=1.00e-04  (0.0s)

  Done in 221.0s | min loss = 4.6404e-06


════════════════════════════════════════════════════════════════
  Training: 15000 epochs | 512 pts/set | 8 sets
  Per epoch: 4096 pts | device: cuda:0
  lr: 0.0001 -> 1e-05  (CosineAnnealing)
  Network: SIREN  omega_0=30.0
════════════════════════════════════════════════════════════════
  Epoch     1/15000  loss=3.6881e-01  lr=1.00e-04  (0.0s)

  Done in 221.7s | min loss = 4.7721e-06

    -> digits per seed=[3, 3, 3]  best_mean_relerr=9.790e-04  median_digits=3  (664.6s total)
[group 326/640] hidden=[128, 128, 128, 128, 128] omega0=30.0 lr=0.0001 N=1024 epochs=3000  (3 seeds)

════════════════════════════════════════════════════════════════
  Training: 3000 epochs | 1024 pts/set | 8 sets
  Per epoch: 8192 pts | device: cuda:0
  lr: 0.0001 -> 1e-05  (CosineAnnealing)
  Network: SIREN  omega_0=30.0
════════════════════════════════════════════════════════════════
  Epoch     1/3000  loss=3.6265e-01  lr=1.00e-04  (0.0s)

  Done in 43.7s | min loss = 1.8431e-05


════════════════════════════════════════════════════════════════
  Training: 3000 epochs | 1024 pts/set | 8 sets
  Per epoch: 8192 pts | device: cuda:0
  lr: 0.0001 -> 1e-05  (CosineAnnealing)
  Network: SIREN  omega_0=30.0
════════════════════════════════════════════════════════════════
  Epoch     1/3000  loss=3.5270e-01  lr=1.00e-04  (0.0s)

  Done in 43.9s | min loss = 1.7725e-05


════════════════════════════════════════════════════════════════
  Training: 3000 epochs | 1024 pts/set | 8 sets
  Per epoch: 8192 pts | device: cuda:0
  lr: 0.0001 -> 1e-05  (CosineAnnealing)
  Network: SIREN  omega_0=30.0
════════════════════════════════════════════════════════════════
  Epoch     1/3000  loss=3.6758e-01  lr=1.00e-04  (0.0s)

  Done in 43.9s | min loss = 1.8252e-05

    -> digits per seed=[4, 4, 4]  best_mean_relerr=1.770e-04  median_digits=4  (131.5s total)
[group 327/640] hidden=[128, 128, 128, 128, 128] omega0=30.0 lr=0.0001 N=1024 epochs=4500  (3 seeds)

════════════════════════════════════════════════════════════════
  Training: 4500 epochs | 1024 pts/set | 8 sets
  Per epoch: 8192 pts | device: cuda:0
  lr: 0.0001 -> 1e-05  (CosineAnnealing)
  Network: SIREN  omega_0=30.0
════════════════════════════════════════════════════════════════
  Epoch     1/4500  loss=3.6265e-01  lr=1.00e-04  (0.0s)

  Done in 64.3s | min loss = 1.1067e-05


════════════════════════════════════════════════════════════════
  Training: 4500 epochs | 1024 pts/set | 8 sets
  Per epoch: 8192 pts | device: cuda:0
  lr: 0.0001 -> 1e-05  (CosineAnnealing)
  Network: SIREN  omega_0=30.0
════════════════════════════════════════════════════════════════
  Epoch     1/4500  loss=3.5270e-01  lr=1.00e-04  (0.0s)

  Done in 63.2s | min loss = 1.0455e-05


════════════════════════════════════════════════════════════════
  Training: 4500 epochs | 1024 pts/set | 8 sets
  Per epoch: 8192 pts | device: cuda:0
  lr: 0.0001 -> 1e-05  (CosineAnnealing)
  Network: SIREN  omega_0=30.0
════════════════════════════════════════════════════════════════
  Epoch     1/4500  loss=3.6758e-01  lr=1.00e-04  (0.0s)

  Done in 63.9s | min loss = 1.0615e-05

    -> digits per seed=[4, 3, 4]  best_mean_relerr=4.279e-04  median_digits=4  (191.3s total)
[group 328/640] hidden=[128, 128, 128, 128, 128] omega0=30.0 lr=0.0001 N=1024 epochs=6500  (3 seeds)

════════════════════════════════════════════════════════════════
  Training: 6500 epochs | 1024 pts/set | 8 sets
  Per epoch: 8192 pts | device: cuda:0
  lr: 0.0001 -> 1e-05  (CosineAnnealing)
  Network: SIREN  omega_0=30.0
════════════════════════════════════════════════════════════════
  Epoch     1/6500  loss=3.6265e-01  lr=1.00e-04  (0.0s)

  Done in 95.3s | min loss = 7.1070e-06


════════════════════════════════════════════════════════════════
  Training: 6500 epochs | 1024 pts/set | 8 sets
  Per epoch: 8192 pts | device: cuda:0
  lr: 0.0001 -> 1e-05  (CosineAnnealing)
  Network: SIREN  omega_0=30.0
════════════════════════════════════════════════════════════════
  Epoch     1/6500  loss=3.5270e-01  lr=1.00e-04  (0.0s)

  Done in 96.9s | min loss = 7.1054e-06


════════════════════════════════════════════════════════════════
  Training: 6500 epochs | 1024 pts/set | 8 sets
  Per epoch: 8192 pts | device: cuda:0
  lr: 0.0001 -> 1e-05  (CosineAnnealing)
  Network: SIREN  omega_0=30.0
════════════════════════════════════════════════════════════════
  Epoch     1/6500  loss=3.6758e-01  lr=1.00e-04  (0.0s)

  Done in 93.3s | min loss = 7.0992e-06

    -> digits per seed=[4, 4, 4]  best_mean_relerr=3.183e-04  median_digits=4  (285.5s total)
[group 329/640] hidden=[128, 128, 128, 128, 128] omega0=30.0 lr=0.0001 N=1024 epochs=10000  (3 seeds)

════════════════════════════════════════════════════════════════
  Training: 10000 epochs | 1024 pts/set | 8 sets
  Per epoch: 8192 pts | device: cuda:0
  lr: 0.0001 -> 1e-05  (CosineAnnealing)
  Network: SIREN  omega_0=30.0
════════════════════════════════════════════════════════════════
  Epoch     1/10000  loss=3.6265e-01  lr=1.00e-04  (0.0s)

  Done in 144.5s | min loss = 4.5929e-06


════════════════════════════════════════════════════════════════
  Training: 10000 epochs | 1024 pts/set | 8 sets
  Per epoch: 8192 pts | device: cuda:0
  lr: 0.0001 -> 1e-05  (CosineAnnealing)
  Network: SIREN  omega_0=30.0
════════════════════════════════════════════════════════════════
  Epoch     1/10000  loss=3.5270e-01  lr=1.00e-04  (0.0s)

  Done in 144.9s | min loss = 4.1609e-06


════════════════════════════════════════════════════════════════
  Training: 10000 epochs | 1024 pts/set | 8 sets
  Per epoch: 8192 pts | device: cuda:0
  lr: 0.0001 -> 1e-05  (CosineAnnealing)
  Network: SIREN  omega_0=30.0
════════════════════════════════════════════════════════════════
  Epoch     1/10000  loss=3.6758e-01  lr=1.00e-04  (0.0s)

  Done in 144.8s | min loss = 4.8821e-06

    -> digits per seed=[3, 3, 4]  best_mean_relerr=5.238e-04  median_digits=3  (434.3s total)
[group 330/640] hidden=[128, 128, 128, 128, 128] omega0=30.0 lr=0.0001 N=1024 epochs=15000  (3 seeds)

════════════════════════════════════════════════════════════════
  Training: 15000 epochs | 1024 pts/set | 8 sets
  Per epoch: 8192 pts | device: cuda:0
  lr: 0.0001 -> 1e-05  (CosineAnnealing)
  Network: SIREN  omega_0=30.0
════════════════════════════════════════════════════════════════
  Epoch     1/15000  loss=3.6265e-01  lr=1.00e-04  (0.0s)

  Done in 218.3s | min loss = 2.9521e-06


════════════════════════════════════════════════════════════════
  Training: 15000 epochs | 1024 pts/set | 8 sets
  Per epoch: 8192 pts | device: cuda:0
  lr: 0.0001 -> 1e-05  (CosineAnnealing)
  Network: SIREN  omega_0=30.0
════════════════════════════════════════════════════════════════
  Epoch     1/15000  loss=3.5270e-01  lr=1.00e-04  (0.0s)

  Done in 219.1s | min loss = 3.0723e-06


════════════════════════════════════════════════════════════════
  Training: 15000 epochs | 1024 pts/set | 8 sets
  Per epoch: 8192 pts | device: cuda:0
  lr: 0.0001 -> 1e-05  (CosineAnnealing)
  Network: SIREN  omega_0=30.0
════════════════════════════════════════════════════════════════
  Epoch     1/15000  loss=3.6758e-01  lr=1.00e-04  (0.0s)

  Done in 216.6s | min loss = 3.1625e-06

    -> digits per seed=[4, 4, 4]  best_mean_relerr=5.442e-04  median_digits=4  (654.0s total)
[group 331/640] hidden=[128, 128, 128, 128, 128] omega0=30.0 lr=0.00015 N=512 epochs=3000  (3 seeds)

════════════════════════════════════════════════════════════════
  Training: 3000 epochs | 512 pts/set | 8 sets
  Per epoch: 4096 pts | device: cuda:0
  lr: 0.00015 -> 1.4999999999999999e-05  (CosineAnnealing)
  Network: SIREN  omega_0=30.0
════════════════════════════════════════════════════════════════
  Epoch     1/3000  loss=3.3524e-01  lr=1.50e-04  (0.0s)

  Done in 43.5s | min loss = 2.0160e-05


════════════════════════════════════════════════════════════════
  Training: 3000 epochs | 512 pts/set | 8 sets
  Per epoch: 4096 pts | device: cuda:0
  lr: 0.00015 -> 1.4999999999999999e-05  (CosineAnnealing)
  Network: SIREN  omega_0=30.0
════════════════════════════════════════════════════════════════
  Epoch     1/3000  loss=3.6175e-01  lr=1.50e-04  (0.0s)

  Done in 43.3s | min loss = 1.8730e-05


════════════════════════════════════════════════════════════════
  Training: 3000 epochs | 512 pts/set | 8 sets
  Per epoch: 4096 pts | device: cuda:0
  lr: 0.00015 -> 1.4999999999999999e-05  (CosineAnnealing)
  Network: SIREN  omega_0=30.0
════════════════════════════════════════════════════════════════
  Epoch     1/3000  loss=3.6881e-01  lr=1.50e-04  (0.0s)

  Done in 43.2s | min loss = 1.9393e-05

    -> digits per seed=[3, 4, 4]  best_mean_relerr=4.396e-04  median_digits=4  (130.0s total)
[group 332/640] hidden=[128, 128, 128, 128, 128] omega0=30.0 lr=0.00015 N=512 epochs=4500  (3 seeds)

════════════════════════════════════════════════════════════════
  Training: 4500 epochs | 512 pts/set | 8 sets
  Per epoch: 4096 pts | device: cuda:0
  lr: 0.00015 -> 1.4999999999999999e-05  (CosineAnnealing)
  Network: SIREN  omega_0=30.0
════════════════════════════════════════════════════════════════
  Epoch     1/4500  loss=3.3524e-01  lr=1.50e-04  (0.0s)

  Done in 64.9s | min loss = 1.2413e-05


════════════════════════════════════════════════════════════════
  Training: 4500 epochs | 512 pts/set | 8 sets
  Per epoch: 4096 pts | device: cuda:0
  lr: 0.00015 -> 1.4999999999999999e-05  (CosineAnnealing)
  Network: SIREN  omega_0=30.0
════════════════════════════════════════════════════════════════
  Epoch     1/4500  loss=3.6175e-01  lr=1.50e-04  (0.0s)

  Done in 66.5s | min loss = 1.1461e-05


════════════════════════════════════════════════════════════════
  Training: 4500 epochs | 512 pts/set | 8 sets
  Per epoch: 4096 pts | device: cuda:0
  lr: 0.00015 -> 1.4999999999999999e-05  (CosineAnnealing)
  Network: SIREN  omega_0=30.0
════════════════════════════════════════════════════════════════
  Epoch     1/4500  loss=3.6881e-01  lr=1.50e-04  (0.0s)

  Done in 66.4s | min loss = 1.0867e-05

    -> digits per seed=[4, 4, 4]  best_mean_relerr=3.713e-04  median_digits=4  (197.9s total)
[group 333/640] hidden=[128, 128, 128, 128, 128] omega0=30.0 lr=0.00015 N=512 epochs=6500  (3 seeds)

════════════════════════════════════════════════════════════════
  Training: 6500 epochs | 512 pts/set | 8 sets
  Per epoch: 4096 pts | device: cuda:0
  lr: 0.00015 -> 1.4999999999999999e-05  (CosineAnnealing)
  Network: SIREN  omega_0=30.0
════════════════════════════════════════════════════════════════
  Epoch     1/6500  loss=3.3524e-01  lr=1.50e-04  (0.0s)

  Done in 95.2s | min loss = 8.8864e-06


════════════════════════════════════════════════════════════════
  Training: 6500 epochs | 512 pts/set | 8 sets
  Per epoch: 4096 pts | device: cuda:0
  lr: 0.00015 -> 1.4999999999999999e-05  (CosineAnnealing)
  Network: SIREN  omega_0=30.0
════════════════════════════════════════════════════════════════
  Epoch     1/6500  loss=3.6175e-01  lr=1.50e-04  (0.0s)

  Done in 94.2s | min loss = 7.8325e-06


════════════════════════════════════════════════════════════════
  Training: 6500 epochs | 512 pts/set | 8 sets
  Per epoch: 4096 pts | device: cuda:0
  lr: 0.00015 -> 1.4999999999999999e-05  (CosineAnnealing)
  Network: SIREN  omega_0=30.0
════════════════════════════════════════════════════════════════
  Epoch     1/6500  loss=3.6881e-01  lr=1.50e-04  (0.0s)

  Done in 95.0s | min loss = 8.5700e-06

    -> digits per seed=[4, 4, 3]  best_mean_relerr=6.799e-04  median_digits=4  (284.5s total)
[group 334/640] hidden=[128, 128, 128, 128, 128] omega0=30.0 lr=0.00015 N=512 epochs=10000  (3 seeds)

════════════════════════════════════════════════════════════════
  Training: 10000 epochs | 512 pts/set | 8 sets
  Per epoch: 4096 pts | device: cuda:0
  lr: 0.00015 -> 1.4999999999999999e-05  (CosineAnnealing)
  Network: SIREN  omega_0=30.0
════════════════════════════════════════════════════════════════
  Epoch     1/10000  loss=3.3524e-01  lr=1.50e-04  (0.0s)

  Done in 146.2s | min loss = 7.3878e-06


════════════════════════════════════════════════════════════════
  Training: 10000 epochs | 512 pts/set | 8 sets
  Per epoch: 4096 pts | device: cuda:0
  lr: 0.00015 -> 1.4999999999999999e-05  (CosineAnnealing)
  Network: SIREN  omega_0=30.0
════════════════════════════════════════════════════════════════
  Epoch     1/10000  loss=3.6175e-01  lr=1.50e-04  (0.0s)

  Done in 146.6s | min loss = 6.3865e-06


════════════════════════════════════════════════════════════════
  Training: 10000 epochs | 512 pts/set | 8 sets
  Per epoch: 4096 pts | device: cuda:0
  lr: 0.00015 -> 1.4999999999999999e-05  (CosineAnnealing)
  Network: SIREN  omega_0=30.0
════════════════════════════════════════════════════════════════
  Epoch     1/10000  loss=3.6881e-01  lr=1.50e-04  (0.0s)

  Done in 144.5s | min loss = 6.7121e-06

    -> digits per seed=[3, 3, 3]  best_mean_relerr=9.506e-04  median_digits=3  (437.3s total)
[group 335/640] hidden=[128, 128, 128, 128, 128] omega0=30.0 lr=0.00015 N=512 epochs=15000  (3 seeds)

════════════════════════════════════════════════════════════════
  Training: 15000 epochs | 512 pts/set | 8 sets
  Per epoch: 4096 pts | device: cuda:0
  lr: 0.00015 -> 1.4999999999999999e-05  (CosineAnnealing)
  Network: SIREN  omega_0=30.0
════════════════════════════════════════════════════════════════
  Epoch     1/15000  loss=3.3524e-01  lr=1.50e-04  (0.0s)

  Done in 216.5s | min loss = 4.6440e-06


════════════════════════════════════════════════════════════════
  Training: 15000 epochs | 512 pts/set | 8 sets
  Per epoch: 4096 pts | device: cuda:0
  lr: 0.00015 -> 1.4999999999999999e-05  (CosineAnnealing)
  Network: SIREN  omega_0=30.0
════════════════════════════════════════════════════════════════
  Epoch     1/15000  loss=3.6175e-01  lr=1.50e-04  (0.0s)

  Done in 215.2s | min loss = 4.4620e-06


════════════════════════════════════════════════════════════════
  Training: 15000 epochs | 512 pts/set | 8 sets
  Per epoch: 4096 pts | device: cuda:0
  lr: 0.00015 -> 1.4999999999999999e-05  (CosineAnnealing)
  Network: SIREN  omega_0=30.0
════════════════════════════════════════════════════════════════
  Epoch     1/15000  loss=3.6881e-01  lr=1.50e-04  (0.0s)

  Done in 220.6s | min loss = 6.3289e-06

    -> digits per seed=[4, 3, 3]  best_mean_relerr=6.045e-04  median_digits=3  (652.2s total)
[group 336/640] hidden=[128, 128, 128, 128, 128] omega0=30.0 lr=0.00015 N=1024 epochs=3000  (3 seeds)

════════════════════════════════════════════════════════════════
  Training: 3000 epochs | 1024 pts/set | 8 sets
  Per epoch: 8192 pts | device: cuda:0
  lr: 0.00015 -> 1.4999999999999999e-05  (CosineAnnealing)
  Network: SIREN  omega_0=30.0
════════════════════════════════════════════════════════════════
  Epoch     1/3000  loss=3.6265e-01  lr=1.50e-04  (0.0s)

  Done in 44.2s | min loss = 1.3046e-05


════════════════════════════════════════════════════════════════
  Training: 3000 epochs | 1024 pts/set | 8 sets
  Per epoch: 8192 pts | device: cuda:0
  lr: 0.00015 -> 1.4999999999999999e-05  (CosineAnnealing)
  Network: SIREN  omega_0=30.0
════════════════════════════════════════════════════════════════
  Epoch     1/3000  loss=3.5270e-01  lr=1.50e-04  (0.0s)

  Done in 43.4s | min loss = 1.2714e-05


════════════════════════════════════════════════════════════════
  Training: 3000 epochs | 1024 pts/set | 8 sets
  Per epoch: 8192 pts | device: cuda:0
  lr: 0.00015 -> 1.4999999999999999e-05  (CosineAnnealing)
  Network: SIREN  omega_0=30.0
════════════════════════════════════════════════════════════════
  Epoch     1/3000  loss=3.6758e-01  lr=1.50e-04  (0.0s)

  Done in 43.5s | min loss = 1.2247e-05

    -> digits per seed=[4, 4, 4]  best_mean_relerr=2.377e-04  median_digits=4  (131.2s total)
[group 337/640] hidden=[128, 128, 128, 128, 128] omega0=30.0 lr=0.00015 N=1024 epochs=4500  (3 seeds)

════════════════════════════════════════════════════════════════
  Training: 4500 epochs | 1024 pts/set | 8 sets
  Per epoch: 8192 pts | device: cuda:0
  lr: 0.00015 -> 1.4999999999999999e-05  (CosineAnnealing)
  Network: SIREN  omega_0=30.0
════════════════════════════════════════════════════════════════
  Epoch     1/4500  loss=3.6265e-01  lr=1.50e-04  (0.0s)

  Done in 65.8s | min loss = 8.1911e-06


════════════════════════════════════════════════════════════════
  Training: 4500 epochs | 1024 pts/set | 8 sets
  Per epoch: 8192 pts | device: cuda:0
  lr: 0.00015 -> 1.4999999999999999e-05  (CosineAnnealing)
  Network: SIREN  omega_0=30.0
════════════════════════════════════════════════════════════════
  Epoch     1/4500  loss=3.5270e-01  lr=1.50e-04  (0.0s)

  Done in 63.8s | min loss = 7.7412e-06


════════════════════════════════════════════════════════════════
  Training: 4500 epochs | 1024 pts/set | 8 sets
  Per epoch: 8192 pts | device: cuda:0
  lr: 0.00015 -> 1.4999999999999999e-05  (CosineAnnealing)
  Network: SIREN  omega_0=30.0
════════════════════════════════════════════════════════════════
  Epoch     1/4500  loss=3.6758e-01  lr=1.50e-04  (0.0s)

  Done in 64.0s | min loss = 7.3014e-06

    -> digits per seed=[4, 4, 4]  best_mean_relerr=2.820e-04  median_digits=4  (193.6s total)
[group 338/640] hidden=[128, 128, 128, 128, 128] omega0=30.0 lr=0.00015 N=1024 epochs=6500  (3 seeds)

════════════════════════════════════════════════════════════════
  Training: 6500 epochs | 1024 pts/set | 8 sets
  Per epoch: 8192 pts | device: cuda:0
  lr: 0.00015 -> 1.4999999999999999e-05  (CosineAnnealing)
  Network: SIREN  omega_0=30.0
════════════════════════════════════════════════════════════════
  Epoch     1/6500  loss=3.6265e-01  lr=1.50e-04  (0.0s)

  Done in 94.0s | min loss = 5.4671e-06


════════════════════════════════════════════════════════════════
  Training: 6500 epochs | 1024 pts/set | 8 sets
  Per epoch: 8192 pts | device: cuda:0
  lr: 0.00015 -> 1.4999999999999999e-05  (CosineAnnealing)
  Network: SIREN  omega_0=30.0
════════════════════════════════════════════════════════════════
  Epoch     1/6500  loss=3.5270e-01  lr=1.50e-04  (0.0s)

  Done in 92.4s | min loss = 5.2832e-06


════════════════════════════════════════════════════════════════
  Training: 6500 epochs | 1024 pts/set | 8 sets
  Per epoch: 8192 pts | device: cuda:0
  lr: 0.00015 -> 1.4999999999999999e-05  (CosineAnnealing)
  Network: SIREN  omega_0=30.0
════════════════════════════════════════════════════════════════
  Epoch     1/6500  loss=3.6758e-01  lr=1.50e-04  (0.0s)

  Done in 92.9s | min loss = 5.1008e-06

    -> digits per seed=[3, 3, 4]  best_mean_relerr=5.847e-04  median_digits=3  (279.3s total)
[group 339/640] hidden=[128, 128, 128, 128, 128] omega0=30.0 lr=0.00015 N=1024 epochs=10000  (3 seeds)

════════════════════════════════════════════════════════════════
  Training: 10000 epochs | 1024 pts/set | 8 sets
  Per epoch: 8192 pts | device: cuda:0
  lr: 0.00015 -> 1.4999999999999999e-05  (CosineAnnealing)
  Network: SIREN  omega_0=30.0
════════════════════════════════════════════════════════════════
  Epoch     1/10000  loss=3.6265e-01  lr=1.50e-04  (0.0s)

  Done in 142.6s | min loss = 4.1614e-06


════════════════════════════════════════════════════════════════
  Training: 10000 epochs | 1024 pts/set | 8 sets
  Per epoch: 8192 pts | device: cuda:0
  lr: 0.00015 -> 1.4999999999999999e-05  (CosineAnnealing)
  Network: SIREN  omega_0=30.0
════════════════════════════════════════════════════════════════
  Epoch     1/10000  loss=3.5270e-01  lr=1.50e-04  (0.0s)

  Done in 145.7s | min loss = 3.4306e-06


════════════════════════════════════════════════════════════════
  Training: 10000 epochs | 1024 pts/set | 8 sets
  Per epoch: 8192 pts | device: cuda:0
  lr: 0.00015 -> 1.4999999999999999e-05  (CosineAnnealing)
  Network: SIREN  omega_0=30.0
════════════════════════════════════════════════════════════════
  Epoch     1/10000  loss=3.6758e-01  lr=1.50e-04  (0.0s)

  Done in 142.4s | min loss = 3.6838e-06

    -> digits per seed=[3, 3, 4]  best_mean_relerr=3.706e-04  median_digits=3  (430.8s total)
[group 340/640] hidden=[128, 128, 128, 128, 128] omega0=30.0 lr=0.00015 N=1024 epochs=15000  (3 seeds)

════════════════════════════════════════════════════════════════
  Training: 15000 epochs | 1024 pts/set | 8 sets
  Per epoch: 8192 pts | device: cuda:0
  lr: 0.00015 -> 1.4999999999999999e-05  (CosineAnnealing)
  Network: SIREN  omega_0=30.0
════════════════════════════════════════════════════════════════
  Epoch     1/15000  loss=3.6265e-01  lr=1.50e-04  (0.0s)

  Done in 214.0s | min loss = 2.5796e-06


════════════════════════════════════════════════════════════════
  Training: 15000 epochs | 1024 pts/set | 8 sets
  Per epoch: 8192 pts | device: cuda:0
  lr: 0.00015 -> 1.4999999999999999e-05  (CosineAnnealing)
  Network: SIREN  omega_0=30.0
════════════════════════════════════════════════════════════════
  Epoch     1/15000  loss=3.5270e-01  lr=1.50e-04  (0.0s)

  Done in 216.1s | min loss = 2.3700e-06


════════════════════════════════════════════════════════════════
  Training: 15000 epochs | 1024 pts/set | 8 sets
  Per epoch: 8192 pts | device: cuda:0
  lr: 0.00015 -> 1.4999999999999999e-05  (CosineAnnealing)
  Network: SIREN  omega_0=30.0
════════════════════════════════════════════════════════════════
  Epoch     1/15000  loss=3.6758e-01  lr=1.50e-04  (0.0s)

  Done in 216.4s | min loss = 2.3366e-06

    -> digits per seed=[3, 4, 3]  best_mean_relerr=4.927e-04  median_digits=3  (646.4s total)
[group 341/640] hidden=[128, 128, 128, 128, 128] omega0=30.0 lr=0.0002 N=512 epochs=3000  (3 seeds)

════════════════════════════════════════════════════════════════
  Training: 3000 epochs | 512 pts/set | 8 sets
  Per epoch: 4096 pts | device: cuda:0
  lr: 0.0002 -> 2e-05  (CosineAnnealing)
  Network: SIREN  omega_0=30.0
════════════════════════════════════════════════════════════════
  Epoch     1/3000  loss=3.3524e-01  lr=2.00e-04  (0.0s)

  Done in 43.2s | min loss = 1.8306e-05


════════════════════════════════════════════════════════════════
  Training: 3000 epochs | 512 pts/set | 8 sets
  Per epoch: 4096 pts | device: cuda:0
  lr: 0.0002 -> 2e-05  (CosineAnnealing)
  Network: SIREN  omega_0=30.0
════════════════════════════════════════════════════════════════
  Epoch     1/3000  loss=3.6175e-01  lr=2.00e-04  (0.0s)

  Done in 43.5s | min loss = 1.6165e-05


════════════════════════════════════════════════════════════════
  Training: 3000 epochs | 512 pts/set | 8 sets
  Per epoch: 4096 pts | device: cuda:0
  lr: 0.0002 -> 2e-05  (CosineAnnealing)
  Network: SIREN  omega_0=30.0
════════════════════════════════════════════════════════════════
  Epoch     1/3000  loss=3.6881e-01  lr=2.00e-04  (0.0s)

  Done in 43.7s | min loss = 1.6501e-05

    -> digits per seed=[3, 4, 3]  best_mean_relerr=4.373e-04  median_digits=3  (130.5s total)
[group 342/640] hidden=[128, 128, 128, 128, 128] omega0=30.0 lr=0.0002 N=512 epochs=4500  (3 seeds)

════════════════════════════════════════════════════════════════
  Training: 4500 epochs | 512 pts/set | 8 sets
  Per epoch: 4096 pts | device: cuda:0
  lr: 0.0002 -> 2e-05  (CosineAnnealing)
  Network: SIREN  omega_0=30.0
════════════════════════════════════════════════════════════════
  Epoch     1/4500  loss=3.3524e-01  lr=2.00e-04  (0.0s)

  Done in 65.4s | min loss = 1.0674e-05


════════════════════════════════════════════════════════════════
  Training: 4500 epochs | 512 pts/set | 8 sets
  Per epoch: 4096 pts | device: cuda:0
  lr: 0.0002 -> 2e-05  (CosineAnnealing)
  Network: SIREN  omega_0=30.0
════════════════════════════════════════════════════════════════
  Epoch     1/4500  loss=3.6175e-01  lr=2.00e-04  (0.0s)

  Done in 64.9s | min loss = 1.0370e-05


════════════════════════════════════════════════════════════════
  Training: 4500 epochs | 512 pts/set | 8 sets
  Per epoch: 4096 pts | device: cuda:0
  lr: 0.0002 -> 2e-05  (CosineAnnealing)
  Network: SIREN  omega_0=30.0
════════════════════════════════════════════════════════════════
  Epoch     1/4500  loss=3.6881e-01  lr=2.00e-04  (0.0s)

  Done in 63.8s | min loss = 1.0816e-05

    -> digits per seed=[3, 4, 3]  best_mean_relerr=5.280e-04  median_digits=3  (194.2s total)
[group 343/640] hidden=[128, 128, 128, 128, 128] omega0=30.0 lr=0.0002 N=512 epochs=6500  (3 seeds)

════════════════════════════════════════════════════════════════
  Training: 6500 epochs | 512 pts/set | 8 sets
  Per epoch: 4096 pts | device: cuda:0
  lr: 0.0002 -> 2e-05  (CosineAnnealing)
  Network: SIREN  omega_0=30.0
════════════════════════════════════════════════════════════════
  Epoch     1/6500  loss=3.3524e-01  lr=2.00e-04  (0.0s)

  Done in 92.7s | min loss = 8.6244e-06


════════════════════════════════════════════════════════════════
  Training: 6500 epochs | 512 pts/set | 8 sets
  Per epoch: 4096 pts | device: cuda:0
  lr: 0.0002 -> 2e-05  (CosineAnnealing)
  Network: SIREN  omega_0=30.0
════════════════════════════════════════════════════════════════
  Epoch     1/6500  loss=3.6175e-01  lr=2.00e-04  (0.0s)

  Done in 93.9s | min loss = 7.8332e-06


════════════════════════════════════════════════════════════════
  Training: 6500 epochs | 512 pts/set | 8 sets
  Per epoch: 4096 pts | device: cuda:0
  lr: 0.0002 -> 2e-05  (CosineAnnealing)
  Network: SIREN  omega_0=30.0
════════════════════════════════════════════════════════════════
  Epoch     1/6500  loss=3.6881e-01  lr=2.00e-04  (0.0s)

  Done in 94.6s | min loss = 8.2074e-06

    -> digits per seed=[3, 3, 4]  best_mean_relerr=7.146e-04  median_digits=3  (281.2s total)
[group 344/640] hidden=[128, 128, 128, 128, 128] omega0=30.0 lr=0.0002 N=512 epochs=10000  (3 seeds)

════════════════════════════════════════════════════════════════
  Training: 10000 epochs | 512 pts/set | 8 sets
  Per epoch: 4096 pts | device: cuda:0
  lr: 0.0002 -> 2e-05  (CosineAnnealing)
  Network: SIREN  omega_0=30.0
════════════════════════════════════════════════════════════════
  Epoch     1/10000  loss=3.3524e-01  lr=2.00e-04  (0.0s)

  Done in 146.9s | min loss = 8.2997e-06


════════════════════════════════════════════════════════════════
  Training: 10000 epochs | 512 pts/set | 8 sets
  Per epoch: 4096 pts | device: cuda:0
  lr: 0.0002 -> 2e-05  (CosineAnnealing)
  Network: SIREN  omega_0=30.0
════════════════════════════════════════════════════════════════
  Epoch     1/10000  loss=3.6175e-01  lr=2.00e-04  (0.0s)

  Done in 142.9s | min loss = 7.5899e-06


════════════════════════════════════════════════════════════════
  Training: 10000 epochs | 512 pts/set | 8 sets
  Per epoch: 4096 pts | device: cuda:0
  lr: 0.0002 -> 2e-05  (CosineAnnealing)
  Network: SIREN  omega_0=30.0
════════════════════════════════════════════════════════════════
  Epoch     1/10000  loss=3.6881e-01  lr=2.00e-04  (0.0s)

  Done in 147.9s | min loss = 7.2331e-06

    -> digits per seed=[3, 3, 3]  best_mean_relerr=1.008e-03  median_digits=3  (437.7s total)
[group 345/640] hidden=[128, 128, 128, 128, 128] omega0=30.0 lr=0.0002 N=512 epochs=15000  (3 seeds)

════════════════════════════════════════════════════════════════
  Training: 15000 epochs | 512 pts/set | 8 sets
  Per epoch: 4096 pts | device: cuda:0
  lr: 0.0002 -> 2e-05  (CosineAnnealing)
  Network: SIREN  omega_0=30.0
════════════════════════════════════════════════════════════════
  Epoch     1/15000  loss=3.3524e-01  lr=2.00e-04  (0.0s)

  Done in 215.0s | min loss = 6.4866e-06


════════════════════════════════════════════════════════════════
  Training: 15000 epochs | 512 pts/set | 8 sets
  Per epoch: 4096 pts | device: cuda:0
  lr: 0.0002 -> 2e-05  (CosineAnnealing)
  Network: SIREN  omega_0=30.0
════════════════════════════════════════════════════════════════
  Epoch     1/15000  loss=3.6175e-01  lr=2.00e-04  (0.0s)

  Done in 215.5s | min loss = 6.0714e-06


════════════════════════════════════════════════════════════════
  Training: 15000 epochs | 512 pts/set | 8 sets
  Per epoch: 4096 pts | device: cuda:0
  lr: 0.0002 -> 2e-05  (CosineAnnealing)
  Network: SIREN  omega_0=30.0
════════════════════════════════════════════════════════════════
  Epoch     1/15000  loss=3.6881e-01  lr=2.00e-04  (0.0s)

  Done in 213.7s | min loss = 5.6290e-06

    -> digits per seed=[3, 3, 3]  best_mean_relerr=1.572e-03  median_digits=3  (644.2s total)
[group 346/640] hidden=[128, 128, 128, 128, 128] omega0=30.0 lr=0.0002 N=1024 epochs=3000  (3 seeds)

════════════════════════════════════════════════════════════════
  Training: 3000 epochs | 1024 pts/set | 8 sets
  Per epoch: 8192 pts | device: cuda:0
  lr: 0.0002 -> 2e-05  (CosineAnnealing)
  Network: SIREN  omega_0=30.0
════════════════════════════════════════════════════════════════
  Epoch     1/3000  loss=3.6265e-01  lr=2.00e-04  (0.0s)

  Done in 42.7s | min loss = 1.0613e-05


════════════════════════════════════════════════════════════════
  Training: 3000 epochs | 1024 pts/set | 8 sets
  Per epoch: 8192 pts | device: cuda:0
  lr: 0.0002 -> 2e-05  (CosineAnnealing)
  Network: SIREN  omega_0=30.0
════════════════════════════════════════════════════════════════
  Epoch     1/3000  loss=3.5270e-01  lr=2.00e-04  (0.0s)

  Done in 44.1s | min loss = 1.0105e-05


════════════════════════════════════════════════════════════════
  Training: 3000 epochs | 1024 pts/set | 8 sets
  Per epoch: 8192 pts | device: cuda:0
  lr: 0.0002 -> 2e-05  (CosineAnnealing)
  Network: SIREN  omega_0=30.0
════════════════════════════════════════════════════════════════
  Epoch     1/3000  loss=3.6758e-01  lr=2.00e-04  (0.0s)

  Done in 44.0s | min loss = 1.0538e-05

    -> digits per seed=[3, 4, 4]  best_mean_relerr=2.761e-04  median_digits=4  (130.8s total)
[group 347/640] hidden=[128, 128, 128, 128, 128] omega0=30.0 lr=0.0002 N=1024 epochs=4500  (3 seeds)

════════════════════════════════════════════════════════════════
  Training: 4500 epochs | 1024 pts/set | 8 sets
  Per epoch: 8192 pts | device: cuda:0
  lr: 0.0002 -> 2e-05  (CosineAnnealing)
  Network: SIREN  omega_0=30.0
════════════════════════════════════════════════════════════════
  Epoch     1/4500  loss=3.6265e-01  lr=2.00e-04  (0.0s)

  Done in 64.7s | min loss = 6.6339e-06


════════════════════════════════════════════════════════════════
  Training: 4500 epochs | 1024 pts/set | 8 sets
  Per epoch: 8192 pts | device: cuda:0
  lr: 0.0002 -> 2e-05  (CosineAnnealing)
  Network: SIREN  omega_0=30.0
════════════════════════════════════════════════════════════════
  Epoch     1/4500  loss=3.5270e-01  lr=2.00e-04  (0.0s)

  Done in 64.6s | min loss = 6.5749e-06


════════════════════════════════════════════════════════════════
  Training: 4500 epochs | 1024 pts/set | 8 sets
  Per epoch: 8192 pts | device: cuda:0
  lr: 0.0002 -> 2e-05  (CosineAnnealing)
  Network: SIREN  omega_0=30.0
════════════════════════════════════════════════════════════════
  Epoch     1/4500  loss=3.6758e-01  lr=2.00e-04  (0.0s)

  Done in 64.4s | min loss = 5.7133e-06

    -> digits per seed=[4, 4, 4]  best_mean_relerr=2.592e-04  median_digits=4  (193.8s total)
[group 348/640] hidden=[128, 128, 128, 128, 128] omega0=30.0 lr=0.0002 N=1024 epochs=6500  (3 seeds)

════════════════════════════════════════════════════════════════
  Training: 6500 epochs | 1024 pts/set | 8 sets
  Per epoch: 8192 pts | device: cuda:0
  lr: 0.0002 -> 2e-05  (CosineAnnealing)
  Network: SIREN  omega_0=30.0
════════════════════════════════════════════════════════════════
  Epoch     1/6500  loss=3.6265e-01  lr=2.00e-04  (0.0s)

  Done in 93.2s | min loss = 4.8315e-06


════════════════════════════════════════════════════════════════
  Training: 6500 epochs | 1024 pts/set | 8 sets
  Per epoch: 8192 pts | device: cuda:0
  lr: 0.0002 -> 2e-05  (CosineAnnealing)
  Network: SIREN  omega_0=30.0
════════════════════════════════════════════════════════════════
  Epoch     1/6500  loss=3.5270e-01  lr=2.00e-04  (0.0s)

  Done in 93.8s | min loss = 4.6391e-06


════════════════════════════════════════════════════════════════
  Training: 6500 epochs | 1024 pts/set | 8 sets
  Per epoch: 8192 pts | device: cuda:0
  lr: 0.0002 -> 2e-05  (CosineAnnealing)
  Network: SIREN  omega_0=30.0
════════════════════════════════════════════════════════════════
  Epoch     1/6500  loss=3.6758e-01  lr=2.00e-04  (0.0s)

  Done in 91.7s | min loss = 3.9224e-06

    -> digits per seed=[4, 4, 3]  best_mean_relerr=5.072e-04  median_digits=4  (278.7s total)
[group 349/640] hidden=[128, 128, 128, 128, 128] omega0=30.0 lr=0.0002 N=1024 epochs=10000  (3 seeds)

════════════════════════════════════════════════════════════════
  Training: 10000 epochs | 1024 pts/set | 8 sets
  Per epoch: 8192 pts | device: cuda:0
  lr: 0.0002 -> 2e-05  (CosineAnnealing)
  Network: SIREN  omega_0=30.0
════════════════════════════════════════════════════════════════
  Epoch     1/10000  loss=3.6265e-01  lr=2.00e-04  (0.0s)

  Done in 144.0s | min loss = 4.1760e-06


════════════════════════════════════════════════════════════════
  Training: 10000 epochs | 1024 pts/set | 8 sets
  Per epoch: 8192 pts | device: cuda:0
  lr: 0.0002 -> 2e-05  (CosineAnnealing)
  Network: SIREN  omega_0=30.0
════════════════════════════════════════════════════════════════
  Epoch     1/10000  loss=3.5270e-01  lr=2.00e-04  (0.0s)

  Done in 144.9s | min loss = 3.7305e-06


════════════════════════════════════════════════════════════════
  Training: 10000 epochs | 1024 pts/set | 8 sets
  Per epoch: 8192 pts | device: cuda:0
  lr: 0.0002 -> 2e-05  (CosineAnnealing)
  Network: SIREN  omega_0=30.0
════════════════════════════════════════════════════════════════
  Epoch     1/10000  loss=3.6758e-01  lr=2.00e-04  (0.0s)

  Done in 142.5s | min loss = 3.3759e-06

    -> digits per seed=[4, 3, 3]  best_mean_relerr=4.092e-04  median_digits=3  (431.4s total)
[group 350/640] hidden=[128, 128, 128, 128, 128] omega0=30.0 lr=0.0002 N=1024 epochs=15000  (3 seeds)

════════════════════════════════════════════════════════════════
  Training: 15000 epochs | 1024 pts/set | 8 sets
  Per epoch: 8192 pts | device: cuda:0
  lr: 0.0002 -> 2e-05  (CosineAnnealing)
  Network: SIREN  omega_0=30.0
════════════════════════════════════════════════════════════════
  Epoch     1/15000  loss=3.6265e-01  lr=2.00e-04  (0.0s)

  Done in 214.5s | min loss = 2.5197e-06


════════════════════════════════════════════════════════════════
  Training: 15000 epochs | 1024 pts/set | 8 sets
  Per epoch: 8192 pts | device: cuda:0
  lr: 0.0002 -> 2e-05  (CosineAnnealing)
  Network: SIREN  omega_0=30.0
════════════════════════════════════════════════════════════════
  Epoch     1/15000  loss=3.5270e-01  lr=2.00e-04  (0.0s)

  Done in 215.0s | min loss = 2.4082e-06


════════════════════════════════════════════════════════════════
  Training: 15000 epochs | 1024 pts/set | 8 sets
  Per epoch: 8192 pts | device: cuda:0
  lr: 0.0002 -> 2e-05  (CosineAnnealing)
  Network: SIREN  omega_0=30.0
════════════════════════════════════════════════════════════════
  Epoch     1/15000  loss=3.6758e-01  lr=2.00e-04  (0.0s)

  Done in 219.7s | min loss = 2.4066e-06

    -> digits per seed=[4, 3, 3]  best_mean_relerr=8.729e-04  median_digits=3  (649.2s total)
[group 351/640] hidden=[128, 128, 128, 128, 128] omega0=30.0 lr=0.0003 N=512 epochs=3000  (3 seeds)

════════════════════════════════════════════════════════════════
  Training: 3000 epochs | 512 pts/set | 8 sets
  Per epoch: 4096 pts | device: cuda:0
  lr: 0.0003 -> 2.9999999999999997e-05  (CosineAnnealing)
  Network: SIREN  omega_0=30.0
════════════════════════════════════════════════════════════════
  Epoch     1/3000  loss=3.3524e-01  lr=3.00e-04  (0.0s)

  Done in 45.1s | min loss = 1.6304e-05


════════════════════════════════════════════════════════════════
  Training: 3000 epochs | 512 pts/set | 8 sets
  Per epoch: 4096 pts | device: cuda:0
  lr: 0.0003 -> 2.9999999999999997e-05  (CosineAnnealing)
  Network: SIREN  omega_0=30.0
════════════════════════════════════════════════════════════════
  Epoch     1/3000  loss=3.6175e-01  lr=3.00e-04  (0.0s)

  Done in 43.9s | min loss = 1.6508e-05


════════════════════════════════════════════════════════════════
  Training: 3000 epochs | 512 pts/set | 8 sets
  Per epoch: 4096 pts | device: cuda:0
  lr: 0.0003 -> 2.9999999999999997e-05  (CosineAnnealing)
  Network: SIREN  omega_0=30.0
════════════════════════════════════════════════════════════════
  Epoch     1/3000  loss=3.6881e-01  lr=3.00e-04  (0.0s)

  Done in 43.4s | min loss = 1.8153e-05

    -> digits per seed=[3, 4, 4]  best_mean_relerr=7.599e-04  median_digits=4  (132.4s total)
[group 352/640] hidden=[128, 128, 128, 128, 128] omega0=30.0 lr=0.0003 N=512 epochs=4500  (3 seeds)

════════════════════════════════════════════════════════════════
  Training: 4500 epochs | 512 pts/set | 8 sets
  Per epoch: 4096 pts | device: cuda:0
  lr: 0.0003 -> 2.9999999999999997e-05  (CosineAnnealing)
  Network: SIREN  omega_0=30.0
════════════════════════════════════════════════════════════════
  Epoch     1/4500  loss=3.3524e-01  lr=3.00e-04  (0.0s)

  Done in 65.4s | min loss = 9.9894e-06


════════════════════════════════════════════════════════════════
  Training: 4500 epochs | 512 pts/set | 8 sets
  Per epoch: 4096 pts | device: cuda:0
  lr: 0.0003 -> 2.9999999999999997e-05  (CosineAnnealing)
  Network: SIREN  omega_0=30.0
════════════════════════════════════════════════════════════════
  Epoch     1/4500  loss=3.6175e-01  lr=3.00e-04  (0.0s)

  Done in 63.6s | min loss = 1.1220e-05


════════════════════════════════════════════════════════════════
  Training: 4500 epochs | 512 pts/set | 8 sets
  Per epoch: 4096 pts | device: cuda:0
  lr: 0.0003 -> 2.9999999999999997e-05  (CosineAnnealing)
  Network: SIREN  omega_0=30.0
════════════════════════════════════════════════════════════════
  Epoch     1/4500  loss=3.6881e-01  lr=3.00e-04  (0.0s)

  Done in 64.4s | min loss = 1.0825e-05

    -> digits per seed=[4, 4, 4]  best_mean_relerr=2.952e-04  median_digits=4  (193.4s total)
[group 353/640] hidden=[128, 128, 128, 128, 128] omega0=30.0 lr=0.0003 N=512 epochs=6500  (3 seeds)

════════════════════════════════════════════════════════════════
  Training: 6500 epochs | 512 pts/set | 8 sets
  Per epoch: 4096 pts | device: cuda:0
  lr: 0.0003 -> 2.9999999999999997e-05  (CosineAnnealing)
  Network: SIREN  omega_0=30.0
════════════════════════════════════════════════════════════════
  Epoch     1/6500  loss=3.3524e-01  lr=3.00e-04  (0.0s)

  Done in 93.2s | min loss = 9.2574e-06


════════════════════════════════════════════════════════════════
  Training: 6500 epochs | 512 pts/set | 8 sets
  Per epoch: 4096 pts | device: cuda:0
  lr: 0.0003 -> 2.9999999999999997e-05  (CosineAnnealing)
  Network: SIREN  omega_0=30.0
════════════════════════════════════════════════════════════════
  Epoch     1/6500  loss=3.6175e-01  lr=3.00e-04  (0.0s)

  Done in 93.2s | min loss = 8.9124e-06


════════════════════════════════════════════════════════════════
  Training: 6500 epochs | 512 pts/set | 8 sets
  Per epoch: 4096 pts | device: cuda:0
  lr: 0.0003 -> 2.9999999999999997e-05  (CosineAnnealing)
  Network: SIREN  omega_0=30.0
════════════════════════════════════════════════════════════════
  Epoch     1/6500  loss=3.6881e-01  lr=3.00e-04  (0.0s)

  Done in 93.8s | min loss = 9.0318e-06

    -> digits per seed=[3, 3, 3]  best_mean_relerr=1.100e-03  median_digits=3  (280.2s total)
[group 354/640] hidden=[128, 128, 128, 128, 128] omega0=30.0 lr=0.0003 N=512 epochs=10000  (3 seeds)

════════════════════════════════════════════════════════════════
  Training: 10000 epochs | 512 pts/set | 8 sets
  Per epoch: 4096 pts | device: cuda:0
  lr: 0.0003 -> 2.9999999999999997e-05  (CosineAnnealing)
  Network: SIREN  omega_0=30.0
════════════════════════════════════════════════════════════════
  Epoch     1/10000  loss=3.3524e-01  lr=3.00e-04  (0.0s)

  Done in 142.5s | min loss = 1.0394e-05


════════════════════════════════════════════════════════════════
  Training: 10000 epochs | 512 pts/set | 8 sets
  Per epoch: 4096 pts | device: cuda:0
  lr: 0.0003 -> 2.9999999999999997e-05  (CosineAnnealing)
  Network: SIREN  omega_0=30.0
════════════════════════════════════════════════════════════════
  Epoch     1/10000  loss=3.6175e-01  lr=3.00e-04  (0.0s)

  Done in 145.5s | min loss = 8.6678e-06


════════════════════════════════════════════════════════════════
  Training: 10000 epochs | 512 pts/set | 8 sets
  Per epoch: 4096 pts | device: cuda:0
  lr: 0.0003 -> 2.9999999999999997e-05  (CosineAnnealing)
  Network: SIREN  omega_0=30.0
════════════════════════════════════════════════════════════════
  Epoch     1/10000  loss=3.6881e-01  lr=3.00e-04  (0.0s)

  Done in 144.8s | min loss = 1.1023e-05

    -> digits per seed=[3, 3, 3]  best_mean_relerr=1.587e-03  median_digits=3  (432.8s total)
[group 355/640] hidden=[128, 128, 128, 128, 128] omega0=30.0 lr=0.0003 N=512 epochs=15000  (3 seeds)

════════════════════════════════════════════════════════════════
  Training: 15000 epochs | 512 pts/set | 8 sets
  Per epoch: 4096 pts | device: cuda:0
  lr: 0.0003 -> 2.9999999999999997e-05  (CosineAnnealing)
  Network: SIREN  omega_0=30.0
════════════════════════════════════════════════════════════════
  Epoch     1/15000  loss=3.3524e-01  lr=3.00e-04  (0.0s)

  Done in 219.6s | min loss = 8.3817e-06


════════════════════════════════════════════════════════════════
  Training: 15000 epochs | 512 pts/set | 8 sets
  Per epoch: 4096 pts | device: cuda:0
  lr: 0.0003 -> 2.9999999999999997e-05  (CosineAnnealing)
  Network: SIREN  omega_0=30.0
════════════════════════════════════════════════════════════════
  Epoch     1/15000  loss=3.6175e-01  lr=3.00e-04  (0.0s)

  Done in 217.9s | min loss = 9.6708e-06


════════════════════════════════════════════════════════════════
  Training: 15000 epochs | 512 pts/set | 8 sets
  Per epoch: 4096 pts | device: cuda:0
  lr: 0.0003 -> 2.9999999999999997e-05  (CosineAnnealing)
  Network: SIREN  omega_0=30.0
════════════════════════════════════════════════════════════════
  Epoch     1/15000  loss=3.6881e-01  lr=3.00e-04  (0.0s)

  Done in 218.8s | min loss = 1.1648e-05

    -> digits per seed=[3, 3, 3]  best_mean_relerr=1.007e-03  median_digits=3  (656.2s total)
[group 356/640] hidden=[128, 128, 128, 128, 128] omega0=30.0 lr=0.0003 N=1024 epochs=3000  (3 seeds)

════════════════════════════════════════════════════════════════
  Training: 3000 epochs | 1024 pts/set | 8 sets
  Per epoch: 8192 pts | device: cuda:0
  lr: 0.0003 -> 2.9999999999999997e-05  (CosineAnnealing)
  Network: SIREN  omega_0=30.0
════════════════════════════════════════════════════════════════
  Epoch     1/3000  loss=3.6265e-01  lr=3.00e-04  (0.0s)

  Done in 43.2s | min loss = 8.7304e-06


════════════════════════════════════════════════════════════════
  Training: 3000 epochs | 1024 pts/set | 8 sets
  Per epoch: 8192 pts | device: cuda:0
  lr: 0.0003 -> 2.9999999999999997e-05  (CosineAnnealing)
  Network: SIREN  omega_0=30.0
════════════════════════════════════════════════════════════════
  Epoch     1/3000  loss=3.5270e-01  lr=3.00e-04  (0.0s)

  Done in 43.1s | min loss = 7.7187e-06


════════════════════════════════════════════════════════════════
  Training: 3000 epochs | 1024 pts/set | 8 sets
  Per epoch: 8192 pts | device: cuda:0
  lr: 0.0003 -> 2.9999999999999997e-05  (CosineAnnealing)
  Network: SIREN  omega_0=30.0
════════════════════════════════════════════════════════════════
  Epoch     1/3000  loss=3.6758e-01  lr=3.00e-04  (0.0s)

  Done in 42.9s | min loss = 8.9890e-06

    -> digits per seed=[4, 4, 4]  best_mean_relerr=2.920e-04  median_digits=4  (129.2s total)
[group 357/640] hidden=[128, 128, 128, 128, 128] omega0=30.0 lr=0.0003 N=1024 epochs=4500  (3 seeds)

════════════════════════════════════════════════════════════════
  Training: 4500 epochs | 1024 pts/set | 8 sets
  Per epoch: 8192 pts | device: cuda:0
  lr: 0.0003 -> 2.9999999999999997e-05  (CosineAnnealing)
  Network: SIREN  omega_0=30.0
════════════════════════════════════════════════════════════════
  Epoch     1/4500  loss=3.6265e-01  lr=3.00e-04  (0.0s)

  Done in 65.3s | min loss = 5.6697e-06


════════════════════════════════════════════════════════════════
  Training: 4500 epochs | 1024 pts/set | 8 sets
  Per epoch: 8192 pts | device: cuda:0
  lr: 0.0003 -> 2.9999999999999997e-05  (CosineAnnealing)
  Network: SIREN  omega_0=30.0
════════════════════════════════════════════════════════════════
  Epoch     1/4500  loss=3.5270e-01  lr=3.00e-04  (0.0s)

  Done in 65.2s | min loss = 5.0583e-06


════════════════════════════════════════════════════════════════
  Training: 4500 epochs | 1024 pts/set | 8 sets
  Per epoch: 8192 pts | device: cuda:0
  lr: 0.0003 -> 2.9999999999999997e-05  (CosineAnnealing)
  Network: SIREN  omega_0=30.0
════════════════════════════════════════════════════════════════
  Epoch     1/4500  loss=3.6758e-01  lr=3.00e-04  (0.0s)

  Done in 64.4s | min loss = 5.5761e-06

    -> digits per seed=[4, 4, 4]  best_mean_relerr=3.459e-04  median_digits=4  (194.9s total)
[group 358/640] hidden=[128, 128, 128, 128, 128] omega0=30.0 lr=0.0003 N=1024 epochs=6500  (3 seeds)

════════════════════════════════════════════════════════════════
  Training: 6500 epochs | 1024 pts/set | 8 sets
  Per epoch: 8192 pts | device: cuda:0
  lr: 0.0003 -> 2.9999999999999997e-05  (CosineAnnealing)
  Network: SIREN  omega_0=30.0
════════════════════════════════════════════════════════════════
  Epoch     1/6500  loss=3.6265e-01  lr=3.00e-04  (0.0s)

  Done in 94.9s | min loss = 4.0299e-06


════════════════════════════════════════════════════════════════
  Training: 6500 epochs | 1024 pts/set | 8 sets
  Per epoch: 8192 pts | device: cuda:0
  lr: 0.0003 -> 2.9999999999999997e-05  (CosineAnnealing)
  Network: SIREN  omega_0=30.0
════════════════════════════════════════════════════════════════
  Epoch     1/6500  loss=3.5270e-01  lr=3.00e-04  (0.0s)

  Done in 94.0s | min loss = 3.9118e-06


════════════════════════════════════════════════════════════════
  Training: 6500 epochs | 1024 pts/set | 8 sets
  Per epoch: 8192 pts | device: cuda:0
  lr: 0.0003 -> 2.9999999999999997e-05  (CosineAnnealing)
  Network: SIREN  omega_0=30.0
════════════════════════════════════════════════════════════════
  Epoch     1/6500  loss=3.6758e-01  lr=3.00e-04  (0.0s)

  Done in 95.2s | min loss = 4.5190e-06

    -> digits per seed=[4, 4, 4]  best_mean_relerr=4.939e-04  median_digits=4  (284.1s total)
[group 359/640] hidden=[128, 128, 128, 128, 128] omega0=30.0 lr=0.0003 N=1024 epochs=10000  (3 seeds)

════════════════════════════════════════════════════════════════
  Training: 10000 epochs | 1024 pts/set | 8 sets
  Per epoch: 8192 pts | device: cuda:0
  lr: 0.0003 -> 2.9999999999999997e-05  (CosineAnnealing)
  Network: SIREN  omega_0=30.0
════════════════════════════════════════════════════════════════
  Epoch     1/10000  loss=3.6265e-01  lr=3.00e-04  (0.0s)

  Done in 145.6s | min loss = 4.0989e-06


════════════════════════════════════════════════════════════════
  Training: 10000 epochs | 1024 pts/set | 8 sets
  Per epoch: 8192 pts | device: cuda:0
  lr: 0.0003 -> 2.9999999999999997e-05  (CosineAnnealing)
  Network: SIREN  omega_0=30.0
════════════════════════════════════════════════════════════════
  Epoch     1/10000  loss=3.5270e-01  lr=3.00e-04  (0.0s)

  Done in 143.4s | min loss = 3.5784e-06


════════════════════════════════════════════════════════════════
  Training: 10000 epochs | 1024 pts/set | 8 sets
  Per epoch: 8192 pts | device: cuda:0
  lr: 0.0003 -> 2.9999999999999997e-05  (CosineAnnealing)
  Network: SIREN  omega_0=30.0
════════════════════════════════════════════════════════════════
  Epoch     1/10000  loss=3.6758e-01  lr=3.00e-04  (0.0s)

  Done in 142.5s | min loss = 4.6643e-06

    -> digits per seed=[3, 2, 4]  best_mean_relerr=6.524e-04  median_digits=3  (431.5s total)
[group 360/640] hidden=[128, 128, 128, 128, 128] omega0=30.0 lr=0.0003 N=1024 epochs=15000  (3 seeds)

════════════════════════════════════════════════════════════════
  Training: 15000 epochs | 1024 pts/set | 8 sets
  Per epoch: 8192 pts | device: cuda:0
  lr: 0.0003 -> 2.9999999999999997e-05  (CosineAnnealing)
  Network: SIREN  omega_0=30.0
════════════════════════════════════════════════════════════════
  Epoch     1/15000  loss=3.6265e-01  lr=3.00e-04  (0.0s)

  Done in 220.1s | min loss = 4.0015e-06


════════════════════════════════════════════════════════════════
  Training: 15000 epochs | 1024 pts/set | 8 sets
  Per epoch: 8192 pts | device: cuda:0
  lr: 0.0003 -> 2.9999999999999997e-05  (CosineAnnealing)
  Network: SIREN  omega_0=30.0
════════════════════════════════════════════════════════════════
  Epoch     1/15000  loss=3.5270e-01  lr=3.00e-04  (0.0s)

  Done in 217.7s | min loss = 3.8525e-06


════════════════════════════════════════════════════════════════
  Training: 15000 epochs | 1024 pts/set | 8 sets
  Per epoch: 8192 pts | device: cuda:0
  lr: 0.0003 -> 2.9999999999999997e-05  (CosineAnnealing)
  Network: SIREN  omega_0=30.0
════════════════════════════════════════════════════════════════
  Epoch     1/15000  loss=3.6758e-01  lr=3.00e-04  (0.0s)

  Done in 216.0s | min loss = 4.2243e-06

    -> digits per seed=[3, 3, 3]  best_mean_relerr=2.131e-03  median_digits=3  (653.7s total)
[group 361/640] hidden=[128, 128, 128, 128, 128] omega0=37.5 lr=0.0001 N=512 epochs=3000  (3 seeds)

════════════════════════════════════════════════════════════════
  Training: 3000 epochs | 512 pts/set | 8 sets
  Per epoch: 4096 pts | device: cuda:0
  lr: 0.0001 -> 1e-05  (CosineAnnealing)
  Network: SIREN  omega_0=37.5
════════════════════════════════════════════════════════════════
  Epoch     1/3000  loss=3.3524e-01  lr=1.00e-04  (0.0s)

  Done in 44.5s | min loss = 2.3044e-05


════════════════════════════════════════════════════════════════
  Training: 3000 epochs | 512 pts/set | 8 sets
  Per epoch: 4096 pts | device: cuda:0
  lr: 0.0001 -> 1e-05  (CosineAnnealing)
  Network: SIREN  omega_0=37.5
════════════════════════════════════════════════════════════════
  Epoch     1/3000  loss=3.6174e-01  lr=1.00e-04  (0.0s)

  Done in 44.3s | min loss = 2.5009e-05


════════════════════════════════════════════════════════════════
  Training: 3000 epochs | 512 pts/set | 8 sets
  Per epoch: 4096 pts | device: cuda:0
  lr: 0.0001 -> 1e-05  (CosineAnnealing)
  Network: SIREN  omega_0=37.5
════════════════════════════════════════════════════════════════
  Epoch     1/3000  loss=3.6881e-01  lr=1.00e-04  (0.0s)

  Done in 44.0s | min loss = 2.6745e-05

    -> digits per seed=[4, 4, 4]  best_mean_relerr=2.616e-04  median_digits=4  (132.7s total)
[group 362/640] hidden=[128, 128, 128, 128, 128] omega0=37.5 lr=0.0001 N=512 epochs=4500  (3 seeds)

════════════════════════════════════════════════════════════════
  Training: 4500 epochs | 512 pts/set | 8 sets
  Per epoch: 4096 pts | device: cuda:0
  lr: 0.0001 -> 1e-05  (CosineAnnealing)
  Network: SIREN  omega_0=37.5
════════════════════════════════════════════════════════════════
  Epoch     1/4500  loss=3.3524e-01  lr=1.00e-04  (0.0s)

  Done in 66.1s | min loss = 1.3477e-05


════════════════════════════════════════════════════════════════
  Training: 4500 epochs | 512 pts/set | 8 sets
  Per epoch: 4096 pts | device: cuda:0
  lr: 0.0001 -> 1e-05  (CosineAnnealing)
  Network: SIREN  omega_0=37.5
════════════════════════════════════════════════════════════════
  Epoch     1/4500  loss=3.6174e-01  lr=1.00e-04  (0.0s)

  Done in 66.9s | min loss = 1.5099e-05


════════════════════════════════════════════════════════════════
  Training: 4500 epochs | 512 pts/set | 8 sets
  Per epoch: 4096 pts | device: cuda:0
  lr: 0.0001 -> 1e-05  (CosineAnnealing)
  Network: SIREN  omega_0=37.5
════════════════════════════════════════════════════════════════
  Epoch     1/4500  loss=3.6881e-01  lr=1.00e-04  (0.0s)

  Done in 66.4s | min loss = 1.4086e-05

    -> digits per seed=[4, 4, 4]  best_mean_relerr=3.695e-04  median_digits=4  (199.3s total)
[group 363/640] hidden=[128, 128, 128, 128, 128] omega0=37.5 lr=0.0001 N=512 epochs=6500  (3 seeds)

════════════════════════════════════════════════════════════════
  Training: 6500 epochs | 512 pts/set | 8 sets
  Per epoch: 4096 pts | device: cuda:0
  lr: 0.0001 -> 1e-05  (CosineAnnealing)
  Network: SIREN  omega_0=37.5
════════════════════════════════════════════════════════════════
  Epoch     1/6500  loss=3.3524e-01  lr=1.00e-04  (0.0s)

  Done in 95.5s | min loss = 9.5642e-06


════════════════════════════════════════════════════════════════
  Training: 6500 epochs | 512 pts/set | 8 sets
  Per epoch: 4096 pts | device: cuda:0
  lr: 0.0001 -> 1e-05  (CosineAnnealing)
  Network: SIREN  omega_0=37.5
════════════════════════════════════════════════════════════════
  Epoch     1/6500  loss=3.6174e-01  lr=1.00e-04  (0.0s)

  Done in 95.1s | min loss = 1.0116e-05


════════════════════════════════════════════════════════════════
  Training: 6500 epochs | 512 pts/set | 8 sets
  Per epoch: 4096 pts | device: cuda:0
  lr: 0.0001 -> 1e-05  (CosineAnnealing)
  Network: SIREN  omega_0=37.5
════════════════════════════════════════════════════════════════
  Epoch     1/6500  loss=3.6881e-01  lr=1.00e-04  (0.0s)

  Done in 96.0s | min loss = 1.0683e-05

    -> digits per seed=[3, 4, 3]  best_mean_relerr=3.134e-04  median_digits=3  (286.7s total)
[group 364/640] hidden=[128, 128, 128, 128, 128] omega0=37.5 lr=0.0001 N=512 epochs=10000  (3 seeds)

════════════════════════════════════════════════════════════════
  Training: 10000 epochs | 512 pts/set | 8 sets
  Per epoch: 4096 pts | device: cuda:0
  lr: 0.0001 -> 1e-05  (CosineAnnealing)
  Network: SIREN  omega_0=37.5
════════════════════════════════════════════════════════════════
  Epoch     1/10000  loss=3.3524e-01  lr=1.00e-04  (0.0s)

  Done in 146.6s | min loss = 7.4714e-06


════════════════════════════════════════════════════════════════
  Training: 10000 epochs | 512 pts/set | 8 sets
  Per epoch: 4096 pts | device: cuda:0
  lr: 0.0001 -> 1e-05  (CosineAnnealing)
  Network: SIREN  omega_0=37.5
════════════════════════════════════════════════════════════════
  Epoch     1/10000  loss=3.6174e-01  lr=1.00e-04  (0.0s)

  Done in 143.9s | min loss = 7.8696e-06


════════════════════════════════════════════════════════════════
  Training: 10000 epochs | 512 pts/set | 8 sets
  Per epoch: 4096 pts | device: cuda:0
  lr: 0.0001 -> 1e-05  (CosineAnnealing)
  Network: SIREN  omega_0=37.5
════════════════════════════════════════════════════════════════
  Epoch     1/10000  loss=3.6881e-01  lr=1.00e-04  (0.0s)

  Done in 144.3s | min loss = 7.8277e-06

    -> digits per seed=[3, 4, 3]  best_mean_relerr=9.072e-04  median_digits=3  (434.8s total)
[group 365/640] hidden=[128, 128, 128, 128, 128] omega0=37.5 lr=0.0001 N=512 epochs=15000  (3 seeds)

════════════════════════════════════════════════════════════════
  Training: 15000 epochs | 512 pts/set | 8 sets
  Per epoch: 4096 pts | device: cuda:0
  lr: 0.0001 -> 1e-05  (CosineAnnealing)
  Network: SIREN  omega_0=37.5
════════════════════════════════════════════════════════════════
  Epoch     1/15000  loss=3.3524e-01  lr=1.00e-04  (0.0s)

  Done in 213.7s | min loss = 4.4374e-06


════════════════════════════════════════════════════════════════
  Training: 15000 epochs | 512 pts/set | 8 sets
  Per epoch: 4096 pts | device: cuda:0
  lr: 0.0001 -> 1e-05  (CosineAnnealing)
  Network: SIREN  omega_0=37.5
════════════════════════════════════════════════════════════════
  Epoch     1/15000  loss=3.6174e-01  lr=1.00e-04  (0.0s)

  Done in 220.2s | min loss = 5.9882e-06


════════════════════════════════════════════════════════════════
  Training: 15000 epochs | 512 pts/set | 8 sets
  Per epoch: 4096 pts | device: cuda:0
  lr: 0.0001 -> 1e-05  (CosineAnnealing)
  Network: SIREN  omega_0=37.5
════════════════════════════════════════════════════════════════
  Epoch     1/15000  loss=3.6881e-01  lr=1.00e-04  (0.0s)

  Done in 219.8s | min loss = 4.9666e-06

    -> digits per seed=[4, 3, 3]  best_mean_relerr=9.047e-04  median_digits=3  (653.7s total)
[group 366/640] hidden=[128, 128, 128, 128, 128] omega0=37.5 lr=0.0001 N=1024 epochs=3000  (3 seeds)

════════════════════════════════════════════════════════════════
  Training: 3000 epochs | 1024 pts/set | 8 sets
  Per epoch: 8192 pts | device: cuda:0
  lr: 0.0001 -> 1e-05  (CosineAnnealing)
  Network: SIREN  omega_0=37.5
════════════════════════════════════════════════════════════════
  Epoch     1/3000  loss=3.6265e-01  lr=1.00e-04  (0.0s)

  Done in 50.4s | min loss = 1.6793e-05


════════════════════════════════════════════════════════════════
  Training: 3000 epochs | 1024 pts/set | 8 sets
  Per epoch: 8192 pts | device: cuda:0
  lr: 0.0001 -> 1e-05  (CosineAnnealing)
  Network: SIREN  omega_0=37.5
════════════════════════════════════════════════════════════════
  Epoch     1/3000  loss=3.5269e-01  lr=1.00e-04  (0.0s)

  Done in 49.4s | min loss = 1.7307e-05


════════════════════════════════════════════════════════════════
  Training: 3000 epochs | 1024 pts/set | 8 sets
  Per epoch: 8192 pts | device: cuda:0
  lr: 0.0001 -> 1e-05  (CosineAnnealing)
  Network: SIREN  omega_0=37.5
════════════════════════════════════════════════════════════════
  Epoch     1/3000  loss=3.6758e-01  lr=1.00e-04  (0.0s)

  Done in 43.9s | min loss = 1.7893e-05

    -> digits per seed=[3, 4, 4]  best_mean_relerr=2.676e-04  median_digits=4  (143.7s total)
[group 367/640] hidden=[128, 128, 128, 128, 128] omega0=37.5 lr=0.0001 N=1024 epochs=4500  (3 seeds)

════════════════════════════════════════════════════════════════
  Training: 4500 epochs | 1024 pts/set | 8 sets
  Per epoch: 8192 pts | device: cuda:0
  lr: 0.0001 -> 1e-05  (CosineAnnealing)
  Network: SIREN  omega_0=37.5
════════════════════════════════════════════════════════════════
  Epoch     1/4500  loss=3.6265e-01  lr=1.00e-04  (0.0s)

  Done in 64.3s | min loss = 9.4627e-06


════════════════════════════════════════════════════════════════
  Training: 4500 epochs | 1024 pts/set | 8 sets
  Per epoch: 8192 pts | device: cuda:0
  lr: 0.0001 -> 1e-05  (CosineAnnealing)
  Network: SIREN  omega_0=37.5
════════════════════════════════════════════════════════════════
  Epoch     1/4500  loss=3.5269e-01  lr=1.00e-04  (0.0s)

  Done in 64.2s | min loss = 1.0036e-05


════════════════════════════════════════════════════════════════
  Training: 4500 epochs | 1024 pts/set | 8 sets
  Per epoch: 8192 pts | device: cuda:0
  lr: 0.0001 -> 1e-05  (CosineAnnealing)
  Network: SIREN  omega_0=37.5
════════════════════════════════════════════════════════════════
  Epoch     1/4500  loss=3.6758e-01  lr=1.00e-04  (0.0s)

  Done in 63.6s | min loss = 1.0408e-05

    -> digits per seed=[4, 4, 4]  best_mean_relerr=2.604e-04  median_digits=4  (192.2s total)
[group 368/640] hidden=[128, 128, 128, 128, 128] omega0=37.5 lr=0.0001 N=1024 epochs=6500  (3 seeds)

════════════════════════════════════════════════════════════════
  Training: 6500 epochs | 1024 pts/set | 8 sets
  Per epoch: 8192 pts | device: cuda:0
  lr: 0.0001 -> 1e-05  (CosineAnnealing)
  Network: SIREN  omega_0=37.5
════════════════════════════════════════════════════════════════
  Epoch     1/6500  loss=3.6265e-01  lr=1.00e-04  (0.0s)

  Done in 94.7s | min loss = 6.4416e-06


════════════════════════════════════════════════════════════════
  Training: 6500 epochs | 1024 pts/set | 8 sets
  Per epoch: 8192 pts | device: cuda:0
  lr: 0.0001 -> 1e-05  (CosineAnnealing)
  Network: SIREN  omega_0=37.5
════════════════════════════════════════════════════════════════
  Epoch     1/6500  loss=3.5269e-01  lr=1.00e-04  (0.0s)

  Done in 91.7s | min loss = 6.8997e-06


════════════════════════════════════════════════════════════════
  Training: 6500 epochs | 1024 pts/set | 8 sets
  Per epoch: 8192 pts | device: cuda:0
  lr: 0.0001 -> 1e-05  (CosineAnnealing)
  Network: SIREN  omega_0=37.5
════════════════════════════════════════════════════════════════
  Epoch     1/6500  loss=3.6758e-01  lr=1.00e-04  (0.0s)

  Done in 91.8s | min loss = 6.6919e-06

    -> digits per seed=[4, 4, 4]  best_mean_relerr=5.677e-04  median_digits=4  (278.2s total)
[group 369/640] hidden=[128, 128, 128, 128, 128] omega0=37.5 lr=0.0001 N=1024 epochs=10000  (3 seeds)

════════════════════════════════════════════════════════════════
  Training: 10000 epochs | 1024 pts/set | 8 sets
  Per epoch: 8192 pts | device: cuda:0
  lr: 0.0001 -> 1e-05  (CosineAnnealing)
  Network: SIREN  omega_0=37.5
════════════════════════════════════════════════════════════════
  Epoch     1/10000  loss=3.6265e-01  lr=1.00e-04  (0.0s)

  Done in 142.8s | min loss = 4.2208e-06


════════════════════════════════════════════════════════════════
  Training: 10000 epochs | 1024 pts/set | 8 sets
  Per epoch: 8192 pts | device: cuda:0
  lr: 0.0001 -> 1e-05  (CosineAnnealing)
  Network: SIREN  omega_0=37.5
════════════════════════════════════════════════════════════════
  Epoch     1/10000  loss=3.5269e-01  lr=1.00e-04  (0.0s)

  Done in 140.4s | min loss = 4.4065e-06


════════════════════════════════════════════════════════════════
  Training: 10000 epochs | 1024 pts/set | 8 sets
  Per epoch: 8192 pts | device: cuda:0
  lr: 0.0001 -> 1e-05  (CosineAnnealing)
  Network: SIREN  omega_0=37.5
════════════════════════════════════════════════════════════════
  Epoch     1/10000  loss=3.6758e-01  lr=1.00e-04  (0.0s)

  Done in 142.4s | min loss = 4.9441e-06

    -> digits per seed=[4, 3, 3]  best_mean_relerr=4.435e-04  median_digits=3  (425.7s total)
[group 370/640] hidden=[128, 128, 128, 128, 128] omega0=37.5 lr=0.0001 N=1024 epochs=15000  (3 seeds)

════════════════════════════════════════════════════════════════
  Training: 15000 epochs | 1024 pts/set | 8 sets
  Per epoch: 8192 pts | device: cuda:0
  lr: 0.0001 -> 1e-05  (CosineAnnealing)
  Network: SIREN  omega_0=37.5
════════════════════════════════════════════════════════════════
  Epoch     1/15000  loss=3.6265e-01  lr=1.00e-04  (0.0s)

  Done in 214.3s | min loss = 2.4922e-06


════════════════════════════════════════════════════════════════
  Training: 15000 epochs | 1024 pts/set | 8 sets
  Per epoch: 8192 pts | device: cuda:0
  lr: 0.0001 -> 1e-05  (CosineAnnealing)
  Network: SIREN  omega_0=37.5
════════════════════════════════════════════════════════════════
  Epoch     1/15000  loss=3.5269e-01  lr=1.00e-04  (0.0s)

  Done in 216.7s | min loss = 3.1633e-06


════════════════════════════════════════════════════════════════
  Training: 15000 epochs | 1024 pts/set | 8 sets
  Per epoch: 8192 pts | device: cuda:0
  lr: 0.0001 -> 1e-05  (CosineAnnealing)
  Network: SIREN  omega_0=37.5
════════════════════════════════════════════════════════════════
  Epoch     1/15000  loss=3.6758e-01  lr=1.00e-04  (0.0s)

  Done in 216.2s | min loss = 3.2205e-06

    -> digits per seed=[3, 4, 3]  best_mean_relerr=5.770e-04  median_digits=3  (647.1s total)
[group 371/640] hidden=[128, 128, 128, 128, 128] omega0=37.5 lr=0.00015 N=512 epochs=3000  (3 seeds)

════════════════════════════════════════════════════════════════
  Training: 3000 epochs | 512 pts/set | 8 sets
  Per epoch: 4096 pts | device: cuda:0
  lr: 0.00015 -> 1.4999999999999999e-05  (CosineAnnealing)
  Network: SIREN  omega_0=37.5
════════════════════════════════════════════════════════════════
  Epoch     1/3000  loss=3.3524e-01  lr=1.50e-04  (0.0s)

  Done in 42.4s | min loss = 1.8610e-05


════════════════════════════════════════════════════════════════
  Training: 3000 epochs | 512 pts/set | 8 sets
  Per epoch: 4096 pts | device: cuda:0
  lr: 0.00015 -> 1.4999999999999999e-05  (CosineAnnealing)
  Network: SIREN  omega_0=37.5
════════════════════════════════════════════════════════════════
  Epoch     1/3000  loss=3.6174e-01  lr=1.50e-04  (0.0s)

  Done in 42.2s | min loss = 1.8698e-05


════════════════════════════════════════════════════════════════
  Training: 3000 epochs | 512 pts/set | 8 sets
  Per epoch: 4096 pts | device: cuda:0
  lr: 0.00015 -> 1.4999999999999999e-05  (CosineAnnealing)
  Network: SIREN  omega_0=37.5
════════════════════════════════════════════════════════════════
  Epoch     1/3000  loss=3.6881e-01  lr=1.50e-04  (0.0s)

  Done in 42.1s | min loss = 2.2300e-05

    -> digits per seed=[4, 4, 3]  best_mean_relerr=4.437e-04  median_digits=4  (126.7s total)
[group 372/640] hidden=[128, 128, 128, 128, 128] omega0=37.5 lr=0.00015 N=512 epochs=4500  (3 seeds)

════════════════════════════════════════════════════════════════
  Training: 4500 epochs | 512 pts/set | 8 sets
  Per epoch: 4096 pts | device: cuda:0
  lr: 0.00015 -> 1.4999999999999999e-05  (CosineAnnealing)
  Network: SIREN  omega_0=37.5
════════════════════════════════════════════════════════════════
  Epoch     1/4500  loss=3.3524e-01  lr=1.50e-04  (0.0s)

  Done in 63.4s | min loss = 1.0761e-05


════════════════════════════════════════════════════════════════
  Training: 4500 epochs | 512 pts/set | 8 sets
  Per epoch: 4096 pts | device: cuda:0
  lr: 0.00015 -> 1.4999999999999999e-05  (CosineAnnealing)
  Network: SIREN  omega_0=37.5
════════════════════════════════════════════════════════════════
  Epoch     1/4500  loss=3.6174e-01  lr=1.50e-04  (0.0s)

  Done in 63.7s | min loss = 1.2042e-05


════════════════════════════════════════════════════════════════
  Training: 4500 epochs | 512 pts/set | 8 sets
  Per epoch: 4096 pts | device: cuda:0
  lr: 0.00015 -> 1.4999999999999999e-05  (CosineAnnealing)
  Network: SIREN  omega_0=37.5
════════════════════════════════════════════════════════════════
  Epoch     1/4500  loss=3.6881e-01  lr=1.50e-04  (0.0s)

  Done in 63.6s | min loss = 1.2996e-05

    -> digits per seed=[4, 4, 4]  best_mean_relerr=6.984e-04  median_digits=4  (190.8s total)
[group 373/640] hidden=[128, 128, 128, 128, 128] omega0=37.5 lr=0.00015 N=512 epochs=6500  (3 seeds)

════════════════════════════════════════════════════════════════
  Training: 6500 epochs | 512 pts/set | 8 sets
  Per epoch: 4096 pts | device: cuda:0
  lr: 0.00015 -> 1.4999999999999999e-05  (CosineAnnealing)
  Network: SIREN  omega_0=37.5
════════════════════════════════════════════════════════════════
  Epoch     1/6500  loss=3.3524e-01  lr=1.50e-04  (0.0s)

  Done in 91.9s | min loss = 8.3541e-06


════════════════════════════════════════════════════════════════
  Training: 6500 epochs | 512 pts/set | 8 sets
  Per epoch: 4096 pts | device: cuda:0
  lr: 0.00015 -> 1.4999999999999999e-05  (CosineAnnealing)
  Network: SIREN  omega_0=37.5
════════════════════════════════════════════════════════════════
  Epoch     1/6500  loss=3.6174e-01  lr=1.50e-04  (0.0s)

  Done in 91.0s | min loss = 8.3292e-06


════════════════════════════════════════════════════════════════
  Training: 6500 epochs | 512 pts/set | 8 sets
  Per epoch: 4096 pts | device: cuda:0
  lr: 0.00015 -> 1.4999999999999999e-05  (CosineAnnealing)
  Network: SIREN  omega_0=37.5
════════════════════════════════════════════════════════════════
  Epoch     1/6500  loss=3.6881e-01  lr=1.50e-04  (0.0s)

  Done in 89.8s | min loss = 1.0387e-05

    -> digits per seed=[3, 4, 4]  best_mean_relerr=3.194e-04  median_digits=4  (272.6s total)
[group 374/640] hidden=[128, 128, 128, 128, 128] omega0=37.5 lr=0.00015 N=512 epochs=10000  (3 seeds)

════════════════════════════════════════════════════════════════
  Training: 10000 epochs | 512 pts/set | 8 sets
  Per epoch: 4096 pts | device: cuda:0
  lr: 0.00015 -> 1.4999999999999999e-05  (CosineAnnealing)
  Network: SIREN  omega_0=37.5
════════════════════════════════════════════════════════════════
  Epoch     1/10000  loss=3.3524e-01  lr=1.50e-04  (0.0s)

  Done in 147.9s | min loss = 8.3143e-06


════════════════════════════════════════════════════════════════
  Training: 10000 epochs | 512 pts/set | 8 sets
  Per epoch: 4096 pts | device: cuda:0
  lr: 0.00015 -> 1.4999999999999999e-05  (CosineAnnealing)
  Network: SIREN  omega_0=37.5
════════════════════════════════════════════════════════════════
  Epoch     1/10000  loss=3.6174e-01  lr=1.50e-04  (0.0s)

  Done in 136.7s | min loss = 7.2418e-06


════════════════════════════════════════════════════════════════
  Training: 10000 epochs | 512 pts/set | 8 sets
  Per epoch: 4096 pts | device: cuda:0
  lr: 0.00015 -> 1.4999999999999999e-05  (CosineAnnealing)
  Network: SIREN  omega_0=37.5
════════════════════════════════════════════════════════════════
  Epoch     1/10000  loss=3.6881e-01  lr=1.50e-04  (0.0s)

  Done in 135.8s | min loss = 8.5658e-06

    -> digits per seed=[3, 3, 4]  best_mean_relerr=8.107e-04  median_digits=3  (420.3s total)
[group 375/640] hidden=[128, 128, 128, 128, 128] omega0=37.5 lr=0.00015 N=512 epochs=15000  (3 seeds)

════════════════════════════════════════════════════════════════
  Training: 15000 epochs | 512 pts/set | 8 sets
  Per epoch: 4096 pts | device: cuda:0
  lr: 0.00015 -> 1.4999999999999999e-05  (CosineAnnealing)
  Network: SIREN  omega_0=37.5
════════════════════════════════════════════════════════════════
  Epoch     1/15000  loss=3.3524e-01  lr=1.50e-04  (0.0s)

  Done in 202.0s | min loss = 6.1451e-06


════════════════════════════════════════════════════════════════
  Training: 15000 epochs | 512 pts/set | 8 sets
  Per epoch: 4096 pts | device: cuda:0
  lr: 0.00015 -> 1.4999999999999999e-05  (CosineAnnealing)
  Network: SIREN  omega_0=37.5
════════════════════════════════════════════════════════════════
  Epoch     1/15000  loss=3.6174e-01  lr=1.50e-04  (0.0s)

  Done in 201.4s | min loss = 5.5648e-06


════════════════════════════════════════════════════════════════
  Training: 15000 epochs | 512 pts/set | 8 sets
  Per epoch: 4096 pts | device: cuda:0
  lr: 0.00015 -> 1.4999999999999999e-05  (CosineAnnealing)
  Network: SIREN  omega_0=37.5
════════════════════════════════════════════════════════════════
  Epoch     1/15000  loss=3.6881e-01  lr=1.50e-04  (0.0s)

  Done in 213.1s | min loss = 7.3329e-06

    -> digits per seed=[4, 3, 3]  best_mean_relerr=5.014e-04  median_digits=3  (616.5s total)
[group 376/640] hidden=[128, 128, 128, 128, 128] omega0=37.5 lr=0.00015 N=1024 epochs=3000  (3 seeds)

════════════════════════════════════════════════════════════════
  Training: 3000 epochs | 1024 pts/set | 8 sets
  Per epoch: 8192 pts | device: cuda:0
  lr: 0.00015 -> 1.4999999999999999e-05  (CosineAnnealing)
  Network: SIREN  omega_0=37.5
════════════════════════════════════════════════════════════════
  Epoch     1/3000  loss=3.6265e-01  lr=1.50e-04  (0.0s)

  Done in 41.5s | min loss = 1.1682e-05


════════════════════════════════════════════════════════════════
  Training: 3000 epochs | 1024 pts/set | 8 sets
  Per epoch: 8192 pts | device: cuda:0
  lr: 0.00015 -> 1.4999999999999999e-05  (CosineAnnealing)
  Network: SIREN  omega_0=37.5
════════════════════════════════════════════════════════════════
  Epoch     1/3000  loss=3.5269e-01  lr=1.50e-04  (0.0s)

  Done in 40.3s | min loss = 1.2274e-05


════════════════════════════════════════════════════════════════
  Training: 3000 epochs | 1024 pts/set | 8 sets
  Per epoch: 8192 pts | device: cuda:0
  lr: 0.00015 -> 1.4999999999999999e-05  (CosineAnnealing)
  Network: SIREN  omega_0=37.5
════════════════════════════════════════════════════════════════
  Epoch     1/3000  loss=3.6758e-01  lr=1.50e-04  (0.0s)

  Done in 40.3s | min loss = 1.3063e-05

    -> digits per seed=[4, 4, 4]  best_mean_relerr=2.420e-04  median_digits=4  (122.0s total)
[group 377/640] hidden=[128, 128, 128, 128, 128] omega0=37.5 lr=0.00015 N=1024 epochs=4500  (3 seeds)

════════════════════════════════════════════════════════════════
  Training: 4500 epochs | 1024 pts/set | 8 sets
  Per epoch: 8192 pts | device: cuda:0
  lr: 0.00015 -> 1.4999999999999999e-05  (CosineAnnealing)
  Network: SIREN  omega_0=37.5
════════════════════════════════════════════════════════════════
  Epoch     1/4500  loss=3.6265e-01  lr=1.50e-04  (0.0s)

  Done in 60.5s | min loss = 6.9442e-06


════════════════════════════════════════════════════════════════
  Training: 4500 epochs | 1024 pts/set | 8 sets
  Per epoch: 8192 pts | device: cuda:0
  lr: 0.00015 -> 1.4999999999999999e-05  (CosineAnnealing)
  Network: SIREN  omega_0=37.5
════════════════════════════════════════════════════════════════
  Epoch     1/4500  loss=3.5269e-01  lr=1.50e-04  (0.0s)

  Done in 60.7s | min loss = 7.2830e-06


════════════════════════════════════════════════════════════════
  Training: 4500 epochs | 1024 pts/set | 8 sets
  Per epoch: 8192 pts | device: cuda:0
  lr: 0.00015 -> 1.4999999999999999e-05  (CosineAnnealing)
  Network: SIREN  omega_0=37.5
════════════════════════════════════════════════════════════════
  Epoch     1/4500  loss=3.6758e-01  lr=1.50e-04  (0.0s)

  Done in 60.6s | min loss = 7.4092e-06

    -> digits per seed=[4, 4, 4]  best_mean_relerr=1.928e-04  median_digits=4  (181.7s total)
[group 378/640] hidden=[128, 128, 128, 128, 128] omega0=37.5 lr=0.00015 N=1024 epochs=6500  (3 seeds)

════════════════════════════════════════════════════════════════
  Training: 6500 epochs | 1024 pts/set | 8 sets
  Per epoch: 8192 pts | device: cuda:0
  lr: 0.00015 -> 1.4999999999999999e-05  (CosineAnnealing)
  Network: SIREN  omega_0=37.5
════════════════════════════════════════════════════════════════
  Epoch     1/6500  loss=3.6265e-01  lr=1.50e-04  (0.0s)

  Done in 87.7s | min loss = 4.9273e-06


════════════════════════════════════════════════════════════════
  Training: 6500 epochs | 1024 pts/set | 8 sets
  Per epoch: 8192 pts | device: cuda:0
  lr: 0.00015 -> 1.4999999999999999e-05  (CosineAnnealing)
  Network: SIREN  omega_0=37.5
════════════════════════════════════════════════════════════════
  Epoch     1/6500  loss=3.5269e-01  lr=1.50e-04  (0.0s)

  Done in 88.1s | min loss = 4.7192e-06


════════════════════════════════════════════════════════════════
  Training: 6500 epochs | 1024 pts/set | 8 sets
  Per epoch: 8192 pts | device: cuda:0
  lr: 0.00015 -> 1.4999999999999999e-05  (CosineAnnealing)
  Network: SIREN  omega_0=37.5
════════════════════════════════════════════════════════════════
  Epoch     1/6500  loss=3.6758e-01  lr=1.50e-04  (0.0s)

  Done in 88.1s | min loss = 5.8412e-06

    -> digits per seed=[4, 4, 4]  best_mean_relerr=3.989e-04  median_digits=4  (263.9s total)
[group 379/640] hidden=[128, 128, 128, 128, 128] omega0=37.5 lr=0.00015 N=1024 epochs=10000  (3 seeds)

════════════════════════════════════════════════════════════════
  Training: 10000 epochs | 1024 pts/set | 8 sets
  Per epoch: 8192 pts | device: cuda:0
  lr: 0.00015 -> 1.4999999999999999e-05  (CosineAnnealing)
  Network: SIREN  omega_0=37.5
════════════════════════════════════════════════════════════════
  Epoch     1/10000  loss=3.6265e-01  lr=1.50e-04  (0.0s)

  Done in 135.5s | min loss = 3.6693e-06


════════════════════════════════════════════════════════════════
  Training: 10000 epochs | 1024 pts/set | 8 sets
  Per epoch: 8192 pts | device: cuda:0
  lr: 0.00015 -> 1.4999999999999999e-05  (CosineAnnealing)
  Network: SIREN  omega_0=37.5
════════════════════════════════════════════════════════════════
  Epoch     1/10000  loss=3.5269e-01  lr=1.50e-04  (0.0s)

  Done in 135.6s | min loss = 3.9219e-06


════════════════════════════════════════════════════════════════
  Training: 10000 epochs | 1024 pts/set | 8 sets
  Per epoch: 8192 pts | device: cuda:0
  lr: 0.00015 -> 1.4999999999999999e-05  (CosineAnnealing)
  Network: SIREN  omega_0=37.5
════════════════════════════════════════════════════════════════
  Epoch     1/10000  loss=3.6758e-01  lr=1.50e-04  (0.0s)

  Done in 135.8s | min loss = 4.1168e-06

    -> digits per seed=[4, 4, 3]  best_mean_relerr=6.012e-04  median_digits=4  (406.9s total)
[group 380/640] hidden=[128, 128, 128, 128, 128] omega0=37.5 lr=0.00015 N=1024 epochs=15000  (3 seeds)

════════════════════════════════════════════════════════════════
  Training: 15000 epochs | 1024 pts/set | 8 sets
  Per epoch: 8192 pts | device: cuda:0
  lr: 0.00015 -> 1.4999999999999999e-05  (CosineAnnealing)
  Network: SIREN  omega_0=37.5
════════════════════════════════════════════════════════════════
  Epoch     1/15000  loss=3.6265e-01  lr=1.50e-04  (0.0s)

  Done in 221.5s | min loss = 2.8021e-06


════════════════════════════════════════════════════════════════
  Training: 15000 epochs | 1024 pts/set | 8 sets
  Per epoch: 8192 pts | device: cuda:0
  lr: 0.00015 -> 1.4999999999999999e-05  (CosineAnnealing)
  Network: SIREN  omega_0=37.5
════════════════════════════════════════════════════════════════
  Epoch     1/15000  loss=3.5269e-01  lr=1.50e-04  (0.0s)

  Done in 220.9s | min loss = 2.4622e-06


════════════════════════════════════════════════════════════════
  Training: 15000 epochs | 1024 pts/set | 8 sets
  Per epoch: 8192 pts | device: cuda:0
  lr: 0.00015 -> 1.4999999999999999e-05  (CosineAnnealing)
  Network: SIREN  omega_0=37.5
════════════════════════════════════════════════════════════════
  Epoch     1/15000  loss=3.6758e-01  lr=1.50e-04  (0.0s)

  Done in 211.1s | min loss = 3.3491e-06

    -> digits per seed=[3, 3, 4]  best_mean_relerr=7.099e-04  median_digits=3  (653.6s total)
[group 381/640] hidden=[128, 128, 128, 128, 128] omega0=37.5 lr=0.0002 N=512 epochs=3000  (3 seeds)

════════════════════════════════════════════════════════════════
  Training: 3000 epochs | 512 pts/set | 8 sets
  Per epoch: 4096 pts | device: cuda:0
  lr: 0.0002 -> 2e-05  (CosineAnnealing)
  Network: SIREN  omega_0=37.5
════════════════════════════════════════════════════════════════
  Epoch     1/3000  loss=3.3524e-01  lr=2.00e-04  (0.0s)

  Done in 40.6s | min loss = 1.7287e-05


════════════════════════════════════════════════════════════════
  Training: 3000 epochs | 512 pts/set | 8 sets
  Per epoch: 4096 pts | device: cuda:0
  lr: 0.0002 -> 2e-05  (CosineAnnealing)
  Network: SIREN  omega_0=37.5
════════════════════════════════════════════════════════════════
  Epoch     1/3000  loss=3.6174e-01  lr=2.00e-04  (0.0s)

  Done in 42.0s | min loss = 1.8979e-05


════════════════════════════════════════════════════════════════
  Training: 3000 epochs | 512 pts/set | 8 sets
  Per epoch: 4096 pts | device: cuda:0
  lr: 0.0002 -> 2e-05  (CosineAnnealing)
  Network: SIREN  omega_0=37.5
════════════════════════════════════════════════════════════════
  Epoch     1/3000  loss=3.6881e-01  lr=2.00e-04  (0.0s)

  Done in 40.4s | min loss = 1.9803e-05

    -> digits per seed=[4, 4, 4]  best_mean_relerr=6.316e-04  median_digits=4  (122.9s total)
[group 382/640] hidden=[128, 128, 128, 128, 128] omega0=37.5 lr=0.0002 N=512 epochs=4500  (3 seeds)

════════════════════════════════════════════════════════════════
  Training: 4500 epochs | 512 pts/set | 8 sets
  Per epoch: 4096 pts | device: cuda:0
  lr: 0.0002 -> 2e-05  (CosineAnnealing)
  Network: SIREN  omega_0=37.5
════════════════════════════════════════════════════════════════
  Epoch     1/4500  loss=3.3524e-01  lr=2.00e-04  (0.0s)

  Done in 70.9s | min loss = 1.1303e-05


════════════════════════════════════════════════════════════════
  Training: 4500 epochs | 512 pts/set | 8 sets
  Per epoch: 4096 pts | device: cuda:0
  lr: 0.0002 -> 2e-05  (CosineAnnealing)
  Network: SIREN  omega_0=37.5
════════════════════════════════════════════════════════════════
  Epoch     1/4500  loss=3.6174e-01  lr=2.00e-04  (0.0s)

  Done in 72.6s | min loss = 1.0803e-05


════════════════════════════════════════════════════════════════
  Training: 4500 epochs | 512 pts/set | 8 sets
  Per epoch: 4096 pts | device: cuda:0
  lr: 0.0002 -> 2e-05  (CosineAnnealing)
  Network: SIREN  omega_0=37.5
════════════════════════════════════════════════════════════════
  Epoch     1/4500  loss=3.6881e-01  lr=2.00e-04  (0.0s)

  Done in 69.1s | min loss = 1.2390e-05

    -> digits per seed=[4, 3, 4]  best_mean_relerr=3.654e-04  median_digits=4  (212.6s total)
[group 383/640] hidden=[128, 128, 128, 128, 128] omega0=37.5 lr=0.0002 N=512 epochs=6500  (3 seeds)

════════════════════════════════════════════════════════════════
  Training: 6500 epochs | 512 pts/set | 8 sets
  Per epoch: 4096 pts | device: cuda:0
  lr: 0.0002 -> 2e-05  (CosineAnnealing)
  Network: SIREN  omega_0=37.5
════════════════════════════════════════════════════════════════
  Epoch     1/6500  loss=3.3524e-01  lr=2.00e-04  (0.0s)

  Done in 95.9s | min loss = 8.2570e-06


════════════════════════════════════════════════════════════════
  Training: 6500 epochs | 512 pts/set | 8 sets
  Per epoch: 4096 pts | device: cuda:0
  lr: 0.0002 -> 2e-05  (CosineAnnealing)
  Network: SIREN  omega_0=37.5
════════════════════════════════════════════════════════════════
  Epoch     1/6500  loss=3.6174e-01  lr=2.00e-04  (0.0s)

  Done in 92.4s | min loss = 9.1761e-06


════════════════════════════════════════════════════════════════
  Training: 6500 epochs | 512 pts/set | 8 sets
  Per epoch: 4096 pts | device: cuda:0
  lr: 0.0002 -> 2e-05  (CosineAnnealing)
  Network: SIREN  omega_0=37.5
════════════════════════════════════════════════════════════════
  Epoch     1/6500  loss=3.6881e-01  lr=2.00e-04  (0.0s)

  Done in 95.0s | min loss = 1.0091e-05

    -> digits per seed=[3, 4, 4]  best_mean_relerr=8.224e-04  median_digits=4  (283.4s total)
[group 384/640] hidden=[128, 128, 128, 128, 128] omega0=37.5 lr=0.0002 N=512 epochs=10000  (3 seeds)

════════════════════════════════════════════════════════════════
  Training: 10000 epochs | 512 pts/set | 8 sets
  Per epoch: 4096 pts | device: cuda:0
  lr: 0.0002 -> 2e-05  (CosineAnnealing)
  Network: SIREN  omega_0=37.5
════════════════════════════════════════════════════════════════
  Epoch     1/10000  loss=3.3524e-01  lr=2.00e-04  (0.0s)

  Done in 146.6s | min loss = 9.6672e-06


════════════════════════════════════════════════════════════════
  Training: 10000 epochs | 512 pts/set | 8 sets
  Per epoch: 4096 pts | device: cuda:0
  lr: 0.0002 -> 2e-05  (CosineAnnealing)
  Network: SIREN  omega_0=37.5
════════════════════════════════════════════════════════════════
  Epoch     1/10000  loss=3.6174e-01  lr=2.00e-04  (0.0s)

  Done in 148.2s | min loss = 1.0174e-05


════════════════════════════════════════════════════════════════
  Training: 10000 epochs | 512 pts/set | 8 sets
  Per epoch: 4096 pts | device: cuda:0
  lr: 0.0002 -> 2e-05  (CosineAnnealing)
  Network: SIREN  omega_0=37.5
════════════════════════════════════════════════════════════════
  Epoch     1/10000  loss=3.6881e-01  lr=2.00e-04  (0.0s)

  Done in 146.1s | min loss = 8.8446e-06

    -> digits per seed=[3, 3, 3]  best_mean_relerr=8.298e-04  median_digits=3  (440.9s total)
[group 385/640] hidden=[128, 128, 128, 128, 128] omega0=37.5 lr=0.0002 N=512 epochs=15000  (3 seeds)

════════════════════════════════════════════════════════════════
  Training: 15000 epochs | 512 pts/set | 8 sets
  Per epoch: 4096 pts | device: cuda:0
  lr: 0.0002 -> 2e-05  (CosineAnnealing)
  Network: SIREN  omega_0=37.5
════════════════════════════════════════════════════════════════
  Epoch     1/15000  loss=3.3524e-01  lr=2.00e-04  (0.0s)

  Done in 223.9s | min loss = 6.2202e-06


════════════════════════════════════════════════════════════════
  Training: 15000 epochs | 512 pts/set | 8 sets
  Per epoch: 4096 pts | device: cuda:0
  lr: 0.0002 -> 2e-05  (CosineAnnealing)
  Network: SIREN  omega_0=37.5
════════════════════════════════════════════════════════════════
  Epoch     1/15000  loss=3.6174e-01  lr=2.00e-04  (0.0s)

  Done in 222.7s | min loss = 7.6845e-06


════════════════════════════════════════════════════════════════
  Training: 15000 epochs | 512 pts/set | 8 sets
  Per epoch: 4096 pts | device: cuda:0
  lr: 0.0002 -> 2e-05  (CosineAnnealing)
  Network: SIREN  omega_0=37.5
════════════════════════════════════════════════════════════════
  Epoch     1/15000  loss=3.6881e-01  lr=2.00e-04  (0.0s)

  Done in 222.9s | min loss = 1.0546e-05

    -> digits per seed=[3, 3, 3]  best_mean_relerr=8.562e-04  median_digits=3  (669.6s total)
[group 386/640] hidden=[128, 128, 128, 128, 128] omega0=37.5 lr=0.0002 N=1024 epochs=3000  (3 seeds)

════════════════════════════════════════════════════════════════
  Training: 3000 epochs | 1024 pts/set | 8 sets
  Per epoch: 8192 pts | device: cuda:0
  lr: 0.0002 -> 2e-05  (CosineAnnealing)
  Network: SIREN  omega_0=37.5
════════════════════════════════════════════════════════════════
  Epoch     1/3000  loss=3.6265e-01  lr=2.00e-04  (0.0s)

  Done in 44.5s | min loss = 1.0099e-05


════════════════════════════════════════════════════════════════
  Training: 3000 epochs | 1024 pts/set | 8 sets
  Per epoch: 8192 pts | device: cuda:0
  lr: 0.0002 -> 2e-05  (CosineAnnealing)
  Network: SIREN  omega_0=37.5
════════════════════════════════════════════════════════════════
  Epoch     1/3000  loss=3.5269e-01  lr=2.00e-04  (0.0s)

  Done in 45.5s | min loss = 9.7817e-06


════════════════════════════════════════════════════════════════
  Training: 3000 epochs | 1024 pts/set | 8 sets
  Per epoch: 8192 pts | device: cuda:0
  lr: 0.0002 -> 2e-05  (CosineAnnealing)
  Network: SIREN  omega_0=37.5
════════════════════════════════════════════════════════════════
  Epoch     1/3000  loss=3.6758e-01  lr=2.00e-04  (0.0s)

  Done in 44.8s | min loss = 1.1939e-05

    -> digits per seed=[4, 4, 4]  best_mean_relerr=3.159e-04  median_digits=4  (134.8s total)
[group 387/640] hidden=[128, 128, 128, 128, 128] omega0=37.5 lr=0.0002 N=1024 epochs=4500  (3 seeds)

════════════════════════════════════════════════════════════════
  Training: 4500 epochs | 1024 pts/set | 8 sets
  Per epoch: 8192 pts | device: cuda:0
  lr: 0.0002 -> 2e-05  (CosineAnnealing)
  Network: SIREN  omega_0=37.5
════════════════════════════════════════════════════════════════
  Epoch     1/4500  loss=3.6265e-01  lr=2.00e-04  (0.0s)

  Done in 67.6s | min loss = 5.9140e-06


════════════════════════════════════════════════════════════════
  Training: 4500 epochs | 1024 pts/set | 8 sets
  Per epoch: 8192 pts | device: cuda:0
  lr: 0.0002 -> 2e-05  (CosineAnnealing)
  Network: SIREN  omega_0=37.5
════════════════════════════════════════════════════════════════
  Epoch     1/4500  loss=3.5269e-01  lr=2.00e-04  (0.0s)

  Done in 68.4s | min loss = 5.8901e-06


════════════════════════════════════════════════════════════════
  Training: 4500 epochs | 1024 pts/set | 8 sets
  Per epoch: 8192 pts | device: cuda:0
  lr: 0.0002 -> 2e-05  (CosineAnnealing)
  Network: SIREN  omega_0=37.5
════════════════════════════════════════════════════════════════
  Epoch     1/4500  loss=3.6758e-01  lr=2.00e-04  (0.0s)

  Done in 70.4s | min loss = 6.6315e-06

    -> digits per seed=[4, 4, 4]  best_mean_relerr=4.017e-04  median_digits=4  (206.4s total)
[group 388/640] hidden=[128, 128, 128, 128, 128] omega0=37.5 lr=0.0002 N=1024 epochs=6500  (3 seeds)
