
════════════════════════════════════════════════════════════════════════
  SUPER-TEST-M2 (KAN)  —  81 configs × 8 epoch budgets [1500, 2000, 3000, 4000, 5500, 7000, 8500, 10000] = 648 runs, device=cuda:6
════════════════════════════════════════════════════════════════════════

Computing scipy reference integrals (shared across all configs)...
Done.

[1/648] width=16 depth=1 G=5 k=3 lr=0.002 epochs=1500 ...

====================================================================
  Training: 1500 epochs | 8 sets
  Per epoch: 4096 pts | device: cuda:6
  Optimizer: Adam + OneCycleLR  (max_lr=0.002, warm-up 15%)
  Loss: HuberLoss (delta=0.5)
  Network: KAN  (B-spline edges, cubic k=3)
====================================================================
  Epoch     1/1500  loss=1.2262e-01  lr=8.01e-05  (0.4s)

  Done in 71.0s | min loss = 6.1520e-03

    -> min_loss=6.152e-03  mean_rel_err=1.182e-01  min_digits=1  params=1,198  (72.1s)
[2/648] width=16 depth=1 G=5 k=3 lr=0.002 epochs=2000 ...

====================================================================
  Training: 2000 epochs | 8 sets
  Per epoch: 4096 pts | device: cuda:6
  Optimizer: Adam + OneCycleLR  (max_lr=0.002, warm-up 15%)
  Loss: HuberLoss (delta=0.5)
  Network: KAN  (B-spline edges, cubic k=3)
====================================================================
  Epoch     1/2000  loss=1.2262e-01  lr=8.01e-05  (0.1s)

  Done in 92.1s | min loss = 5.4511e-03

    -> min_loss=5.451e-03  mean_rel_err=1.372e-01  min_digits=1  params=1,198  (92.1s)
[3/648] width=16 depth=1 G=5 k=3 lr=0.002 epochs=3000 ...

====================================================================
  Training: 3000 epochs | 8 sets
  Per epoch: 4096 pts | device: cuda:6
  Optimizer: Adam + OneCycleLR  (max_lr=0.002, warm-up 15%)
  Loss: HuberLoss (delta=0.5)
  Network: KAN  (B-spline edges, cubic k=3)
====================================================================
  Epoch     1/3000  loss=1.2262e-01  lr=8.00e-05  (0.0s)

  Done in 135.4s | min loss = 6.1393e-03

    -> min_loss=6.139e-03  mean_rel_err=1.122e-01  min_digits=2  params=1,198  (135.4s)
[4/648] width=16 depth=1 G=5 k=3 lr=0.002 epochs=4000 ...

====================================================================
  Training: 4000 epochs | 8 sets
  Per epoch: 4096 pts | device: cuda:6
  Optimizer: Adam + OneCycleLR  (max_lr=0.002, warm-up 15%)
  Loss: HuberLoss (delta=0.5)
  Network: KAN  (B-spline edges, cubic k=3)
====================================================================
  Epoch     1/4000  loss=1.2262e-01  lr=8.00e-05  (0.0s)

  Done in 185.8s | min loss = 5.0260e-03

    -> min_loss=5.026e-03  mean_rel_err=4.011e-02  min_digits=2  params=1,198  (185.8s)
[5/648] width=16 depth=1 G=5 k=3 lr=0.002 epochs=5500 ...

====================================================================
  Training: 5500 epochs | 8 sets
  Per epoch: 4096 pts | device: cuda:6
  Optimizer: Adam + OneCycleLR  (max_lr=0.002, warm-up 15%)
  Loss: HuberLoss (delta=0.5)
  Network: KAN  (B-spline edges, cubic k=3)
====================================================================
  Epoch     1/5500  loss=1.2262e-01  lr=8.00e-05  (0.0s)

  Done in 249.8s | min loss = 5.1888e-03

    -> min_loss=5.189e-03  mean_rel_err=1.438e-01  min_digits=2  params=1,198  (249.8s)
[6/648] width=16 depth=1 G=5 k=3 lr=0.002 epochs=7000 ...

====================================================================
  Training: 7000 epochs | 8 sets
  Per epoch: 4096 pts | device: cuda:6
  Optimizer: Adam + OneCycleLR  (max_lr=0.002, warm-up 15%)
  Loss: HuberLoss (delta=0.5)
  Network: KAN  (B-spline edges, cubic k=3)
====================================================================
  Epoch     1/7000  loss=1.2262e-01  lr=8.00e-05  (0.0s)

  Done in 318.8s | min loss = 3.9762e-03

    -> min_loss=3.976e-03  mean_rel_err=1.794e-01  min_digits=1  params=1,198  (318.9s)
[7/648] width=16 depth=1 G=5 k=3 lr=0.002 epochs=8500 ...

====================================================================
  Training: 8500 epochs | 8 sets
  Per epoch: 4096 pts | device: cuda:6
  Optimizer: Adam + OneCycleLR  (max_lr=0.002, warm-up 15%)
  Loss: HuberLoss (delta=0.5)
  Network: KAN  (B-spline edges, cubic k=3)
====================================================================
  Epoch     1/8500  loss=1.2262e-01  lr=8.00e-05  (0.0s)

  Done in 395.7s | min loss = 3.2538e-03

    -> min_loss=3.254e-03  mean_rel_err=2.064e-01  min_digits=1  params=1,198  (395.7s)
[8/648] width=16 depth=1 G=5 k=3 lr=0.002 epochs=10000 ...

====================================================================
  Training: 10000 epochs | 8 sets
  Per epoch: 4096 pts | device: cuda:6
  Optimizer: Adam + OneCycleLR  (max_lr=0.002, warm-up 15%)
  Loss: HuberLoss (delta=0.5)
  Network: KAN  (B-spline edges, cubic k=3)
====================================================================
  Epoch     1/10000  loss=1.2262e-01  lr=8.00e-05  (0.0s)

  Done in 463.1s | min loss = 3.4770e-03

    -> min_loss=3.477e-03  mean_rel_err=1.720e-01  min_digits=1  params=1,198  (463.1s)
[9/648] width=16 depth=1 G=5 k=3 lr=0.001 epochs=1500 ...

====================================================================
  Training: 1500 epochs | 8 sets
  Per epoch: 4096 pts | device: cuda:6
  Optimizer: Adam + OneCycleLR  (max_lr=0.001, warm-up 15%)
  Loss: HuberLoss (delta=0.5)
  Network: KAN  (B-spline edges, cubic k=3)
====================================================================
  Epoch     1/1500  loss=1.2262e-01  lr=4.00e-05  (0.0s)

  Done in 68.7s | min loss = 8.7034e-03

    -> min_loss=8.703e-03  mean_rel_err=1.131e-01  min_digits=2  params=1,198  (68.7s)
[10/648] width=16 depth=1 G=5 k=3 lr=0.001 epochs=2000 ...

====================================================================
  Training: 2000 epochs | 8 sets
  Per epoch: 4096 pts | device: cuda:6
  Optimizer: Adam + OneCycleLR  (max_lr=0.001, warm-up 15%)
  Loss: HuberLoss (delta=0.5)
  Network: KAN  (B-spline edges, cubic k=3)
====================================================================
  Epoch     1/2000  loss=1.2262e-01  lr=4.00e-05  (0.0s)

  Done in 91.7s | min loss = 7.4428e-03

    -> min_loss=7.443e-03  mean_rel_err=1.520e-01  min_digits=1  params=1,198  (91.7s)
[11/648] width=16 depth=1 G=5 k=3 lr=0.001 epochs=3000 ...

====================================================================
  Training: 3000 epochs | 8 sets
  Per epoch: 4096 pts | device: cuda:6
  Optimizer: Adam + OneCycleLR  (max_lr=0.001, warm-up 15%)
  Loss: HuberLoss (delta=0.5)
  Network: KAN  (B-spline edges, cubic k=3)
====================================================================
  Epoch     1/3000  loss=1.2262e-01  lr=4.00e-05  (0.0s)

  Done in 139.7s | min loss = 8.0856e-03

    -> min_loss=8.086e-03  mean_rel_err=1.258e-01  min_digits=1  params=1,198  (139.7s)
[12/648] width=16 depth=1 G=5 k=3 lr=0.001 epochs=4000 ...

====================================================================
  Training: 4000 epochs | 8 sets
  Per epoch: 4096 pts | device: cuda:6
  Optimizer: Adam + OneCycleLR  (max_lr=0.001, warm-up 15%)
  Loss: HuberLoss (delta=0.5)
  Network: KAN  (B-spline edges, cubic k=3)
====================================================================
  Epoch     1/4000  loss=1.2262e-01  lr=4.00e-05  (0.1s)

  Done in 185.0s | min loss = 6.4850e-03

    -> min_loss=6.485e-03  mean_rel_err=1.164e-01  min_digits=1  params=1,198  (185.0s)
[13/648] width=16 depth=1 G=5 k=3 lr=0.001 epochs=5500 ...

====================================================================
  Training: 5500 epochs | 8 sets
  Per epoch: 4096 pts | device: cuda:6
  Optimizer: Adam + OneCycleLR  (max_lr=0.001, warm-up 15%)
  Loss: HuberLoss (delta=0.5)
  Network: KAN  (B-spline edges, cubic k=3)
====================================================================
  Epoch     1/5500  loss=1.2262e-01  lr=4.00e-05  (0.0s)

  Done in 251.9s | min loss = 5.5971e-03

    -> min_loss=5.597e-03  mean_rel_err=1.943e-01  min_digits=1  params=1,198  (251.9s)
[14/648] width=16 depth=1 G=5 k=3 lr=0.001 epochs=7000 ...

====================================================================
  Training: 7000 epochs | 8 sets
  Per epoch: 4096 pts | device: cuda:6
  Optimizer: Adam + OneCycleLR  (max_lr=0.001, warm-up 15%)
  Loss: HuberLoss (delta=0.5)
  Network: KAN  (B-spline edges, cubic k=3)
====================================================================
  Epoch     1/7000  loss=1.2262e-01  lr=4.00e-05  (0.1s)

  Done in 315.9s | min loss = 5.0620e-03

    -> min_loss=5.062e-03  mean_rel_err=1.035e-01  min_digits=2  params=1,198  (315.9s)
[15/648] width=16 depth=1 G=5 k=3 lr=0.001 epochs=8500 ...

====================================================================
  Training: 8500 epochs | 8 sets
  Per epoch: 4096 pts | device: cuda:6
  Optimizer: Adam + OneCycleLR  (max_lr=0.001, warm-up 15%)
  Loss: HuberLoss (delta=0.5)
  Network: KAN  (B-spline edges, cubic k=3)
====================================================================
  Epoch     1/8500  loss=1.2262e-01  lr=4.00e-05  (0.1s)

  Done in 394.6s | min loss = 4.5426e-03

    -> min_loss=4.543e-03  mean_rel_err=1.220e-01  min_digits=1  params=1,198  (394.6s)
[16/648] width=16 depth=1 G=5 k=3 lr=0.001 epochs=10000 ...

====================================================================
  Training: 10000 epochs | 8 sets
  Per epoch: 4096 pts | device: cuda:6
  Optimizer: Adam + OneCycleLR  (max_lr=0.001, warm-up 15%)
  Loss: HuberLoss (delta=0.5)
  Network: KAN  (B-spline edges, cubic k=3)
====================================================================
  Epoch     1/10000  loss=1.2262e-01  lr=4.00e-05  (0.0s)

  Done in 456.6s | min loss = 4.5879e-03

    -> min_loss=4.588e-03  mean_rel_err=9.698e-02  min_digits=1  params=1,198  (456.6s)
[17/648] width=16 depth=1 G=5 k=3 lr=0.0005 epochs=1500 ...

====================================================================
  Training: 1500 epochs | 8 sets
  Per epoch: 4096 pts | device: cuda:6
  Optimizer: Adam + OneCycleLR  (max_lr=0.0005, warm-up 15%)
  Loss: HuberLoss (delta=0.5)
  Network: KAN  (B-spline edges, cubic k=3)
====================================================================
  Epoch     1/1500  loss=1.2262e-01  lr=2.00e-05  (0.0s)

  Done in 68.9s | min loss = 1.1924e-02

    -> min_loss=1.192e-02  mean_rel_err=1.402e-01  min_digits=2  params=1,198  (68.9s)
[18/648] width=16 depth=1 G=5 k=3 lr=0.0005 epochs=2000 ...

====================================================================
  Training: 2000 epochs | 8 sets
  Per epoch: 4096 pts | device: cuda:6
  Optimizer: Adam + OneCycleLR  (max_lr=0.0005, warm-up 15%)
  Loss: HuberLoss (delta=0.5)
  Network: KAN  (B-spline edges, cubic k=3)
====================================================================
  Epoch     1/2000  loss=1.2262e-01  lr=2.00e-05  (0.0s)

  Done in 89.6s | min loss = 1.0063e-02

    -> min_loss=1.006e-02  mean_rel_err=1.404e-01  min_digits=1  params=1,198  (89.6s)
[19/648] width=16 depth=1 G=5 k=3 lr=0.0005 epochs=3000 ...

====================================================================
  Training: 3000 epochs | 8 sets
  Per epoch: 4096 pts | device: cuda:6
  Optimizer: Adam + OneCycleLR  (max_lr=0.0005, warm-up 15%)
  Loss: HuberLoss (delta=0.5)
  Network: KAN  (B-spline edges, cubic k=3)
====================================================================
  Epoch     1/3000  loss=1.2262e-01  lr=2.00e-05  (0.1s)

  Done in 137.4s | min loss = 8.3025e-03

    -> min_loss=8.303e-03  mean_rel_err=1.116e-01  min_digits=2  params=1,198  (137.4s)
[20/648] width=16 depth=1 G=5 k=3 lr=0.0005 epochs=4000 ...

====================================================================
  Training: 4000 epochs | 8 sets
  Per epoch: 4096 pts | device: cuda:6
  Optimizer: Adam + OneCycleLR  (max_lr=0.0005, warm-up 15%)
  Loss: HuberLoss (delta=0.5)
  Network: KAN  (B-spline edges, cubic k=3)
====================================================================
  Epoch     1/4000  loss=1.2262e-01  lr=2.00e-05  (0.0s)

  Done in 186.6s | min loss = 7.7991e-03

    -> min_loss=7.799e-03  mean_rel_err=8.244e-02  min_digits=2  params=1,198  (186.6s)
[21/648] width=16 depth=1 G=5 k=3 lr=0.0005 epochs=5500 ...

====================================================================
  Training: 5500 epochs | 8 sets
  Per epoch: 4096 pts | device: cuda:6
  Optimizer: Adam + OneCycleLR  (max_lr=0.0005, warm-up 15%)
  Loss: HuberLoss (delta=0.5)
  Network: KAN  (B-spline edges, cubic k=3)
====================================================================
  Epoch     1/5500  loss=1.2262e-01  lr=2.00e-05  (0.1s)

  Done in 252.5s | min loss = 6.4082e-03

    -> min_loss=6.408e-03  mean_rel_err=1.145e-01  min_digits=1  params=1,198  (252.5s)
[22/648] width=16 depth=1 G=5 k=3 lr=0.0005 epochs=7000 ...

====================================================================
  Training: 7000 epochs | 8 sets
  Per epoch: 4096 pts | device: cuda:6
  Optimizer: Adam + OneCycleLR  (max_lr=0.0005, warm-up 15%)
  Loss: HuberLoss (delta=0.5)
  Network: KAN  (B-spline edges, cubic k=3)
====================================================================
  Epoch     1/7000  loss=1.2262e-01  lr=2.00e-05  (0.0s)

  Done in 321.0s | min loss = 6.0593e-03

    -> min_loss=6.059e-03  mean_rel_err=1.498e-01  min_digits=1  params=1,198  (321.0s)
[23/648] width=16 depth=1 G=5 k=3 lr=0.0005 epochs=8500 ...

====================================================================
  Training: 8500 epochs | 8 sets
  Per epoch: 4096 pts | device: cuda:6
  Optimizer: Adam + OneCycleLR  (max_lr=0.0005, warm-up 15%)
  Loss: HuberLoss (delta=0.5)
  Network: KAN  (B-spline edges, cubic k=3)
====================================================================
  Epoch     1/8500  loss=1.2262e-01  lr=2.00e-05  (0.0s)

  Done in 387.1s | min loss = 5.1739e-03

    -> min_loss=5.174e-03  mean_rel_err=4.542e-02  min_digits=2  params=1,198  (387.1s)
[24/648] width=16 depth=1 G=5 k=3 lr=0.0005 epochs=10000 ...

====================================================================
  Training: 10000 epochs | 8 sets
  Per epoch: 4096 pts | device: cuda:6
  Optimizer: Adam + OneCycleLR  (max_lr=0.0005, warm-up 15%)
  Loss: HuberLoss (delta=0.5)
  Network: KAN  (B-spline edges, cubic k=3)
====================================================================
  Epoch     1/10000  loss=1.2262e-01  lr=2.00e-05  (0.0s)

  Done in 449.6s | min loss = 5.2809e-03

    -> min_loss=5.281e-03  mean_rel_err=1.635e-01  min_digits=1  params=1,198  (449.6s)
[25/648] width=16 depth=1 G=8 k=3 lr=0.002 epochs=1500 ...

====================================================================
  Training: 1500 epochs | 8 sets
  Per epoch: 4096 pts | device: cuda:6
  Optimizer: Adam + OneCycleLR  (max_lr=0.002, warm-up 15%)
  Loss: HuberLoss (delta=0.5)
  Network: KAN  (B-spline edges, cubic k=3)
====================================================================
  Epoch     1/1500  loss=2.3477e-01  lr=8.01e-05  (0.1s)

  Done in 67.0s | min loss = 6.2701e-03

    -> min_loss=6.270e-03  mean_rel_err=7.743e-02  min_digits=1  params=1,582  (67.0s)
[26/648] width=16 depth=1 G=8 k=3 lr=0.002 epochs=2000 ...

====================================================================
  Training: 2000 epochs | 8 sets
  Per epoch: 4096 pts | device: cuda:6
  Optimizer: Adam + OneCycleLR  (max_lr=0.002, warm-up 15%)
  Loss: HuberLoss (delta=0.5)
  Network: KAN  (B-spline edges, cubic k=3)
====================================================================
  Epoch     1/2000  loss=2.3477e-01  lr=8.01e-05  (0.0s)

  Done in 93.3s | min loss = 5.1752e-03

    -> min_loss=5.175e-03  mean_rel_err=7.103e-02  min_digits=1  params=1,582  (93.3s)
[27/648] width=16 depth=1 G=8 k=3 lr=0.002 epochs=3000 ...

====================================================================
  Training: 3000 epochs | 8 sets
  Per epoch: 4096 pts | device: cuda:6
  Optimizer: Adam + OneCycleLR  (max_lr=0.002, warm-up 15%)
  Loss: HuberLoss (delta=0.5)
  Network: KAN  (B-spline edges, cubic k=3)
====================================================================
  Epoch     1/3000  loss=2.3477e-01  lr=8.00e-05  (0.0s)

  Done in 134.5s | min loss = 6.4731e-03

    -> min_loss=6.473e-03  mean_rel_err=9.127e-02  min_digits=1  params=1,582  (134.5s)
[28/648] width=16 depth=1 G=8 k=3 lr=0.002 epochs=4000 ...

====================================================================
  Training: 4000 epochs | 8 sets
  Per epoch: 4096 pts | device: cuda:6
  Optimizer: Adam + OneCycleLR  (max_lr=0.002, warm-up 15%)
  Loss: HuberLoss (delta=0.5)
  Network: KAN  (B-spline edges, cubic k=3)
====================================================================
  Epoch     1/4000  loss=2.3477e-01  lr=8.00e-05  (0.0s)

  Done in 183.7s | min loss = 4.3173e-03

    -> min_loss=4.317e-03  mean_rel_err=8.153e-02  min_digits=1  params=1,582  (183.7s)
[29/648] width=16 depth=1 G=8 k=3 lr=0.002 epochs=5500 ...

====================================================================
  Training: 5500 epochs | 8 sets
  Per epoch: 4096 pts | device: cuda:6
  Optimizer: Adam + OneCycleLR  (max_lr=0.002, warm-up 15%)
  Loss: HuberLoss (delta=0.5)
  Network: KAN  (B-spline edges, cubic k=3)
====================================================================
  Epoch     1/5500  loss=2.3477e-01  lr=8.00e-05  (0.1s)

  Done in 250.5s | min loss = 4.3199e-03

    -> min_loss=4.320e-03  mean_rel_err=1.552e-01  min_digits=1  params=1,582  (250.5s)
[30/648] width=16 depth=1 G=8 k=3 lr=0.002 epochs=7000 ...

====================================================================
  Training: 7000 epochs | 8 sets
  Per epoch: 4096 pts | device: cuda:6
  Optimizer: Adam + OneCycleLR  (max_lr=0.002, warm-up 15%)
  Loss: HuberLoss (delta=0.5)
  Network: KAN  (B-spline edges, cubic k=3)
====================================================================
  Epoch     1/7000  loss=2.3477e-01  lr=8.00e-05  (0.0s)

  Done in 323.4s | min loss = 3.8732e-03

    -> min_loss=3.873e-03  mean_rel_err=1.879e-01  min_digits=1  params=1,582  (323.4s)
[31/648] width=16 depth=1 G=8 k=3 lr=0.002 epochs=8500 ...

====================================================================
  Training: 8500 epochs | 8 sets
  Per epoch: 4096 pts | device: cuda:6
  Optimizer: Adam + OneCycleLR  (max_lr=0.002, warm-up 15%)
  Loss: HuberLoss (delta=0.5)
  Network: KAN  (B-spline edges, cubic k=3)
====================================================================
  Epoch     1/8500  loss=2.3477e-01  lr=8.00e-05  (0.0s)

  Done in 388.4s | min loss = 3.6596e-03

    -> min_loss=3.660e-03  mean_rel_err=1.756e-01  min_digits=1  params=1,582  (388.4s)
[32/648] width=16 depth=1 G=8 k=3 lr=0.002 epochs=10000 ...

====================================================================
  Training: 10000 epochs | 8 sets
  Per epoch: 4096 pts | device: cuda:6
  Optimizer: Adam + OneCycleLR  (max_lr=0.002, warm-up 15%)
  Loss: HuberLoss (delta=0.5)
  Network: KAN  (B-spline edges, cubic k=3)
====================================================================
  Epoch     1/10000  loss=2.3477e-01  lr=8.00e-05  (0.0s)

  Done in 459.5s | min loss = 3.3413e-03

    -> min_loss=3.341e-03  mean_rel_err=1.227e-01  min_digits=1  params=1,582  (459.5s)
[33/648] width=16 depth=1 G=8 k=3 lr=0.001 epochs=1500 ...

====================================================================
  Training: 1500 epochs | 8 sets
  Per epoch: 4096 pts | device: cuda:6
  Optimizer: Adam + OneCycleLR  (max_lr=0.001, warm-up 15%)
  Loss: HuberLoss (delta=0.5)
  Network: KAN  (B-spline edges, cubic k=3)
====================================================================
  Epoch     1/1500  loss=2.3477e-01  lr=4.00e-05  (0.0s)

  Done in 68.5s | min loss = 7.9444e-03

    -> min_loss=7.944e-03  mean_rel_err=9.961e-02  min_digits=1  params=1,582  (68.5s)
[34/648] width=16 depth=1 G=8 k=3 lr=0.001 epochs=2000 ...

====================================================================
  Training: 2000 epochs | 8 sets
  Per epoch: 4096 pts | device: cuda:6
  Optimizer: Adam + OneCycleLR  (max_lr=0.001, warm-up 15%)
  Loss: HuberLoss (delta=0.5)
  Network: KAN  (B-spline edges, cubic k=3)
====================================================================
  Epoch     1/2000  loss=2.3477e-01  lr=4.00e-05  (0.0s)

  Done in 91.5s | min loss = 5.8651e-03

    -> min_loss=5.865e-03  mean_rel_err=1.061e-01  min_digits=1  params=1,582  (91.5s)
[35/648] width=16 depth=1 G=8 k=3 lr=0.001 epochs=3000 ...

====================================================================
  Training: 3000 epochs | 8 sets
  Per epoch: 4096 pts | device: cuda:6
  Optimizer: Adam + OneCycleLR  (max_lr=0.001, warm-up 15%)
  Loss: HuberLoss (delta=0.5)
  Network: KAN  (B-spline edges, cubic k=3)
====================================================================
  Epoch     1/3000  loss=2.3477e-01  lr=4.00e-05  (0.1s)

  Done in 139.9s | min loss = 5.9458e-03

    -> min_loss=5.946e-03  mean_rel_err=8.846e-02  min_digits=2  params=1,582  (139.9s)
[36/648] width=16 depth=1 G=8 k=3 lr=0.001 epochs=4000 ...

====================================================================
  Training: 4000 epochs | 8 sets
  Per epoch: 4096 pts | device: cuda:6
  Optimizer: Adam + OneCycleLR  (max_lr=0.001, warm-up 15%)
  Loss: HuberLoss (delta=0.5)
  Network: KAN  (B-spline edges, cubic k=3)
====================================================================
  Epoch     1/4000  loss=2.3477e-01  lr=4.00e-05  (0.1s)

  Done in 184.1s | min loss = 4.9325e-03

    -> min_loss=4.932e-03  mean_rel_err=9.401e-02  min_digits=2  params=1,582  (184.1s)
[37/648] width=16 depth=1 G=8 k=3 lr=0.001 epochs=5500 ...

====================================================================
  Training: 5500 epochs | 8 sets
  Per epoch: 4096 pts | device: cuda:6
  Optimizer: Adam + OneCycleLR  (max_lr=0.001, warm-up 15%)
  Loss: HuberLoss (delta=0.5)
  Network: KAN  (B-spline edges, cubic k=3)
====================================================================
  Epoch     1/5500  loss=2.3477e-01  lr=4.00e-05  (0.0s)

  Done in 253.1s | min loss = 5.1432e-03

    -> min_loss=5.143e-03  mean_rel_err=1.087e-01  min_digits=1  params=1,582  (253.1s)
[38/648] width=16 depth=1 G=8 k=3 lr=0.001 epochs=7000 ...

====================================================================
  Training: 7000 epochs | 8 sets
  Per epoch: 4096 pts | device: cuda:6
  Optimizer: Adam + OneCycleLR  (max_lr=0.001, warm-up 15%)
  Loss: HuberLoss (delta=0.5)
  Network: KAN  (B-spline edges, cubic k=3)
====================================================================
  Epoch     1/7000  loss=2.3477e-01  lr=4.00e-05  (0.0s)

  Done in 321.6s | min loss = 4.5346e-03

    -> min_loss=4.535e-03  mean_rel_err=1.183e-01  min_digits=2  params=1,582  (321.6s)
[39/648] width=16 depth=1 G=8 k=3 lr=0.001 epochs=8500 ...

====================================================================
  Training: 8500 epochs | 8 sets
  Per epoch: 4096 pts | device: cuda:6
  Optimizer: Adam + OneCycleLR  (max_lr=0.001, warm-up 15%)
  Loss: HuberLoss (delta=0.5)
  Network: KAN  (B-spline edges, cubic k=3)
====================================================================
  Epoch     1/8500  loss=2.3477e-01  lr=4.00e-05  (0.0s)

  Done in 390.3s | min loss = 3.9875e-03

    -> min_loss=3.987e-03  mean_rel_err=1.546e-01  min_digits=1  params=1,582  (390.3s)
[40/648] width=16 depth=1 G=8 k=3 lr=0.001 epochs=10000 ...

====================================================================
  Training: 10000 epochs | 8 sets
  Per epoch: 4096 pts | device: cuda:6
  Optimizer: Adam + OneCycleLR  (max_lr=0.001, warm-up 15%)
  Loss: HuberLoss (delta=0.5)
  Network: KAN  (B-spline edges, cubic k=3)
====================================================================
  Epoch     1/10000  loss=2.3477e-01  lr=4.00e-05  (0.0s)

  Done in 459.6s | min loss = 3.8960e-03

    -> min_loss=3.896e-03  mean_rel_err=1.140e-01  min_digits=2  params=1,582  (459.6s)
[41/648] width=16 depth=1 G=8 k=3 lr=0.0005 epochs=1500 ...

====================================================================
  Training: 1500 epochs | 8 sets
  Per epoch: 4096 pts | device: cuda:6
  Optimizer: Adam + OneCycleLR  (max_lr=0.0005, warm-up 15%)
  Loss: HuberLoss (delta=0.5)
  Network: KAN  (B-spline edges, cubic k=3)
====================================================================
  Epoch     1/1500  loss=2.3477e-01  lr=2.00e-05  (0.0s)

  Done in 69.6s | min loss = 8.2925e-03

    -> min_loss=8.292e-03  mean_rel_err=5.111e-02  min_digits=1  params=1,582  (69.6s)
[42/648] width=16 depth=1 G=8 k=3 lr=0.0005 epochs=2000 ...

====================================================================
  Training: 2000 epochs | 8 sets
  Per epoch: 4096 pts | device: cuda:6
  Optimizer: Adam + OneCycleLR  (max_lr=0.0005, warm-up 15%)
  Loss: HuberLoss (delta=0.5)
  Network: KAN  (B-spline edges, cubic k=3)
====================================================================
  Epoch     1/2000  loss=2.3477e-01  lr=2.00e-05  (0.0s)

  Done in 92.5s | min loss = 8.6741e-03

    -> min_loss=8.674e-03  mean_rel_err=7.633e-02  min_digits=1  params=1,582  (92.5s)
[43/648] width=16 depth=1 G=8 k=3 lr=0.0005 epochs=3000 ...

====================================================================
  Training: 3000 epochs | 8 sets
  Per epoch: 4096 pts | device: cuda:6
  Optimizer: Adam + OneCycleLR  (max_lr=0.0005, warm-up 15%)
  Loss: HuberLoss (delta=0.5)
  Network: KAN  (B-spline edges, cubic k=3)
====================================================================
  Epoch     1/3000  loss=2.3477e-01  lr=2.00e-05  (0.0s)

  Done in 137.0s | min loss = 6.4021e-03

    -> min_loss=6.402e-03  mean_rel_err=7.069e-02  min_digits=2  params=1,582  (137.0s)
[44/648] width=16 depth=1 G=8 k=3 lr=0.0005 epochs=4000 ...

====================================================================
  Training: 4000 epochs | 8 sets
  Per epoch: 4096 pts | device: cuda:6
  Optimizer: Adam + OneCycleLR  (max_lr=0.0005, warm-up 15%)
  Loss: HuberLoss (delta=0.5)
  Network: KAN  (B-spline edges, cubic k=3)
====================================================================
  Epoch     1/4000  loss=2.3477e-01  lr=2.00e-05  (0.1s)

  Done in 180.2s | min loss = 5.8515e-03

    -> min_loss=5.852e-03  mean_rel_err=6.917e-02  min_digits=2  params=1,582  (180.2s)
[45/648] width=16 depth=1 G=8 k=3 lr=0.0005 epochs=5500 ...

====================================================================
  Training: 5500 epochs | 8 sets
  Per epoch: 4096 pts | device: cuda:6
  Optimizer: Adam + OneCycleLR  (max_lr=0.0005, warm-up 15%)
  Loss: HuberLoss (delta=0.5)
  Network: KAN  (B-spline edges, cubic k=3)
====================================================================
  Epoch     1/5500  loss=2.3477e-01  lr=2.00e-05  (0.1s)

  Done in 252.7s | min loss = 4.8728e-03

    -> min_loss=4.873e-03  mean_rel_err=9.683e-02  min_digits=2  params=1,582  (252.7s)
[46/648] width=16 depth=1 G=8 k=3 lr=0.0005 epochs=7000 ...

====================================================================
  Training: 7000 epochs | 8 sets
  Per epoch: 4096 pts | device: cuda:6
  Optimizer: Adam + OneCycleLR  (max_lr=0.0005, warm-up 15%)
  Loss: HuberLoss (delta=0.5)
  Network: KAN  (B-spline edges, cubic k=3)
====================================================================
  Epoch     1/7000  loss=2.3477e-01  lr=2.00e-05  (0.0s)

  Done in 323.7s | min loss = 4.5981e-03

    -> min_loss=4.598e-03  mean_rel_err=5.456e-02  min_digits=2  params=1,582  (323.7s)
[47/648] width=16 depth=1 G=8 k=3 lr=0.0005 epochs=8500 ...

====================================================================
  Training: 8500 epochs | 8 sets
  Per epoch: 4096 pts | device: cuda:6
  Optimizer: Adam + OneCycleLR  (max_lr=0.0005, warm-up 15%)
  Loss: HuberLoss (delta=0.5)
  Network: KAN  (B-spline edges, cubic k=3)
====================================================================
  Epoch     1/8500  loss=2.3477e-01  lr=2.00e-05  (0.0s)

  Done in 385.1s | min loss = 4.1733e-03

    -> min_loss=4.173e-03  mean_rel_err=1.422e-01  min_digits=1  params=1,582  (385.1s)
[48/648] width=16 depth=1 G=8 k=3 lr=0.0005 epochs=10000 ...

====================================================================
  Training: 10000 epochs | 8 sets
  Per epoch: 4096 pts | device: cuda:6
  Optimizer: Adam + OneCycleLR  (max_lr=0.0005, warm-up 15%)
  Loss: HuberLoss (delta=0.5)
  Network: KAN  (B-spline edges, cubic k=3)
====================================================================
  Epoch     1/10000  loss=2.3477e-01  lr=2.00e-05  (0.1s)

  Done in 456.1s | min loss = 4.0214e-03

    -> min_loss=4.021e-03  mean_rel_err=9.898e-02  min_digits=1  params=1,582  (456.1s)
[49/648] width=16 depth=1 G=12 k=3 lr=0.002 epochs=1500 ...

====================================================================
  Training: 1500 epochs | 8 sets
  Per epoch: 4096 pts | device: cuda:6
  Optimizer: Adam + OneCycleLR  (max_lr=0.002, warm-up 15%)
  Loss: HuberLoss (delta=0.5)
  Network: KAN  (B-spline edges, cubic k=3)
====================================================================
  Epoch     1/1500  loss=5.1573e-01  lr=8.01e-05  (0.0s)

  Done in 68.5s | min loss = 6.0999e-03

    -> min_loss=6.100e-03  mean_rel_err=1.110e-01  min_digits=2  params=2,094  (68.5s)
[50/648] width=16 depth=1 G=12 k=3 lr=0.002 epochs=2000 ...

====================================================================
  Training: 2000 epochs | 8 sets
  Per epoch: 4096 pts | device: cuda:6
  Optimizer: Adam + OneCycleLR  (max_lr=0.002, warm-up 15%)
  Loss: HuberLoss (delta=0.5)
  Network: KAN  (B-spline edges, cubic k=3)
====================================================================
  Epoch     1/2000  loss=5.1573e-01  lr=8.01e-05  (0.0s)

  Done in 92.0s | min loss = 4.8346e-03

    -> min_loss=4.835e-03  mean_rel_err=1.887e-01  min_digits=1  params=2,094  (92.0s)
[51/648] width=16 depth=1 G=12 k=3 lr=0.002 epochs=3000 ...

====================================================================
  Training: 3000 epochs | 8 sets
  Per epoch: 4096 pts | device: cuda:6
  Optimizer: Adam + OneCycleLR  (max_lr=0.002, warm-up 15%)
  Loss: HuberLoss (delta=0.5)
  Network: KAN  (B-spline edges, cubic k=3)
====================================================================
  Epoch     1/3000  loss=5.1573e-01  lr=8.00e-05  (0.0s)

  Done in 137.2s | min loss = 5.2881e-03

    -> min_loss=5.288e-03  mean_rel_err=8.153e-02  min_digits=2  params=2,094  (137.2s)
[52/648] width=16 depth=1 G=12 k=3 lr=0.002 epochs=4000 ...

====================================================================
  Training: 4000 epochs | 8 sets
  Per epoch: 4096 pts | device: cuda:6
  Optimizer: Adam + OneCycleLR  (max_lr=0.002, warm-up 15%)
  Loss: HuberLoss (delta=0.5)
  Network: KAN  (B-spline edges, cubic k=3)
====================================================================
  Epoch     1/4000  loss=5.1573e-01  lr=8.00e-05  (0.1s)

  Done in 184.7s | min loss = 5.1611e-03

    -> min_loss=5.161e-03  mean_rel_err=1.099e-01  min_digits=2  params=2,094  (184.7s)
[53/648] width=16 depth=1 G=12 k=3 lr=0.002 epochs=5500 ...

====================================================================
  Training: 5500 epochs | 8 sets
  Per epoch: 4096 pts | device: cuda:6
  Optimizer: Adam + OneCycleLR  (max_lr=0.002, warm-up 15%)
  Loss: HuberLoss (delta=0.5)
  Network: KAN  (B-spline edges, cubic k=3)
====================================================================
  Epoch     1/5500  loss=5.1573e-01  lr=8.00e-05  (0.1s)

  Done in 254.5s | min loss = 4.3126e-03

    -> min_loss=4.313e-03  mean_rel_err=1.480e-01  min_digits=1  params=2,094  (254.5s)
[54/648] width=16 depth=1 G=12 k=3 lr=0.002 epochs=7000 ...

====================================================================
  Training: 7000 epochs | 8 sets
  Per epoch: 4096 pts | device: cuda:6
  Optimizer: Adam + OneCycleLR  (max_lr=0.002, warm-up 15%)
  Loss: HuberLoss (delta=0.5)
  Network: KAN  (B-spline edges, cubic k=3)
====================================================================
  Epoch     1/7000  loss=5.1573e-01  lr=8.00e-05  (0.0s)

  Done in 323.5s | min loss = 3.7942e-03

    -> min_loss=3.794e-03  mean_rel_err=1.575e-01  min_digits=1  params=2,094  (323.5s)
[55/648] width=16 depth=1 G=12 k=3 lr=0.002 epochs=8500 ...

====================================================================
  Training: 8500 epochs | 8 sets
  Per epoch: 4096 pts | device: cuda:6
  Optimizer: Adam + OneCycleLR  (max_lr=0.002, warm-up 15%)
  Loss: HuberLoss (delta=0.5)
  Network: KAN  (B-spline edges, cubic k=3)
====================================================================
  Epoch     1/8500  loss=5.1573e-01  lr=8.00e-05  (0.0s)

  Done in 392.6s | min loss = 3.5802e-03

    -> min_loss=3.580e-03  mean_rel_err=1.155e-01  min_digits=2  params=2,094  (392.6s)
[56/648] width=16 depth=1 G=12 k=3 lr=0.002 epochs=10000 ...

====================================================================
  Training: 10000 epochs | 8 sets
  Per epoch: 4096 pts | device: cuda:6
  Optimizer: Adam + OneCycleLR  (max_lr=0.002, warm-up 15%)
  Loss: HuberLoss (delta=0.5)
  Network: KAN  (B-spline edges, cubic k=3)
====================================================================
  Epoch     1/10000  loss=5.1573e-01  lr=8.00e-05  (0.0s)

  Done in 457.6s | min loss = 4.1701e-03

    -> min_loss=4.170e-03  mean_rel_err=1.622e-01  min_digits=1  params=2,094  (457.6s)
[57/648] width=16 depth=1 G=12 k=3 lr=0.001 epochs=1500 ...

====================================================================
  Training: 1500 epochs | 8 sets
  Per epoch: 4096 pts | device: cuda:6
  Optimizer: Adam + OneCycleLR  (max_lr=0.001, warm-up 15%)
  Loss: HuberLoss (delta=0.5)
  Network: KAN  (B-spline edges, cubic k=3)
====================================================================
  Epoch     1/1500  loss=5.1573e-01  lr=4.00e-05  (0.0s)

  Done in 68.4s | min loss = 6.2247e-03

    -> min_loss=6.225e-03  mean_rel_err=1.572e-01  min_digits=1  params=2,094  (68.4s)
[58/648] width=16 depth=1 G=12 k=3 lr=0.001 epochs=2000 ...

====================================================================
  Training: 2000 epochs | 8 sets
  Per epoch: 4096 pts | device: cuda:6
  Optimizer: Adam + OneCycleLR  (max_lr=0.001, warm-up 15%)
  Loss: HuberLoss (delta=0.5)
  Network: KAN  (B-spline edges, cubic k=3)
====================================================================
  Epoch     1/2000  loss=5.1573e-01  lr=4.00e-05  (0.0s)

  Done in 91.9s | min loss = 5.6361e-03

    -> min_loss=5.636e-03  mean_rel_err=1.957e-01  min_digits=1  params=2,094  (91.9s)
[59/648] width=16 depth=1 G=12 k=3 lr=0.001 epochs=3000 ...

====================================================================
  Training: 3000 epochs | 8 sets
  Per epoch: 4096 pts | device: cuda:6
  Optimizer: Adam + OneCycleLR  (max_lr=0.001, warm-up 15%)
  Loss: HuberLoss (delta=0.5)
  Network: KAN  (B-spline edges, cubic k=3)
====================================================================
  Epoch     1/3000  loss=5.1573e-01  lr=4.00e-05  (0.1s)

  Done in 134.2s | min loss = 5.4305e-03

    -> min_loss=5.431e-03  mean_rel_err=1.260e-01  min_digits=2  params=2,094  (134.2s)
[60/648] width=16 depth=1 G=12 k=3 lr=0.001 epochs=4000 ...

====================================================================
  Training: 4000 epochs | 8 sets
  Per epoch: 4096 pts | device: cuda:6
  Optimizer: Adam + OneCycleLR  (max_lr=0.001, warm-up 15%)
  Loss: HuberLoss (delta=0.5)
  Network: KAN  (B-spline edges, cubic k=3)
====================================================================
  Epoch     1/4000  loss=5.1573e-01  lr=4.00e-05  (0.0s)

  Done in 179.1s | min loss = 4.3856e-03

    -> min_loss=4.386e-03  mean_rel_err=1.524e-01  min_digits=1  params=2,094  (179.1s)
[61/648] width=16 depth=1 G=12 k=3 lr=0.001 epochs=5500 ...

====================================================================
  Training: 5500 epochs | 8 sets
  Per epoch: 4096 pts | device: cuda:6
  Optimizer: Adam + OneCycleLR  (max_lr=0.001, warm-up 15%)
  Loss: HuberLoss (delta=0.5)
  Network: KAN  (B-spline edges, cubic k=3)
====================================================================
  Epoch     1/5500  loss=5.1573e-01  lr=4.00e-05  (0.0s)

  Done in 251.8s | min loss = 4.5199e-03

    -> min_loss=4.520e-03  mean_rel_err=1.482e-01  min_digits=1  params=2,094  (251.8s)
[62/648] width=16 depth=1 G=12 k=3 lr=0.001 epochs=7000 ...

====================================================================
  Training: 7000 epochs | 8 sets
  Per epoch: 4096 pts | device: cuda:6
  Optimizer: Adam + OneCycleLR  (max_lr=0.001, warm-up 15%)
  Loss: HuberLoss (delta=0.5)
  Network: KAN  (B-spline edges, cubic k=3)
====================================================================
  Epoch     1/7000  loss=5.1573e-01  lr=4.00e-05  (0.0s)

  Done in 313.2s | min loss = 3.4539e-03

    -> min_loss=3.454e-03  mean_rel_err=2.639e-01  min_digits=1  params=2,094  (313.2s)
[63/648] width=16 depth=1 G=12 k=3 lr=0.001 epochs=8500 ...

====================================================================
  Training: 8500 epochs | 8 sets
  Per epoch: 4096 pts | device: cuda:6
  Optimizer: Adam + OneCycleLR  (max_lr=0.001, warm-up 15%)
  Loss: HuberLoss (delta=0.5)
  Network: KAN  (B-spline edges, cubic k=3)
====================================================================
  Epoch     1/8500  loss=5.1573e-01  lr=4.00e-05  (0.1s)

  Done in 385.6s | min loss = 4.2400e-03

    -> min_loss=4.240e-03  mean_rel_err=2.161e-01  min_digits=1  params=2,094  (385.6s)
[64/648] width=16 depth=1 G=12 k=3 lr=0.001 epochs=10000 ...

====================================================================
  Training: 10000 epochs | 8 sets
  Per epoch: 4096 pts | device: cuda:6
  Optimizer: Adam + OneCycleLR  (max_lr=0.001, warm-up 15%)
  Loss: HuberLoss (delta=0.5)
  Network: KAN  (B-spline edges, cubic k=3)
====================================================================
  Epoch     1/10000  loss=5.1573e-01  lr=4.00e-05  (0.0s)

  Done in 451.2s | min loss = 3.7157e-03

    -> min_loss=3.716e-03  mean_rel_err=2.232e-01  min_digits=1  params=2,094  (451.2s)
[65/648] width=16 depth=1 G=12 k=3 lr=0.0005 epochs=1500 ...

====================================================================
  Training: 1500 epochs | 8 sets
  Per epoch: 4096 pts | device: cuda:6
  Optimizer: Adam + OneCycleLR  (max_lr=0.0005, warm-up 15%)
  Loss: HuberLoss (delta=0.5)
  Network: KAN  (B-spline edges, cubic k=3)
====================================================================
  Epoch     1/1500  loss=5.1573e-01  lr=2.00e-05  (0.0s)

  Done in 66.5s | min loss = 8.1906e-03

    -> min_loss=8.191e-03  mean_rel_err=9.904e-02  min_digits=2  params=2,094  (66.5s)
[66/648] width=16 depth=1 G=12 k=3 lr=0.0005 epochs=2000 ...

====================================================================
  Training: 2000 epochs | 8 sets
  Per epoch: 4096 pts | device: cuda:6
  Optimizer: Adam + OneCycleLR  (max_lr=0.0005, warm-up 15%)
  Loss: HuberLoss (delta=0.5)
  Network: KAN  (B-spline edges, cubic k=3)
====================================================================
  Epoch     1/2000  loss=5.1573e-01  lr=2.00e-05  (0.0s)

  Done in 90.1s | min loss = 6.7158e-03

    -> min_loss=6.716e-03  mean_rel_err=9.337e-02  min_digits=2  params=2,094  (90.1s)
[67/648] width=16 depth=1 G=12 k=3 lr=0.0005 epochs=3000 ...

====================================================================
  Training: 3000 epochs | 8 sets
  Per epoch: 4096 pts | device: cuda:6
  Optimizer: Adam + OneCycleLR  (max_lr=0.0005, warm-up 15%)
  Loss: HuberLoss (delta=0.5)
  Network: KAN  (B-spline edges, cubic k=3)
====================================================================
  Epoch     1/3000  loss=5.1573e-01  lr=2.00e-05  (0.0s)

  Done in 134.0s | min loss = 5.6507e-03

    -> min_loss=5.651e-03  mean_rel_err=1.177e-01  min_digits=2  params=2,094  (134.0s)
[68/648] width=16 depth=1 G=12 k=3 lr=0.0005 epochs=4000 ...

====================================================================
  Training: 4000 epochs | 8 sets
  Per epoch: 4096 pts | device: cuda:6
  Optimizer: Adam + OneCycleLR  (max_lr=0.0005, warm-up 15%)
  Loss: HuberLoss (delta=0.5)
  Network: KAN  (B-spline edges, cubic k=3)
====================================================================
  Epoch     1/4000  loss=5.1573e-01  lr=2.00e-05  (0.1s)

  Done in 183.3s | min loss = 4.9964e-03

    -> min_loss=4.996e-03  mean_rel_err=1.406e-01  min_digits=1  params=2,094  (183.3s)
[69/648] width=16 depth=1 G=12 k=3 lr=0.0005 epochs=5500 ...

====================================================================
  Training: 5500 epochs | 8 sets
  Per epoch: 4096 pts | device: cuda:6
  Optimizer: Adam + OneCycleLR  (max_lr=0.0005, warm-up 15%)
  Loss: HuberLoss (delta=0.5)
  Network: KAN  (B-spline edges, cubic k=3)
====================================================================
  Epoch     1/5500  loss=5.1573e-01  lr=2.00e-05  (0.0s)

  Done in 247.6s | min loss = 4.8830e-03

    -> min_loss=4.883e-03  mean_rel_err=1.960e-01  min_digits=1  params=2,094  (247.6s)
[70/648] width=16 depth=1 G=12 k=3 lr=0.0005 epochs=7000 ...

====================================================================
  Training: 7000 epochs | 8 sets
  Per epoch: 4096 pts | device: cuda:6
  Optimizer: Adam + OneCycleLR  (max_lr=0.0005, warm-up 15%)
  Loss: HuberLoss (delta=0.5)
  Network: KAN  (B-spline edges, cubic k=3)
====================================================================
  Epoch     1/7000  loss=5.1573e-01  lr=2.00e-05  (0.0s)

  Done in 317.4s | min loss = 4.3984e-03

    -> min_loss=4.398e-03  mean_rel_err=2.682e-01  min_digits=1  params=2,094  (317.4s)
[71/648] width=16 depth=1 G=12 k=3 lr=0.0005 epochs=8500 ...

====================================================================
  Training: 8500 epochs | 8 sets
  Per epoch: 4096 pts | device: cuda:6
  Optimizer: Adam + OneCycleLR  (max_lr=0.0005, warm-up 15%)
  Loss: HuberLoss (delta=0.5)
  Network: KAN  (B-spline edges, cubic k=3)
====================================================================
  Epoch     1/8500  loss=5.1573e-01  lr=2.00e-05  (0.0s)

  Done in 389.4s | min loss = 3.6594e-03

    -> min_loss=3.659e-03  mean_rel_err=1.815e-01  min_digits=2  params=2,094  (389.4s)
[72/648] width=16 depth=1 G=12 k=3 lr=0.0005 epochs=10000 ...

====================================================================
  Training: 10000 epochs | 8 sets
  Per epoch: 4096 pts | device: cuda:6
  Optimizer: Adam + OneCycleLR  (max_lr=0.0005, warm-up 15%)
  Loss: HuberLoss (delta=0.5)
  Network: KAN  (B-spline edges, cubic k=3)
====================================================================
  Epoch     1/10000  loss=5.1573e-01  lr=2.00e-05  (0.1s)

  Done in 453.2s | min loss = 4.9007e-03

    -> min_loss=4.901e-03  mean_rel_err=1.241e-01  min_digits=1  params=2,094  (453.2s)
[73/648] width=16 depth=2 G=5 k=3 lr=0.002 epochs=1500 ...

====================================================================
  Training: 1500 epochs | 8 sets
  Per epoch: 4096 pts | device: cuda:6
  Optimizer: Adam + OneCycleLR  (max_lr=0.002, warm-up 15%)
  Loss: HuberLoss (delta=0.5)
  Network: KAN  (B-spline edges, cubic k=3)
====================================================================
  Epoch     1/1500  loss=1.6418e-01  lr=8.01e-05  (0.1s)

  Done in 106.9s | min loss = 1.6759e-03

    -> min_loss=1.676e-03  mean_rel_err=1.253e-01  min_digits=2  params=3,534  (106.9s)
[74/648] width=16 depth=2 G=5 k=3 lr=0.002 epochs=2000 ...

====================================================================
  Training: 2000 epochs | 8 sets
  Per epoch: 4096 pts | device: cuda:6
  Optimizer: Adam + OneCycleLR  (max_lr=0.002, warm-up 15%)
  Loss: HuberLoss (delta=0.5)
  Network: KAN  (B-spline edges, cubic k=3)
====================================================================
  Epoch     1/2000  loss=1.6418e-01  lr=8.01e-05  (0.1s)

  Done in 142.1s | min loss = 1.4386e-03

    -> min_loss=1.439e-03  mean_rel_err=1.427e-01  min_digits=2  params=3,534  (142.1s)
[75/648] width=16 depth=2 G=5 k=3 lr=0.002 epochs=3000 ...

====================================================================
  Training: 3000 epochs | 8 sets
  Per epoch: 4096 pts | device: cuda:6
  Optimizer: Adam + OneCycleLR  (max_lr=0.002, warm-up 15%)
  Loss: HuberLoss (delta=0.5)
  Network: KAN  (B-spline edges, cubic k=3)
====================================================================
  Epoch     1/3000  loss=1.6418e-01  lr=8.00e-05  (0.1s)

  Done in 214.4s | min loss = 1.1305e-03

    -> min_loss=1.131e-03  mean_rel_err=1.083e-01  min_digits=1  params=3,534  (214.4s)
[76/648] width=16 depth=2 G=5 k=3 lr=0.002 epochs=4000 ...

====================================================================
  Training: 4000 epochs | 8 sets
  Per epoch: 4096 pts | device: cuda:6
  Optimizer: Adam + OneCycleLR  (max_lr=0.002, warm-up 15%)
  Loss: HuberLoss (delta=0.5)
  Network: KAN  (B-spline edges, cubic k=3)
====================================================================
  Epoch     1/4000  loss=1.6418e-01  lr=8.00e-05  (0.1s)

  Done in 281.0s | min loss = 8.4990e-04

    -> min_loss=8.499e-04  mean_rel_err=9.877e-02  min_digits=1  params=3,534  (281.0s)
[77/648] width=16 depth=2 G=5 k=3 lr=0.002 epochs=5500 ...

====================================================================
  Training: 5500 epochs | 8 sets
  Per epoch: 4096 pts | device: cuda:6
  Optimizer: Adam + OneCycleLR  (max_lr=0.002, warm-up 15%)
  Loss: HuberLoss (delta=0.5)
  Network: KAN  (B-spline edges, cubic k=3)
====================================================================
  Epoch     1/5500  loss=1.6418e-01  lr=8.00e-05  (0.1s)

  Done in 393.1s | min loss = 7.5250e-04

    -> min_loss=7.525e-04  mean_rel_err=1.765e-01  min_digits=1  params=3,534  (393.1s)
[78/648] width=16 depth=2 G=5 k=3 lr=0.002 epochs=7000 ...

====================================================================
  Training: 7000 epochs | 8 sets
  Per epoch: 4096 pts | device: cuda:6
  Optimizer: Adam + OneCycleLR  (max_lr=0.002, warm-up 15%)
  Loss: HuberLoss (delta=0.5)
  Network: KAN  (B-spline edges, cubic k=3)
====================================================================
  Epoch     1/7000  loss=1.6418e-01  lr=8.00e-05  (0.1s)

  Done in 500.1s | min loss = 5.5740e-04

    -> min_loss=5.574e-04  mean_rel_err=1.811e-01  min_digits=1  params=3,534  (500.1s)
[79/648] width=16 depth=2 G=5 k=3 lr=0.002 epochs=8500 ...

====================================================================
  Training: 8500 epochs | 8 sets
  Per epoch: 4096 pts | device: cuda:6
  Optimizer: Adam + OneCycleLR  (max_lr=0.002, warm-up 15%)
  Loss: HuberLoss (delta=0.5)
  Network: KAN  (B-spline edges, cubic k=3)
====================================================================
  Epoch     1/8500  loss=1.6418e-01  lr=8.00e-05  (0.1s)

  Done in 596.4s | min loss = 4.6394e-04

    -> min_loss=4.639e-04  mean_rel_err=1.602e-01  min_digits=1  params=3,534  (596.4s)
[80/648] width=16 depth=2 G=5 k=3 lr=0.002 epochs=10000 ...

====================================================================
  Training: 10000 epochs | 8 sets
  Per epoch: 4096 pts | device: cuda:6
  Optimizer: Adam + OneCycleLR  (max_lr=0.002, warm-up 15%)
  Loss: HuberLoss (delta=0.5)
  Network: KAN  (B-spline edges, cubic k=3)
====================================================================
  Epoch     1/10000  loss=1.6418e-01  lr=8.00e-05  (0.1s)

  Done in 705.0s | min loss = 4.2184e-04

    -> min_loss=4.218e-04  mean_rel_err=9.891e-02  min_digits=1  params=3,534  (705.0s)
[81/648] width=16 depth=2 G=5 k=3 lr=0.001 epochs=1500 ...

====================================================================
  Training: 1500 epochs | 8 sets
  Per epoch: 4096 pts | device: cuda:6
  Optimizer: Adam + OneCycleLR  (max_lr=0.001, warm-up 15%)
  Loss: HuberLoss (delta=0.5)
  Network: KAN  (B-spline edges, cubic k=3)
====================================================================
  Epoch     1/1500  loss=1.6418e-01  lr=4.00e-05  (0.1s)

  Done in 106.3s | min loss = 2.6341e-03

    -> min_loss=2.634e-03  mean_rel_err=1.298e-01  min_digits=2  params=3,534  (106.3s)
[82/648] width=16 depth=2 G=5 k=3 lr=0.001 epochs=2000 ...

====================================================================
  Training: 2000 epochs | 8 sets
  Per epoch: 4096 pts | device: cuda:6
  Optimizer: Adam + OneCycleLR  (max_lr=0.001, warm-up 15%)
  Loss: HuberLoss (delta=0.5)
  Network: KAN  (B-spline edges, cubic k=3)
====================================================================
  Epoch     1/2000  loss=1.6418e-01  lr=4.00e-05  (0.1s)

  Done in 138.1s | min loss = 2.1591e-03

    -> min_loss=2.159e-03  mean_rel_err=1.460e-01  min_digits=1  params=3,534  (138.1s)
[83/648] width=16 depth=2 G=5 k=3 lr=0.001 epochs=3000 ...

====================================================================
  Training: 3000 epochs | 8 sets
  Per epoch: 4096 pts | device: cuda:6
  Optimizer: Adam + OneCycleLR  (max_lr=0.001, warm-up 15%)
  Loss: HuberLoss (delta=0.5)
  Network: KAN  (B-spline edges, cubic k=3)
====================================================================
  Epoch     1/3000  loss=1.6418e-01  lr=4.00e-05  (0.1s)

  Done in 210.1s | min loss = 1.4984e-03

    -> min_loss=1.498e-03  mean_rel_err=1.129e-01  min_digits=1  params=3,534  (210.1s)
[84/648] width=16 depth=2 G=5 k=3 lr=0.001 epochs=4000 ...

====================================================================
  Training: 4000 epochs | 8 sets
  Per epoch: 4096 pts | device: cuda:6
  Optimizer: Adam + OneCycleLR  (max_lr=0.001, warm-up 15%)
  Loss: HuberLoss (delta=0.5)
  Network: KAN  (B-spline edges, cubic k=3)
====================================================================
  Epoch     1/4000  loss=1.6418e-01  lr=4.00e-05  (0.1s)

  Done in 284.4s | min loss = 1.1177e-03

    -> min_loss=1.118e-03  mean_rel_err=7.843e-02  min_digits=1  params=3,534  (284.4s)
[85/648] width=16 depth=2 G=5 k=3 lr=0.001 epochs=5500 ...

====================================================================
  Training: 5500 epochs | 8 sets
  Per epoch: 4096 pts | device: cuda:6
  Optimizer: Adam + OneCycleLR  (max_lr=0.001, warm-up 15%)
  Loss: HuberLoss (delta=0.5)
  Network: KAN  (B-spline edges, cubic k=3)
====================================================================
  Epoch     1/5500  loss=1.6418e-01  lr=4.00e-05  (0.1s)

  Done in 384.9s | min loss = 9.6824e-04

    -> min_loss=9.682e-04  mean_rel_err=6.105e-02  min_digits=2  params=3,534  (384.9s)
[86/648] width=16 depth=2 G=5 k=3 lr=0.001 epochs=7000 ...

====================================================================
  Training: 7000 epochs | 8 sets
  Per epoch: 4096 pts | device: cuda:6
  Optimizer: Adam + OneCycleLR  (max_lr=0.001, warm-up 15%)
  Loss: HuberLoss (delta=0.5)
  Network: KAN  (B-spline edges, cubic k=3)
====================================================================
  Epoch     1/7000  loss=1.6418e-01  lr=4.00e-05  (0.1s)

  Done in 498.5s | min loss = 7.1165e-04

    -> min_loss=7.117e-04  mean_rel_err=4.174e-02  min_digits=2  params=3,534  (498.5s)
[87/648] width=16 depth=2 G=5 k=3 lr=0.001 epochs=8500 ...

====================================================================
  Training: 8500 epochs | 8 sets
  Per epoch: 4096 pts | device: cuda:6
  Optimizer: Adam + OneCycleLR  (max_lr=0.001, warm-up 15%)
  Loss: HuberLoss (delta=0.5)
  Network: KAN  (B-spline edges, cubic k=3)
====================================================================
  Epoch     1/8500  loss=1.6418e-01  lr=4.00e-05  (0.1s)

  Done in 596.4s | min loss = 6.4637e-04

    -> min_loss=6.464e-04  mean_rel_err=5.463e-02  min_digits=2  params=3,534  (596.4s)
[88/648] width=16 depth=2 G=5 k=3 lr=0.001 epochs=10000 ...

====================================================================
  Training: 10000 epochs | 8 sets
  Per epoch: 4096 pts | device: cuda:6
  Optimizer: Adam + OneCycleLR  (max_lr=0.001, warm-up 15%)
  Loss: HuberLoss (delta=0.5)
  Network: KAN  (B-spline edges, cubic k=3)
====================================================================
  Epoch     1/10000  loss=1.6418e-01  lr=4.00e-05  (0.1s)

  Done in 709.3s | min loss = 5.5378e-04

    -> min_loss=5.538e-04  mean_rel_err=9.467e-02  min_digits=2  params=3,534  (709.3s)
[89/648] width=16 depth=2 G=5 k=3 lr=0.0005 epochs=1500 ...

====================================================================
  Training: 1500 epochs | 8 sets
  Per epoch: 4096 pts | device: cuda:6
  Optimizer: Adam + OneCycleLR  (max_lr=0.0005, warm-up 15%)
  Loss: HuberLoss (delta=0.5)
  Network: KAN  (B-spline edges, cubic k=3)
====================================================================
  Epoch     1/1500  loss=1.6418e-01  lr=2.00e-05  (0.1s)

  Done in 106.1s | min loss = 3.7739e-03

    -> min_loss=3.774e-03  mean_rel_err=1.047e-01  min_digits=1  params=3,534  (106.1s)
[90/648] width=16 depth=2 G=5 k=3 lr=0.0005 epochs=2000 ...

====================================================================
  Training: 2000 epochs | 8 sets
  Per epoch: 4096 pts | device: cuda:6
  Optimizer: Adam + OneCycleLR  (max_lr=0.0005, warm-up 15%)
  Loss: HuberLoss (delta=0.5)
  Network: KAN  (B-spline edges, cubic k=3)
====================================================================
  Epoch     1/2000  loss=1.6418e-01  lr=2.00e-05  (0.1s)

  Done in 141.2s | min loss = 2.9110e-03

    -> min_loss=2.911e-03  mean_rel_err=8.924e-02  min_digits=1  params=3,534  (141.2s)
[91/648] width=16 depth=2 G=5 k=3 lr=0.0005 epochs=3000 ...

====================================================================
  Training: 3000 epochs | 8 sets
  Per epoch: 4096 pts | device: cuda:6
  Optimizer: Adam + OneCycleLR  (max_lr=0.0005, warm-up 15%)
  Loss: HuberLoss (delta=0.5)
  Network: KAN  (B-spline edges, cubic k=3)
====================================================================
  Epoch     1/3000  loss=1.6418e-01  lr=2.00e-05  (0.1s)

  Done in 211.2s | min loss = 2.1363e-03

    -> min_loss=2.136e-03  mean_rel_err=9.558e-02  min_digits=1  params=3,534  (211.2s)
[92/648] width=16 depth=2 G=5 k=3 lr=0.0005 epochs=4000 ...

====================================================================
  Training: 4000 epochs | 8 sets
  Per epoch: 4096 pts | device: cuda:6
  Optimizer: Adam + OneCycleLR  (max_lr=0.0005, warm-up 15%)
  Loss: HuberLoss (delta=0.5)
  Network: KAN  (B-spline edges, cubic k=3)
====================================================================
  Epoch     1/4000  loss=1.6418e-01  lr=2.00e-05  (0.1s)

  Done in 286.7s | min loss = 1.7273e-03

    -> min_loss=1.727e-03  mean_rel_err=1.124e-01  min_digits=1  params=3,534  (286.7s)
[93/648] width=16 depth=2 G=5 k=3 lr=0.0005 epochs=5500 ...

====================================================================
  Training: 5500 epochs | 8 sets
  Per epoch: 4096 pts | device: cuda:6
  Optimizer: Adam + OneCycleLR  (max_lr=0.0005, warm-up 15%)
  Loss: HuberLoss (delta=0.5)
  Network: KAN  (B-spline edges, cubic k=3)
====================================================================
  Epoch     1/5500  loss=1.6418e-01  lr=2.00e-05  (0.1s)

  Done in 390.3s | min loss = 1.4362e-03

    -> min_loss=1.436e-03  mean_rel_err=1.061e-01  min_digits=2  params=3,534  (390.3s)
[94/648] width=16 depth=2 G=5 k=3 lr=0.0005 epochs=7000 ...

====================================================================
  Training: 7000 epochs | 8 sets
  Per epoch: 4096 pts | device: cuda:6
  Optimizer: Adam + OneCycleLR  (max_lr=0.0005, warm-up 15%)
  Loss: HuberLoss (delta=0.5)
  Network: KAN  (B-spline edges, cubic k=3)
====================================================================
  Epoch     1/7000  loss=1.6418e-01  lr=2.00e-05  (0.1s)

  Done in 494.7s | min loss = 1.1708e-03

    -> min_loss=1.171e-03  mean_rel_err=1.607e-01  min_digits=1  params=3,534  (494.7s)
[95/648] width=16 depth=2 G=5 k=3 lr=0.0005 epochs=8500 ...

====================================================================
  Training: 8500 epochs | 8 sets
  Per epoch: 4096 pts | device: cuda:6
  Optimizer: Adam + OneCycleLR  (max_lr=0.0005, warm-up 15%)
  Loss: HuberLoss (delta=0.5)
  Network: KAN  (B-spline edges, cubic k=3)
====================================================================
  Epoch     1/8500  loss=1.6418e-01  lr=2.00e-05  (0.1s)

  Done in 605.8s | min loss = 1.0115e-03

    -> min_loss=1.011e-03  mean_rel_err=2.027e-01  min_digits=1  params=3,534  (605.8s)
[96/648] width=16 depth=2 G=5 k=3 lr=0.0005 epochs=10000 ...

====================================================================
  Training: 10000 epochs | 8 sets
  Per epoch: 4096 pts | device: cuda:6
  Optimizer: Adam + OneCycleLR  (max_lr=0.0005, warm-up 15%)
  Loss: HuberLoss (delta=0.5)
  Network: KAN  (B-spline edges, cubic k=3)
====================================================================
  Epoch     1/10000  loss=1.6418e-01  lr=2.00e-05  (0.1s)

  Done in 713.9s | min loss = 9.1522e-04

    -> min_loss=9.152e-04  mean_rel_err=1.713e-01  min_digits=1  params=3,534  (713.9s)
[97/648] width=16 depth=2 G=8 k=3 lr=0.002 epochs=1500 ...

====================================================================
  Training: 1500 epochs | 8 sets
  Per epoch: 4096 pts | device: cuda:6
  Optimizer: Adam + OneCycleLR  (max_lr=0.002, warm-up 15%)
  Loss: HuberLoss (delta=0.5)
  Network: KAN  (B-spline edges, cubic k=3)
====================================================================
  Epoch     1/1500  loss=6.2140e-01  lr=8.01e-05  (0.1s)

  Done in 106.5s | min loss = 1.6179e-03

    -> min_loss=1.618e-03  mean_rel_err=7.590e-02  min_digits=2  params=4,686  (106.5s)
[98/648] width=16 depth=2 G=8 k=3 lr=0.002 epochs=2000 ...

====================================================================
  Training: 2000 epochs | 8 sets
  Per epoch: 4096 pts | device: cuda:6
  Optimizer: Adam + OneCycleLR  (max_lr=0.002, warm-up 15%)
  Loss: HuberLoss (delta=0.5)
  Network: KAN  (B-spline edges, cubic k=3)
====================================================================
  Epoch     1/2000  loss=6.2140e-01  lr=8.01e-05  (0.1s)

  Done in 143.4s | min loss = 1.2090e-03

    -> min_loss=1.209e-03  mean_rel_err=5.460e-02  min_digits=1  params=4,686  (143.4s)
[99/648] width=16 depth=2 G=8 k=3 lr=0.002 epochs=3000 ...

====================================================================
  Training: 3000 epochs | 8 sets
  Per epoch: 4096 pts | device: cuda:6
  Optimizer: Adam + OneCycleLR  (max_lr=0.002, warm-up 15%)
  Loss: HuberLoss (delta=0.5)
  Network: KAN  (B-spline edges, cubic k=3)
====================================================================
  Epoch     1/3000  loss=6.2140e-01  lr=8.00e-05  (0.1s)

  Done in 214.4s | min loss = 8.4665e-04

    -> min_loss=8.466e-04  mean_rel_err=6.025e-02  min_digits=2  params=4,686  (214.4s)
[100/648] width=16 depth=2 G=8 k=3 lr=0.002 epochs=4000 ...

====================================================================
  Training: 4000 epochs | 8 sets
  Per epoch: 4096 pts | device: cuda:6
  Optimizer: Adam + OneCycleLR  (max_lr=0.002, warm-up 15%)
  Loss: HuberLoss (delta=0.5)
  Network: KAN  (B-spline edges, cubic k=3)
====================================================================
  Epoch     1/4000  loss=6.2140e-01  lr=8.00e-05  (0.1s)

  Done in 285.4s | min loss = 6.4581e-04

    -> min_loss=6.458e-04  mean_rel_err=7.377e-02  min_digits=2  params=4,686  (285.4s)
[101/648] width=16 depth=2 G=8 k=3 lr=0.002 epochs=5500 ...

====================================================================
  Training: 5500 epochs | 8 sets
  Per epoch: 4096 pts | device: cuda:6
  Optimizer: Adam + OneCycleLR  (max_lr=0.002, warm-up 15%)
  Loss: HuberLoss (delta=0.5)
  Network: KAN  (B-spline edges, cubic k=3)
====================================================================
  Epoch     1/5500  loss=6.2140e-01  lr=8.00e-05  (0.1s)

  Done in 388.0s | min loss = 5.2913e-04

    -> min_loss=5.291e-04  mean_rel_err=6.510e-02  min_digits=2  params=4,686  (388.0s)
[102/648] width=16 depth=2 G=8 k=3 lr=0.002 epochs=7000 ...

====================================================================
  Training: 7000 epochs | 8 sets
  Per epoch: 4096 pts | device: cuda:6
  Optimizer: Adam + OneCycleLR  (max_lr=0.002, warm-up 15%)
  Loss: HuberLoss (delta=0.5)
  Network: KAN  (B-spline edges, cubic k=3)
====================================================================
  Epoch     1/7000  loss=6.2140e-01  lr=8.00e-05  (0.1s)

  Done in 491.1s | min loss = 4.7304e-04

    -> min_loss=4.730e-04  mean_rel_err=5.419e-02  min_digits=2  params=4,686  (491.1s)
[103/648] width=16 depth=2 G=8 k=3 lr=0.002 epochs=8500 ...

====================================================================
  Training: 8500 epochs | 8 sets
  Per epoch: 4096 pts | device: cuda:6
  Optimizer: Adam + OneCycleLR  (max_lr=0.002, warm-up 15%)
  Loss: HuberLoss (delta=0.5)
  Network: KAN  (B-spline edges, cubic k=3)
====================================================================
  Epoch     1/8500  loss=6.2140e-01  lr=8.00e-05  (0.1s)

  Done in 596.7s | min loss = 4.1875e-04

    -> min_loss=4.188e-04  mean_rel_err=7.727e-02  min_digits=2  params=4,686  (596.7s)
[104/648] width=16 depth=2 G=8 k=3 lr=0.002 epochs=10000 ...

====================================================================
  Training: 10000 epochs | 8 sets
  Per epoch: 4096 pts | device: cuda:6
  Optimizer: Adam + OneCycleLR  (max_lr=0.002, warm-up 15%)
  Loss: HuberLoss (delta=0.5)
  Network: KAN  (B-spline edges, cubic k=3)
====================================================================
  Epoch     1/10000  loss=6.2140e-01  lr=8.00e-05  (0.1s)

  Done in 699.9s | min loss = 4.0888e-04

    -> min_loss=4.089e-04  mean_rel_err=7.696e-02  min_digits=2  params=4,686  (699.9s)
[105/648] width=16 depth=2 G=8 k=3 lr=0.001 epochs=1500 ...

====================================================================
  Training: 1500 epochs | 8 sets
  Per epoch: 4096 pts | device: cuda:6
  Optimizer: Adam + OneCycleLR  (max_lr=0.001, warm-up 15%)
  Loss: HuberLoss (delta=0.5)
  Network: KAN  (B-spline edges, cubic k=3)
====================================================================
  Epoch     1/1500  loss=6.2140e-01  lr=4.00e-05  (0.1s)

  Done in 110.0s | min loss = 1.9505e-03

    -> min_loss=1.950e-03  mean_rel_err=5.778e-02  min_digits=2  params=4,686  (110.0s)
[106/648] width=16 depth=2 G=8 k=3 lr=0.001 epochs=2000 ...

====================================================================
  Training: 2000 epochs | 8 sets
  Per epoch: 4096 pts | device: cuda:6
  Optimizer: Adam + OneCycleLR  (max_lr=0.001, warm-up 15%)
  Loss: HuberLoss (delta=0.5)
  Network: KAN  (B-spline edges, cubic k=3)
====================================================================
  Epoch     1/2000  loss=6.2140e-01  lr=4.00e-05  (0.1s)

  Done in 140.8s | min loss = 1.5520e-03

    -> min_loss=1.552e-03  mean_rel_err=6.165e-02  min_digits=2  params=4,686  (140.8s)
[107/648] width=16 depth=2 G=8 k=3 lr=0.001 epochs=3000 ...

====================================================================
  Training: 3000 epochs | 8 sets
  Per epoch: 4096 pts | device: cuda:6
  Optimizer: Adam + OneCycleLR  (max_lr=0.001, warm-up 15%)
  Loss: HuberLoss (delta=0.5)
  Network: KAN  (B-spline edges, cubic k=3)
====================================================================
  Epoch     1/3000  loss=6.2140e-01  lr=4.00e-05  (0.1s)

  Done in 211.1s | min loss = 1.1058e-03

    -> min_loss=1.106e-03  mean_rel_err=4.734e-02  min_digits=2  params=4,686  (211.1s)
[108/648] width=16 depth=2 G=8 k=3 lr=0.001 epochs=4000 ...

====================================================================
  Training: 4000 epochs | 8 sets
  Per epoch: 4096 pts | device: cuda:6
  Optimizer: Adam + OneCycleLR  (max_lr=0.001, warm-up 15%)
  Loss: HuberLoss (delta=0.5)
  Network: KAN  (B-spline edges, cubic k=3)
====================================================================
  Epoch     1/4000  loss=6.2140e-01  lr=4.00e-05  (0.1s)

  Done in 286.0s | min loss = 9.8408e-04

    -> min_loss=9.841e-04  mean_rel_err=1.159e-01  min_digits=2  params=4,686  (286.0s)
[109/648] width=16 depth=2 G=8 k=3 lr=0.001 epochs=5500 ...

====================================================================
  Training: 5500 epochs | 8 sets
  Per epoch: 4096 pts | device: cuda:6
  Optimizer: Adam + OneCycleLR  (max_lr=0.001, warm-up 15%)
  Loss: HuberLoss (delta=0.5)
  Network: KAN  (B-spline edges, cubic k=3)
====================================================================
  Epoch     1/5500  loss=6.2140e-01  lr=4.00e-05  (0.1s)

  Done in 391.9s | min loss = 6.9134e-04

    -> min_loss=6.913e-04  mean_rel_err=7.910e-02  min_digits=2  params=4,686  (391.9s)
[110/648] width=16 depth=2 G=8 k=3 lr=0.001 epochs=7000 ...

====================================================================
  Training: 7000 epochs | 8 sets
  Per epoch: 4096 pts | device: cuda:6
  Optimizer: Adam + OneCycleLR  (max_lr=0.001, warm-up 15%)
  Loss: HuberLoss (delta=0.5)
  Network: KAN  (B-spline edges, cubic k=3)
====================================================================
  Epoch     1/7000  loss=6.2140e-01  lr=4.00e-05  (0.1s)

  Done in 498.1s | min loss = 6.3860e-04

    -> min_loss=6.386e-04  mean_rel_err=9.806e-02  min_digits=2  params=4,686  (498.1s)
[111/648] width=16 depth=2 G=8 k=3 lr=0.001 epochs=8500 ...

====================================================================
  Training: 8500 epochs | 8 sets
  Per epoch: 4096 pts | device: cuda:6
  Optimizer: Adam + OneCycleLR  (max_lr=0.001, warm-up 15%)
  Loss: HuberLoss (delta=0.5)
  Network: KAN  (B-spline edges, cubic k=3)
====================================================================
  Epoch     1/8500  loss=6.2140e-01  lr=4.00e-05  (0.1s)

  Done in 605.1s | min loss = 4.9221e-04

    -> min_loss=4.922e-04  mean_rel_err=9.790e-02  min_digits=2  params=4,686  (605.1s)
[112/648] width=16 depth=2 G=8 k=3 lr=0.001 epochs=10000 ...

====================================================================
  Training: 10000 epochs | 8 sets
  Per epoch: 4096 pts | device: cuda:6
  Optimizer: Adam + OneCycleLR  (max_lr=0.001, warm-up 15%)
  Loss: HuberLoss (delta=0.5)
  Network: KAN  (B-spline edges, cubic k=3)
====================================================================
  Epoch     1/10000  loss=6.2140e-01  lr=4.00e-05  (0.1s)

  Done in 710.7s | min loss = 4.2717e-04

    -> min_loss=4.272e-04  mean_rel_err=7.640e-02  min_digits=2  params=4,686  (710.7s)
[113/648] width=16 depth=2 G=8 k=3 lr=0.0005 epochs=1500 ...

====================================================================
  Training: 1500 epochs | 8 sets
  Per epoch: 4096 pts | device: cuda:6
  Optimizer: Adam + OneCycleLR  (max_lr=0.0005, warm-up 15%)
  Loss: HuberLoss (delta=0.5)
  Network: KAN  (B-spline edges, cubic k=3)
====================================================================
  Epoch     1/1500  loss=6.2140e-01  lr=2.00e-05  (0.1s)

  Done in 106.1s | min loss = 3.1635e-03

    -> min_loss=3.164e-03  mean_rel_err=7.405e-02  min_digits=2  params=4,686  (106.1s)
[114/648] width=16 depth=2 G=8 k=3 lr=0.0005 epochs=2000 ...

====================================================================
  Training: 2000 epochs | 8 sets
  Per epoch: 4096 pts | device: cuda:6
  Optimizer: Adam + OneCycleLR  (max_lr=0.0005, warm-up 15%)
  Loss: HuberLoss (delta=0.5)
  Network: KAN  (B-spline edges, cubic k=3)
====================================================================
  Epoch     1/2000  loss=6.2140e-01  lr=2.00e-05  (0.1s)

  Done in 143.5s | min loss = 2.5395e-03

    -> min_loss=2.540e-03  mean_rel_err=8.347e-02  min_digits=2  params=4,686  (143.5s)
[115/648] width=16 depth=2 G=8 k=3 lr=0.0005 epochs=3000 ...

====================================================================
  Training: 3000 epochs | 8 sets
  Per epoch: 4096 pts | device: cuda:6
  Optimizer: Adam + OneCycleLR  (max_lr=0.0005, warm-up 15%)
  Loss: HuberLoss (delta=0.5)
  Network: KAN  (B-spline edges, cubic k=3)
====================================================================
  Epoch     1/3000  loss=6.2140e-01  lr=2.00e-05  (0.1s)

  Done in 211.6s | min loss = 1.9285e-03

    -> min_loss=1.929e-03  mean_rel_err=6.362e-02  min_digits=2  params=4,686  (211.6s)
[116/648] width=16 depth=2 G=8 k=3 lr=0.0005 epochs=4000 ...

====================================================================
  Training: 4000 epochs | 8 sets
  Per epoch: 4096 pts | device: cuda:6
  Optimizer: Adam + OneCycleLR  (max_lr=0.0005, warm-up 15%)
  Loss: HuberLoss (delta=0.5)
  Network: KAN  (B-spline edges, cubic k=3)
====================================================================
  Epoch     1/4000  loss=6.2140e-01  lr=2.00e-05  (0.1s)

  Done in 285.3s | min loss = 1.5454e-03

    -> min_loss=1.545e-03  mean_rel_err=9.835e-02  min_digits=2  params=4,686  (285.3s)
[117/648] width=16 depth=2 G=8 k=3 lr=0.0005 epochs=5500 ...

====================================================================
  Training: 5500 epochs | 8 sets
  Per epoch: 4096 pts | device: cuda:6
  Optimizer: Adam + OneCycleLR  (max_lr=0.0005, warm-up 15%)
  Loss: HuberLoss (delta=0.5)
  Network: KAN  (B-spline edges, cubic k=3)
====================================================================
  Epoch     1/5500  loss=6.2140e-01  lr=2.00e-05  (0.1s)

  Done in 395.3s | min loss = 1.1233e-03

    -> min_loss=1.123e-03  mean_rel_err=9.830e-02  min_digits=2  params=4,686  (395.3s)
[118/648] width=16 depth=2 G=8 k=3 lr=0.0005 epochs=7000 ...

====================================================================
  Training: 7000 epochs | 8 sets
  Per epoch: 4096 pts | device: cuda:6
  Optimizer: Adam + OneCycleLR  (max_lr=0.0005, warm-up 15%)
  Loss: HuberLoss (delta=0.5)
  Network: KAN  (B-spline edges, cubic k=3)
====================================================================
  Epoch     1/7000  loss=6.2140e-01  lr=2.00e-05  (0.1s)

  Done in 493.6s | min loss = 8.9810e-04

    -> min_loss=8.981e-04  mean_rel_err=1.000e-01  min_digits=1  params=4,686  (493.6s)
[119/648] width=16 depth=2 G=8 k=3 lr=0.0005 epochs=8500 ...

====================================================================
  Training: 8500 epochs | 8 sets
  Per epoch: 4096 pts | device: cuda:6
  Optimizer: Adam + OneCycleLR  (max_lr=0.0005, warm-up 15%)
  Loss: HuberLoss (delta=0.5)
  Network: KAN  (B-spline edges, cubic k=3)
====================================================================
  Epoch     1/8500  loss=6.2140e-01  lr=2.00e-05  (0.1s)

  Done in 601.3s | min loss = 7.9107e-04

    -> min_loss=7.911e-04  mean_rel_err=1.186e-01  min_digits=1  params=4,686  (601.3s)
[120/648] width=16 depth=2 G=8 k=3 lr=0.0005 epochs=10000 ...

====================================================================
  Training: 10000 epochs | 8 sets
  Per epoch: 4096 pts | device: cuda:6
  Optimizer: Adam + OneCycleLR  (max_lr=0.0005, warm-up 15%)
  Loss: HuberLoss (delta=0.5)
  Network: KAN  (B-spline edges, cubic k=3)
====================================================================
  Epoch     1/10000  loss=6.2140e-01  lr=2.00e-05  (0.1s)

  Done in 702.9s | min loss = 7.1083e-04

    -> min_loss=7.108e-04  mean_rel_err=1.222e-01  min_digits=2  params=4,686  (702.9s)
[121/648] width=16 depth=2 G=12 k=3 lr=0.002 epochs=1500 ...

====================================================================
  Training: 1500 epochs | 8 sets
  Per epoch: 4096 pts | device: cuda:6
  Optimizer: Adam + OneCycleLR  (max_lr=0.002, warm-up 15%)
  Loss: HuberLoss (delta=0.5)
  Network: KAN  (B-spline edges, cubic k=3)
====================================================================
  Epoch     1/1500  loss=9.4022e-01  lr=8.01e-05  (0.1s)

  Done in 105.4s | min loss = 1.0153e-03

    -> min_loss=1.015e-03  mean_rel_err=5.401e-02  min_digits=2  params=6,222  (105.4s)
[122/648] width=16 depth=2 G=12 k=3 lr=0.002 epochs=2000 ...

====================================================================
  Training: 2000 epochs | 8 sets
  Per epoch: 4096 pts | device: cuda:6
  Optimizer: Adam + OneCycleLR  (max_lr=0.002, warm-up 15%)
  Loss: HuberLoss (delta=0.5)
  Network: KAN  (B-spline edges, cubic k=3)
====================================================================
  Epoch     1/2000  loss=9.4022e-01  lr=8.01e-05  (0.1s)

  Done in 139.5s | min loss = 9.1609e-04

    -> min_loss=9.161e-04  mean_rel_err=7.207e-02  min_digits=2  params=6,222  (139.5s)
[123/648] width=16 depth=2 G=12 k=3 lr=0.002 epochs=3000 ...

====================================================================
  Training: 3000 epochs | 8 sets
  Per epoch: 4096 pts | device: cuda:6
  Optimizer: Adam + OneCycleLR  (max_lr=0.002, warm-up 15%)
  Loss: HuberLoss (delta=0.5)
  Network: KAN  (B-spline edges, cubic k=3)
====================================================================
  Epoch     1/3000  loss=9.4022e-01  lr=8.00e-05  (0.1s)

  Done in 210.4s | min loss = 5.9938e-04

    -> min_loss=5.994e-04  mean_rel_err=8.116e-02  min_digits=2  params=6,222  (210.4s)
[124/648] width=16 depth=2 G=12 k=3 lr=0.002 epochs=4000 ...

====================================================================
  Training: 4000 epochs | 8 sets
  Per epoch: 4096 pts | device: cuda:6
  Optimizer: Adam + OneCycleLR  (max_lr=0.002, warm-up 15%)
  Loss: HuberLoss (delta=0.5)
  Network: KAN  (B-spline edges, cubic k=3)
====================================================================
  Epoch     1/4000  loss=9.4022e-01  lr=8.00e-05  (0.1s)

  Done in 282.2s | min loss = 4.7609e-04

    -> min_loss=4.761e-04  mean_rel_err=9.092e-02  min_digits=2  params=6,222  (282.2s)
[125/648] width=16 depth=2 G=12 k=3 lr=0.002 epochs=5500 ...

====================================================================
  Training: 5500 epochs | 8 sets
  Per epoch: 4096 pts | device: cuda:6
  Optimizer: Adam + OneCycleLR  (max_lr=0.002, warm-up 15%)
  Loss: HuberLoss (delta=0.5)
  Network: KAN  (B-spline edges, cubic k=3)
====================================================================
  Epoch     1/5500  loss=9.4022e-01  lr=8.00e-05  (0.1s)

  Done in 388.8s | min loss = 3.4454e-04

    -> min_loss=3.445e-04  mean_rel_err=6.307e-02  min_digits=2  params=6,222  (388.8s)
[126/648] width=16 depth=2 G=12 k=3 lr=0.002 epochs=7000 ...

====================================================================
  Training: 7000 epochs | 8 sets
  Per epoch: 4096 pts | device: cuda:6
  Optimizer: Adam + OneCycleLR  (max_lr=0.002, warm-up 15%)
  Loss: HuberLoss (delta=0.5)
  Network: KAN  (B-spline edges, cubic k=3)
====================================================================
  Epoch     1/7000  loss=9.4022e-01  lr=8.00e-05  (0.1s)

  Done in 501.0s | min loss = 2.6852e-04

    -> min_loss=2.685e-04  mean_rel_err=6.319e-02  min_digits=2  params=6,222  (501.0s)
[127/648] width=16 depth=2 G=12 k=3 lr=0.002 epochs=8500 ...

====================================================================
  Training: 8500 epochs | 8 sets
  Per epoch: 4096 pts | device: cuda:6
  Optimizer: Adam + OneCycleLR  (max_lr=0.002, warm-up 15%)
  Loss: HuberLoss (delta=0.5)
  Network: KAN  (B-spline edges, cubic k=3)
====================================================================
  Epoch     1/8500  loss=9.4022e-01  lr=8.00e-05  (0.1s)

  Done in 600.7s | min loss = 2.5167e-04

    -> min_loss=2.517e-04  mean_rel_err=7.241e-02  min_digits=2  params=6,222  (600.7s)
[128/648] width=16 depth=2 G=12 k=3 lr=0.002 epochs=10000 ...

====================================================================
  Training: 10000 epochs | 8 sets
  Per epoch: 4096 pts | device: cuda:6
  Optimizer: Adam + OneCycleLR  (max_lr=0.002, warm-up 15%)
  Loss: HuberLoss (delta=0.5)
  Network: KAN  (B-spline edges, cubic k=3)
====================================================================
  Epoch     1/10000  loss=9.4022e-01  lr=8.00e-05  (0.1s)

  Done in 714.9s | min loss = 2.4807e-04

    -> min_loss=2.481e-04  mean_rel_err=9.226e-02  min_digits=1  params=6,222  (714.9s)
[129/648] width=16 depth=2 G=12 k=3 lr=0.001 epochs=1500 ...

====================================================================
  Training: 1500 epochs | 8 sets
  Per epoch: 4096 pts | device: cuda:6
  Optimizer: Adam + OneCycleLR  (max_lr=0.001, warm-up 15%)
  Loss: HuberLoss (delta=0.5)
  Network: KAN  (B-spline edges, cubic k=3)
====================================================================
  Epoch     1/1500  loss=9.4022e-01  lr=4.00e-05  (0.1s)

  Done in 105.1s | min loss = 1.4036e-03

    -> min_loss=1.404e-03  mean_rel_err=7.638e-02  min_digits=2  params=6,222  (105.1s)
[130/648] width=16 depth=2 G=12 k=3 lr=0.001 epochs=2000 ...

====================================================================
  Training: 2000 epochs | 8 sets
  Per epoch: 4096 pts | device: cuda:6
  Optimizer: Adam + OneCycleLR  (max_lr=0.001, warm-up 15%)
  Loss: HuberLoss (delta=0.5)
  Network: KAN  (B-spline edges, cubic k=3)
====================================================================
  Epoch     1/2000  loss=9.4022e-01  lr=4.00e-05  (0.1s)

  Done in 142.4s | min loss = 1.1837e-03

    -> min_loss=1.184e-03  mean_rel_err=8.394e-02  min_digits=2  params=6,222  (142.4s)
[131/648] width=16 depth=2 G=12 k=3 lr=0.001 epochs=3000 ...

====================================================================
  Training: 3000 epochs | 8 sets
  Per epoch: 4096 pts | device: cuda:6
  Optimizer: Adam + OneCycleLR  (max_lr=0.001, warm-up 15%)
  Loss: HuberLoss (delta=0.5)
  Network: KAN  (B-spline edges, cubic k=3)
====================================================================
  Epoch     1/3000  loss=9.4022e-01  lr=4.00e-05  (0.1s)

  Done in 209.1s | min loss = 8.7727e-04

    -> min_loss=8.773e-04  mean_rel_err=7.103e-02  min_digits=2  params=6,222  (209.1s)
[132/648] width=16 depth=2 G=12 k=3 lr=0.001 epochs=4000 ...

====================================================================
  Training: 4000 epochs | 8 sets
  Per epoch: 4096 pts | device: cuda:6
  Optimizer: Adam + OneCycleLR  (max_lr=0.001, warm-up 15%)
  Loss: HuberLoss (delta=0.5)
  Network: KAN  (B-spline edges, cubic k=3)
====================================================================
  Epoch     1/4000  loss=9.4022e-01  lr=4.00e-05  (0.1s)

  Done in 279.0s | min loss = 7.3566e-04

    -> min_loss=7.357e-04  mean_rel_err=7.330e-02  min_digits=2  params=6,222  (279.0s)
[133/648] width=16 depth=2 G=12 k=3 lr=0.001 epochs=5500 ...

====================================================================
  Training: 5500 epochs | 8 sets
  Per epoch: 4096 pts | device: cuda:6
  Optimizer: Adam + OneCycleLR  (max_lr=0.001, warm-up 15%)
  Loss: HuberLoss (delta=0.5)
  Network: KAN  (B-spline edges, cubic k=3)
====================================================================
  Epoch     1/5500  loss=9.4022e-01  lr=4.00e-05  (0.1s)

  Done in 391.1s | min loss = 5.7714e-04

    -> min_loss=5.771e-04  mean_rel_err=5.320e-02  min_digits=2  params=6,222  (391.1s)
[134/648] width=16 depth=2 G=12 k=3 lr=0.001 epochs=7000 ...

====================================================================
  Training: 7000 epochs | 8 sets
  Per epoch: 4096 pts | device: cuda:6
  Optimizer: Adam + OneCycleLR  (max_lr=0.001, warm-up 15%)
  Loss: HuberLoss (delta=0.5)
  Network: KAN  (B-spline edges, cubic k=3)
====================================================================
  Epoch     1/7000  loss=9.4022e-01  lr=4.00e-05  (0.1s)

  Done in 498.7s | min loss = 5.2312e-04

    -> min_loss=5.231e-04  mean_rel_err=7.583e-02  min_digits=2  params=6,222  (498.7s)
[135/648] width=16 depth=2 G=12 k=3 lr=0.001 epochs=8500 ...

====================================================================
  Training: 8500 epochs | 8 sets
  Per epoch: 4096 pts | device: cuda:6
  Optimizer: Adam + OneCycleLR  (max_lr=0.001, warm-up 15%)
  Loss: HuberLoss (delta=0.5)
  Network: KAN  (B-spline edges, cubic k=3)
====================================================================
  Epoch     1/8500  loss=9.4022e-01  lr=4.00e-05  (0.1s)

  Done in 600.0s | min loss = 4.7638e-04

    -> min_loss=4.764e-04  mean_rel_err=5.829e-02  min_digits=2  params=6,222  (600.0s)
[136/648] width=16 depth=2 G=12 k=3 lr=0.001 epochs=10000 ...

====================================================================
  Training: 10000 epochs | 8 sets
  Per epoch: 4096 pts | device: cuda:6
  Optimizer: Adam + OneCycleLR  (max_lr=0.001, warm-up 15%)
  Loss: HuberLoss (delta=0.5)
  Network: KAN  (B-spline edges, cubic k=3)
====================================================================
  Epoch     1/10000  loss=9.4022e-01  lr=4.00e-05  (0.1s)

  Done in 709.3s | min loss = 3.8108e-04

    -> min_loss=3.811e-04  mean_rel_err=4.896e-02  min_digits=2  params=6,222  (709.3s)
[137/648] width=16 depth=2 G=12 k=3 lr=0.0005 epochs=1500 ...

====================================================================
  Training: 1500 epochs | 8 sets
  Per epoch: 4096 pts | device: cuda:6
  Optimizer: Adam + OneCycleLR  (max_lr=0.0005, warm-up 15%)
  Loss: HuberLoss (delta=0.5)
  Network: KAN  (B-spline edges, cubic k=3)
====================================================================
  Epoch     1/1500  loss=9.4022e-01  lr=2.00e-05  (0.1s)

  Done in 104.3s | min loss = 2.3392e-03

    -> min_loss=2.339e-03  mean_rel_err=7.595e-02  min_digits=2  params=6,222  (104.3s)
[138/648] width=16 depth=2 G=12 k=3 lr=0.0005 epochs=2000 ...

====================================================================
  Training: 2000 epochs | 8 sets
  Per epoch: 4096 pts | device: cuda:6
  Optimizer: Adam + OneCycleLR  (max_lr=0.0005, warm-up 15%)
  Loss: HuberLoss (delta=0.5)
  Network: KAN  (B-spline edges, cubic k=3)
====================================================================
  Epoch     1/2000  loss=9.4022e-01  lr=2.00e-05  (0.1s)

  Done in 142.4s | min loss = 1.8383e-03

    -> min_loss=1.838e-03  mean_rel_err=1.010e-01  min_digits=2  params=6,222  (142.4s)
[139/648] width=16 depth=2 G=12 k=3 lr=0.0005 epochs=3000 ...

====================================================================
  Training: 3000 epochs | 8 sets
  Per epoch: 4096 pts | device: cuda:6
  Optimizer: Adam + OneCycleLR  (max_lr=0.0005, warm-up 15%)
  Loss: HuberLoss (delta=0.5)
  Network: KAN  (B-spline edges, cubic k=3)
====================================================================
  Epoch     1/3000  loss=9.4022e-01  lr=2.00e-05  (0.1s)

  Done in 212.5s | min loss = 1.2622e-03

    -> min_loss=1.262e-03  mean_rel_err=8.670e-02  min_digits=2  params=6,222  (212.5s)
[140/648] width=16 depth=2 G=12 k=3 lr=0.0005 epochs=4000 ...

====================================================================
  Training: 4000 epochs | 8 sets
  Per epoch: 4096 pts | device: cuda:6
  Optimizer: Adam + OneCycleLR  (max_lr=0.0005, warm-up 15%)
  Loss: HuberLoss (delta=0.5)
  Network: KAN  (B-spline edges, cubic k=3)
====================================================================
  Epoch     1/4000  loss=9.4022e-01  lr=2.00e-05  (0.1s)

  Done in 287.5s | min loss = 1.0827e-03

    -> min_loss=1.083e-03  mean_rel_err=9.387e-02  min_digits=2  params=6,222  (287.5s)
[141/648] width=16 depth=2 G=12 k=3 lr=0.0005 epochs=5500 ...

====================================================================
  Training: 5500 epochs | 8 sets
  Per epoch: 4096 pts | device: cuda:6
  Optimizer: Adam + OneCycleLR  (max_lr=0.0005, warm-up 15%)
  Loss: HuberLoss (delta=0.5)
  Network: KAN  (B-spline edges, cubic k=3)
====================================================================
  Epoch     1/5500  loss=9.4022e-01  lr=2.00e-05  (0.1s)

  Done in 402.0s | min loss = 9.0924e-04

    -> min_loss=9.092e-04  mean_rel_err=6.684e-02  min_digits=2  params=6,222  (402.0s)
[142/648] width=16 depth=2 G=12 k=3 lr=0.0005 epochs=7000 ...

====================================================================
  Training: 7000 epochs | 8 sets
  Per epoch: 4096 pts | device: cuda:6
  Optimizer: Adam + OneCycleLR  (max_lr=0.0005, warm-up 15%)
  Loss: HuberLoss (delta=0.5)
  Network: KAN  (B-spline edges, cubic k=3)
====================================================================
  Epoch     1/7000  loss=9.4022e-01  lr=2.00e-05  (0.1s)

  Done in 496.2s | min loss = 6.4532e-04

    -> min_loss=6.453e-04  mean_rel_err=8.686e-02  min_digits=2  params=6,222  (496.2s)
[143/648] width=16 depth=2 G=12 k=3 lr=0.0005 epochs=8500 ...

====================================================================
  Training: 8500 epochs | 8 sets
  Per epoch: 4096 pts | device: cuda:6
  Optimizer: Adam + OneCycleLR  (max_lr=0.0005, warm-up 15%)
  Loss: HuberLoss (delta=0.5)
  Network: KAN  (B-spline edges, cubic k=3)
====================================================================
  Epoch     1/8500  loss=9.4022e-01  lr=2.00e-05  (0.1s)

  Done in 596.8s | min loss = 6.5332e-04

    -> min_loss=6.533e-04  mean_rel_err=7.322e-02  min_digits=2  params=6,222  (596.8s)
[144/648] width=16 depth=2 G=12 k=3 lr=0.0005 epochs=10000 ...

====================================================================
  Training: 10000 epochs | 8 sets
  Per epoch: 4096 pts | device: cuda:6
  Optimizer: Adam + OneCycleLR  (max_lr=0.0005, warm-up 15%)
  Loss: HuberLoss (delta=0.5)
  Network: KAN  (B-spline edges, cubic k=3)
====================================================================
  Epoch     1/10000  loss=9.4022e-01  lr=2.00e-05  (0.1s)

  Done in 703.7s | min loss = 5.0059e-04

    -> min_loss=5.006e-04  mean_rel_err=6.759e-02  min_digits=2  params=6,222  (703.7s)
[145/648] width=16 depth=3 G=5 k=3 lr=0.002 epochs=1500 ...

====================================================================
  Training: 1500 epochs | 8 sets
  Per epoch: 4096 pts | device: cuda:6
  Optimizer: Adam + OneCycleLR  (max_lr=0.002, warm-up 15%)
  Loss: HuberLoss (delta=0.5)
  Network: KAN  (B-spline edges, cubic k=3)
====================================================================
  Epoch     1/1500  loss=4.0141e-01  lr=8.01e-05  (0.1s)

  Done in 143.5s | min loss = 1.0704e-03

    -> min_loss=1.070e-03  mean_rel_err=6.420e-02  min_digits=2  params=5,870  (143.5s)
[146/648] width=16 depth=3 G=5 k=3 lr=0.002 epochs=2000 ...

====================================================================
  Training: 2000 epochs | 8 sets
  Per epoch: 4096 pts | device: cuda:6
  Optimizer: Adam + OneCycleLR  (max_lr=0.002, warm-up 15%)
  Loss: HuberLoss (delta=0.5)
  Network: KAN  (B-spline edges, cubic k=3)
====================================================================
  Epoch     1/2000  loss=4.0141e-01  lr=8.01e-05  (0.1s)

  Done in 192.0s | min loss = 7.4782e-04

    -> min_loss=7.478e-04  mean_rel_err=1.055e-01  min_digits=2  params=5,870  (192.0s)
[147/648] width=16 depth=3 G=5 k=3 lr=0.002 epochs=3000 ...

====================================================================
  Training: 3000 epochs | 8 sets
  Per epoch: 4096 pts | device: cuda:6
  Optimizer: Adam + OneCycleLR  (max_lr=0.002, warm-up 15%)
  Loss: HuberLoss (delta=0.5)
  Network: KAN  (B-spline edges, cubic k=3)
====================================================================
  Epoch     1/3000  loss=4.0141e-01  lr=8.00e-05  (0.1s)

  Done in 291.4s | min loss = 4.7450e-04

    -> min_loss=4.745e-04  mean_rel_err=9.447e-02  min_digits=2  params=5,870  (291.4s)
[148/648] width=16 depth=3 G=5 k=3 lr=0.002 epochs=4000 ...

====================================================================
  Training: 4000 epochs | 8 sets
  Per epoch: 4096 pts | device: cuda:6
  Optimizer: Adam + OneCycleLR  (max_lr=0.002, warm-up 15%)
  Loss: HuberLoss (delta=0.5)
  Network: KAN  (B-spline edges, cubic k=3)
====================================================================
  Epoch     1/4000  loss=4.0141e-01  lr=8.00e-05  (0.1s)

  Done in 387.2s | min loss = 3.7408e-04

    -> min_loss=3.741e-04  mean_rel_err=1.168e-01  min_digits=1  params=5,870  (387.2s)
[149/648] width=16 depth=3 G=5 k=3 lr=0.002 epochs=5500 ...

====================================================================
  Training: 5500 epochs | 8 sets
  Per epoch: 4096 pts | device: cuda:6
  Optimizer: Adam + OneCycleLR  (max_lr=0.002, warm-up 15%)
  Loss: HuberLoss (delta=0.5)
  Network: KAN  (B-spline edges, cubic k=3)
====================================================================
  Epoch     1/5500  loss=4.0141e-01  lr=8.00e-05  (0.1s)

  Done in 533.1s | min loss = 2.7338e-04

    -> min_loss=2.734e-04  mean_rel_err=9.762e-02  min_digits=2  params=5,870  (533.1s)
[150/648] width=16 depth=3 G=5 k=3 lr=0.002 epochs=7000 ...

====================================================================
  Training: 7000 epochs | 8 sets
  Per epoch: 4096 pts | device: cuda:6
  Optimizer: Adam + OneCycleLR  (max_lr=0.002, warm-up 15%)
  Loss: HuberLoss (delta=0.5)
  Network: KAN  (B-spline edges, cubic k=3)
====================================================================
  Epoch     1/7000  loss=4.0141e-01  lr=8.00e-05  (0.1s)

  Done in 675.9s | min loss = 2.3386e-04

    -> min_loss=2.339e-04  mean_rel_err=1.033e-01  min_digits=2  params=5,870  (675.9s)
[151/648] width=16 depth=3 G=5 k=3 lr=0.002 epochs=8500 ...

====================================================================
  Training: 8500 epochs | 8 sets
  Per epoch: 4096 pts | device: cuda:6
  Optimizer: Adam + OneCycleLR  (max_lr=0.002, warm-up 15%)
  Loss: HuberLoss (delta=0.5)
  Network: KAN  (B-spline edges, cubic k=3)
====================================================================
  Epoch     1/8500  loss=4.0141e-01  lr=8.00e-05  (0.1s)

  Done in 823.5s | min loss = 1.9310e-04

    -> min_loss=1.931e-04  mean_rel_err=1.019e-01  min_digits=2  params=5,870  (823.5s)
[152/648] width=16 depth=3 G=5 k=3 lr=0.002 epochs=10000 ...

====================================================================
  Training: 10000 epochs | 8 sets
  Per epoch: 4096 pts | device: cuda:6
  Optimizer: Adam + OneCycleLR  (max_lr=0.002, warm-up 15%)
  Loss: HuberLoss (delta=0.5)
  Network: KAN  (B-spline edges, cubic k=3)
====================================================================
  Epoch     1/10000  loss=4.0141e-01  lr=8.00e-05  (0.1s)

  Done in 954.5s | min loss = 1.7112e-04

    -> min_loss=1.711e-04  mean_rel_err=1.160e-01  min_digits=2  params=5,870  (954.6s)
[153/648] width=16 depth=3 G=5 k=3 lr=0.001 epochs=1500 ...

====================================================================
  Training: 1500 epochs | 8 sets
  Per epoch: 4096 pts | device: cuda:6
  Optimizer: Adam + OneCycleLR  (max_lr=0.001, warm-up 15%)
  Loss: HuberLoss (delta=0.5)
  Network: KAN  (B-spline edges, cubic k=3)
====================================================================
  Epoch     1/1500  loss=4.0141e-01  lr=4.00e-05  (0.1s)

  Done in 143.3s | min loss = 1.2818e-03

    -> min_loss=1.282e-03  mean_rel_err=7.930e-02  min_digits=2  params=5,870  (143.3s)
[154/648] width=16 depth=3 G=5 k=3 lr=0.001 epochs=2000 ...

====================================================================
  Training: 2000 epochs | 8 sets
  Per epoch: 4096 pts | device: cuda:6
  Optimizer: Adam + OneCycleLR  (max_lr=0.001, warm-up 15%)
  Loss: HuberLoss (delta=0.5)
  Network: KAN  (B-spline edges, cubic k=3)
====================================================================
  Epoch     1/2000  loss=4.0141e-01  lr=4.00e-05  (0.1s)

  Done in 193.4s | min loss = 1.0089e-03

    -> min_loss=1.009e-03  mean_rel_err=1.121e-01  min_digits=2  params=5,870  (193.4s)
[155/648] width=16 depth=3 G=5 k=3 lr=0.001 epochs=3000 ...

====================================================================
  Training: 3000 epochs | 8 sets
  Per epoch: 4096 pts | device: cuda:6
  Optimizer: Adam + OneCycleLR  (max_lr=0.001, warm-up 15%)
  Loss: HuberLoss (delta=0.5)
  Network: KAN  (B-spline edges, cubic k=3)
====================================================================
  Epoch     1/3000  loss=4.0141e-01  lr=4.00e-05  (0.1s)

  Done in 288.8s | min loss = 6.3684e-04

    -> min_loss=6.368e-04  mean_rel_err=9.557e-02  min_digits=2  params=5,870  (288.8s)
[156/648] width=16 depth=3 G=5 k=3 lr=0.001 epochs=4000 ...

====================================================================
  Training: 4000 epochs | 8 sets
  Per epoch: 4096 pts | device: cuda:6
  Optimizer: Adam + OneCycleLR  (max_lr=0.001, warm-up 15%)
  Loss: HuberLoss (delta=0.5)
  Network: KAN  (B-spline edges, cubic k=3)
====================================================================
  Epoch     1/4000  loss=4.0141e-01  lr=4.00e-05  (0.1s)

  Done in 384.8s | min loss = 4.7358e-04

    -> min_loss=4.736e-04  mean_rel_err=1.065e-01  min_digits=2  params=5,870  (384.8s)
[157/648] width=16 depth=3 G=5 k=3 lr=0.001 epochs=5500 ...

====================================================================
  Training: 5500 epochs | 8 sets
  Per epoch: 4096 pts | device: cuda:6
  Optimizer: Adam + OneCycleLR  (max_lr=0.001, warm-up 15%)
  Loss: HuberLoss (delta=0.5)
  Network: KAN  (B-spline edges, cubic k=3)
====================================================================
  Epoch     1/5500  loss=4.0141e-01  lr=4.00e-05  (0.1s)

  Done in 534.9s | min loss = 3.5166e-04

    -> min_loss=3.517e-04  mean_rel_err=1.211e-01  min_digits=1  params=5,870  (534.9s)
[158/648] width=16 depth=3 G=5 k=3 lr=0.001 epochs=7000 ...

====================================================================
  Training: 7000 epochs | 8 sets
  Per epoch: 4096 pts | device: cuda:6
  Optimizer: Adam + OneCycleLR  (max_lr=0.001, warm-up 15%)
  Loss: HuberLoss (delta=0.5)
  Network: KAN  (B-spline edges, cubic k=3)
====================================================================
  Epoch     1/7000  loss=4.0141e-01  lr=4.00e-05  (0.1s)

  Done in 674.8s | min loss = 2.6335e-04

    -> min_loss=2.634e-04  mean_rel_err=1.091e-01  min_digits=1  params=5,870  (674.8s)
[159/648] width=16 depth=3 G=5 k=3 lr=0.001 epochs=8500 ...

====================================================================
  Training: 8500 epochs | 8 sets
  Per epoch: 4096 pts | device: cuda:6
  Optimizer: Adam + OneCycleLR  (max_lr=0.001, warm-up 15%)
  Loss: HuberLoss (delta=0.5)
  Network: KAN  (B-spline edges, cubic k=3)
====================================================================
  Epoch     1/8500  loss=4.0141e-01  lr=4.00e-05  (0.1s)

  Done in 812.0s | min loss = 2.4459e-04

    -> min_loss=2.446e-04  mean_rel_err=1.271e-01  min_digits=1  params=5,870  (812.0s)
[160/648] width=16 depth=3 G=5 k=3 lr=0.001 epochs=10000 ...

====================================================================
  Training: 10000 epochs | 8 sets
  Per epoch: 4096 pts | device: cuda:6
  Optimizer: Adam + OneCycleLR  (max_lr=0.001, warm-up 15%)
  Loss: HuberLoss (delta=0.5)
  Network: KAN  (B-spline edges, cubic k=3)
====================================================================
  Epoch     1/10000  loss=4.0141e-01  lr=4.00e-05  (0.1s)

  Done in 959.2s | min loss = 2.3304e-04

    -> min_loss=2.330e-04  mean_rel_err=1.412e-01  min_digits=1  params=5,870  (959.2s)
[161/648] width=16 depth=3 G=5 k=3 lr=0.0005 epochs=1500 ...

====================================================================
  Training: 1500 epochs | 8 sets
  Per epoch: 4096 pts | device: cuda:6
  Optimizer: Adam + OneCycleLR  (max_lr=0.0005, warm-up 15%)
  Loss: HuberLoss (delta=0.5)
  Network: KAN  (B-spline edges, cubic k=3)
====================================================================
  Epoch     1/1500  loss=4.0141e-01  lr=2.00e-05  (0.1s)

  Done in 143.7s | min loss = 2.0267e-03

    -> min_loss=2.027e-03  mean_rel_err=1.408e-01  min_digits=2  params=5,870  (143.7s)
[162/648] width=16 depth=3 G=5 k=3 lr=0.0005 epochs=2000 ...

====================================================================
  Training: 2000 epochs | 8 sets
  Per epoch: 4096 pts | device: cuda:6
  Optimizer: Adam + OneCycleLR  (max_lr=0.0005, warm-up 15%)
  Loss: HuberLoss (delta=0.5)
  Network: KAN  (B-spline edges, cubic k=3)
====================================================================
  Epoch     1/2000  loss=4.0141e-01  lr=2.00e-05  (0.1s)

  Done in 189.5s | min loss = 1.5427e-03

    -> min_loss=1.543e-03  mean_rel_err=1.362e-01  min_digits=2  params=5,870  (189.5s)
[163/648] width=16 depth=3 G=5 k=3 lr=0.0005 epochs=3000 ...

====================================================================
  Training: 3000 epochs | 8 sets
  Per epoch: 4096 pts | device: cuda:6
  Optimizer: Adam + OneCycleLR  (max_lr=0.0005, warm-up 15%)
  Loss: HuberLoss (delta=0.5)
  Network: KAN  (B-spline edges, cubic k=3)
====================================================================
  Epoch     1/3000  loss=4.0141e-01  lr=2.00e-05  (0.1s)

  Done in 294.7s | min loss = 9.9083e-04

    -> min_loss=9.908e-04  mean_rel_err=1.413e-01  min_digits=2  params=5,870  (294.7s)
[164/648] width=16 depth=3 G=5 k=3 lr=0.0005 epochs=4000 ...

====================================================================
  Training: 4000 epochs | 8 sets
  Per epoch: 4096 pts | device: cuda:6
  Optimizer: Adam + OneCycleLR  (max_lr=0.0005, warm-up 15%)
  Loss: HuberLoss (delta=0.5)
  Network: KAN  (B-spline edges, cubic k=3)
====================================================================
  Epoch     1/4000  loss=4.0141e-01  lr=2.00e-05  (0.1s)

  Done in 386.8s | min loss = 7.1574e-04

    -> min_loss=7.157e-04  mean_rel_err=1.318e-01  min_digits=1  params=5,870  (386.8s)
[165/648] width=16 depth=3 G=5 k=3 lr=0.0005 epochs=5500 ...

====================================================================
  Training: 5500 epochs | 8 sets
  Per epoch: 4096 pts | device: cuda:6
  Optimizer: Adam + OneCycleLR  (max_lr=0.0005, warm-up 15%)
  Loss: HuberLoss (delta=0.5)
  Network: KAN  (B-spline edges, cubic k=3)
====================================================================
  Epoch     1/5500  loss=4.0141e-01  lr=2.00e-05  (0.1s)

  Done in 531.0s | min loss = 5.0560e-04

    -> min_loss=5.056e-04  mean_rel_err=1.077e-01  min_digits=1  params=5,870  (531.0s)
[166/648] width=16 depth=3 G=5 k=3 lr=0.0005 epochs=7000 ...

====================================================================
  Training: 7000 epochs | 8 sets
  Per epoch: 4096 pts | device: cuda:6
  Optimizer: Adam + OneCycleLR  (max_lr=0.0005, warm-up 15%)
  Loss: HuberLoss (delta=0.5)
  Network: KAN  (B-spline edges, cubic k=3)
====================================================================
  Epoch     1/7000  loss=4.0141e-01  lr=2.00e-05  (0.1s)

  Done in 674.2s | min loss = 3.9764e-04

    -> min_loss=3.976e-04  mean_rel_err=1.219e-01  min_digits=1  params=5,870  (674.2s)
[167/648] width=16 depth=3 G=5 k=3 lr=0.0005 epochs=8500 ...

====================================================================
  Training: 8500 epochs | 8 sets
  Per epoch: 4096 pts | device: cuda:6
  Optimizer: Adam + OneCycleLR  (max_lr=0.0005, warm-up 15%)
  Loss: HuberLoss (delta=0.5)
  Network: KAN  (B-spline edges, cubic k=3)
====================================================================
  Epoch     1/8500  loss=4.0141e-01  lr=2.00e-05  (0.1s)

  Done in 816.9s | min loss = 3.0716e-04

    -> min_loss=3.072e-04  mean_rel_err=1.046e-01  min_digits=1  params=5,870  (816.9s)
[168/648] width=16 depth=3 G=5 k=3 lr=0.0005 epochs=10000 ...

====================================================================
  Training: 10000 epochs | 8 sets
  Per epoch: 4096 pts | device: cuda:6
  Optimizer: Adam + OneCycleLR  (max_lr=0.0005, warm-up 15%)
  Loss: HuberLoss (delta=0.5)
  Network: KAN  (B-spline edges, cubic k=3)
====================================================================
  Epoch     1/10000  loss=4.0141e-01  lr=2.00e-05  (0.1s)

  Done in 966.3s | min loss = 2.7336e-04

    -> min_loss=2.734e-04  mean_rel_err=9.902e-02  min_digits=1  params=5,870  (966.3s)
[169/648] width=16 depth=3 G=8 k=3 lr=0.002 epochs=1500 ...

====================================================================
  Training: 1500 epochs | 8 sets
  Per epoch: 4096 pts | device: cuda:6
  Optimizer: Adam + OneCycleLR  (max_lr=0.002, warm-up 15%)
  Loss: HuberLoss (delta=0.5)
  Network: KAN  (B-spline edges, cubic k=3)
====================================================================
  Epoch     1/1500  loss=9.0006e-01  lr=8.01e-05  (0.1s)

  Done in 146.2s | min loss = 9.7466e-04

    -> min_loss=9.747e-04  mean_rel_err=1.326e-01  min_digits=1  params=7,790  (146.2s)
[170/648] width=16 depth=3 G=8 k=3 lr=0.002 epochs=2000 ...

====================================================================
  Training: 2000 epochs | 8 sets
  Per epoch: 4096 pts | device: cuda:6
  Optimizer: Adam + OneCycleLR  (max_lr=0.002, warm-up 15%)
  Loss: HuberLoss (delta=0.5)
  Network: KAN  (B-spline edges, cubic k=3)
====================================================================
  Epoch     1/2000  loss=9.0006e-01  lr=8.01e-05  (0.1s)

  Done in 190.6s | min loss = 7.2462e-04

    -> min_loss=7.246e-04  mean_rel_err=7.519e-02  min_digits=2  params=7,790  (190.6s)
[171/648] width=16 depth=3 G=8 k=3 lr=0.002 epochs=3000 ...

====================================================================
  Training: 3000 epochs | 8 sets
  Per epoch: 4096 pts | device: cuda:6
  Optimizer: Adam + OneCycleLR  (max_lr=0.002, warm-up 15%)
  Loss: HuberLoss (delta=0.5)
  Network: KAN  (B-spline edges, cubic k=3)
====================================================================
  Epoch     1/3000  loss=9.0006e-01  lr=8.00e-05  (0.1s)

  Done in 287.3s | min loss = 4.6905e-04

    -> min_loss=4.691e-04  mean_rel_err=4.025e-02  min_digits=2  params=7,790  (287.3s)
[172/648] width=16 depth=3 G=8 k=3 lr=0.002 epochs=4000 ...

====================================================================
  Training: 4000 epochs | 8 sets
  Per epoch: 4096 pts | device: cuda:6
  Optimizer: Adam + OneCycleLR  (max_lr=0.002, warm-up 15%)
  Loss: HuberLoss (delta=0.5)
  Network: KAN  (B-spline edges, cubic k=3)
====================================================================
  Epoch     1/4000  loss=9.0006e-01  lr=8.00e-05  (0.1s)

  Done in 384.3s | min loss = 4.2355e-04

    -> min_loss=4.236e-04  mean_rel_err=8.301e-02  min_digits=2  params=7,790  (384.3s)
[173/648] width=16 depth=3 G=8 k=3 lr=0.002 epochs=5500 ...

====================================================================
  Training: 5500 epochs | 8 sets
  Per epoch: 4096 pts | device: cuda:6
  Optimizer: Adam + OneCycleLR  (max_lr=0.002, warm-up 15%)
  Loss: HuberLoss (delta=0.5)
  Network: KAN  (B-spline edges, cubic k=3)
====================================================================
  Epoch     1/5500  loss=9.0006e-01  lr=8.00e-05  (0.1s)

  Done in 525.4s | min loss = 2.5331e-04

    -> min_loss=2.533e-04  mean_rel_err=5.158e-02  min_digits=2  params=7,790  (525.4s)
[174/648] width=16 depth=3 G=8 k=3 lr=0.002 epochs=7000 ...

====================================================================
  Training: 7000 epochs | 8 sets
  Per epoch: 4096 pts | device: cuda:6
  Optimizer: Adam + OneCycleLR  (max_lr=0.002, warm-up 15%)
  Loss: HuberLoss (delta=0.5)
  Network: KAN  (B-spline edges, cubic k=3)
====================================================================
  Epoch     1/7000  loss=9.0006e-01  lr=8.00e-05  (0.1s)

  Done in 670.1s | min loss = 2.2173e-04

    -> min_loss=2.217e-04  mean_rel_err=4.928e-02  min_digits=2  params=7,790  (670.1s)
[175/648] width=16 depth=3 G=8 k=3 lr=0.002 epochs=8500 ...

====================================================================
  Training: 8500 epochs | 8 sets
  Per epoch: 4096 pts | device: cuda:6
  Optimizer: Adam + OneCycleLR  (max_lr=0.002, warm-up 15%)
  Loss: HuberLoss (delta=0.5)
  Network: KAN  (B-spline edges, cubic k=3)
====================================================================
  Epoch     1/8500  loss=9.0006e-01  lr=8.00e-05  (0.1s)

  Done in 818.5s | min loss = 1.9991e-04

    -> min_loss=1.999e-04  mean_rel_err=4.771e-02  min_digits=2  params=7,790  (818.5s)
[176/648] width=16 depth=3 G=8 k=3 lr=0.002 epochs=10000 ...

====================================================================
  Training: 10000 epochs | 8 sets
  Per epoch: 4096 pts | device: cuda:6
  Optimizer: Adam + OneCycleLR  (max_lr=0.002, warm-up 15%)
  Loss: HuberLoss (delta=0.5)
  Network: KAN  (B-spline edges, cubic k=3)
====================================================================
  Epoch     1/10000  loss=9.0006e-01  lr=8.00e-05  (0.1s)

  Done in 978.8s | min loss = 1.7708e-04

    -> min_loss=1.771e-04  mean_rel_err=4.133e-02  min_digits=2  params=7,790  (978.8s)
[177/648] width=16 depth=3 G=8 k=3 lr=0.001 epochs=1500 ...

====================================================================
  Training: 1500 epochs | 8 sets
  Per epoch: 4096 pts | device: cuda:6
  Optimizer: Adam + OneCycleLR  (max_lr=0.001, warm-up 15%)
  Loss: HuberLoss (delta=0.5)
  Network: KAN  (B-spline edges, cubic k=3)
====================================================================
  Epoch     1/1500  loss=9.0006e-01  lr=4.00e-05  (0.1s)

  Done in 146.3s | min loss = 1.3433e-03

    -> min_loss=1.343e-03  mean_rel_err=5.693e-02  min_digits=2  params=7,790  (146.3s)
[178/648] width=16 depth=3 G=8 k=3 lr=0.001 epochs=2000 ...

====================================================================
  Training: 2000 epochs | 8 sets
  Per epoch: 4096 pts | device: cuda:6
  Optimizer: Adam + OneCycleLR  (max_lr=0.001, warm-up 15%)
  Loss: HuberLoss (delta=0.5)
  Network: KAN  (B-spline edges, cubic k=3)
====================================================================
  Epoch     1/2000  loss=9.0006e-01  lr=4.00e-05  (0.1s)

  Done in 194.0s | min loss = 1.0764e-03

    -> min_loss=1.076e-03  mean_rel_err=8.856e-02  min_digits=1  params=7,790  (194.0s)
[179/648] width=16 depth=3 G=8 k=3 lr=0.001 epochs=3000 ...

====================================================================
  Training: 3000 epochs | 8 sets
  Per epoch: 4096 pts | device: cuda:6
  Optimizer: Adam + OneCycleLR  (max_lr=0.001, warm-up 15%)
  Loss: HuberLoss (delta=0.5)
  Network: KAN  (B-spline edges, cubic k=3)
====================================================================
  Epoch     1/3000  loss=9.0006e-01  lr=4.00e-05  (0.1s)

  Done in 289.0s | min loss = 6.6273e-04

    -> min_loss=6.627e-04  mean_rel_err=5.099e-02  min_digits=2  params=7,790  (289.0s)
[180/648] width=16 depth=3 G=8 k=3 lr=0.001 epochs=4000 ...

====================================================================
  Training: 4000 epochs | 8 sets
  Per epoch: 4096 pts | device: cuda:6
  Optimizer: Adam + OneCycleLR  (max_lr=0.001, warm-up 15%)
  Loss: HuberLoss (delta=0.5)
  Network: KAN  (B-spline edges, cubic k=3)
====================================================================
  Epoch     1/4000  loss=9.0006e-01  lr=4.00e-05  (0.1s)

  Done in 390.4s | min loss = 5.3765e-04

    -> min_loss=5.377e-04  mean_rel_err=4.829e-02  min_digits=2  params=7,790  (390.4s)
[181/648] width=16 depth=3 G=8 k=3 lr=0.001 epochs=5500 ...

====================================================================
  Training: 5500 epochs | 8 sets
  Per epoch: 4096 pts | device: cuda:6
  Optimizer: Adam + OneCycleLR  (max_lr=0.001, warm-up 15%)
  Loss: HuberLoss (delta=0.5)
  Network: KAN  (B-spline edges, cubic k=3)
====================================================================
  Epoch     1/5500  loss=9.0006e-01  lr=4.00e-05  (0.1s)

  Done in 528.4s | min loss = 3.6911e-04

    -> min_loss=3.691e-04  mean_rel_err=5.322e-02  min_digits=2  params=7,790  (528.4s)
[182/648] width=16 depth=3 G=8 k=3 lr=0.001 epochs=7000 ...

====================================================================
  Training: 7000 epochs | 8 sets
  Per epoch: 4096 pts | device: cuda:6
  Optimizer: Adam + OneCycleLR  (max_lr=0.001, warm-up 15%)
  Loss: HuberLoss (delta=0.5)
  Network: KAN  (B-spline edges, cubic k=3)
====================================================================
  Epoch     1/7000  loss=9.0006e-01  lr=4.00e-05  (0.1s)

  Done in 677.8s | min loss = 2.8492e-04

    -> min_loss=2.849e-04  mean_rel_err=5.954e-02  min_digits=2  params=7,790  (677.8s)
[183/648] width=16 depth=3 G=8 k=3 lr=0.001 epochs=8500 ...

====================================================================
  Training: 8500 epochs | 8 sets
  Per epoch: 4096 pts | device: cuda:6
  Optimizer: Adam + OneCycleLR  (max_lr=0.001, warm-up 15%)
  Loss: HuberLoss (delta=0.5)
  Network: KAN  (B-spline edges, cubic k=3)
====================================================================
  Epoch     1/8500  loss=9.0006e-01  lr=4.00e-05  (0.1s)

  Done in 820.6s | min loss = 2.2594e-04

    -> min_loss=2.259e-04  mean_rel_err=3.942e-02  min_digits=2  params=7,790  (820.6s)
[184/648] width=16 depth=3 G=8 k=3 lr=0.001 epochs=10000 ...

====================================================================
  Training: 10000 epochs | 8 sets
  Per epoch: 4096 pts | device: cuda:6
  Optimizer: Adam + OneCycleLR  (max_lr=0.001, warm-up 15%)
  Loss: HuberLoss (delta=0.5)
  Network: KAN  (B-spline edges, cubic k=3)
====================================================================
  Epoch     1/10000  loss=9.0006e-01  lr=4.00e-05  (0.1s)

  Done in 967.1s | min loss = 1.9734e-04

    -> min_loss=1.973e-04  mean_rel_err=3.278e-02  min_digits=2  params=7,790  (967.1s)
[185/648] width=16 depth=3 G=8 k=3 lr=0.0005 epochs=1500 ...

====================================================================
  Training: 1500 epochs | 8 sets
  Per epoch: 4096 pts | device: cuda:6
  Optimizer: Adam + OneCycleLR  (max_lr=0.0005, warm-up 15%)
  Loss: HuberLoss (delta=0.5)
  Network: KAN  (B-spline edges, cubic k=3)
====================================================================
  Epoch     1/1500  loss=9.0006e-01  lr=2.00e-05  (0.1s)

  Done in 147.6s | min loss = 2.2017e-03

    -> min_loss=2.202e-03  mean_rel_err=6.655e-02  min_digits=2  params=7,790  (147.6s)
[186/648] width=16 depth=3 G=8 k=3 lr=0.0005 epochs=2000 ...

====================================================================
  Training: 2000 epochs | 8 sets
  Per epoch: 4096 pts | device: cuda:6
  Optimizer: Adam + OneCycleLR  (max_lr=0.0005, warm-up 15%)
  Loss: HuberLoss (delta=0.5)
  Network: KAN  (B-spline edges, cubic k=3)
====================================================================
  Epoch     1/2000  loss=9.0006e-01  lr=2.00e-05  (0.1s)

  Done in 193.6s | min loss = 1.5569e-03

    -> min_loss=1.557e-03  mean_rel_err=6.735e-02  min_digits=2  params=7,790  (193.6s)
[187/648] width=16 depth=3 G=8 k=3 lr=0.0005 epochs=3000 ...

====================================================================
  Training: 3000 epochs | 8 sets
  Per epoch: 4096 pts | device: cuda:6
  Optimizer: Adam + OneCycleLR  (max_lr=0.0005, warm-up 15%)
  Loss: HuberLoss (delta=0.5)
  Network: KAN  (B-spline edges, cubic k=3)
====================================================================
  Epoch     1/3000  loss=9.0006e-01  lr=2.00e-05  (0.1s)

  Done in 293.6s | min loss = 1.0207e-03

    -> min_loss=1.021e-03  mean_rel_err=5.762e-02  min_digits=2  params=7,790  (293.6s)
[188/648] width=16 depth=3 G=8 k=3 lr=0.0005 epochs=4000 ...

====================================================================
  Training: 4000 epochs | 8 sets
  Per epoch: 4096 pts | device: cuda:6
  Optimizer: Adam + OneCycleLR  (max_lr=0.0005, warm-up 15%)
  Loss: HuberLoss (delta=0.5)
  Network: KAN  (B-spline edges, cubic k=3)
====================================================================
  Epoch     1/4000  loss=9.0006e-01  lr=2.00e-05  (0.1s)

  Done in 384.6s | min loss = 7.9184e-04

    -> min_loss=7.918e-04  mean_rel_err=4.262e-02  min_digits=2  params=7,790  (384.6s)
[189/648] width=16 depth=3 G=8 k=3 lr=0.0005 epochs=5500 ...

====================================================================
  Training: 5500 epochs | 8 sets
  Per epoch: 4096 pts | device: cuda:6
  Optimizer: Adam + OneCycleLR  (max_lr=0.0005, warm-up 15%)
  Loss: HuberLoss (delta=0.5)
  Network: KAN  (B-spline edges, cubic k=3)
====================================================================
  Epoch     1/5500  loss=9.0006e-01  lr=2.00e-05  (0.1s)

  Done in 542.1s | min loss = 5.3413e-04

    -> min_loss=5.341e-04  mean_rel_err=4.503e-02  min_digits=2  params=7,790  (542.1s)
[190/648] width=16 depth=3 G=8 k=3 lr=0.0005 epochs=7000 ...

====================================================================
  Training: 7000 epochs | 8 sets
  Per epoch: 4096 pts | device: cuda:6
  Optimizer: Adam + OneCycleLR  (max_lr=0.0005, warm-up 15%)
  Loss: HuberLoss (delta=0.5)
  Network: KAN  (B-spline edges, cubic k=3)
====================================================================
  Epoch     1/7000  loss=9.0006e-01  lr=2.00e-05  (0.1s)

  Done in 681.8s | min loss = 4.1655e-04

    -> min_loss=4.165e-04  mean_rel_err=5.949e-02  min_digits=2  params=7,790  (681.8s)
[191/648] width=16 depth=3 G=8 k=3 lr=0.0005 epochs=8500 ...

====================================================================
  Training: 8500 epochs | 8 sets
  Per epoch: 4096 pts | device: cuda:6
  Optimizer: Adam + OneCycleLR  (max_lr=0.0005, warm-up 15%)
  Loss: HuberLoss (delta=0.5)
  Network: KAN  (B-spline edges, cubic k=3)
====================================================================
  Epoch     1/8500  loss=9.0006e-01  lr=2.00e-05  (0.1s)

  Done in 819.8s | min loss = 3.1395e-04

    -> min_loss=3.139e-04  mean_rel_err=5.151e-02  min_digits=2  params=7,790  (819.8s)
[192/648] width=16 depth=3 G=8 k=3 lr=0.0005 epochs=10000 ...

====================================================================
  Training: 10000 epochs | 8 sets
  Per epoch: 4096 pts | device: cuda:6
  Optimizer: Adam + OneCycleLR  (max_lr=0.0005, warm-up 15%)
  Loss: HuberLoss (delta=0.5)
  Network: KAN  (B-spline edges, cubic k=3)
====================================================================
  Epoch     1/10000  loss=9.0006e-01  lr=2.00e-05  (0.1s)

  Done in 962.5s | min loss = 2.7376e-04

    -> min_loss=2.738e-04  mean_rel_err=5.585e-02  min_digits=2  params=7,790  (962.5s)
[193/648] width=16 depth=3 G=12 k=3 lr=0.002 epochs=1500 ...

====================================================================
  Training: 1500 epochs | 8 sets
  Per epoch: 4096 pts | device: cuda:6
  Optimizer: Adam + OneCycleLR  (max_lr=0.002, warm-up 15%)
  Loss: HuberLoss (delta=0.5)
  Network: KAN  (B-spline edges, cubic k=3)
====================================================================
  Epoch     1/1500  loss=1.2119e+00  lr=8.01e-05  (0.1s)

  Done in 143.0s | min loss = 6.8549e-04

    -> min_loss=6.855e-04  mean_rel_err=6.551e-02  min_digits=2  params=10,350  (143.0s)
[194/648] width=16 depth=3 G=12 k=3 lr=0.002 epochs=2000 ...

====================================================================
  Training: 2000 epochs | 8 sets
  Per epoch: 4096 pts | device: cuda:6
  Optimizer: Adam + OneCycleLR  (max_lr=0.002, warm-up 15%)
  Loss: HuberLoss (delta=0.5)
  Network: KAN  (B-spline edges, cubic k=3)
====================================================================
  Epoch     1/2000  loss=1.2119e+00  lr=8.01e-05  (0.1s)

  Done in 193.6s | min loss = 6.2442e-04

    -> min_loss=6.244e-04  mean_rel_err=6.927e-02  min_digits=2  params=10,350  (193.6s)
[195/648] width=16 depth=3 G=12 k=3 lr=0.002 epochs=3000 ...

====================================================================
  Training: 3000 epochs | 8 sets
  Per epoch: 4096 pts | device: cuda:6
  Optimizer: Adam + OneCycleLR  (max_lr=0.002, warm-up 15%)
  Loss: HuberLoss (delta=0.5)
  Network: KAN  (B-spline edges, cubic k=3)
====================================================================
  Epoch     1/3000  loss=1.2119e+00  lr=8.00e-05  (0.1s)

  Done in 290.8s | min loss = 3.4030e-04

    -> min_loss=3.403e-04  mean_rel_err=6.809e-02  min_digits=2  params=10,350  (290.8s)
[196/648] width=16 depth=3 G=12 k=3 lr=0.002 epochs=4000 ...

====================================================================
  Training: 4000 epochs | 8 sets
  Per epoch: 4096 pts | device: cuda:6
  Optimizer: Adam + OneCycleLR  (max_lr=0.002, warm-up 15%)
  Loss: HuberLoss (delta=0.5)
  Network: KAN  (B-spline edges, cubic k=3)
====================================================================
  Epoch     1/4000  loss=1.2119e+00  lr=8.00e-05  (0.1s)

  Done in 384.5s | min loss = 2.6621e-04

    -> min_loss=2.662e-04  mean_rel_err=7.737e-02  min_digits=2  params=10,350  (384.5s)
[197/648] width=16 depth=3 G=12 k=3 lr=0.002 epochs=5500 ...

====================================================================
  Training: 5500 epochs | 8 sets
  Per epoch: 4096 pts | device: cuda:6
  Optimizer: Adam + OneCycleLR  (max_lr=0.002, warm-up 15%)
  Loss: HuberLoss (delta=0.5)
  Network: KAN  (B-spline edges, cubic k=3)
====================================================================
  Epoch     1/5500  loss=1.2119e+00  lr=8.00e-05  (0.1s)

  Done in 528.8s | min loss = 2.2304e-04

    -> min_loss=2.230e-04  mean_rel_err=6.122e-02  min_digits=2  params=10,350  (528.8s)
[198/648] width=16 depth=3 G=12 k=3 lr=0.002 epochs=7000 ...

====================================================================
  Training: 7000 epochs | 8 sets
  Per epoch: 4096 pts | device: cuda:6
  Optimizer: Adam + OneCycleLR  (max_lr=0.002, warm-up 15%)
  Loss: HuberLoss (delta=0.5)
  Network: KAN  (B-spline edges, cubic k=3)
====================================================================
  Epoch     1/7000  loss=1.2119e+00  lr=8.00e-05  (0.1s)

  Done in 670.7s | min loss = 1.4184e-04

    -> min_loss=1.418e-04  mean_rel_err=5.184e-02  min_digits=2  params=10,350  (670.7s)
[199/648] width=16 depth=3 G=12 k=3 lr=0.002 epochs=8500 ...

====================================================================
  Training: 8500 epochs | 8 sets
  Per epoch: 4096 pts | device: cuda:6
  Optimizer: Adam + OneCycleLR  (max_lr=0.002, warm-up 15%)
  Loss: HuberLoss (delta=0.5)
  Network: KAN  (B-spline edges, cubic k=3)
====================================================================
  Epoch     1/8500  loss=1.2119e+00  lr=8.00e-05  (0.1s)

  Done in 820.2s | min loss = 1.4838e-04

    -> min_loss=1.484e-04  mean_rel_err=7.819e-02  min_digits=2  params=10,350  (820.2s)
[200/648] width=16 depth=3 G=12 k=3 lr=0.002 epochs=10000 ...

====================================================================
  Training: 10000 epochs | 8 sets
  Per epoch: 4096 pts | device: cuda:6
  Optimizer: Adam + OneCycleLR  (max_lr=0.002, warm-up 15%)
  Loss: HuberLoss (delta=0.5)
  Network: KAN  (B-spline edges, cubic k=3)
====================================================================
  Epoch     1/10000  loss=1.2119e+00  lr=8.00e-05  (0.1s)

  Done in 954.3s | min loss = 1.0810e-04

    -> min_loss=1.081e-04  mean_rel_err=7.336e-02  min_digits=2  params=10,350  (954.3s)
[201/648] width=16 depth=3 G=12 k=3 lr=0.001 epochs=1500 ...

====================================================================
  Training: 1500 epochs | 8 sets
  Per epoch: 4096 pts | device: cuda:6
  Optimizer: Adam + OneCycleLR  (max_lr=0.001, warm-up 15%)
  Loss: HuberLoss (delta=0.5)
  Network: KAN  (B-spline edges, cubic k=3)
====================================================================
  Epoch     1/1500  loss=1.2119e+00  lr=4.00e-05  (0.1s)

  Done in 142.2s | min loss = 9.7709e-04

    -> min_loss=9.771e-04  mean_rel_err=8.364e-02  min_digits=2  params=10,350  (142.2s)
[202/648] width=16 depth=3 G=12 k=3 lr=0.001 epochs=2000 ...

====================================================================
  Training: 2000 epochs | 8 sets
  Per epoch: 4096 pts | device: cuda:6
  Optimizer: Adam + OneCycleLR  (max_lr=0.001, warm-up 15%)
  Loss: HuberLoss (delta=0.5)
  Network: KAN  (B-spline edges, cubic k=3)
====================================================================
  Epoch     1/2000  loss=1.2119e+00  lr=4.00e-05  (0.1s)

  Done in 189.2s | min loss = 7.2677e-04

    -> min_loss=7.268e-04  mean_rel_err=8.139e-02  min_digits=2  params=10,350  (189.2s)
[203/648] width=16 depth=3 G=12 k=3 lr=0.001 epochs=3000 ...

====================================================================
  Training: 3000 epochs | 8 sets
  Per epoch: 4096 pts | device: cuda:6
  Optimizer: Adam + OneCycleLR  (max_lr=0.001, warm-up 15%)
  Loss: HuberLoss (delta=0.5)
  Network: KAN  (B-spline edges, cubic k=3)
====================================================================
  Epoch     1/3000  loss=1.2119e+00  lr=4.00e-05  (0.1s)

  Done in 282.4s | min loss = 5.8943e-04

    -> min_loss=5.894e-04  mean_rel_err=7.412e-02  min_digits=2  params=10,350  (282.4s)
[204/648] width=16 depth=3 G=12 k=3 lr=0.001 epochs=4000 ...

====================================================================
  Training: 4000 epochs | 8 sets
  Per epoch: 4096 pts | device: cuda:6
  Optimizer: Adam + OneCycleLR  (max_lr=0.001, warm-up 15%)
  Loss: HuberLoss (delta=0.5)
  Network: KAN  (B-spline edges, cubic k=3)
====================================================================
  Epoch     1/4000  loss=1.2119e+00  lr=4.00e-05  (0.1s)

  Done in 385.4s | min loss = 3.9260e-04

    -> min_loss=3.926e-04  mean_rel_err=9.952e-02  min_digits=2  params=10,350  (385.4s)
[205/648] width=16 depth=3 G=12 k=3 lr=0.001 epochs=5500 ...

====================================================================
  Training: 5500 epochs | 8 sets
  Per epoch: 4096 pts | device: cuda:6
  Optimizer: Adam + OneCycleLR  (max_lr=0.001, warm-up 15%)
  Loss: HuberLoss (delta=0.5)
  Network: KAN  (B-spline edges, cubic k=3)
====================================================================
  Epoch     1/5500  loss=1.2119e+00  lr=4.00e-05  (0.1s)

  Done in 535.5s | min loss = 3.3229e-04

    -> min_loss=3.323e-04  mean_rel_err=1.024e-01  min_digits=2  params=10,350  (535.5s)
[206/648] width=16 depth=3 G=12 k=3 lr=0.001 epochs=7000 ...

====================================================================
  Training: 7000 epochs | 8 sets
  Per epoch: 4096 pts | device: cuda:6
  Optimizer: Adam + OneCycleLR  (max_lr=0.001, warm-up 15%)
  Loss: HuberLoss (delta=0.5)
  Network: KAN  (B-spline edges, cubic k=3)
====================================================================
  Epoch     1/7000  loss=1.2119e+00  lr=4.00e-05  (0.1s)

  Done in 672.3s | min loss = 2.5059e-04

    -> min_loss=2.506e-04  mean_rel_err=1.051e-01  min_digits=2  params=10,350  (672.3s)
[207/648] width=16 depth=3 G=12 k=3 lr=0.001 epochs=8500 ...

====================================================================
  Training: 8500 epochs | 8 sets
  Per epoch: 4096 pts | device: cuda:6
  Optimizer: Adam + OneCycleLR  (max_lr=0.001, warm-up 15%)
  Loss: HuberLoss (delta=0.5)
  Network: KAN  (B-spline edges, cubic k=3)
====================================================================
  Epoch     1/8500  loss=1.2119e+00  lr=4.00e-05  (0.1s)

  Done in 814.0s | min loss = 1.9927e-04

    -> min_loss=1.993e-04  mean_rel_err=7.869e-02  min_digits=2  params=10,350  (814.0s)
[208/648] width=16 depth=3 G=12 k=3 lr=0.001 epochs=10000 ...

====================================================================
  Training: 10000 epochs | 8 sets
  Per epoch: 4096 pts | device: cuda:6
  Optimizer: Adam + OneCycleLR  (max_lr=0.001, warm-up 15%)
  Loss: HuberLoss (delta=0.5)
  Network: KAN  (B-spline edges, cubic k=3)
====================================================================
  Epoch     1/10000  loss=1.2119e+00  lr=4.00e-05  (0.1s)

  Done in 956.9s | min loss = 1.6154e-04

    -> min_loss=1.615e-04  mean_rel_err=1.137e-01  min_digits=2  params=10,350  (956.9s)
[209/648] width=16 depth=3 G=12 k=3 lr=0.0005 epochs=1500 ...

====================================================================
  Training: 1500 epochs | 8 sets
  Per epoch: 4096 pts | device: cuda:6
  Optimizer: Adam + OneCycleLR  (max_lr=0.0005, warm-up 15%)
  Loss: HuberLoss (delta=0.5)
  Network: KAN  (B-spline edges, cubic k=3)
====================================================================
  Epoch     1/1500  loss=1.2119e+00  lr=2.00e-05  (0.1s)

  Done in 146.0s | min loss = 1.4702e-03

    -> min_loss=1.470e-03  mean_rel_err=1.120e-01  min_digits=1  params=10,350  (146.0s)
[210/648] width=16 depth=3 G=12 k=3 lr=0.0005 epochs=2000 ...

====================================================================
  Training: 2000 epochs | 8 sets
  Per epoch: 4096 pts | device: cuda:6
  Optimizer: Adam + OneCycleLR  (max_lr=0.0005, warm-up 15%)
  Loss: HuberLoss (delta=0.5)
  Network: KAN  (B-spline edges, cubic k=3)
====================================================================
  Epoch     1/2000  loss=1.2119e+00  lr=2.00e-05  (0.1s)

  Done in 191.5s | min loss = 9.9098e-04

    -> min_loss=9.910e-04  mean_rel_err=1.156e-01  min_digits=1  params=10,350  (191.5s)
[211/648] width=16 depth=3 G=12 k=3 lr=0.0005 epochs=3000 ...

====================================================================
  Training: 3000 epochs | 8 sets
  Per epoch: 4096 pts | device: cuda:6
  Optimizer: Adam + OneCycleLR  (max_lr=0.0005, warm-up 15%)
  Loss: HuberLoss (delta=0.5)
  Network: KAN  (B-spline edges, cubic k=3)
====================================================================
  Epoch     1/3000  loss=1.2119e+00  lr=2.00e-05  (0.1s)

  Done in 286.9s | min loss = 7.0336e-04

    -> min_loss=7.034e-04  mean_rel_err=9.094e-02  min_digits=2  params=10,350  (286.9s)
[212/648] width=16 depth=3 G=12 k=3 lr=0.0005 epochs=4000 ...

====================================================================
  Training: 4000 epochs | 8 sets
  Per epoch: 4096 pts | device: cuda:6
  Optimizer: Adam + OneCycleLR  (max_lr=0.0005, warm-up 15%)
  Loss: HuberLoss (delta=0.5)
  Network: KAN  (B-spline edges, cubic k=3)
====================================================================
  Epoch     1/4000  loss=1.2119e+00  lr=2.00e-05  (0.1s)

  Done in 383.6s | min loss = 5.4299e-04

    -> min_loss=5.430e-04  mean_rel_err=1.275e-01  min_digits=1  params=10,350  (383.6s)
[213/648] width=16 depth=3 G=12 k=3 lr=0.0005 epochs=5500 ...

====================================================================
  Training: 5500 epochs | 8 sets
  Per epoch: 4096 pts | device: cuda:6
  Optimizer: Adam + OneCycleLR  (max_lr=0.0005, warm-up 15%)
  Loss: HuberLoss (delta=0.5)
  Network: KAN  (B-spline edges, cubic k=3)
====================================================================
  Epoch     1/5500  loss=1.2119e+00  lr=2.00e-05  (0.1s)

  Done in 531.6s | min loss = 4.0053e-04

    -> min_loss=4.005e-04  mean_rel_err=9.728e-02  min_digits=1  params=10,350  (531.6s)
[214/648] width=16 depth=3 G=12 k=3 lr=0.0005 epochs=7000 ...

====================================================================
  Training: 7000 epochs | 8 sets
  Per epoch: 4096 pts | device: cuda:6
  Optimizer: Adam + OneCycleLR  (max_lr=0.0005, warm-up 15%)
  Loss: HuberLoss (delta=0.5)
  Network: KAN  (B-spline edges, cubic k=3)
====================================================================
  Epoch     1/7000  loss=1.2119e+00  lr=2.00e-05  (0.1s)

  Done in 677.2s | min loss = 3.4872e-04

    -> min_loss=3.487e-04  mean_rel_err=8.508e-02  min_digits=2  params=10,350  (677.2s)
[215/648] width=16 depth=3 G=12 k=3 lr=0.0005 epochs=8500 ...

====================================================================
  Training: 8500 epochs | 8 sets
  Per epoch: 4096 pts | device: cuda:6
  Optimizer: Adam + OneCycleLR  (max_lr=0.0005, warm-up 15%)
  Loss: HuberLoss (delta=0.5)
  Network: KAN  (B-spline edges, cubic k=3)
====================================================================
  Epoch     1/8500  loss=1.2119e+00  lr=2.00e-05  (0.1s)

  Done in 816.9s | min loss = 2.7023e-04

    -> min_loss=2.702e-04  mean_rel_err=6.868e-02  min_digits=2  params=10,350  (816.9s)
[216/648] width=16 depth=3 G=12 k=3 lr=0.0005 epochs=10000 ...

====================================================================
  Training: 10000 epochs | 8 sets
  Per epoch: 4096 pts | device: cuda:6
  Optimizer: Adam + OneCycleLR  (max_lr=0.0005, warm-up 15%)
  Loss: HuberLoss (delta=0.5)
  Network: KAN  (B-spline edges, cubic k=3)
====================================================================
  Epoch     1/10000  loss=1.2119e+00  lr=2.00e-05  (0.1s)

  Done in 963.2s | min loss = 2.3970e-04

    -> min_loss=2.397e-04  mean_rel_err=7.479e-02  min_digits=2  params=10,350  (963.2s)
[217/648] width=32 depth=1 G=5 k=3 lr=0.002 epochs=1500 ...

====================================================================
  Training: 1500 epochs | 8 sets
  Per epoch: 4096 pts | device: cuda:6
  Optimizer: Adam + OneCycleLR  (max_lr=0.002, warm-up 15%)
  Loss: HuberLoss (delta=0.5)
  Network: KAN  (B-spline edges, cubic k=3)
====================================================================
  Epoch     1/1500  loss=1.0420e-01  lr=8.01e-05  (0.1s)

  Done in 67.1s | min loss = 2.6226e-03

    -> min_loss=2.623e-03  mean_rel_err=1.595e-01  min_digits=1  params=2,382  (67.1s)
[218/648] width=32 depth=1 G=5 k=3 lr=0.002 epochs=2000 ...

====================================================================
  Training: 2000 epochs | 8 sets
  Per epoch: 4096 pts | device: cuda:6
  Optimizer: Adam + OneCycleLR  (max_lr=0.002, warm-up 15%)
  Loss: HuberLoss (delta=0.5)
  Network: KAN  (B-spline edges, cubic k=3)
====================================================================
  Epoch     1/2000  loss=1.0420e-01  lr=8.01e-05  (0.0s)

  Done in 88.5s | min loss = 2.3876e-03

    -> min_loss=2.388e-03  mean_rel_err=1.922e-01  min_digits=1  params=2,382  (88.5s)
[219/648] width=32 depth=1 G=5 k=3 lr=0.002 epochs=3000 ...

====================================================================
  Training: 3000 epochs | 8 sets
  Per epoch: 4096 pts | device: cuda:6
  Optimizer: Adam + OneCycleLR  (max_lr=0.002, warm-up 15%)
  Loss: HuberLoss (delta=0.5)
  Network: KAN  (B-spline edges, cubic k=3)
====================================================================
  Epoch     1/3000  loss=1.0420e-01  lr=8.00e-05  (0.1s)

  Done in 134.2s | min loss = 1.9138e-03

    -> min_loss=1.914e-03  mean_rel_err=1.075e-01  min_digits=2  params=2,382  (134.2s)
[220/648] width=32 depth=1 G=5 k=3 lr=0.002 epochs=4000 ...

====================================================================
  Training: 4000 epochs | 8 sets
  Per epoch: 4096 pts | device: cuda:6
  Optimizer: Adam + OneCycleLR  (max_lr=0.002, warm-up 15%)
  Loss: HuberLoss (delta=0.5)
  Network: KAN  (B-spline edges, cubic k=3)
====================================================================
  Epoch     1/4000  loss=1.0420e-01  lr=8.00e-05  (0.1s)

  Done in 182.6s | min loss = 1.5733e-03

    -> min_loss=1.573e-03  mean_rel_err=9.716e-02  min_digits=1  params=2,382  (182.6s)
[221/648] width=32 depth=1 G=5 k=3 lr=0.002 epochs=5500 ...

====================================================================
  Training: 5500 epochs | 8 sets
  Per epoch: 4096 pts | device: cuda:6
  Optimizer: Adam + OneCycleLR  (max_lr=0.002, warm-up 15%)
  Loss: HuberLoss (delta=0.5)
  Network: KAN  (B-spline edges, cubic k=3)
====================================================================
  Epoch     1/5500  loss=1.0420e-01  lr=8.00e-05  (0.0s)

  Done in 249.6s | min loss = 1.3634e-03

    -> min_loss=1.363e-03  mean_rel_err=1.442e-01  min_digits=2  params=2,382  (249.6s)
[222/648] width=32 depth=1 G=5 k=3 lr=0.002 epochs=7000 ...

====================================================================
  Training: 7000 epochs | 8 sets
  Per epoch: 4096 pts | device: cuda:6
  Optimizer: Adam + OneCycleLR  (max_lr=0.002, warm-up 15%)
  Loss: HuberLoss (delta=0.5)
  Network: KAN  (B-spline edges, cubic k=3)
====================================================================
  Epoch     1/7000  loss=1.0420e-01  lr=8.00e-05  (0.0s)

  Done in 318.1s | min loss = 1.3124e-03

    -> min_loss=1.312e-03  mean_rel_err=1.683e-01  min_digits=1  params=2,382  (318.1s)
[223/648] width=32 depth=1 G=5 k=3 lr=0.002 epochs=8500 ...

====================================================================
  Training: 8500 epochs | 8 sets
  Per epoch: 4096 pts | device: cuda:6
  Optimizer: Adam + OneCycleLR  (max_lr=0.002, warm-up 15%)
  Loss: HuberLoss (delta=0.5)
  Network: KAN  (B-spline edges, cubic k=3)
====================================================================
  Epoch     1/8500  loss=1.0420e-01  lr=8.00e-05  (0.0s)

  Done in 389.0s | min loss = 1.2083e-03

    -> min_loss=1.208e-03  mean_rel_err=1.322e-01  min_digits=1  params=2,382  (389.0s)
[224/648] width=32 depth=1 G=5 k=3 lr=0.002 epochs=10000 ...

====================================================================
  Training: 10000 epochs | 8 sets
  Per epoch: 4096 pts | device: cuda:6
  Optimizer: Adam + OneCycleLR  (max_lr=0.002, warm-up 15%)
  Loss: HuberLoss (delta=0.5)
  Network: KAN  (B-spline edges, cubic k=3)
====================================================================
  Epoch     1/10000  loss=1.0420e-01  lr=8.00e-05  (0.0s)

  Done in 455.0s | min loss = 1.1610e-03

    -> min_loss=1.161e-03  mean_rel_err=1.662e-01  min_digits=1  params=2,382  (455.0s)
[225/648] width=32 depth=1 G=5 k=3 lr=0.001 epochs=1500 ...

====================================================================
  Training: 1500 epochs | 8 sets
  Per epoch: 4096 pts | device: cuda:6
  Optimizer: Adam + OneCycleLR  (max_lr=0.001, warm-up 15%)
  Loss: HuberLoss (delta=0.5)
  Network: KAN  (B-spline edges, cubic k=3)
====================================================================
  Epoch     1/1500  loss=1.0420e-01  lr=4.00e-05  (0.0s)

  Done in 68.3s | min loss = 3.5881e-03

    -> min_loss=3.588e-03  mean_rel_err=1.069e-01  min_digits=2  params=2,382  (68.3s)
[226/648] width=32 depth=1 G=5 k=3 lr=0.001 epochs=2000 ...

====================================================================
  Training: 2000 epochs | 8 sets
  Per epoch: 4096 pts | device: cuda:6
  Optimizer: Adam + OneCycleLR  (max_lr=0.001, warm-up 15%)
  Loss: HuberLoss (delta=0.5)
  Network: KAN  (B-spline edges, cubic k=3)
====================================================================
  Epoch     1/2000  loss=1.0420e-01  lr=4.00e-05  (0.0s)

  Done in 89.8s | min loss = 3.0737e-03

    -> min_loss=3.074e-03  mean_rel_err=1.095e-01  min_digits=2  params=2,382  (89.8s)
[227/648] width=32 depth=1 G=5 k=3 lr=0.001 epochs=3000 ...

====================================================================
  Training: 3000 epochs | 8 sets
  Per epoch: 4096 pts | device: cuda:6
  Optimizer: Adam + OneCycleLR  (max_lr=0.001, warm-up 15%)
  Loss: HuberLoss (delta=0.5)
  Network: KAN  (B-spline edges, cubic k=3)
====================================================================
  Epoch     1/3000  loss=1.0420e-01  lr=4.00e-05  (0.0s)

  Done in 137.7s | min loss = 2.2342e-03

    -> min_loss=2.234e-03  mean_rel_err=8.774e-02  min_digits=2  params=2,382  (137.7s)
[228/648] width=32 depth=1 G=5 k=3 lr=0.001 epochs=4000 ...

====================================================================
  Training: 4000 epochs | 8 sets
  Per epoch: 4096 pts | device: cuda:6
  Optimizer: Adam + OneCycleLR  (max_lr=0.001, warm-up 15%)
  Loss: HuberLoss (delta=0.5)
  Network: KAN  (B-spline edges, cubic k=3)
====================================================================
  Epoch     1/4000  loss=1.0420e-01  lr=4.00e-05  (0.1s)

  Done in 185.7s | min loss = 1.9764e-03

    -> min_loss=1.976e-03  mean_rel_err=1.218e-01  min_digits=1  params=2,382  (185.7s)
[229/648] width=32 depth=1 G=5 k=3 lr=0.001 epochs=5500 ...

====================================================================
  Training: 5500 epochs | 8 sets
  Per epoch: 4096 pts | device: cuda:6
  Optimizer: Adam + OneCycleLR  (max_lr=0.001, warm-up 15%)
  Loss: HuberLoss (delta=0.5)
  Network: KAN  (B-spline edges, cubic k=3)
====================================================================
  Epoch     1/5500  loss=1.0420e-01  lr=4.00e-05  (0.0s)

  Done in 250.4s | min loss = 1.6854e-03

    -> min_loss=1.685e-03  mean_rel_err=1.754e-01  min_digits=1  params=2,382  (250.4s)
[230/648] width=32 depth=1 G=5 k=3 lr=0.001 epochs=7000 ...

====================================================================
  Training: 7000 epochs | 8 sets
  Per epoch: 4096 pts | device: cuda:6
  Optimizer: Adam + OneCycleLR  (max_lr=0.001, warm-up 15%)
  Loss: HuberLoss (delta=0.5)
  Network: KAN  (B-spline edges, cubic k=3)
====================================================================
  Epoch     1/7000  loss=1.0420e-01  lr=4.00e-05  (0.0s)

  Done in 321.1s | min loss = 1.4167e-03

    -> min_loss=1.417e-03  mean_rel_err=1.755e-01  min_digits=1  params=2,382  (321.1s)
[231/648] width=32 depth=1 G=5 k=3 lr=0.001 epochs=8500 ...

====================================================================
  Training: 8500 epochs | 8 sets
  Per epoch: 4096 pts | device: cuda:6
  Optimizer: Adam + OneCycleLR  (max_lr=0.001, warm-up 15%)
  Loss: HuberLoss (delta=0.5)
  Network: KAN  (B-spline edges, cubic k=3)
====================================================================
  Epoch     1/8500  loss=1.0420e-01  lr=4.00e-05  (0.1s)

  Done in 384.0s | min loss = 1.2413e-03

    -> min_loss=1.241e-03  mean_rel_err=1.187e-01  min_digits=1  params=2,382  (384.0s)
[232/648] width=32 depth=1 G=5 k=3 lr=0.001 epochs=10000 ...

====================================================================
  Training: 10000 epochs | 8 sets
  Per epoch: 4096 pts | device: cuda:6
  Optimizer: Adam + OneCycleLR  (max_lr=0.001, warm-up 15%)
  Loss: HuberLoss (delta=0.5)
  Network: KAN  (B-spline edges, cubic k=3)
====================================================================
  Epoch     1/10000  loss=1.0420e-01  lr=4.00e-05  (0.1s)

  Done in 462.6s | min loss = 1.1610e-03

    -> min_loss=1.161e-03  mean_rel_err=1.250e-01  min_digits=1  params=2,382  (462.6s)
[233/648] width=32 depth=1 G=5 k=3 lr=0.0005 epochs=1500 ...

====================================================================
  Training: 1500 epochs | 8 sets
  Per epoch: 4096 pts | device: cuda:6
  Optimizer: Adam + OneCycleLR  (max_lr=0.0005, warm-up 15%)
  Loss: HuberLoss (delta=0.5)
  Network: KAN  (B-spline edges, cubic k=3)
====================================================================
  Epoch     1/1500  loss=1.0420e-01  lr=2.00e-05  (0.0s)

  Done in 69.2s | min loss = 4.7234e-03

    -> min_loss=4.723e-03  mean_rel_err=8.213e-02  min_digits=1  params=2,382  (69.2s)
[234/648] width=32 depth=1 G=5 k=3 lr=0.0005 epochs=2000 ...

====================================================================
  Training: 2000 epochs | 8 sets
  Per epoch: 4096 pts | device: cuda:6
  Optimizer: Adam + OneCycleLR  (max_lr=0.0005, warm-up 15%)
  Loss: HuberLoss (delta=0.5)
  Network: KAN  (B-spline edges, cubic k=3)
====================================================================
  Epoch     1/2000  loss=1.0420e-01  lr=2.00e-05  (0.1s)

  Done in 90.6s | min loss = 3.9341e-03

    -> min_loss=3.934e-03  mean_rel_err=1.082e-01  min_digits=2  params=2,382  (90.6s)
[235/648] width=32 depth=1 G=5 k=3 lr=0.0005 epochs=3000 ...

====================================================================
  Training: 3000 epochs | 8 sets
  Per epoch: 4096 pts | device: cuda:6
  Optimizer: Adam + OneCycleLR  (max_lr=0.0005, warm-up 15%)
  Loss: HuberLoss (delta=0.5)
  Network: KAN  (B-spline edges, cubic k=3)
====================================================================
  Epoch     1/3000  loss=1.0420e-01  lr=2.00e-05  (0.0s)

  Done in 136.4s | min loss = 2.8433e-03

    -> min_loss=2.843e-03  mean_rel_err=1.254e-01  min_digits=2  params=2,382  (136.4s)
[236/648] width=32 depth=1 G=5 k=3 lr=0.0005 epochs=4000 ...

====================================================================
  Training: 4000 epochs | 8 sets
  Per epoch: 4096 pts | device: cuda:6
  Optimizer: Adam + OneCycleLR  (max_lr=0.0005, warm-up 15%)
  Loss: HuberLoss (delta=0.5)
  Network: KAN  (B-spline edges, cubic k=3)
====================================================================
  Epoch     1/4000  loss=1.0420e-01  lr=2.00e-05  (0.0s)

  Done in 181.5s | min loss = 2.4474e-03

    -> min_loss=2.447e-03  mean_rel_err=1.693e-01  min_digits=2  params=2,382  (181.5s)
[237/648] width=32 depth=1 G=5 k=3 lr=0.0005 epochs=5500 ...

====================================================================
  Training: 5500 epochs | 8 sets
  Per epoch: 4096 pts | device: cuda:6
  Optimizer: Adam + OneCycleLR  (max_lr=0.0005, warm-up 15%)
  Loss: HuberLoss (delta=0.5)
  Network: KAN  (B-spline edges, cubic k=3)
====================================================================
  Epoch     1/5500  loss=1.0420e-01  lr=2.00e-05  (0.0s)

  Done in 251.8s | min loss = 1.9889e-03

    -> min_loss=1.989e-03  mean_rel_err=6.893e-02  min_digits=2  params=2,382  (251.8s)
[238/648] width=32 depth=1 G=5 k=3 lr=0.0005 epochs=7000 ...

====================================================================
  Training: 7000 epochs | 8 sets
  Per epoch: 4096 pts | device: cuda:6
  Optimizer: Adam + OneCycleLR  (max_lr=0.0005, warm-up 15%)
  Loss: HuberLoss (delta=0.5)
  Network: KAN  (B-spline edges, cubic k=3)
====================================================================
  Epoch     1/7000  loss=1.0420e-01  lr=2.00e-05  (0.0s)

  Done in 319.4s | min loss = 1.6733e-03

    -> min_loss=1.673e-03  mean_rel_err=8.199e-02  min_digits=1  params=2,382  (319.4s)
[239/648] width=32 depth=1 G=5 k=3 lr=0.0005 epochs=8500 ...

====================================================================
  Training: 8500 epochs | 8 sets
  Per epoch: 4096 pts | device: cuda:6
  Optimizer: Adam + OneCycleLR  (max_lr=0.0005, warm-up 15%)
  Loss: HuberLoss (delta=0.5)
  Network: KAN  (B-spline edges, cubic k=3)
====================================================================
  Epoch     1/8500  loss=1.0420e-01  lr=2.00e-05  (0.0s)

  Done in 385.0s | min loss = 1.4972e-03

    -> min_loss=1.497e-03  mean_rel_err=1.799e-01  min_digits=1  params=2,382  (385.0s)
[240/648] width=32 depth=1 G=5 k=3 lr=0.0005 epochs=10000 ...

====================================================================
  Training: 10000 epochs | 8 sets
  Per epoch: 4096 pts | device: cuda:6
  Optimizer: Adam + OneCycleLR  (max_lr=0.0005, warm-up 15%)
  Loss: HuberLoss (delta=0.5)
  Network: KAN  (B-spline edges, cubic k=3)
====================================================================
  Epoch     1/10000  loss=1.0420e-01  lr=2.00e-05  (0.0s)

  Done in 454.2s | min loss = 1.3736e-03

    -> min_loss=1.374e-03  mean_rel_err=1.838e-01  min_digits=1  params=2,382  (454.2s)
[241/648] width=32 depth=1 G=8 k=3 lr=0.002 epochs=1500 ...

====================================================================
  Training: 1500 epochs | 8 sets
  Per epoch: 4096 pts | device: cuda:6
  Optimizer: Adam + OneCycleLR  (max_lr=0.002, warm-up 15%)
  Loss: HuberLoss (delta=0.5)
  Network: KAN  (B-spline edges, cubic k=3)
====================================================================
  Epoch     1/1500  loss=2.0177e-01  lr=8.01e-05  (0.0s)

  Done in 67.8s | min loss = 2.9094e-03

    -> min_loss=2.909e-03  mean_rel_err=1.039e-01  min_digits=2  params=3,150  (67.8s)
[242/648] width=32 depth=1 G=8 k=3 lr=0.002 epochs=2000 ...

====================================================================
  Training: 2000 epochs | 8 sets
  Per epoch: 4096 pts | device: cuda:6
  Optimizer: Adam + OneCycleLR  (max_lr=0.002, warm-up 15%)
  Loss: HuberLoss (delta=0.5)
  Network: KAN  (B-spline edges, cubic k=3)
====================================================================
  Epoch     1/2000  loss=2.0177e-01  lr=8.01e-05  (0.0s)

  Done in 91.5s | min loss = 2.4402e-03

    -> min_loss=2.440e-03  mean_rel_err=8.352e-02  min_digits=1  params=3,150  (91.5s)
[243/648] width=32 depth=1 G=8 k=3 lr=0.002 epochs=3000 ...

====================================================================
  Training: 3000 epochs | 8 sets
  Per epoch: 4096 pts | device: cuda:6
  Optimizer: Adam + OneCycleLR  (max_lr=0.002, warm-up 15%)
  Loss: HuberLoss (delta=0.5)
  Network: KAN  (B-spline edges, cubic k=3)
====================================================================
  Epoch     1/3000  loss=2.0177e-01  lr=8.00e-05  (0.1s)

  Done in 136.9s | min loss = 1.8365e-03

    -> min_loss=1.836e-03  mean_rel_err=1.107e-01  min_digits=2  params=3,150  (136.9s)
[244/648] width=32 depth=1 G=8 k=3 lr=0.002 epochs=4000 ...

====================================================================
  Training: 4000 epochs | 8 sets
  Per epoch: 4096 pts | device: cuda:6
  Optimizer: Adam + OneCycleLR  (max_lr=0.002, warm-up 15%)
  Loss: HuberLoss (delta=0.5)
  Network: KAN  (B-spline edges, cubic k=3)
====================================================================
  Epoch     1/4000  loss=2.0177e-01  lr=8.00e-05  (0.0s)

  Done in 180.9s | min loss = 1.6144e-03

    -> min_loss=1.614e-03  mean_rel_err=9.925e-02  min_digits=2  params=3,150  (180.9s)
[245/648] width=32 depth=1 G=8 k=3 lr=0.002 epochs=5500 ...

====================================================================
  Training: 5500 epochs | 8 sets
  Per epoch: 4096 pts | device: cuda:6
  Optimizer: Adam + OneCycleLR  (max_lr=0.002, warm-up 15%)
  Loss: HuberLoss (delta=0.5)
  Network: KAN  (B-spline edges, cubic k=3)
====================================================================
  Epoch     1/5500  loss=2.0177e-01  lr=8.00e-05  (0.1s)

  Done in 252.9s | min loss = 1.3410e-03

    -> min_loss=1.341e-03  mean_rel_err=1.161e-01  min_digits=1  params=3,150  (252.9s)
[246/648] width=32 depth=1 G=8 k=3 lr=0.002 epochs=7000 ...

====================================================================
  Training: 7000 epochs | 8 sets
  Per epoch: 4096 pts | device: cuda:6
  Optimizer: Adam + OneCycleLR  (max_lr=0.002, warm-up 15%)
  Loss: HuberLoss (delta=0.5)
  Network: KAN  (B-spline edges, cubic k=3)
====================================================================
  Epoch     1/7000  loss=2.0177e-01  lr=8.00e-05  (0.1s)

  Done in 320.9s | min loss = 1.2938e-03

    -> min_loss=1.294e-03  mean_rel_err=1.602e-01  min_digits=1  params=3,150  (320.9s)
[247/648] width=32 depth=1 G=8 k=3 lr=0.002 epochs=8500 ...

====================================================================
  Training: 8500 epochs | 8 sets
  Per epoch: 4096 pts | device: cuda:6
  Optimizer: Adam + OneCycleLR  (max_lr=0.002, warm-up 15%)
  Loss: HuberLoss (delta=0.5)
  Network: KAN  (B-spline edges, cubic k=3)
====================================================================
  Epoch     1/8500  loss=2.0177e-01  lr=8.00e-05  (0.0s)

  Done in 390.3s | min loss = 1.0251e-03

    -> min_loss=1.025e-03  mean_rel_err=1.153e-01  min_digits=2  params=3,150  (390.3s)
[248/648] width=32 depth=1 G=8 k=3 lr=0.002 epochs=10000 ...

====================================================================
  Training: 10000 epochs | 8 sets
  Per epoch: 4096 pts | device: cuda:6
  Optimizer: Adam + OneCycleLR  (max_lr=0.002, warm-up 15%)
  Loss: HuberLoss (delta=0.5)
  Network: KAN  (B-spline edges, cubic k=3)
====================================================================
  Epoch     1/10000  loss=2.0177e-01  lr=8.00e-05  (0.0s)

  Done in 455.4s | min loss = 1.0338e-03

    -> min_loss=1.034e-03  mean_rel_err=1.615e-01  min_digits=1  params=3,150  (455.4s)
[249/648] width=32 depth=1 G=8 k=3 lr=0.001 epochs=1500 ...

====================================================================
  Training: 1500 epochs | 8 sets
  Per epoch: 4096 pts | device: cuda:6
  Optimizer: Adam + OneCycleLR  (max_lr=0.001, warm-up 15%)
  Loss: HuberLoss (delta=0.5)
  Network: KAN  (B-spline edges, cubic k=3)
====================================================================
  Epoch     1/1500  loss=2.0177e-01  lr=4.00e-05  (0.0s)

  Done in 68.8s | min loss = 3.4203e-03

    -> min_loss=3.420e-03  mean_rel_err=9.258e-02  min_digits=1  params=3,150  (68.8s)
[250/648] width=32 depth=1 G=8 k=3 lr=0.001 epochs=2000 ...

====================================================================
  Training: 2000 epochs | 8 sets
  Per epoch: 4096 pts | device: cuda:6
  Optimizer: Adam + OneCycleLR  (max_lr=0.001, warm-up 15%)
  Loss: HuberLoss (delta=0.5)
  Network: KAN  (B-spline edges, cubic k=3)
====================================================================
  Epoch     1/2000  loss=2.0177e-01  lr=4.00e-05  (0.1s)

  Done in 90.8s | min loss = 3.3285e-03

    -> min_loss=3.328e-03  mean_rel_err=9.087e-02  min_digits=1  params=3,150  (90.8s)
[251/648] width=32 depth=1 G=8 k=3 lr=0.001 epochs=3000 ...

====================================================================
  Training: 3000 epochs | 8 sets
  Per epoch: 4096 pts | device: cuda:6
  Optimizer: Adam + OneCycleLR  (max_lr=0.001, warm-up 15%)
  Loss: HuberLoss (delta=0.5)
  Network: KAN  (B-spline edges, cubic k=3)
====================================================================
  Epoch     1/3000  loss=2.0177e-01  lr=4.00e-05  (0.0s)

  Done in 136.0s | min loss = 2.2328e-03

    -> min_loss=2.233e-03  mean_rel_err=1.281e-01  min_digits=1  params=3,150  (136.0s)
[252/648] width=32 depth=1 G=8 k=3 lr=0.001 epochs=4000 ...

====================================================================
  Training: 4000 epochs | 8 sets
  Per epoch: 4096 pts | device: cuda:6
  Optimizer: Adam + OneCycleLR  (max_lr=0.001, warm-up 15%)
  Loss: HuberLoss (delta=0.5)
  Network: KAN  (B-spline edges, cubic k=3)
====================================================================
  Epoch     1/4000  loss=2.0177e-01  lr=4.00e-05  (0.1s)

  Done in 179.1s | min loss = 1.8824e-03

    -> min_loss=1.882e-03  mean_rel_err=1.145e-01  min_digits=2  params=3,150  (179.1s)
[253/648] width=32 depth=1 G=8 k=3 lr=0.001 epochs=5500 ...

====================================================================
  Training: 5500 epochs | 8 sets
  Per epoch: 4096 pts | device: cuda:6
  Optimizer: Adam + OneCycleLR  (max_lr=0.001, warm-up 15%)
  Loss: HuberLoss (delta=0.5)
  Network: KAN  (B-spline edges, cubic k=3)
====================================================================
  Epoch     1/5500  loss=2.0177e-01  lr=4.00e-05  (0.0s)

  Done in 252.3s | min loss = 1.6237e-03

    -> min_loss=1.624e-03  mean_rel_err=1.001e-01  min_digits=2  params=3,150  (252.3s)
[254/648] width=32 depth=1 G=8 k=3 lr=0.001 epochs=7000 ...

====================================================================
  Training: 7000 epochs | 8 sets
  Per epoch: 4096 pts | device: cuda:6
  Optimizer: Adam + OneCycleLR  (max_lr=0.001, warm-up 15%)
  Loss: HuberLoss (delta=0.5)
  Network: KAN  (B-spline edges, cubic k=3)
====================================================================
  Epoch     1/7000  loss=2.0177e-01  lr=4.00e-05  (0.1s)

  Done in 320.4s | min loss = 1.2772e-03

    -> min_loss=1.277e-03  mean_rel_err=2.033e-01  min_digits=1  params=3,150  (320.4s)
[255/648] width=32 depth=1 G=8 k=3 lr=0.001 epochs=8500 ...

====================================================================
  Training: 8500 epochs | 8 sets
  Per epoch: 4096 pts | device: cuda:6
  Optimizer: Adam + OneCycleLR  (max_lr=0.001, warm-up 15%)
  Loss: HuberLoss (delta=0.5)
  Network: KAN  (B-spline edges, cubic k=3)
====================================================================
  Epoch     1/8500  loss=2.0177e-01  lr=4.00e-05  (0.0s)

  Done in 389.7s | min loss = 1.1497e-03

    -> min_loss=1.150e-03  mean_rel_err=1.576e-01  min_digits=1  params=3,150  (389.7s)
[256/648] width=32 depth=1 G=8 k=3 lr=0.001 epochs=10000 ...

====================================================================
  Training: 10000 epochs | 8 sets
  Per epoch: 4096 pts | device: cuda:6
  Optimizer: Adam + OneCycleLR  (max_lr=0.001, warm-up 15%)
  Loss: HuberLoss (delta=0.5)
  Network: KAN  (B-spline edges, cubic k=3)
====================================================================
  Epoch     1/10000  loss=2.0177e-01  lr=4.00e-05  (0.0s)

  Done in 456.7s | min loss = 1.1056e-03

    -> min_loss=1.106e-03  mean_rel_err=1.878e-01  min_digits=1  params=3,150  (456.7s)
[257/648] width=32 depth=1 G=8 k=3 lr=0.0005 epochs=1500 ...

====================================================================
  Training: 1500 epochs | 8 sets
  Per epoch: 4096 pts | device: cuda:6
  Optimizer: Adam + OneCycleLR  (max_lr=0.0005, warm-up 15%)
  Loss: HuberLoss (delta=0.5)
  Network: KAN  (B-spline edges, cubic k=3)
====================================================================
  Epoch     1/1500  loss=2.0177e-01  lr=2.00e-05  (0.0s)

  Done in 69.1s | min loss = 5.2363e-03

    -> min_loss=5.236e-03  mean_rel_err=1.102e-01  min_digits=1  params=3,150  (69.1s)
[258/648] width=32 depth=1 G=8 k=3 lr=0.0005 epochs=2000 ...

====================================================================
  Training: 2000 epochs | 8 sets
  Per epoch: 4096 pts | device: cuda:6
  Optimizer: Adam + OneCycleLR  (max_lr=0.0005, warm-up 15%)
  Loss: HuberLoss (delta=0.5)
  Network: KAN  (B-spline edges, cubic k=3)
====================================================================
  Epoch     1/2000  loss=2.0177e-01  lr=2.00e-05  (0.0s)

  Done in 91.5s | min loss = 4.0934e-03

    -> min_loss=4.093e-03  mean_rel_err=1.444e-01  min_digits=2  params=3,150  (91.5s)
[259/648] width=32 depth=1 G=8 k=3 lr=0.0005 epochs=3000 ...

====================================================================
  Training: 3000 epochs | 8 sets
  Per epoch: 4096 pts | device: cuda:6
  Optimizer: Adam + OneCycleLR  (max_lr=0.0005, warm-up 15%)
  Loss: HuberLoss (delta=0.5)
  Network: KAN  (B-spline edges, cubic k=3)
====================================================================
  Epoch     1/3000  loss=2.0177e-01  lr=2.00e-05  (0.0s)

  Done in 135.4s | min loss = 3.1983e-03

    -> min_loss=3.198e-03  mean_rel_err=1.653e-01  min_digits=1  params=3,150  (135.4s)
[260/648] width=32 depth=1 G=8 k=3 lr=0.0005 epochs=4000 ...

====================================================================
  Training: 4000 epochs | 8 sets
  Per epoch: 4096 pts | device: cuda:6
  Optimizer: Adam + OneCycleLR  (max_lr=0.0005, warm-up 15%)
  Loss: HuberLoss (delta=0.5)
  Network: KAN  (B-spline edges, cubic k=3)
====================================================================
  Epoch     1/4000  loss=2.0177e-01  lr=2.00e-05  (0.0s)

  Done in 183.8s | min loss = 2.5043e-03

    -> min_loss=2.504e-03  mean_rel_err=1.375e-01  min_digits=1  params=3,150  (183.8s)
[261/648] width=32 depth=1 G=8 k=3 lr=0.0005 epochs=5500 ...

====================================================================
  Training: 5500 epochs | 8 sets
  Per epoch: 4096 pts | device: cuda:6
  Optimizer: Adam + OneCycleLR  (max_lr=0.0005, warm-up 15%)
  Loss: HuberLoss (delta=0.5)
  Network: KAN  (B-spline edges, cubic k=3)
====================================================================
  Epoch     1/5500  loss=2.0177e-01  lr=2.00e-05  (0.0s)

  Done in 254.4s | min loss = 1.9951e-03

    -> min_loss=1.995e-03  mean_rel_err=1.335e-01  min_digits=2  params=3,150  (254.4s)
[262/648] width=32 depth=1 G=8 k=3 lr=0.0005 epochs=7000 ...

====================================================================
  Training: 7000 epochs | 8 sets
  Per epoch: 4096 pts | device: cuda:6
  Optimizer: Adam + OneCycleLR  (max_lr=0.0005, warm-up 15%)
  Loss: HuberLoss (delta=0.5)
  Network: KAN  (B-spline edges, cubic k=3)
====================================================================
  Epoch     1/7000  loss=2.0177e-01  lr=2.00e-05  (0.0s)

  Done in 320.7s | min loss = 1.5793e-03

    -> min_loss=1.579e-03  mean_rel_err=1.880e-01  min_digits=1  params=3,150  (320.7s)
[263/648] width=32 depth=1 G=8 k=3 lr=0.0005 epochs=8500 ...

====================================================================
  Training: 8500 epochs | 8 sets
  Per epoch: 4096 pts | device: cuda:6
  Optimizer: Adam + OneCycleLR  (max_lr=0.0005, warm-up 15%)
  Loss: HuberLoss (delta=0.5)
  Network: KAN  (B-spline edges, cubic k=3)
====================================================================
  Epoch     1/8500  loss=2.0177e-01  lr=2.00e-05  (0.0s)

  Done in 389.4s | min loss = 1.3859e-03

    -> min_loss=1.386e-03  mean_rel_err=1.876e-01  min_digits=1  params=3,150  (389.4s)
[264/648] width=32 depth=1 G=8 k=3 lr=0.0005 epochs=10000 ...

====================================================================
  Training: 10000 epochs | 8 sets
  Per epoch: 4096 pts | device: cuda:6
  Optimizer: Adam + OneCycleLR  (max_lr=0.0005, warm-up 15%)
  Loss: HuberLoss (delta=0.5)
  Network: KAN  (B-spline edges, cubic k=3)
====================================================================
  Epoch     1/10000  loss=2.0177e-01  lr=2.00e-05  (0.0s)

  Done in 454.7s | min loss = 1.0348e-03

    -> min_loss=1.035e-03  mean_rel_err=2.096e-01  min_digits=1  params=3,150  (454.7s)
[265/648] width=32 depth=1 G=12 k=3 lr=0.002 epochs=1500 ...

====================================================================
  Training: 1500 epochs | 8 sets
  Per epoch: 4096 pts | device: cuda:6
  Optimizer: Adam + OneCycleLR  (max_lr=0.002, warm-up 15%)
  Loss: HuberLoss (delta=0.5)
  Network: KAN  (B-spline edges, cubic k=3)
====================================================================
  Epoch     1/1500  loss=7.5707e-01  lr=8.01e-05  (0.0s)

  Done in 65.5s | min loss = 2.7936e-03

    -> min_loss=2.794e-03  mean_rel_err=6.588e-02  min_digits=2  params=4,174  (65.5s)
[266/648] width=32 depth=1 G=12 k=3 lr=0.002 epochs=2000 ...

====================================================================
  Training: 2000 epochs | 8 sets
  Per epoch: 4096 pts | device: cuda:6
  Optimizer: Adam + OneCycleLR  (max_lr=0.002, warm-up 15%)
  Loss: HuberLoss (delta=0.5)
  Network: KAN  (B-spline edges, cubic k=3)
====================================================================
  Epoch     1/2000  loss=7.5707e-01  lr=8.01e-05  (0.0s)

  Done in 88.5s | min loss = 2.4668e-03

    -> min_loss=2.467e-03  mean_rel_err=8.448e-02  min_digits=2  params=4,174  (88.5s)
[267/648] width=32 depth=1 G=12 k=3 lr=0.002 epochs=3000 ...

====================================================================
  Training: 3000 epochs | 8 sets
  Per epoch: 4096 pts | device: cuda:6
  Optimizer: Adam + OneCycleLR  (max_lr=0.002, warm-up 15%)
  Loss: HuberLoss (delta=0.5)
  Network: KAN  (B-spline edges, cubic k=3)
====================================================================
  Epoch     1/3000  loss=7.5707e-01  lr=8.00e-05  (0.0s)

  Done in 134.8s | min loss = 2.1177e-03

    -> min_loss=2.118e-03  mean_rel_err=8.833e-02  min_digits=2  params=4,174  (134.8s)
[268/648] width=32 depth=1 G=12 k=3 lr=0.002 epochs=4000 ...

====================================================================
  Training: 4000 epochs | 8 sets
  Per epoch: 4096 pts | device: cuda:6
  Optimizer: Adam + OneCycleLR  (max_lr=0.002, warm-up 15%)
  Loss: HuberLoss (delta=0.5)
  Network: KAN  (B-spline edges, cubic k=3)
====================================================================
  Epoch     1/4000  loss=7.5707e-01  lr=8.00e-05  (0.0s)

  Done in 182.6s | min loss = 1.6692e-03

    -> min_loss=1.669e-03  mean_rel_err=7.896e-02  min_digits=1  params=4,174  (182.7s)
[269/648] width=32 depth=1 G=12 k=3 lr=0.002 epochs=5500 ...

====================================================================
  Training: 5500 epochs | 8 sets
  Per epoch: 4096 pts | device: cuda:6
  Optimizer: Adam + OneCycleLR  (max_lr=0.002, warm-up 15%)
  Loss: HuberLoss (delta=0.5)
  Network: KAN  (B-spline edges, cubic k=3)
====================================================================
  Epoch     1/5500  loss=7.5707e-01  lr=8.00e-05  (0.0s)

  Done in 254.6s | min loss = 1.5409e-03

    -> min_loss=1.541e-03  mean_rel_err=6.266e-02  min_digits=2  params=4,174  (254.6s)
[270/648] width=32 depth=1 G=12 k=3 lr=0.002 epochs=7000 ...

====================================================================
  Training: 7000 epochs | 8 sets
  Per epoch: 4096 pts | device: cuda:6
  Optimizer: Adam + OneCycleLR  (max_lr=0.002, warm-up 15%)
  Loss: HuberLoss (delta=0.5)
  Network: KAN  (B-spline edges, cubic k=3)
====================================================================
  Epoch     1/7000  loss=7.5707e-01  lr=8.00e-05  (0.1s)

  Done in 317.2s | min loss = 1.3732e-03

    -> min_loss=1.373e-03  mean_rel_err=1.153e-01  min_digits=2  params=4,174  (317.2s)
[271/648] width=32 depth=1 G=12 k=3 lr=0.002 epochs=8500 ...

====================================================================
  Training: 8500 epochs | 8 sets
  Per epoch: 4096 pts | device: cuda:6
  Optimizer: Adam + OneCycleLR  (max_lr=0.002, warm-up 15%)
  Loss: HuberLoss (delta=0.5)
  Network: KAN  (B-spline edges, cubic k=3)
====================================================================
  Epoch     1/8500  loss=7.5707e-01  lr=8.00e-05  (0.0s)

  Done in 394.5s | min loss = 1.3010e-03

    -> min_loss=1.301e-03  mean_rel_err=1.301e-01  min_digits=2  params=4,174  (394.5s)
[272/648] width=32 depth=1 G=12 k=3 lr=0.002 epochs=10000 ...

====================================================================
  Training: 10000 epochs | 8 sets
  Per epoch: 4096 pts | device: cuda:6
  Optimizer: Adam + OneCycleLR  (max_lr=0.002, warm-up 15%)
  Loss: HuberLoss (delta=0.5)
  Network: KAN  (B-spline edges, cubic k=3)
====================================================================
  Epoch     1/10000  loss=7.5707e-01  lr=8.00e-05  (0.0s)

  Done in 459.9s | min loss = 1.1444e-03

    -> min_loss=1.144e-03  mean_rel_err=1.952e-01  min_digits=1  params=4,174  (459.9s)
[273/648] width=32 depth=1 G=12 k=3 lr=0.001 epochs=1500 ...

====================================================================
  Training: 1500 epochs | 8 sets
  Per epoch: 4096 pts | device: cuda:6
  Optimizer: Adam + OneCycleLR  (max_lr=0.001, warm-up 15%)
  Loss: HuberLoss (delta=0.5)
  Network: KAN  (B-spline edges, cubic k=3)
====================================================================
  Epoch     1/1500  loss=7.5707e-01  lr=4.00e-05  (0.0s)

  Done in 68.0s | min loss = 3.4324e-03

    -> min_loss=3.432e-03  mean_rel_err=8.207e-02  min_digits=2  params=4,174  (68.0s)
[274/648] width=32 depth=1 G=12 k=3 lr=0.001 epochs=2000 ...

====================================================================
  Training: 2000 epochs | 8 sets
  Per epoch: 4096 pts | device: cuda:6
  Optimizer: Adam + OneCycleLR  (max_lr=0.001, warm-up 15%)
  Loss: HuberLoss (delta=0.5)
  Network: KAN  (B-spline edges, cubic k=3)
====================================================================
  Epoch     1/2000  loss=7.5707e-01  lr=4.00e-05  (0.0s)

  Done in 90.8s | min loss = 2.8644e-03

    -> min_loss=2.864e-03  mean_rel_err=8.448e-02  min_digits=1  params=4,174  (90.8s)
[275/648] width=32 depth=1 G=12 k=3 lr=0.001 epochs=3000 ...

====================================================================
  Training: 3000 epochs | 8 sets
  Per epoch: 4096 pts | device: cuda:6
  Optimizer: Adam + OneCycleLR  (max_lr=0.001, warm-up 15%)
  Loss: HuberLoss (delta=0.5)
  Network: KAN  (B-spline edges, cubic k=3)
====================================================================
  Epoch     1/3000  loss=7.5707e-01  lr=4.00e-05  (0.0s)

  Done in 138.6s | min loss = 2.3657e-03

    -> min_loss=2.366e-03  mean_rel_err=9.675e-02  min_digits=2  params=4,174  (138.6s)
[276/648] width=32 depth=1 G=12 k=3 lr=0.001 epochs=4000 ...

====================================================================
  Training: 4000 epochs | 8 sets
  Per epoch: 4096 pts | device: cuda:6
  Optimizer: Adam + OneCycleLR  (max_lr=0.001, warm-up 15%)
  Loss: HuberLoss (delta=0.5)
  Network: KAN  (B-spline edges, cubic k=3)
====================================================================
  Epoch     1/4000  loss=7.5707e-01  lr=4.00e-05  (0.0s)

  Done in 181.4s | min loss = 1.8219e-03

    -> min_loss=1.822e-03  mean_rel_err=1.049e-01  min_digits=1  params=4,174  (181.4s)
[277/648] width=32 depth=1 G=12 k=3 lr=0.001 epochs=5500 ...

====================================================================
  Training: 5500 epochs | 8 sets
  Per epoch: 4096 pts | device: cuda:6
  Optimizer: Adam + OneCycleLR  (max_lr=0.001, warm-up 15%)
  Loss: HuberLoss (delta=0.5)
  Network: KAN  (B-spline edges, cubic k=3)
====================================================================
  Epoch     1/5500  loss=7.5707e-01  lr=4.00e-05  (0.0s)

  Done in 248.0s | min loss = 1.5933e-03

    -> min_loss=1.593e-03  mean_rel_err=1.421e-01  min_digits=1  params=4,174  (248.0s)
[278/648] width=32 depth=1 G=12 k=3 lr=0.001 epochs=7000 ...

====================================================================
  Training: 7000 epochs | 8 sets
  Per epoch: 4096 pts | device: cuda:6
  Optimizer: Adam + OneCycleLR  (max_lr=0.001, warm-up 15%)
  Loss: HuberLoss (delta=0.5)
  Network: KAN  (B-spline edges, cubic k=3)
====================================================================
  Epoch     1/7000  loss=7.5707e-01  lr=4.00e-05  (0.0s)

  Done in 320.2s | min loss = 1.5302e-03

    -> min_loss=1.530e-03  mean_rel_err=9.757e-02  min_digits=1  params=4,174  (320.2s)
[279/648] width=32 depth=1 G=12 k=3 lr=0.001 epochs=8500 ...

====================================================================
  Training: 8500 epochs | 8 sets
  Per epoch: 4096 pts | device: cuda:6
  Optimizer: Adam + OneCycleLR  (max_lr=0.001, warm-up 15%)
  Loss: HuberLoss (delta=0.5)
  Network: KAN  (B-spline edges, cubic k=3)
====================================================================
  Epoch     1/8500  loss=7.5707e-01  lr=4.00e-05  (0.0s)

  Done in 385.7s | min loss = 1.3912e-03

    -> min_loss=1.391e-03  mean_rel_err=1.333e-01  min_digits=1  params=4,174  (385.7s)
[280/648] width=32 depth=1 G=12 k=3 lr=0.001 epochs=10000 ...

====================================================================
  Training: 10000 epochs | 8 sets
  Per epoch: 4096 pts | device: cuda:6
  Optimizer: Adam + OneCycleLR  (max_lr=0.001, warm-up 15%)
  Loss: HuberLoss (delta=0.5)
  Network: KAN  (B-spline edges, cubic k=3)
====================================================================
  Epoch     1/10000  loss=7.5707e-01  lr=4.00e-05  (0.0s)

  Done in 450.7s | min loss = 1.4283e-03

    -> min_loss=1.428e-03  mean_rel_err=1.560e-01  min_digits=1  params=4,174  (450.7s)
[281/648] width=32 depth=1 G=12 k=3 lr=0.0005 epochs=1500 ...

====================================================================
  Training: 1500 epochs | 8 sets
  Per epoch: 4096 pts | device: cuda:6
  Optimizer: Adam + OneCycleLR  (max_lr=0.0005, warm-up 15%)
  Loss: HuberLoss (delta=0.5)
  Network: KAN  (B-spline edges, cubic k=3)
====================================================================
  Epoch     1/1500  loss=7.5707e-01  lr=2.00e-05  (0.1s)

  Done in 66.7s | min loss = 4.3683e-03

    -> min_loss=4.368e-03  mean_rel_err=6.627e-02  min_digits=2  params=4,174  (66.7s)
[282/648] width=32 depth=1 G=12 k=3 lr=0.0005 epochs=2000 ...

====================================================================
  Training: 2000 epochs | 8 sets
  Per epoch: 4096 pts | device: cuda:6
  Optimizer: Adam + OneCycleLR  (max_lr=0.0005, warm-up 15%)
  Loss: HuberLoss (delta=0.5)
  Network: KAN  (B-spline edges, cubic k=3)
====================================================================
  Epoch     1/2000  loss=7.5707e-01  lr=2.00e-05  (0.0s)

  Done in 90.7s | min loss = 4.2312e-03

    -> min_loss=4.231e-03  mean_rel_err=1.008e-01  min_digits=2  params=4,174  (90.7s)
[283/648] width=32 depth=1 G=12 k=3 lr=0.0005 epochs=3000 ...

====================================================================
  Training: 3000 epochs | 8 sets
  Per epoch: 4096 pts | device: cuda:6
  Optimizer: Adam + OneCycleLR  (max_lr=0.0005, warm-up 15%)
  Loss: HuberLoss (delta=0.5)
  Network: KAN  (B-spline edges, cubic k=3)
====================================================================
  Epoch     1/3000  loss=7.5707e-01  lr=2.00e-05  (0.0s)

  Done in 134.6s | min loss = 3.0731e-03

    -> min_loss=3.073e-03  mean_rel_err=1.088e-01  min_digits=1  params=4,174  (134.6s)
[284/648] width=32 depth=1 G=12 k=3 lr=0.0005 epochs=4000 ...

====================================================================
  Training: 4000 epochs | 8 sets
  Per epoch: 4096 pts | device: cuda:6
  Optimizer: Adam + OneCycleLR  (max_lr=0.0005, warm-up 15%)
  Loss: HuberLoss (delta=0.5)
  Network: KAN  (B-spline edges, cubic k=3)
====================================================================
  Epoch     1/4000  loss=7.5707e-01  lr=2.00e-05  (0.0s)

  Done in 180.8s | min loss = 2.5568e-03

    -> min_loss=2.557e-03  mean_rel_err=8.504e-02  min_digits=2  params=4,174  (180.8s)
[285/648] width=32 depth=1 G=12 k=3 lr=0.0005 epochs=5500 ...

====================================================================
  Training: 5500 epochs | 8 sets
  Per epoch: 4096 pts | device: cuda:6
  Optimizer: Adam + OneCycleLR  (max_lr=0.0005, warm-up 15%)
  Loss: HuberLoss (delta=0.5)
  Network: KAN  (B-spline edges, cubic k=3)
====================================================================
  Epoch     1/5500  loss=7.5707e-01  lr=2.00e-05  (0.1s)

  Done in 248.6s | min loss = 2.2513e-03

    -> min_loss=2.251e-03  mean_rel_err=7.582e-02  min_digits=2  params=4,174  (248.6s)
[286/648] width=32 depth=1 G=12 k=3 lr=0.0005 epochs=7000 ...

====================================================================
  Training: 7000 epochs | 8 sets
  Per epoch: 4096 pts | device: cuda:6
  Optimizer: Adam + OneCycleLR  (max_lr=0.0005, warm-up 15%)
  Loss: HuberLoss (delta=0.5)
  Network: KAN  (B-spline edges, cubic k=3)
====================================================================
  Epoch     1/7000  loss=7.5707e-01  lr=2.00e-05  (0.0s)

  Done in 317.5s | min loss = 1.7584e-03

    -> min_loss=1.758e-03  mean_rel_err=1.082e-01  min_digits=1  params=4,174  (317.5s)
[287/648] width=32 depth=1 G=12 k=3 lr=0.0005 epochs=8500 ...

====================================================================
  Training: 8500 epochs | 8 sets
  Per epoch: 4096 pts | device: cuda:6
  Optimizer: Adam + OneCycleLR  (max_lr=0.0005, warm-up 15%)
  Loss: HuberLoss (delta=0.5)
  Network: KAN  (B-spline edges, cubic k=3)
====================================================================
  Epoch     1/8500  loss=7.5707e-01  lr=2.00e-05  (0.0s)

  Done in 389.2s | min loss = 1.8566e-03

    -> min_loss=1.857e-03  mean_rel_err=9.961e-02  min_digits=1  params=4,174  (389.2s)
[288/648] width=32 depth=1 G=12 k=3 lr=0.0005 epochs=10000 ...

====================================================================
  Training: 10000 epochs | 8 sets
  Per epoch: 4096 pts | device: cuda:6
  Optimizer: Adam + OneCycleLR  (max_lr=0.0005, warm-up 15%)
  Loss: HuberLoss (delta=0.5)
  Network: KAN  (B-spline edges, cubic k=3)
====================================================================
  Epoch     1/10000  loss=7.5707e-01  lr=2.00e-05  (0.0s)

  Done in 451.7s | min loss = 1.5394e-03

    -> min_loss=1.539e-03  mean_rel_err=1.734e-01  min_digits=1  params=4,174  (451.7s)
[289/648] width=32 depth=2 G=5 k=3 lr=0.002 epochs=1500 ...

====================================================================
  Training: 1500 epochs | 8 sets
  Per epoch: 4096 pts | device: cuda:6
  Optimizer: Adam + OneCycleLR  (max_lr=0.002, warm-up 15%)
  Loss: HuberLoss (delta=0.5)
  Network: KAN  (B-spline edges, cubic k=3)
====================================================================
  Epoch     1/1500  loss=2.3061e-01  lr=8.01e-05  (0.1s)

  Done in 105.9s | min loss = 3.8216e-04

    -> min_loss=3.822e-04  mean_rel_err=6.817e-02  min_digits=2  params=11,662  (105.9s)
[290/648] width=32 depth=2 G=5 k=3 lr=0.002 epochs=2000 ...

====================================================================
  Training: 2000 epochs | 8 sets
  Per epoch: 4096 pts | device: cuda:6
  Optimizer: Adam + OneCycleLR  (max_lr=0.002, warm-up 15%)
  Loss: HuberLoss (delta=0.5)
  Network: KAN  (B-spline edges, cubic k=3)
====================================================================
  Epoch     1/2000  loss=2.3061e-01  lr=8.01e-05  (0.1s)

  Done in 145.6s | min loss = 3.2522e-04

    -> min_loss=3.252e-04  mean_rel_err=7.723e-02  min_digits=2  params=11,662  (145.6s)
[291/648] width=32 depth=2 G=5 k=3 lr=0.002 epochs=3000 ...

====================================================================
  Training: 3000 epochs | 8 sets
  Per epoch: 4096 pts | device: cuda:6
  Optimizer: Adam + OneCycleLR  (max_lr=0.002, warm-up 15%)
  Loss: HuberLoss (delta=0.5)
  Network: KAN  (B-spline edges, cubic k=3)
====================================================================
  Epoch     1/3000  loss=2.3061e-01  lr=8.00e-05  (0.1s)

  Done in 210.9s | min loss = 2.1336e-04

    -> min_loss=2.134e-04  mean_rel_err=8.108e-02  min_digits=2  params=11,662  (210.9s)
[292/648] width=32 depth=2 G=5 k=3 lr=0.002 epochs=4000 ...

====================================================================
  Training: 4000 epochs | 8 sets
  Per epoch: 4096 pts | device: cuda:6
  Optimizer: Adam + OneCycleLR  (max_lr=0.002, warm-up 15%)
  Loss: HuberLoss (delta=0.5)
  Network: KAN  (B-spline edges, cubic k=3)
====================================================================
  Epoch     1/4000  loss=2.3061e-01  lr=8.00e-05  (0.1s)

  Done in 283.2s | min loss = 1.2336e-04

    -> min_loss=1.234e-04  mean_rel_err=8.049e-02  min_digits=2  params=11,662  (283.2s)
[293/648] width=32 depth=2 G=5 k=3 lr=0.002 epochs=5500 ...

====================================================================
  Training: 5500 epochs | 8 sets
  Per epoch: 4096 pts | device: cuda:6
  Optimizer: Adam + OneCycleLR  (max_lr=0.002, warm-up 15%)
  Loss: HuberLoss (delta=0.5)
  Network: KAN  (B-spline edges, cubic k=3)
====================================================================
  Epoch     1/5500  loss=2.3061e-01  lr=8.00e-05  (0.1s)

  Done in 393.9s | min loss = 9.1835e-05

    -> min_loss=9.184e-05  mean_rel_err=8.407e-02  min_digits=2  params=11,662  (393.9s)
[294/648] width=32 depth=2 G=5 k=3 lr=0.002 epochs=7000 ...

====================================================================
  Training: 7000 epochs | 8 sets
  Per epoch: 4096 pts | device: cuda:6
  Optimizer: Adam + OneCycleLR  (max_lr=0.002, warm-up 15%)
  Loss: HuberLoss (delta=0.5)
  Network: KAN  (B-spline edges, cubic k=3)
====================================================================
  Epoch     1/7000  loss=2.3061e-01  lr=8.00e-05  (0.1s)

  Done in 498.2s | min loss = 6.6050e-05

    -> min_loss=6.605e-05  mean_rel_err=5.912e-02  min_digits=2  params=11,662  (498.2s)
[295/648] width=32 depth=2 G=5 k=3 lr=0.002 epochs=8500 ...

====================================================================
  Training: 8500 epochs | 8 sets
  Per epoch: 4096 pts | device: cuda:6
  Optimizer: Adam + OneCycleLR  (max_lr=0.002, warm-up 15%)
  Loss: HuberLoss (delta=0.5)
  Network: KAN  (B-spline edges, cubic k=3)
====================================================================
  Epoch     1/8500  loss=2.3061e-01  lr=8.00e-05  (0.1s)

  Done in 602.8s | min loss = 5.3769e-05

    -> min_loss=5.377e-05  mean_rel_err=6.043e-02  min_digits=2  params=11,662  (602.8s)
[296/648] width=32 depth=2 G=5 k=3 lr=0.002 epochs=10000 ...

====================================================================
  Training: 10000 epochs | 8 sets
  Per epoch: 4096 pts | device: cuda:6
  Optimizer: Adam + OneCycleLR  (max_lr=0.002, warm-up 15%)
  Loss: HuberLoss (delta=0.5)
  Network: KAN  (B-spline edges, cubic k=3)
====================================================================
  Epoch     1/10000  loss=2.3061e-01  lr=8.00e-05  (0.1s)

  Done in 713.5s | min loss = 4.8384e-05

    -> min_loss=4.838e-05  mean_rel_err=6.702e-02  min_digits=2  params=11,662  (713.5s)
[297/648] width=32 depth=2 G=5 k=3 lr=0.001 epochs=1500 ...

====================================================================
  Training: 1500 epochs | 8 sets
  Per epoch: 4096 pts | device: cuda:6
  Optimizer: Adam + OneCycleLR  (max_lr=0.001, warm-up 15%)
  Loss: HuberLoss (delta=0.5)
  Network: KAN  (B-spline edges, cubic k=3)
====================================================================
  Epoch     1/1500  loss=2.3061e-01  lr=4.00e-05  (0.1s)

  Done in 107.7s | min loss = 6.2248e-04

    -> min_loss=6.225e-04  mean_rel_err=7.899e-02  min_digits=2  params=11,662  (107.7s)
[298/648] width=32 depth=2 G=5 k=3 lr=0.001 epochs=2000 ...

====================================================================
  Training: 2000 epochs | 8 sets
  Per epoch: 4096 pts | device: cuda:6
  Optimizer: Adam + OneCycleLR  (max_lr=0.001, warm-up 15%)
  Loss: HuberLoss (delta=0.5)
  Network: KAN  (B-spline edges, cubic k=3)
====================================================================
  Epoch     1/2000  loss=2.3061e-01  lr=4.00e-05  (0.1s)

  Done in 142.5s | min loss = 4.0638e-04

    -> min_loss=4.064e-04  mean_rel_err=7.785e-02  min_digits=2  params=11,662  (142.5s)
[299/648] width=32 depth=2 G=5 k=3 lr=0.001 epochs=3000 ...

====================================================================
  Training: 3000 epochs | 8 sets
  Per epoch: 4096 pts | device: cuda:6
  Optimizer: Adam + OneCycleLR  (max_lr=0.001, warm-up 15%)
  Loss: HuberLoss (delta=0.5)
  Network: KAN  (B-spline edges, cubic k=3)
====================================================================
  Epoch     1/3000  loss=2.3061e-01  lr=4.00e-05  (0.1s)

  Done in 217.4s | min loss = 2.5742e-04

    -> min_loss=2.574e-04  mean_rel_err=9.178e-02  min_digits=2  params=11,662  (217.4s)
[300/648] width=32 depth=2 G=5 k=3 lr=0.001 epochs=4000 ...

====================================================================
  Training: 4000 epochs | 8 sets
  Per epoch: 4096 pts | device: cuda:6
  Optimizer: Adam + OneCycleLR  (max_lr=0.001, warm-up 15%)
  Loss: HuberLoss (delta=0.5)
  Network: KAN  (B-spline edges, cubic k=3)
====================================================================
  Epoch     1/4000  loss=2.3061e-01  lr=4.00e-05  (0.1s)

  Done in 286.9s | min loss = 1.7697e-04

    -> min_loss=1.770e-04  mean_rel_err=1.027e-01  min_digits=2  params=11,662  (286.9s)
[301/648] width=32 depth=2 G=5 k=3 lr=0.001 epochs=5500 ...

====================================================================
  Training: 5500 epochs | 8 sets
  Per epoch: 4096 pts | device: cuda:6
  Optimizer: Adam + OneCycleLR  (max_lr=0.001, warm-up 15%)
  Loss: HuberLoss (delta=0.5)
  Network: KAN  (B-spline edges, cubic k=3)
====================================================================
  Epoch     1/5500  loss=2.3061e-01  lr=4.00e-05  (0.1s)

  Done in 392.2s | min loss = 1.2287e-04

    -> min_loss=1.229e-04  mean_rel_err=7.730e-02  min_digits=2  params=11,662  (392.2s)
[302/648] width=32 depth=2 G=5 k=3 lr=0.001 epochs=7000 ...

====================================================================
  Training: 7000 epochs | 8 sets
  Per epoch: 4096 pts | device: cuda:6
  Optimizer: Adam + OneCycleLR  (max_lr=0.001, warm-up 15%)
  Loss: HuberLoss (delta=0.5)
  Network: KAN  (B-spline edges, cubic k=3)
====================================================================
  Epoch     1/7000  loss=2.3061e-01  lr=4.00e-05  (0.1s)

  Done in 493.7s | min loss = 1.0322e-04

    -> min_loss=1.032e-04  mean_rel_err=6.990e-02  min_digits=2  params=11,662  (493.7s)
[303/648] width=32 depth=2 G=5 k=3 lr=0.001 epochs=8500 ...

====================================================================
  Training: 8500 epochs | 8 sets
  Per epoch: 4096 pts | device: cuda:6
  Optimizer: Adam + OneCycleLR  (max_lr=0.001, warm-up 15%)
  Loss: HuberLoss (delta=0.5)
  Network: KAN  (B-spline edges, cubic k=3)
====================================================================
  Epoch     1/8500  loss=2.3061e-01  lr=4.00e-05  (0.1s)

  Done in 598.4s | min loss = 7.4457e-05

    -> min_loss=7.446e-05  mean_rel_err=7.066e-02  min_digits=2  params=11,662  (598.4s)
[304/648] width=32 depth=2 G=5 k=3 lr=0.001 epochs=10000 ...

====================================================================
  Training: 10000 epochs | 8 sets
  Per epoch: 4096 pts | device: cuda:6
  Optimizer: Adam + OneCycleLR  (max_lr=0.001, warm-up 15%)
  Loss: HuberLoss (delta=0.5)
  Network: KAN  (B-spline edges, cubic k=3)
====================================================================
  Epoch     1/10000  loss=2.3061e-01  lr=4.00e-05  (0.1s)

  Done in 708.6s | min loss = 6.5642e-05

    -> min_loss=6.564e-05  mean_rel_err=7.737e-02  min_digits=2  params=11,662  (708.6s)
[305/648] width=32 depth=2 G=5 k=3 lr=0.0005 epochs=1500 ...

====================================================================
  Training: 1500 epochs | 8 sets
  Per epoch: 4096 pts | device: cuda:6
  Optimizer: Adam + OneCycleLR  (max_lr=0.0005, warm-up 15%)
  Loss: HuberLoss (delta=0.5)
  Network: KAN  (B-spline edges, cubic k=3)
====================================================================
  Epoch     1/1500  loss=2.3061e-01  lr=2.00e-05  (0.1s)

  Done in 108.0s | min loss = 9.9610e-04

    -> min_loss=9.961e-04  mean_rel_err=1.097e-01  min_digits=2  params=11,662  (108.0s)
[306/648] width=32 depth=2 G=5 k=3 lr=0.0005 epochs=2000 ...

====================================================================
  Training: 2000 epochs | 8 sets
  Per epoch: 4096 pts | device: cuda:6
  Optimizer: Adam + OneCycleLR  (max_lr=0.0005, warm-up 15%)
  Loss: HuberLoss (delta=0.5)
  Network: KAN  (B-spline edges, cubic k=3)
====================================================================
  Epoch     1/2000  loss=2.3061e-01  lr=2.00e-05  (0.1s)

  Done in 144.1s | min loss = 7.3099e-04

    -> min_loss=7.310e-04  mean_rel_err=1.223e-01  min_digits=2  params=11,662  (144.1s)
[307/648] width=32 depth=2 G=5 k=3 lr=0.0005 epochs=3000 ...

====================================================================
  Training: 3000 epochs | 8 sets
  Per epoch: 4096 pts | device: cuda:6
  Optimizer: Adam + OneCycleLR  (max_lr=0.0005, warm-up 15%)
  Loss: HuberLoss (delta=0.5)
  Network: KAN  (B-spline edges, cubic k=3)
====================================================================
  Epoch     1/3000  loss=2.3061e-01  lr=2.00e-05  (0.1s)

  Done in 212.7s | min loss = 4.3410e-04

    -> min_loss=4.341e-04  mean_rel_err=1.163e-01  min_digits=2  params=11,662  (212.7s)
[308/648] width=32 depth=2 G=5 k=3 lr=0.0005 epochs=4000 ...

====================================================================
  Training: 4000 epochs | 8 sets
  Per epoch: 4096 pts | device: cuda:6
  Optimizer: Adam + OneCycleLR  (max_lr=0.0005, warm-up 15%)
  Loss: HuberLoss (delta=0.5)
  Network: KAN  (B-spline edges, cubic k=3)
====================================================================
  Epoch     1/4000  loss=2.3061e-01  lr=2.00e-05  (0.1s)

  Done in 281.3s | min loss = 2.9752e-04

    -> min_loss=2.975e-04  mean_rel_err=1.206e-01  min_digits=2  params=11,662  (281.3s)
[309/648] width=32 depth=2 G=5 k=3 lr=0.0005 epochs=5500 ...

====================================================================
  Training: 5500 epochs | 8 sets
  Per epoch: 4096 pts | device: cuda:6
  Optimizer: Adam + OneCycleLR  (max_lr=0.0005, warm-up 15%)
  Loss: HuberLoss (delta=0.5)
  Network: KAN  (B-spline edges, cubic k=3)
====================================================================
  Epoch     1/5500  loss=2.3061e-01  lr=2.00e-05  (0.1s)

  Done in 386.5s | min loss = 1.9927e-04

    -> min_loss=1.993e-04  mean_rel_err=1.259e-01  min_digits=2  params=11,662  (386.5s)
[310/648] width=32 depth=2 G=5 k=3 lr=0.0005 epochs=7000 ...

====================================================================
  Training: 7000 epochs | 8 sets
  Per epoch: 4096 pts | device: cuda:6
  Optimizer: Adam + OneCycleLR  (max_lr=0.0005, warm-up 15%)
  Loss: HuberLoss (delta=0.5)
  Network: KAN  (B-spline edges, cubic k=3)
====================================================================
  Epoch     1/7000  loss=2.3061e-01  lr=2.00e-05  (0.1s)

  Done in 497.6s | min loss = 1.4321e-04

    -> min_loss=1.432e-04  mean_rel_err=1.018e-01  min_digits=2  params=11,662  (497.6s)
[311/648] width=32 depth=2 G=5 k=3 lr=0.0005 epochs=8500 ...

====================================================================
  Training: 8500 epochs | 8 sets
  Per epoch: 4096 pts | device: cuda:6
  Optimizer: Adam + OneCycleLR  (max_lr=0.0005, warm-up 15%)
  Loss: HuberLoss (delta=0.5)
  Network: KAN  (B-spline edges, cubic k=3)
====================================================================
  Epoch     1/8500  loss=2.3061e-01  lr=2.00e-05  (0.1s)

  Done in 605.7s | min loss = 1.1375e-04

    -> min_loss=1.137e-04  mean_rel_err=8.325e-02  min_digits=2  params=11,662  (605.7s)
[312/648] width=32 depth=2 G=5 k=3 lr=0.0005 epochs=10000 ...

====================================================================
  Training: 10000 epochs | 8 sets
  Per epoch: 4096 pts | device: cuda:6
  Optimizer: Adam + OneCycleLR  (max_lr=0.0005, warm-up 15%)
  Loss: HuberLoss (delta=0.5)
  Network: KAN  (B-spline edges, cubic k=3)
====================================================================
  Epoch     1/10000  loss=2.3061e-01  lr=2.00e-05  (0.1s)

  Done in 711.8s | min loss = 8.9027e-05

    -> min_loss=8.903e-05  mean_rel_err=9.173e-02  min_digits=2  params=11,662  (711.8s)
[313/648] width=32 depth=2 G=8 k=3 lr=0.002 epochs=1500 ...

====================================================================
  Training: 1500 epochs | 8 sets
  Per epoch: 4096 pts | device: cuda:6
  Optimizer: Adam + OneCycleLR  (max_lr=0.002, warm-up 15%)
  Loss: HuberLoss (delta=0.5)
  Network: KAN  (B-spline edges, cubic k=3)
====================================================================
  Epoch     1/1500  loss=3.7739e-01  lr=8.01e-05  (0.1s)

  Done in 105.4s | min loss = 4.2407e-04

    -> min_loss=4.241e-04  mean_rel_err=3.238e-02  min_digits=2  params=15,502  (105.4s)
[314/648] width=32 depth=2 G=8 k=3 lr=0.002 epochs=2000 ...

====================================================================
  Training: 2000 epochs | 8 sets
  Per epoch: 4096 pts | device: cuda:6
  Optimizer: Adam + OneCycleLR  (max_lr=0.002, warm-up 15%)
  Loss: HuberLoss (delta=0.5)
  Network: KAN  (B-spline edges, cubic k=3)
====================================================================
  Epoch     1/2000  loss=3.7739e-01  lr=8.01e-05  (0.1s)

  Done in 140.7s | min loss = 2.9364e-04

    -> min_loss=2.936e-04  mean_rel_err=3.885e-02  min_digits=2  params=15,502  (140.7s)
[315/648] width=32 depth=2 G=8 k=3 lr=0.002 epochs=3000 ...

====================================================================
  Training: 3000 epochs | 8 sets
  Per epoch: 4096 pts | device: cuda:6
  Optimizer: Adam + OneCycleLR  (max_lr=0.002, warm-up 15%)
  Loss: HuberLoss (delta=0.5)
  Network: KAN  (B-spline edges, cubic k=3)
====================================================================
  Epoch     1/3000  loss=3.7739e-01  lr=8.00e-05  (0.1s)

  Done in 212.8s | min loss = 2.2746e-04

    -> min_loss=2.275e-04  mean_rel_err=3.831e-02  min_digits=2  params=15,502  (212.8s)
[316/648] width=32 depth=2 G=8 k=3 lr=0.002 epochs=4000 ...

====================================================================
  Training: 4000 epochs | 8 sets
  Per epoch: 4096 pts | device: cuda:6
  Optimizer: Adam + OneCycleLR  (max_lr=0.002, warm-up 15%)
  Loss: HuberLoss (delta=0.5)
  Network: KAN  (B-spline edges, cubic k=3)
====================================================================
  Epoch     1/4000  loss=3.7739e-01  lr=8.00e-05  (0.1s)

  Done in 283.4s | min loss = 1.4825e-04

    -> min_loss=1.483e-04  mean_rel_err=3.459e-02  min_digits=2  params=15,502  (283.4s)
[317/648] width=32 depth=2 G=8 k=3 lr=0.002 epochs=5500 ...

====================================================================
  Training: 5500 epochs | 8 sets
  Per epoch: 4096 pts | device: cuda:6
  Optimizer: Adam + OneCycleLR  (max_lr=0.002, warm-up 15%)
  Loss: HuberLoss (delta=0.5)
  Network: KAN  (B-spline edges, cubic k=3)
====================================================================
  Epoch     1/5500  loss=3.7739e-01  lr=8.00e-05  (0.1s)

  Done in 394.6s | min loss = 8.9755e-05

    -> min_loss=8.976e-05  mean_rel_err=4.497e-02  min_digits=2  params=15,502  (394.6s)
[318/648] width=32 depth=2 G=8 k=3 lr=0.002 epochs=7000 ...

====================================================================
  Training: 7000 epochs | 8 sets
  Per epoch: 4096 pts | device: cuda:6
  Optimizer: Adam + OneCycleLR  (max_lr=0.002, warm-up 15%)
  Loss: HuberLoss (delta=0.5)
  Network: KAN  (B-spline edges, cubic k=3)
====================================================================
  Epoch     1/7000  loss=3.7739e-01  lr=8.00e-05  (0.1s)

  Done in 495.1s | min loss = 7.3651e-05

    -> min_loss=7.365e-05  mean_rel_err=3.664e-02  min_digits=2  params=15,502  (495.1s)
[319/648] width=32 depth=2 G=8 k=3 lr=0.002 epochs=8500 ...

====================================================================
  Training: 8500 epochs | 8 sets
  Per epoch: 4096 pts | device: cuda:6
  Optimizer: Adam + OneCycleLR  (max_lr=0.002, warm-up 15%)
  Loss: HuberLoss (delta=0.5)
  Network: KAN  (B-spline edges, cubic k=3)
====================================================================
  Epoch     1/8500  loss=3.7739e-01  lr=8.00e-05  (0.1s)

  Done in 600.9s | min loss = 5.8481e-05

    -> min_loss=5.848e-05  mean_rel_err=4.792e-02  min_digits=2  params=15,502  (600.9s)
[320/648] width=32 depth=2 G=8 k=3 lr=0.002 epochs=10000 ...

====================================================================
  Training: 10000 epochs | 8 sets
  Per epoch: 4096 pts | device: cuda:6
  Optimizer: Adam + OneCycleLR  (max_lr=0.002, warm-up 15%)
  Loss: HuberLoss (delta=0.5)
  Network: KAN  (B-spline edges, cubic k=3)
====================================================================
  Epoch     1/10000  loss=3.7739e-01  lr=8.00e-05  (0.1s)

  Done in 702.7s | min loss = 4.9781e-05

    -> min_loss=4.978e-05  mean_rel_err=4.079e-02  min_digits=2  params=15,502  (702.7s)
[321/648] width=32 depth=2 G=8 k=3 lr=0.001 epochs=1500 ...

====================================================================
  Training: 1500 epochs | 8 sets
  Per epoch: 4096 pts | device: cuda:6
  Optimizer: Adam + OneCycleLR  (max_lr=0.001, warm-up 15%)
  Loss: HuberLoss (delta=0.5)
  Network: KAN  (B-spline edges, cubic k=3)
====================================================================
  Epoch     1/1500  loss=3.7739e-01  lr=4.00e-05  (0.1s)

  Done in 107.2s | min loss = 5.5921e-04

    -> min_loss=5.592e-04  mean_rel_err=3.568e-02  min_digits=2  params=15,502  (107.2s)
[322/648] width=32 depth=2 G=8 k=3 lr=0.001 epochs=2000 ...

====================================================================
  Training: 2000 epochs | 8 sets
  Per epoch: 4096 pts | device: cuda:6
  Optimizer: Adam + OneCycleLR  (max_lr=0.001, warm-up 15%)
  Loss: HuberLoss (delta=0.5)
  Network: KAN  (B-spline edges, cubic k=3)
====================================================================
  Epoch     1/2000  loss=3.7739e-01  lr=4.00e-05  (0.1s)

  Done in 138.9s | min loss = 3.9000e-04

    -> min_loss=3.900e-04  mean_rel_err=3.852e-02  min_digits=2  params=15,502  (138.9s)
[323/648] width=32 depth=2 G=8 k=3 lr=0.001 epochs=3000 ...

====================================================================
  Training: 3000 epochs | 8 sets
  Per epoch: 4096 pts | device: cuda:6
  Optimizer: Adam + OneCycleLR  (max_lr=0.001, warm-up 15%)
  Loss: HuberLoss (delta=0.5)
  Network: KAN  (B-spline edges, cubic k=3)
====================================================================
  Epoch     1/3000  loss=3.7739e-01  lr=4.00e-05  (0.1s)

  Done in 210.0s | min loss = 2.5026e-04

    -> min_loss=2.503e-04  mean_rel_err=2.990e-02  min_digits=2  params=15,502  (210.0s)
[324/648] width=32 depth=2 G=8 k=3 lr=0.001 epochs=4000 ...

====================================================================
  Training: 4000 epochs | 8 sets
  Per epoch: 4096 pts | device: cuda:6
  Optimizer: Adam + OneCycleLR  (max_lr=0.001, warm-up 15%)
  Loss: HuberLoss (delta=0.5)
  Network: KAN  (B-spline edges, cubic k=3)
====================================================================
  Epoch     1/4000  loss=3.7739e-01  lr=4.00e-05  (0.1s)

  Done in 288.6s | min loss = 1.8653e-04

    -> min_loss=1.865e-04  mean_rel_err=3.062e-02  min_digits=2  params=15,502  (288.6s)
[325/648] width=32 depth=2 G=8 k=3 lr=0.001 epochs=5500 ...

====================================================================
  Training: 5500 epochs | 8 sets
  Per epoch: 4096 pts | device: cuda:6
  Optimizer: Adam + OneCycleLR  (max_lr=0.001, warm-up 15%)
  Loss: HuberLoss (delta=0.5)
  Network: KAN  (B-spline edges, cubic k=3)
====================================================================
  Epoch     1/5500  loss=3.7739e-01  lr=4.00e-05  (0.1s)

  Done in 389.1s | min loss = 1.3623e-04

    -> min_loss=1.362e-04  mean_rel_err=3.532e-02  min_digits=2  params=15,502  (389.1s)
[326/648] width=32 depth=2 G=8 k=3 lr=0.001 epochs=7000 ...

====================================================================
  Training: 7000 epochs | 8 sets
  Per epoch: 4096 pts | device: cuda:6
  Optimizer: Adam + OneCycleLR  (max_lr=0.001, warm-up 15%)
  Loss: HuberLoss (delta=0.5)
  Network: KAN  (B-spline edges, cubic k=3)
====================================================================
  Epoch     1/7000  loss=3.7739e-01  lr=4.00e-05  (0.1s)

  Done in 491.7s | min loss = 1.0179e-04

    -> min_loss=1.018e-04  mean_rel_err=4.724e-02  min_digits=2  params=15,502  (491.7s)
[327/648] width=32 depth=2 G=8 k=3 lr=0.001 epochs=8500 ...

====================================================================
  Training: 8500 epochs | 8 sets
  Per epoch: 4096 pts | device: cuda:6
  Optimizer: Adam + OneCycleLR  (max_lr=0.001, warm-up 15%)
  Loss: HuberLoss (delta=0.5)
  Network: KAN  (B-spline edges, cubic k=3)
====================================================================
  Epoch     1/8500  loss=3.7739e-01  lr=4.00e-05  (0.1s)

  Done in 606.7s | min loss = 8.3551e-05

    -> min_loss=8.355e-05  mean_rel_err=5.023e-02  min_digits=2  params=15,502  (606.7s)
[328/648] width=32 depth=2 G=8 k=3 lr=0.001 epochs=10000 ...

====================================================================
  Training: 10000 epochs | 8 sets
  Per epoch: 4096 pts | device: cuda:6
  Optimizer: Adam + OneCycleLR  (max_lr=0.001, warm-up 15%)
  Loss: HuberLoss (delta=0.5)
  Network: KAN  (B-spline edges, cubic k=3)
====================================================================
  Epoch     1/10000  loss=3.7739e-01  lr=4.00e-05  (0.1s)

  Done in 709.5s | min loss = 6.8733e-05

    -> min_loss=6.873e-05  mean_rel_err=5.094e-02  min_digits=2  params=15,502  (709.5s)
[329/648] width=32 depth=2 G=8 k=3 lr=0.0005 epochs=1500 ...

====================================================================
  Training: 1500 epochs | 8 sets
  Per epoch: 4096 pts | device: cuda:6
  Optimizer: Adam + OneCycleLR  (max_lr=0.0005, warm-up 15%)
  Loss: HuberLoss (delta=0.5)
  Network: KAN  (B-spline edges, cubic k=3)
====================================================================
  Epoch     1/1500  loss=3.7739e-01  lr=2.00e-05  (0.1s)

  Done in 106.4s | min loss = 8.0267e-04

    -> min_loss=8.027e-04  mean_rel_err=3.188e-02  min_digits=2  params=15,502  (106.4s)
[330/648] width=32 depth=2 G=8 k=3 lr=0.0005 epochs=2000 ...

====================================================================
  Training: 2000 epochs | 8 sets
  Per epoch: 4096 pts | device: cuda:6
  Optimizer: Adam + OneCycleLR  (max_lr=0.0005, warm-up 15%)
  Loss: HuberLoss (delta=0.5)
  Network: KAN  (B-spline edges, cubic k=3)
====================================================================
  Epoch     1/2000  loss=3.7739e-01  lr=2.00e-05  (0.1s)

  Done in 141.3s | min loss = 5.9523e-04

    -> min_loss=5.952e-04  mean_rel_err=3.360e-02  min_digits=2  params=15,502  (141.3s)
[331/648] width=32 depth=2 G=8 k=3 lr=0.0005 epochs=3000 ...

====================================================================
  Training: 3000 epochs | 8 sets
  Per epoch: 4096 pts | device: cuda:6
  Optimizer: Adam + OneCycleLR  (max_lr=0.0005, warm-up 15%)
  Loss: HuberLoss (delta=0.5)
  Network: KAN  (B-spline edges, cubic k=3)
====================================================================
  Epoch     1/3000  loss=3.7739e-01  lr=2.00e-05  (0.1s)

  Done in 212.5s | min loss = 4.1874e-04

    -> min_loss=4.187e-04  mean_rel_err=3.601e-02  min_digits=2  params=15,502  (212.5s)
[332/648] width=32 depth=2 G=8 k=3 lr=0.0005 epochs=4000 ...

====================================================================
  Training: 4000 epochs | 8 sets
  Per epoch: 4096 pts | device: cuda:6
  Optimizer: Adam + OneCycleLR  (max_lr=0.0005, warm-up 15%)
  Loss: HuberLoss (delta=0.5)
  Network: KAN  (B-spline edges, cubic k=3)
====================================================================
  Epoch     1/4000  loss=3.7739e-01  lr=2.00e-05  (0.1s)

  Done in 281.9s | min loss = 2.9778e-04

    -> min_loss=2.978e-04  mean_rel_err=3.699e-02  min_digits=2  params=15,502  (281.9s)
[333/648] width=32 depth=2 G=8 k=3 lr=0.0005 epochs=5500 ...

====================================================================
  Training: 5500 epochs | 8 sets
  Per epoch: 4096 pts | device: cuda:6
  Optimizer: Adam + OneCycleLR  (max_lr=0.0005, warm-up 15%)
  Loss: HuberLoss (delta=0.5)
  Network: KAN  (B-spline edges, cubic k=3)
====================================================================
  Epoch     1/5500  loss=3.7739e-01  lr=2.00e-05  (0.1s)

  Done in 389.0s | min loss = 2.2065e-04

    -> min_loss=2.206e-04  mean_rel_err=4.493e-02  min_digits=2  params=15,502  (389.0s)
[334/648] width=32 depth=2 G=8 k=3 lr=0.0005 epochs=7000 ...

====================================================================
  Training: 7000 epochs | 8 sets
  Per epoch: 4096 pts | device: cuda:6
  Optimizer: Adam + OneCycleLR  (max_lr=0.0005, warm-up 15%)
  Loss: HuberLoss (delta=0.5)
  Network: KAN  (B-spline edges, cubic k=3)
====================================================================
  Epoch     1/7000  loss=3.7739e-01  lr=2.00e-05  (0.1s)

  Done in 497.1s | min loss = 1.6003e-04

    -> min_loss=1.600e-04  mean_rel_err=5.680e-02  min_digits=2  params=15,502  (497.1s)
[335/648] width=32 depth=2 G=8 k=3 lr=0.0005 epochs=8500 ...

====================================================================
  Training: 8500 epochs | 8 sets
  Per epoch: 4096 pts | device: cuda:6
  Optimizer: Adam + OneCycleLR  (max_lr=0.0005, warm-up 15%)
  Loss: HuberLoss (delta=0.5)
  Network: KAN  (B-spline edges, cubic k=3)
====================================================================
  Epoch     1/8500  loss=3.7739e-01  lr=2.00e-05  (0.1s)

  Done in 605.0s | min loss = 1.1981e-04

    -> min_loss=1.198e-04  mean_rel_err=5.240e-02  min_digits=2  params=15,502  (605.0s)
[336/648] width=32 depth=2 G=8 k=3 lr=0.0005 epochs=10000 ...

====================================================================
  Training: 10000 epochs | 8 sets
  Per epoch: 4096 pts | device: cuda:6
  Optimizer: Adam + OneCycleLR  (max_lr=0.0005, warm-up 15%)
  Loss: HuberLoss (delta=0.5)
  Network: KAN  (B-spline edges, cubic k=3)
====================================================================
  Epoch     1/10000  loss=3.7739e-01  lr=2.00e-05  (0.1s)

  Done in 707.0s | min loss = 9.4718e-05

    -> min_loss=9.472e-05  mean_rel_err=5.618e-02  min_digits=2  params=15,502  (707.0s)
[337/648] width=32 depth=2 G=12 k=3 lr=0.002 epochs=1500 ...

====================================================================
  Training: 1500 epochs | 8 sets
  Per epoch: 4096 pts | device: cuda:6
  Optimizer: Adam + OneCycleLR  (max_lr=0.002, warm-up 15%)
  Loss: HuberLoss (delta=0.5)
  Network: KAN  (B-spline edges, cubic k=3)
====================================================================
  Epoch     1/1500  loss=1.6743e+00  lr=8.01e-05  (0.1s)

  Done in 106.5s | min loss = 2.3119e-04

    -> min_loss=2.312e-04  mean_rel_err=4.475e-02  min_digits=2  params=20,622  (106.5s)
[338/648] width=32 depth=2 G=12 k=3 lr=0.002 epochs=2000 ...

====================================================================
  Training: 2000 epochs | 8 sets
  Per epoch: 4096 pts | device: cuda:6
  Optimizer: Adam + OneCycleLR  (max_lr=0.002, warm-up 15%)
  Loss: HuberLoss (delta=0.5)
  Network: KAN  (B-spline edges, cubic k=3)
====================================================================
  Epoch     1/2000  loss=1.6743e+00  lr=8.01e-05  (0.1s)

  Done in 141.6s | min loss = 1.7680e-04

    -> min_loss=1.768e-04  mean_rel_err=5.075e-02  min_digits=2  params=20,622  (141.6s)
[339/648] width=32 depth=2 G=12 k=3 lr=0.002 epochs=3000 ...

====================================================================
  Training: 3000 epochs | 8 sets
  Per epoch: 4096 pts | device: cuda:6
  Optimizer: Adam + OneCycleLR  (max_lr=0.002, warm-up 15%)
  Loss: HuberLoss (delta=0.5)
  Network: KAN  (B-spline edges, cubic k=3)
====================================================================
  Epoch     1/3000  loss=1.6743e+00  lr=8.00e-05  (0.1s)

  Done in 213.6s | min loss = 1.2937e-04

    -> min_loss=1.294e-04  mean_rel_err=4.223e-02  min_digits=2  params=20,622  (213.6s)
[340/648] width=32 depth=2 G=12 k=3 lr=0.002 epochs=4000 ...

====================================================================
  Training: 4000 epochs | 8 sets
  Per epoch: 4096 pts | device: cuda:6
  Optimizer: Adam + OneCycleLR  (max_lr=0.002, warm-up 15%)
  Loss: HuberLoss (delta=0.5)
  Network: KAN  (B-spline edges, cubic k=3)
====================================================================
  Epoch     1/4000  loss=1.6743e+00  lr=8.00e-05  (0.1s)

  Done in 283.4s | min loss = 1.0369e-04

    -> min_loss=1.037e-04  mean_rel_err=4.175e-02  min_digits=2  params=20,622  (283.4s)
[341/648] width=32 depth=2 G=12 k=3 lr=0.002 epochs=5500 ...

====================================================================
  Training: 5500 epochs | 8 sets
  Per epoch: 4096 pts | device: cuda:6
  Optimizer: Adam + OneCycleLR  (max_lr=0.002, warm-up 15%)
  Loss: HuberLoss (delta=0.5)
  Network: KAN  (B-spline edges, cubic k=3)
====================================================================
  Epoch     1/5500  loss=1.6743e+00  lr=8.00e-05  (0.1s)

  Done in 386.9s | min loss = 6.5136e-05

    -> min_loss=6.514e-05  mean_rel_err=4.779e-02  min_digits=2  params=20,622  (386.9s)
[342/648] width=32 depth=2 G=12 k=3 lr=0.002 epochs=7000 ...

====================================================================
  Training: 7000 epochs | 8 sets
  Per epoch: 4096 pts | device: cuda:6
  Optimizer: Adam + OneCycleLR  (max_lr=0.002, warm-up 15%)
  Loss: HuberLoss (delta=0.5)
  Network: KAN  (B-spline edges, cubic k=3)
====================================================================
  Epoch     1/7000  loss=1.6743e+00  lr=8.00e-05  (0.1s)

  Done in 499.6s | min loss = 5.6343e-05

    -> min_loss=5.634e-05  mean_rel_err=4.442e-02  min_digits=2  params=20,622  (499.6s)
[343/648] width=32 depth=2 G=12 k=3 lr=0.002 epochs=8500 ...

====================================================================
  Training: 8500 epochs | 8 sets
  Per epoch: 4096 pts | device: cuda:6
  Optimizer: Adam + OneCycleLR  (max_lr=0.002, warm-up 15%)
  Loss: HuberLoss (delta=0.5)
  Network: KAN  (B-spline edges, cubic k=3)
====================================================================
  Epoch     1/8500  loss=1.6743e+00  lr=8.00e-05  (0.1s)

  Done in 603.4s | min loss = 4.3362e-05

    -> min_loss=4.336e-05  mean_rel_err=4.542e-02  min_digits=2  params=20,622  (603.4s)
[344/648] width=32 depth=2 G=12 k=3 lr=0.002 epochs=10000 ...

====================================================================
  Training: 10000 epochs | 8 sets
  Per epoch: 4096 pts | device: cuda:6
  Optimizer: Adam + OneCycleLR  (max_lr=0.002, warm-up 15%)
  Loss: HuberLoss (delta=0.5)
  Network: KAN  (B-spline edges, cubic k=3)
====================================================================
  Epoch     1/10000  loss=1.6743e+00  lr=8.00e-05  (0.1s)

  Done in 707.3s | min loss = 3.6701e-05

    -> min_loss=3.670e-05  mean_rel_err=4.295e-02  min_digits=2  params=20,622  (707.3s)
[345/648] width=32 depth=2 G=12 k=3 lr=0.001 epochs=1500 ...

====================================================================
  Training: 1500 epochs | 8 sets
  Per epoch: 4096 pts | device: cuda:6
  Optimizer: Adam + OneCycleLR  (max_lr=0.001, warm-up 15%)
  Loss: HuberLoss (delta=0.5)
  Network: KAN  (B-spline edges, cubic k=3)
====================================================================
  Epoch     1/1500  loss=1.6743e+00  lr=4.00e-05  (0.1s)

  Done in 107.5s | min loss = 3.0519e-04

    -> min_loss=3.052e-04  mean_rel_err=4.938e-02  min_digits=2  params=20,622  (107.5s)
[346/648] width=32 depth=2 G=12 k=3 lr=0.001 epochs=2000 ...

====================================================================
  Training: 2000 epochs | 8 sets
  Per epoch: 4096 pts | device: cuda:6
  Optimizer: Adam + OneCycleLR  (max_lr=0.001, warm-up 15%)
  Loss: HuberLoss (delta=0.5)
  Network: KAN  (B-spline edges, cubic k=3)
====================================================================
  Epoch     1/2000  loss=1.6743e+00  lr=4.00e-05  (0.1s)

  Done in 144.2s | min loss = 2.4907e-04

    -> min_loss=2.491e-04  mean_rel_err=5.121e-02  min_digits=2  params=20,622  (144.3s)
[347/648] width=32 depth=2 G=12 k=3 lr=0.001 epochs=3000 ...

====================================================================
  Training: 3000 epochs | 8 sets
  Per epoch: 4096 pts | device: cuda:6
  Optimizer: Adam + OneCycleLR  (max_lr=0.001, warm-up 15%)
  Loss: HuberLoss (delta=0.5)
  Network: KAN  (B-spline edges, cubic k=3)
====================================================================
  Epoch     1/3000  loss=1.6743e+00  lr=4.00e-05  (0.1s)

  Done in 212.4s | min loss = 1.7029e-04

    -> min_loss=1.703e-04  mean_rel_err=4.810e-02  min_digits=2  params=20,622  (212.4s)
[348/648] width=32 depth=2 G=12 k=3 lr=0.001 epochs=4000 ...

====================================================================
  Training: 4000 epochs | 8 sets
  Per epoch: 4096 pts | device: cuda:6
  Optimizer: Adam + OneCycleLR  (max_lr=0.001, warm-up 15%)
  Loss: HuberLoss (delta=0.5)
  Network: KAN  (B-spline edges, cubic k=3)
====================================================================
  Epoch     1/4000  loss=1.6743e+00  lr=4.00e-05  (0.1s)

  Done in 283.1s | min loss = 1.3461e-04

    -> min_loss=1.346e-04  mean_rel_err=5.306e-02  min_digits=2  params=20,622  (283.1s)
[349/648] width=32 depth=2 G=12 k=3 lr=0.001 epochs=5500 ...

====================================================================
  Training: 5500 epochs | 8 sets
  Per epoch: 4096 pts | device: cuda:6
  Optimizer: Adam + OneCycleLR  (max_lr=0.001, warm-up 15%)
  Loss: HuberLoss (delta=0.5)
  Network: KAN  (B-spline edges, cubic k=3)
====================================================================
  Epoch     1/5500  loss=1.6743e+00  lr=4.00e-05  (0.1s)

  Done in 389.6s | min loss = 8.4654e-05

    -> min_loss=8.465e-05  mean_rel_err=4.538e-02  min_digits=2  params=20,622  (389.6s)
[350/648] width=32 depth=2 G=12 k=3 lr=0.001 epochs=7000 ...

====================================================================
  Training: 7000 epochs | 8 sets
  Per epoch: 4096 pts | device: cuda:6
  Optimizer: Adam + OneCycleLR  (max_lr=0.001, warm-up 15%)
  Loss: HuberLoss (delta=0.5)
  Network: KAN  (B-spline edges, cubic k=3)
====================================================================
  Epoch     1/7000  loss=1.6743e+00  lr=4.00e-05  (0.1s)

  Done in 494.6s | min loss = 6.5895e-05

    -> min_loss=6.590e-05  mean_rel_err=4.438e-02  min_digits=2  params=20,622  (494.6s)
[351/648] width=32 depth=2 G=12 k=3 lr=0.001 epochs=8500 ...

====================================================================
  Training: 8500 epochs | 8 sets
  Per epoch: 4096 pts | device: cuda:6
  Optimizer: Adam + OneCycleLR  (max_lr=0.001, warm-up 15%)
  Loss: HuberLoss (delta=0.5)
  Network: KAN  (B-spline edges, cubic k=3)
====================================================================
  Epoch     1/8500  loss=1.6743e+00  lr=4.00e-05  (0.1s)

  Done in 604.4s | min loss = 4.9327e-05

    -> min_loss=4.933e-05  mean_rel_err=4.550e-02  min_digits=2  params=20,622  (604.4s)
[352/648] width=32 depth=2 G=12 k=3 lr=0.001 epochs=10000 ...

====================================================================
  Training: 10000 epochs | 8 sets
  Per epoch: 4096 pts | device: cuda:6
  Optimizer: Adam + OneCycleLR  (max_lr=0.001, warm-up 15%)
  Loss: HuberLoss (delta=0.5)
  Network: KAN  (B-spline edges, cubic k=3)
====================================================================
  Epoch     1/10000  loss=1.6743e+00  lr=4.00e-05  (0.1s)

  Done in 712.0s | min loss = 4.4250e-05

    -> min_loss=4.425e-05  mean_rel_err=4.792e-02  min_digits=2  params=20,622  (712.0s)
[353/648] width=32 depth=2 G=12 k=3 lr=0.0005 epochs=1500 ...

====================================================================
  Training: 1500 epochs | 8 sets
  Per epoch: 4096 pts | device: cuda:6
  Optimizer: Adam + OneCycleLR  (max_lr=0.0005, warm-up 15%)
  Loss: HuberLoss (delta=0.5)
  Network: KAN  (B-spline edges, cubic k=3)
====================================================================
  Epoch     1/1500  loss=1.6743e+00  lr=2.00e-05  (0.1s)

  Done in 107.0s | min loss = 5.1127e-04

    -> min_loss=5.113e-04  mean_rel_err=5.624e-02  min_digits=2  params=20,622  (107.0s)
[354/648] width=32 depth=2 G=12 k=3 lr=0.0005 epochs=2000 ...

====================================================================
  Training: 2000 epochs | 8 sets
  Per epoch: 4096 pts | device: cuda:6
  Optimizer: Adam + OneCycleLR  (max_lr=0.0005, warm-up 15%)
  Loss: HuberLoss (delta=0.5)
  Network: KAN  (B-spline edges, cubic k=3)
====================================================================
  Epoch     1/2000  loss=1.6743e+00  lr=2.00e-05  (0.1s)

  Done in 141.6s | min loss = 3.8746e-04

    -> min_loss=3.875e-04  mean_rel_err=5.481e-02  min_digits=2  params=20,622  (141.6s)
[355/648] width=32 depth=2 G=12 k=3 lr=0.0005 epochs=3000 ...

====================================================================
  Training: 3000 epochs | 8 sets
  Per epoch: 4096 pts | device: cuda:6
  Optimizer: Adam + OneCycleLR  (max_lr=0.0005, warm-up 15%)
  Loss: HuberLoss (delta=0.5)
  Network: KAN  (B-spline edges, cubic k=3)
====================================================================
  Epoch     1/3000  loss=1.6743e+00  lr=2.00e-05  (0.1s)

  Done in 213.6s | min loss = 2.4141e-04

    -> min_loss=2.414e-04  mean_rel_err=5.174e-02  min_digits=2  params=20,622  (213.6s)
[356/648] width=32 depth=2 G=12 k=3 lr=0.0005 epochs=4000 ...

====================================================================
  Training: 4000 epochs | 8 sets
  Per epoch: 4096 pts | device: cuda:6
  Optimizer: Adam + OneCycleLR  (max_lr=0.0005, warm-up 15%)
  Loss: HuberLoss (delta=0.5)
  Network: KAN  (B-spline edges, cubic k=3)
====================================================================
  Epoch     1/4000  loss=1.6743e+00  lr=2.00e-05  (0.1s)

  Done in 287.6s | min loss = 1.8551e-04

    -> min_loss=1.855e-04  mean_rel_err=5.536e-02  min_digits=2  params=20,622  (287.6s)
[357/648] width=32 depth=2 G=12 k=3 lr=0.0005 epochs=5500 ...

====================================================================
  Training: 5500 epochs | 8 sets
  Per epoch: 4096 pts | device: cuda:6
  Optimizer: Adam + OneCycleLR  (max_lr=0.0005, warm-up 15%)
  Loss: HuberLoss (delta=0.5)
  Network: KAN  (B-spline edges, cubic k=3)
====================================================================
  Epoch     1/5500  loss=1.6743e+00  lr=2.00e-05  (0.1s)

  Done in 393.9s | min loss = 1.2662e-04

    -> min_loss=1.266e-04  mean_rel_err=4.787e-02  min_digits=2  params=20,622  (393.9s)
[358/648] width=32 depth=2 G=12 k=3 lr=0.0005 epochs=7000 ...

====================================================================
  Training: 7000 epochs | 8 sets
  Per epoch: 4096 pts | device: cuda:6
  Optimizer: Adam + OneCycleLR  (max_lr=0.0005, warm-up 15%)
  Loss: HuberLoss (delta=0.5)
  Network: KAN  (B-spline edges, cubic k=3)
====================================================================
  Epoch     1/7000  loss=1.6743e+00  lr=2.00e-05  (0.1s)

  Done in 501.1s | min loss = 9.9948e-05

    -> min_loss=9.995e-05  mean_rel_err=5.112e-02  min_digits=2  params=20,622  (501.1s)
[359/648] width=32 depth=2 G=12 k=3 lr=0.0005 epochs=8500 ...

====================================================================
  Training: 8500 epochs | 8 sets
  Per epoch: 4096 pts | device: cuda:6
  Optimizer: Adam + OneCycleLR  (max_lr=0.0005, warm-up 15%)
  Loss: HuberLoss (delta=0.5)
  Network: KAN  (B-spline edges, cubic k=3)
====================================================================
  Epoch     1/8500  loss=1.6743e+00  lr=2.00e-05  (0.1s)

  Done in 605.6s | min loss = 7.8444e-05

    -> min_loss=7.844e-05  mean_rel_err=4.579e-02  min_digits=2  params=20,622  (605.6s)
[360/648] width=32 depth=2 G=12 k=3 lr=0.0005 epochs=10000 ...

====================================================================
  Training: 10000 epochs | 8 sets
  Per epoch: 4096 pts | device: cuda:6
  Optimizer: Adam + OneCycleLR  (max_lr=0.0005, warm-up 15%)
  Loss: HuberLoss (delta=0.5)
  Network: KAN  (B-spline edges, cubic k=3)
====================================================================
  Epoch     1/10000  loss=1.6743e+00  lr=2.00e-05  (0.1s)

  Done in 716.8s | min loss = 6.8173e-05

    -> min_loss=6.817e-05  mean_rel_err=4.902e-02  min_digits=2  params=20,622  (716.8s)
[361/648] width=32 depth=3 G=5 k=3 lr=0.002 epochs=1500 ...

====================================================================
  Training: 1500 epochs | 8 sets
  Per epoch: 4096 pts | device: cuda:6
  Optimizer: Adam + OneCycleLR  (max_lr=0.002, warm-up 15%)
  Loss: HuberLoss (delta=0.5)
  Network: KAN  (B-spline edges, cubic k=3)
====================================================================
  Epoch     1/1500  loss=5.6086e-01  lr=8.01e-05  (0.1s)

  Done in 144.9s | min loss = 2.6563e-04

    -> min_loss=2.656e-04  mean_rel_err=5.266e-02  min_digits=2  params=20,942  (144.9s)
[362/648] width=32 depth=3 G=5 k=3 lr=0.002 epochs=2000 ...

====================================================================
  Training: 2000 epochs | 8 sets
  Per epoch: 4096 pts | device: cuda:6
  Optimizer: Adam + OneCycleLR  (max_lr=0.002, warm-up 15%)
  Loss: HuberLoss (delta=0.5)
  Network: KAN  (B-spline edges, cubic k=3)
====================================================================
  Epoch     1/2000  loss=5.6086e-01  lr=8.01e-05  (0.1s)

  Done in 194.5s | min loss = 1.8078e-04

    -> min_loss=1.808e-04  mean_rel_err=5.702e-02  min_digits=2  params=20,942  (194.5s)
[363/648] width=32 depth=3 G=5 k=3 lr=0.002 epochs=3000 ...

====================================================================
  Training: 3000 epochs | 8 sets
  Per epoch: 4096 pts | device: cuda:6
  Optimizer: Adam + OneCycleLR  (max_lr=0.002, warm-up 15%)
  Loss: HuberLoss (delta=0.5)
  Network: KAN  (B-spline edges, cubic k=3)
====================================================================
  Epoch     1/3000  loss=5.6086e-01  lr=8.00e-05  (0.1s)

  Done in 291.9s | min loss = 1.1714e-04

    -> min_loss=1.171e-04  mean_rel_err=5.905e-02  min_digits=2  params=20,942  (291.9s)
[364/648] width=32 depth=3 G=5 k=3 lr=0.002 epochs=4000 ...

====================================================================
  Training: 4000 epochs | 8 sets
  Per epoch: 4096 pts | device: cuda:6
  Optimizer: Adam + OneCycleLR  (max_lr=0.002, warm-up 15%)
  Loss: HuberLoss (delta=0.5)
  Network: KAN  (B-spline edges, cubic k=3)
====================================================================
  Epoch     1/4000  loss=5.6086e-01  lr=8.00e-05  (0.1s)

  Done in 388.9s | min loss = 8.4279e-05

    -> min_loss=8.428e-05  mean_rel_err=5.028e-02  min_digits=2  params=20,942  (388.9s)
[365/648] width=32 depth=3 G=5 k=3 lr=0.002 epochs=5500 ...

====================================================================
  Training: 5500 epochs | 8 sets
  Per epoch: 4096 pts | device: cuda:6
  Optimizer: Adam + OneCycleLR  (max_lr=0.002, warm-up 15%)
  Loss: HuberLoss (delta=0.5)
  Network: KAN  (B-spline edges, cubic k=3)
====================================================================
  Epoch     1/5500  loss=5.6086e-01  lr=8.00e-05  (0.1s)

  Done in 534.2s | min loss = 5.5839e-05

    -> min_loss=5.584e-05  mean_rel_err=4.611e-02  min_digits=2  params=20,942  (534.2s)
[366/648] width=32 depth=3 G=5 k=3 lr=0.002 epochs=7000 ...

====================================================================
  Training: 7000 epochs | 8 sets
  Per epoch: 4096 pts | device: cuda:6
  Optimizer: Adam + OneCycleLR  (max_lr=0.002, warm-up 15%)
  Loss: HuberLoss (delta=0.5)
  Network: KAN  (B-spline edges, cubic k=3)
====================================================================
  Epoch     1/7000  loss=5.6086e-01  lr=8.00e-05  (0.1s)

  Done in 684.0s | min loss = 4.3255e-05

    -> min_loss=4.325e-05  mean_rel_err=3.681e-02  min_digits=2  params=20,942  (684.0s)
[367/648] width=32 depth=3 G=5 k=3 lr=0.002 epochs=8500 ...

====================================================================
  Training: 8500 epochs | 8 sets
  Per epoch: 4096 pts | device: cuda:6
  Optimizer: Adam + OneCycleLR  (max_lr=0.002, warm-up 15%)
  Loss: HuberLoss (delta=0.5)
  Network: KAN  (B-spline edges, cubic k=3)
====================================================================
  Epoch     1/8500  loss=5.6086e-01  lr=8.00e-05  (0.1s)

  Done in 814.8s | min loss = 3.6608e-05

    -> min_loss=3.661e-05  mean_rel_err=4.406e-02  min_digits=2  params=20,942  (814.8s)
[368/648] width=32 depth=3 G=5 k=3 lr=0.002 epochs=10000 ...

====================================================================
  Training: 10000 epochs | 8 sets
  Per epoch: 4096 pts | device: cuda:6
  Optimizer: Adam + OneCycleLR  (max_lr=0.002, warm-up 15%)
  Loss: HuberLoss (delta=0.5)
  Network: KAN  (B-spline edges, cubic k=3)
====================================================================
  Epoch     1/10000  loss=5.6086e-01  lr=8.00e-05  (0.1s)

  Done in 974.2s | min loss = 2.9285e-05

    -> min_loss=2.929e-05  mean_rel_err=4.191e-02  min_digits=2  params=20,942  (974.2s)
[369/648] width=32 depth=3 G=5 k=3 lr=0.001 epochs=1500 ...

====================================================================
  Training: 1500 epochs | 8 sets
  Per epoch: 4096 pts | device: cuda:6
  Optimizer: Adam + OneCycleLR  (max_lr=0.001, warm-up 15%)
  Loss: HuberLoss (delta=0.5)
  Network: KAN  (B-spline edges, cubic k=3)
====================================================================
  Epoch     1/1500  loss=5.6086e-01  lr=4.00e-05  (0.1s)

  Done in 144.6s | min loss = 3.8108e-04

    -> min_loss=3.811e-04  mean_rel_err=6.965e-02  min_digits=2  params=20,942  (144.6s)
[370/648] width=32 depth=3 G=5 k=3 lr=0.001 epochs=2000 ...

====================================================================
  Training: 2000 epochs | 8 sets
  Per epoch: 4096 pts | device: cuda:6
  Optimizer: Adam + OneCycleLR  (max_lr=0.001, warm-up 15%)
  Loss: HuberLoss (delta=0.5)
  Network: KAN  (B-spline edges, cubic k=3)
====================================================================
  Epoch     1/2000  loss=5.6086e-01  lr=4.00e-05  (0.1s)

  Done in 194.3s | min loss = 2.7464e-04

    -> min_loss=2.746e-04  mean_rel_err=7.586e-02  min_digits=2  params=20,942  (194.3s)
[371/648] width=32 depth=3 G=5 k=3 lr=0.001 epochs=3000 ...

====================================================================
  Training: 3000 epochs | 8 sets
  Per epoch: 4096 pts | device: cuda:6
  Optimizer: Adam + OneCycleLR  (max_lr=0.001, warm-up 15%)
  Loss: HuberLoss (delta=0.5)
  Network: KAN  (B-spline edges, cubic k=3)
====================================================================
  Epoch     1/3000  loss=5.6086e-01  lr=4.00e-05  (0.1s)

  Done in 288.7s | min loss = 1.6744e-04

    -> min_loss=1.674e-04  mean_rel_err=6.080e-02  min_digits=2  params=20,942  (288.7s)
[372/648] width=32 depth=3 G=5 k=3 lr=0.001 epochs=4000 ...

====================================================================
  Training: 4000 epochs | 8 sets
  Per epoch: 4096 pts | device: cuda:6
  Optimizer: Adam + OneCycleLR  (max_lr=0.001, warm-up 15%)
  Loss: HuberLoss (delta=0.5)
  Network: KAN  (B-spline edges, cubic k=3)
====================================================================
  Epoch     1/4000  loss=5.6086e-01  lr=4.00e-05  (0.1s)

  Done in 387.2s | min loss = 1.0797e-04

    -> min_loss=1.080e-04  mean_rel_err=5.779e-02  min_digits=2  params=20,942  (387.2s)
[373/648] width=32 depth=3 G=5 k=3 lr=0.001 epochs=5500 ...

====================================================================
  Training: 5500 epochs | 8 sets
  Per epoch: 4096 pts | device: cuda:6
  Optimizer: Adam + OneCycleLR  (max_lr=0.001, warm-up 15%)
  Loss: HuberLoss (delta=0.5)
  Network: KAN  (B-spline edges, cubic k=3)
====================================================================
  Epoch     1/5500  loss=5.6086e-01  lr=4.00e-05  (0.1s)

  Done in 531.9s | min loss = 7.6234e-05

    -> min_loss=7.623e-05  mean_rel_err=4.813e-02  min_digits=2  params=20,942  (531.9s)
[374/648] width=32 depth=3 G=5 k=3 lr=0.001 epochs=7000 ...

====================================================================
  Training: 7000 epochs | 8 sets
  Per epoch: 4096 pts | device: cuda:6
  Optimizer: Adam + OneCycleLR  (max_lr=0.001, warm-up 15%)
  Loss: HuberLoss (delta=0.5)
  Network: KAN  (B-spline edges, cubic k=3)
====================================================================
  Epoch     1/7000  loss=5.6086e-01  lr=4.00e-05  (0.1s)

  Done in 674.1s | min loss = 5.5396e-05

    -> min_loss=5.540e-05  mean_rel_err=4.342e-02  min_digits=2  params=20,942  (674.1s)
[375/648] width=32 depth=3 G=5 k=3 lr=0.001 epochs=8500 ...

====================================================================
  Training: 8500 epochs | 8 sets
  Per epoch: 4096 pts | device: cuda:6
  Optimizer: Adam + OneCycleLR  (max_lr=0.001, warm-up 15%)
  Loss: HuberLoss (delta=0.5)
  Network: KAN  (B-spline edges, cubic k=3)
====================================================================
  Epoch     1/8500  loss=5.6086e-01  lr=4.00e-05  (0.1s)

  Done in 825.3s | min loss = 4.3534e-05

    -> min_loss=4.353e-05  mean_rel_err=4.520e-02  min_digits=2  params=20,942  (825.3s)
[376/648] width=32 depth=3 G=5 k=3 lr=0.001 epochs=10000 ...

====================================================================
  Training: 10000 epochs | 8 sets
  Per epoch: 4096 pts | device: cuda:6
  Optimizer: Adam + OneCycleLR  (max_lr=0.001, warm-up 15%)
  Loss: HuberLoss (delta=0.5)
  Network: KAN  (B-spline edges, cubic k=3)
====================================================================
  Epoch     1/10000  loss=5.6086e-01  lr=4.00e-05  (0.1s)

  Done in 965.9s | min loss = 3.2899e-05

    -> min_loss=3.290e-05  mean_rel_err=3.064e-02  min_digits=2  params=20,942  (965.9s)
[377/648] width=32 depth=3 G=5 k=3 lr=0.0005 epochs=1500 ...

====================================================================
  Training: 1500 epochs | 8 sets
  Per epoch: 4096 pts | device: cuda:6
  Optimizer: Adam + OneCycleLR  (max_lr=0.0005, warm-up 15%)
  Loss: HuberLoss (delta=0.5)
  Network: KAN  (B-spline edges, cubic k=3)
====================================================================
  Epoch     1/1500  loss=5.6086e-01  lr=2.00e-05  (0.1s)

  Done in 143.9s | min loss = 6.3201e-04

    -> min_loss=6.320e-04  mean_rel_err=6.893e-02  min_digits=2  params=20,942  (143.9s)
[378/648] width=32 depth=3 G=5 k=3 lr=0.0005 epochs=2000 ...

====================================================================
  Training: 2000 epochs | 8 sets
  Per epoch: 4096 pts | device: cuda:6
  Optimizer: Adam + OneCycleLR  (max_lr=0.0005, warm-up 15%)
  Loss: HuberLoss (delta=0.5)
  Network: KAN  (B-spline edges, cubic k=3)
====================================================================
  Epoch     1/2000  loss=5.6086e-01  lr=2.00e-05  (0.1s)

  Done in 190.6s | min loss = 4.3677e-04

    -> min_loss=4.368e-04  mean_rel_err=6.130e-02  min_digits=2  params=20,942  (190.6s)
[379/648] width=32 depth=3 G=5 k=3 lr=0.0005 epochs=3000 ...

====================================================================
  Training: 3000 epochs | 8 sets
  Per epoch: 4096 pts | device: cuda:6
  Optimizer: Adam + OneCycleLR  (max_lr=0.0005, warm-up 15%)
  Loss: HuberLoss (delta=0.5)
  Network: KAN  (B-spline edges, cubic k=3)
====================================================================
  Epoch     1/3000  loss=5.6086e-01  lr=2.00e-05  (0.1s)

  Done in 285.9s | min loss = 2.6253e-04

    -> min_loss=2.625e-04  mean_rel_err=8.049e-02  min_digits=2  params=20,942  (285.9s)
[380/648] width=32 depth=3 G=5 k=3 lr=0.0005 epochs=4000 ...

====================================================================
  Training: 4000 epochs | 8 sets
  Per epoch: 4096 pts | device: cuda:6
  Optimizer: Adam + OneCycleLR  (max_lr=0.0005, warm-up 15%)
  Loss: HuberLoss (delta=0.5)
  Network: KAN  (B-spline edges, cubic k=3)
====================================================================
  Epoch     1/4000  loss=5.6086e-01  lr=2.00e-05  (0.1s)

  Done in 380.5s | min loss = 1.8756e-04

    -> min_loss=1.876e-04  mean_rel_err=7.516e-02  min_digits=2  params=20,942  (380.5s)
[381/648] width=32 depth=3 G=5 k=3 lr=0.0005 epochs=5500 ...

====================================================================
  Training: 5500 epochs | 8 sets
  Per epoch: 4096 pts | device: cuda:6
  Optimizer: Adam + OneCycleLR  (max_lr=0.0005, warm-up 15%)
  Loss: HuberLoss (delta=0.5)
  Network: KAN  (B-spline edges, cubic k=3)
====================================================================
  Epoch     1/5500  loss=5.6086e-01  lr=2.00e-05  (0.1s)

  Done in 528.5s | min loss = 1.2007e-04

    -> min_loss=1.201e-04  mean_rel_err=5.580e-02  min_digits=2  params=20,942  (528.5s)
[382/648] width=32 depth=3 G=5 k=3 lr=0.0005 epochs=7000 ...

====================================================================
  Training: 7000 epochs | 8 sets
  Per epoch: 4096 pts | device: cuda:6
  Optimizer: Adam + OneCycleLR  (max_lr=0.0005, warm-up 15%)
  Loss: HuberLoss (delta=0.5)
  Network: KAN  (B-spline edges, cubic k=3)
====================================================================
  Epoch     1/7000  loss=5.6086e-01  lr=2.00e-05  (0.1s)

  Done in 676.9s | min loss = 8.8509e-05

    -> min_loss=8.851e-05  mean_rel_err=5.598e-02  min_digits=2  params=20,942  (676.9s)
[383/648] width=32 depth=3 G=5 k=3 lr=0.0005 epochs=8500 ...

====================================================================
  Training: 8500 epochs | 8 sets
  Per epoch: 4096 pts | device: cuda:6
  Optimizer: Adam + OneCycleLR  (max_lr=0.0005, warm-up 15%)
  Loss: HuberLoss (delta=0.5)
  Network: KAN  (B-spline edges, cubic k=3)
====================================================================
  Epoch     1/8500  loss=5.6086e-01  lr=2.00e-05  (0.1s)

  Done in 832.3s | min loss = 6.8046e-05

    -> min_loss=6.805e-05  mean_rel_err=4.612e-02  min_digits=2  params=20,942  (832.3s)
[384/648] width=32 depth=3 G=5 k=3 lr=0.0005 epochs=10000 ...

====================================================================
  Training: 10000 epochs | 8 sets
  Per epoch: 4096 pts | device: cuda:6
  Optimizer: Adam + OneCycleLR  (max_lr=0.0005, warm-up 15%)
  Loss: HuberLoss (delta=0.5)
  Network: KAN  (B-spline edges, cubic k=3)
====================================================================
  Epoch     1/10000  loss=5.6086e-01  lr=2.00e-05  (0.1s)

  Done in 963.7s | min loss = 5.1631e-05

    -> min_loss=5.163e-05  mean_rel_err=4.506e-02  min_digits=2  params=20,942  (963.7s)
[385/648] width=32 depth=3 G=8 k=3 lr=0.002 epochs=1500 ...

====================================================================
  Training: 1500 epochs | 8 sets
  Per epoch: 4096 pts | device: cuda:6
  Optimizer: Adam + OneCycleLR  (max_lr=0.002, warm-up 15%)
  Loss: HuberLoss (delta=0.5)
  Network: KAN  (B-spline edges, cubic k=3)
====================================================================
  Epoch     1/1500  loss=9.0839e-01  lr=8.01e-05  (0.1s)

  Done in 141.2s | min loss = 2.1653e-04

    -> min_loss=2.165e-04  mean_rel_err=4.487e-02  min_digits=2  params=27,854  (141.2s)
[386/648] width=32 depth=3 G=8 k=3 lr=0.002 epochs=2000 ...

====================================================================
  Training: 2000 epochs | 8 sets
  Per epoch: 4096 pts | device: cuda:6
  Optimizer: Adam + OneCycleLR  (max_lr=0.002, warm-up 15%)
  Loss: HuberLoss (delta=0.5)
  Network: KAN  (B-spline edges, cubic k=3)
====================================================================
  Epoch     1/2000  loss=9.0839e-01  lr=8.01e-05  (0.1s)

  Done in 194.5s | min loss = 1.5374e-04

    -> min_loss=1.537e-04  mean_rel_err=4.220e-02  min_digits=2  params=27,854  (194.5s)
[387/648] width=32 depth=3 G=8 k=3 lr=0.002 epochs=3000 ...

====================================================================
  Training: 3000 epochs | 8 sets
  Per epoch: 4096 pts | device: cuda:6
  Optimizer: Adam + OneCycleLR  (max_lr=0.002, warm-up 15%)
  Loss: HuberLoss (delta=0.5)
  Network: KAN  (B-spline edges, cubic k=3)
====================================================================
  Epoch     1/3000  loss=9.0839e-01  lr=8.00e-05  (0.1s)

  Done in 288.7s | min loss = 1.0365e-04

    -> min_loss=1.036e-04  mean_rel_err=3.621e-02  min_digits=2  params=27,854  (288.7s)
[388/648] width=32 depth=3 G=8 k=3 lr=0.002 epochs=4000 ...

====================================================================
  Training: 4000 epochs | 8 sets
  Per epoch: 4096 pts | device: cuda:6
  Optimizer: Adam + OneCycleLR  (max_lr=0.002, warm-up 15%)
  Loss: HuberLoss (delta=0.5)
  Network: KAN  (B-spline edges, cubic k=3)
====================================================================
  Epoch     1/4000  loss=9.0839e-01  lr=8.00e-05  (0.1s)

  Done in 387.4s | min loss = 7.4239e-05

    -> min_loss=7.424e-05  mean_rel_err=3.347e-02  min_digits=2  params=27,854  (387.4s)
[389/648] width=32 depth=3 G=8 k=3 lr=0.002 epochs=5500 ...

====================================================================
  Training: 5500 epochs | 8 sets
  Per epoch: 4096 pts | device: cuda:6
  Optimizer: Adam + OneCycleLR  (max_lr=0.002, warm-up 15%)
  Loss: HuberLoss (delta=0.5)
  Network: KAN  (B-spline edges, cubic k=3)
====================================================================
  Epoch     1/5500  loss=9.0839e-01  lr=8.00e-05  (0.1s)

  Done in 535.8s | min loss = 5.6729e-05

    -> min_loss=5.673e-05  mean_rel_err=4.045e-02  min_digits=2  params=27,854  (535.8s)
[390/648] width=32 depth=3 G=8 k=3 lr=0.002 epochs=7000 ...

====================================================================
  Training: 7000 epochs | 8 sets
  Per epoch: 4096 pts | device: cuda:6
  Optimizer: Adam + OneCycleLR  (max_lr=0.002, warm-up 15%)
  Loss: HuberLoss (delta=0.5)
  Network: KAN  (B-spline edges, cubic k=3)
====================================================================
  Epoch     1/7000  loss=9.0839e-01  lr=8.00e-05  (0.1s)

  Done in 678.1s | min loss = 4.6825e-05

    -> min_loss=4.683e-05  mean_rel_err=3.432e-02  min_digits=2  params=27,854  (678.1s)
[391/648] width=32 depth=3 G=8 k=3 lr=0.002 epochs=8500 ...

====================================================================
  Training: 8500 epochs | 8 sets
  Per epoch: 4096 pts | device: cuda:6
  Optimizer: Adam + OneCycleLR  (max_lr=0.002, warm-up 15%)
  Loss: HuberLoss (delta=0.5)
  Network: KAN  (B-spline edges, cubic k=3)
====================================================================
  Epoch     1/8500  loss=9.0839e-01  lr=8.00e-05  (0.1s)

  Done in 831.0s | min loss = 3.8020e-05

    -> min_loss=3.802e-05  mean_rel_err=3.596e-02  min_digits=2  params=27,854  (831.0s)
[392/648] width=32 depth=3 G=8 k=3 lr=0.002 epochs=10000 ...

====================================================================
  Training: 10000 epochs | 8 sets
  Per epoch: 4096 pts | device: cuda:6
  Optimizer: Adam + OneCycleLR  (max_lr=0.002, warm-up 15%)
  Loss: HuberLoss (delta=0.5)
  Network: KAN  (B-spline edges, cubic k=3)
====================================================================
  Epoch     1/10000  loss=9.0839e-01  lr=8.00e-05  (0.1s)

  Done in 965.2s | min loss = 3.0231e-05

    -> min_loss=3.023e-05  mean_rel_err=3.540e-02  min_digits=2  params=27,854  (965.2s)
[393/648] width=32 depth=3 G=8 k=3 lr=0.001 epochs=1500 ...

====================================================================
  Training: 1500 epochs | 8 sets
  Per epoch: 4096 pts | device: cuda:6
  Optimizer: Adam + OneCycleLR  (max_lr=0.001, warm-up 15%)
  Loss: HuberLoss (delta=0.5)
  Network: KAN  (B-spline edges, cubic k=3)
====================================================================
  Epoch     1/1500  loss=9.0839e-01  lr=4.00e-05  (0.1s)

  Done in 148.0s | min loss = 2.9324e-04

    -> min_loss=2.932e-04  mean_rel_err=3.277e-02  min_digits=2  params=27,854  (148.0s)
[394/648] width=32 depth=3 G=8 k=3 lr=0.001 epochs=2000 ...

====================================================================
  Training: 2000 epochs | 8 sets
  Per epoch: 4096 pts | device: cuda:6
  Optimizer: Adam + OneCycleLR  (max_lr=0.001, warm-up 15%)
  Loss: HuberLoss (delta=0.5)
  Network: KAN  (B-spline edges, cubic k=3)
====================================================================
  Epoch     1/2000  loss=9.0839e-01  lr=4.00e-05  (0.1s)

  Done in 192.7s | min loss = 2.1468e-04

    -> min_loss=2.147e-04  mean_rel_err=3.865e-02  min_digits=2  params=27,854  (192.7s)
[395/648] width=32 depth=3 G=8 k=3 lr=0.001 epochs=3000 ...

====================================================================
  Training: 3000 epochs | 8 sets
  Per epoch: 4096 pts | device: cuda:6
  Optimizer: Adam + OneCycleLR  (max_lr=0.001, warm-up 15%)
  Loss: HuberLoss (delta=0.5)
  Network: KAN  (B-spline edges, cubic k=3)
====================================================================
  Epoch     1/3000  loss=9.0839e-01  lr=4.00e-05  (0.1s)

  Done in 294.2s | min loss = 1.2863e-04

    -> min_loss=1.286e-04  mean_rel_err=4.868e-02  min_digits=2  params=27,854  (294.2s)
[396/648] width=32 depth=3 G=8 k=3 lr=0.001 epochs=4000 ...

====================================================================
  Training: 4000 epochs | 8 sets
  Per epoch: 4096 pts | device: cuda:6
  Optimizer: Adam + OneCycleLR  (max_lr=0.001, warm-up 15%)
  Loss: HuberLoss (delta=0.5)
  Network: KAN  (B-spline edges, cubic k=3)
====================================================================
  Epoch     1/4000  loss=9.0839e-01  lr=4.00e-05  (0.1s)

  Done in 390.3s | min loss = 9.1670e-05

    -> min_loss=9.167e-05  mean_rel_err=3.531e-02  min_digits=2  params=27,854  (390.3s)
[397/648] width=32 depth=3 G=8 k=3 lr=0.001 epochs=5500 ...

====================================================================
  Training: 5500 epochs | 8 sets
  Per epoch: 4096 pts | device: cuda:6
  Optimizer: Adam + OneCycleLR  (max_lr=0.001, warm-up 15%)
  Loss: HuberLoss (delta=0.5)
  Network: KAN  (B-spline edges, cubic k=3)
====================================================================
  Epoch     1/5500  loss=9.0839e-01  lr=4.00e-05  (0.1s)

  Done in 530.2s | min loss = 6.3306e-05

    -> min_loss=6.331e-05  mean_rel_err=3.678e-02  min_digits=2  params=27,854  (530.2s)
[398/648] width=32 depth=3 G=8 k=3 lr=0.001 epochs=7000 ...

====================================================================
  Training: 7000 epochs | 8 sets
  Per epoch: 4096 pts | device: cuda:6
  Optimizer: Adam + OneCycleLR  (max_lr=0.001, warm-up 15%)
  Loss: HuberLoss (delta=0.5)
  Network: KAN  (B-spline edges, cubic k=3)
====================================================================
  Epoch     1/7000  loss=9.0839e-01  lr=4.00e-05  (0.1s)

  Done in 683.7s | min loss = 5.3919e-05

    -> min_loss=5.392e-05  mean_rel_err=4.226e-02  min_digits=2  params=27,854  (683.7s)
[399/648] width=32 depth=3 G=8 k=3 lr=0.001 epochs=8500 ...

====================================================================
  Training: 8500 epochs | 8 sets
  Per epoch: 4096 pts | device: cuda:6
  Optimizer: Adam + OneCycleLR  (max_lr=0.001, warm-up 15%)
  Loss: HuberLoss (delta=0.5)
  Network: KAN  (B-spline edges, cubic k=3)
====================================================================
  Epoch     1/8500  loss=9.0839e-01  lr=4.00e-05  (0.1s)

  Done in 818.6s | min loss = 4.0318e-05

    -> min_loss=4.032e-05  mean_rel_err=4.265e-02  min_digits=2  params=27,854  (818.6s)
[400/648] width=32 depth=3 G=8 k=3 lr=0.001 epochs=10000 ...

====================================================================
  Training: 10000 epochs | 8 sets
  Per epoch: 4096 pts | device: cuda:6
  Optimizer: Adam + OneCycleLR  (max_lr=0.001, warm-up 15%)
  Loss: HuberLoss (delta=0.5)
  Network: KAN  (B-spline edges, cubic k=3)
====================================================================
  Epoch     1/10000  loss=9.0839e-01  lr=4.00e-05  (0.1s)

  Done in 970.2s | min loss = 3.4874e-05

    -> min_loss=3.487e-05  mean_rel_err=4.077e-02  min_digits=2  params=27,854  (970.2s)
[401/648] width=32 depth=3 G=8 k=3 lr=0.0005 epochs=1500 ...

====================================================================
  Training: 1500 epochs | 8 sets
  Per epoch: 4096 pts | device: cuda:6
  Optimizer: Adam + OneCycleLR  (max_lr=0.0005, warm-up 15%)
  Loss: HuberLoss (delta=0.5)
  Network: KAN  (B-spline edges, cubic k=3)
====================================================================
  Epoch     1/1500  loss=9.0839e-01  lr=2.00e-05  (0.1s)

  Done in 144.8s | min loss = 4.4483e-04

    -> min_loss=4.448e-04  mean_rel_err=3.794e-02  min_digits=2  params=27,854  (144.8s)
[402/648] width=32 depth=3 G=8 k=3 lr=0.0005 epochs=2000 ...

====================================================================
  Training: 2000 epochs | 8 sets
  Per epoch: 4096 pts | device: cuda:6
  Optimizer: Adam + OneCycleLR  (max_lr=0.0005, warm-up 15%)
  Loss: HuberLoss (delta=0.5)
  Network: KAN  (B-spline edges, cubic k=3)
====================================================================
  Epoch     1/2000  loss=9.0839e-01  lr=2.00e-05  (0.1s)

  Done in 195.6s | min loss = 3.2193e-04

    -> min_loss=3.219e-04  mean_rel_err=3.159e-02  min_digits=2  params=27,854  (195.7s)
[403/648] width=32 depth=3 G=8 k=3 lr=0.0005 epochs=3000 ...

====================================================================
  Training: 3000 epochs | 8 sets
  Per epoch: 4096 pts | device: cuda:6
  Optimizer: Adam + OneCycleLR  (max_lr=0.0005, warm-up 15%)
  Loss: HuberLoss (delta=0.5)
  Network: KAN  (B-spline edges, cubic k=3)
====================================================================
  Epoch     1/3000  loss=9.0839e-01  lr=2.00e-05  (0.1s)

  Done in 290.4s | min loss = 1.9484e-04

    -> min_loss=1.948e-04  mean_rel_err=2.412e-02  min_digits=2  params=27,854  (290.4s)
[404/648] width=32 depth=3 G=8 k=3 lr=0.0005 epochs=4000 ...

====================================================================
  Training: 4000 epochs | 8 sets
  Per epoch: 4096 pts | device: cuda:6
  Optimizer: Adam + OneCycleLR  (max_lr=0.0005, warm-up 15%)
  Loss: HuberLoss (delta=0.5)
  Network: KAN  (B-spline edges, cubic k=3)
====================================================================
  Epoch     1/4000  loss=9.0839e-01  lr=2.00e-05  (0.1s)

  Done in 388.5s | min loss = 1.5175e-04

    -> min_loss=1.518e-04  mean_rel_err=2.386e-02  min_digits=2  params=27,854  (388.5s)
[405/648] width=32 depth=3 G=8 k=3 lr=0.0005 epochs=5500 ...

====================================================================
  Training: 5500 epochs | 8 sets
  Per epoch: 4096 pts | device: cuda:6
  Optimizer: Adam + OneCycleLR  (max_lr=0.0005, warm-up 15%)
  Loss: HuberLoss (delta=0.5)
  Network: KAN  (B-spline edges, cubic k=3)
====================================================================
  Epoch     1/5500  loss=9.0839e-01  lr=2.00e-05  (0.1s)

  Done in 537.8s | min loss = 9.4648e-05

    -> min_loss=9.465e-05  mean_rel_err=2.567e-02  min_digits=2  params=27,854  (537.8s)
[406/648] width=32 depth=3 G=8 k=3 lr=0.0005 epochs=7000 ...

====================================================================
  Training: 7000 epochs | 8 sets
  Per epoch: 4096 pts | device: cuda:6
  Optimizer: Adam + OneCycleLR  (max_lr=0.0005, warm-up 15%)
  Loss: HuberLoss (delta=0.5)
  Network: KAN  (B-spline edges, cubic k=3)
====================================================================
  Epoch     1/7000  loss=9.0839e-01  lr=2.00e-05  (0.1s)

  Done in 673.5s | min loss = 7.0337e-05

    -> min_loss=7.034e-05  mean_rel_err=2.790e-02  min_digits=2  params=27,854  (673.5s)
[407/648] width=32 depth=3 G=8 k=3 lr=0.0005 epochs=8500 ...

====================================================================
  Training: 8500 epochs | 8 sets
  Per epoch: 4096 pts | device: cuda:6
  Optimizer: Adam + OneCycleLR  (max_lr=0.0005, warm-up 15%)
  Loss: HuberLoss (delta=0.5)
  Network: KAN  (B-spline edges, cubic k=3)
====================================================================
  Epoch     1/8500  loss=9.0839e-01  lr=2.00e-05  (0.1s)

  Done in 814.2s | min loss = 5.4576e-05

    -> min_loss=5.458e-05  mean_rel_err=2.556e-02  min_digits=2  params=27,854  (814.2s)
[408/648] width=32 depth=3 G=8 k=3 lr=0.0005 epochs=10000 ...

====================================================================
  Training: 10000 epochs | 8 sets
  Per epoch: 4096 pts | device: cuda:6
  Optimizer: Adam + OneCycleLR  (max_lr=0.0005, warm-up 15%)
  Loss: HuberLoss (delta=0.5)
  Network: KAN  (B-spline edges, cubic k=3)
====================================================================
  Epoch     1/10000  loss=9.0839e-01  lr=2.00e-05  (0.1s)

  Done in 963.3s | min loss = 4.3992e-05

    -> min_loss=4.399e-05  mean_rel_err=2.817e-02  min_digits=2  params=27,854  (963.3s)
[409/648] width=32 depth=3 G=12 k=3 lr=0.002 epochs=1500 ...

====================================================================
  Training: 1500 epochs | 8 sets
  Per epoch: 4096 pts | device: cuda:6
  Optimizer: Adam + OneCycleLR  (max_lr=0.002, warm-up 15%)
  Loss: HuberLoss (delta=0.5)
  Network: KAN  (B-spline edges, cubic k=3)
====================================================================
  Epoch     1/1500  loss=2.6491e+00  lr=8.01e-05  (0.1s)

  Done in 145.4s | min loss = 1.6219e-04

    -> min_loss=1.622e-04  mean_rel_err=3.834e-02  min_digits=2  params=37,070  (145.4s)
[410/648] width=32 depth=3 G=12 k=3 lr=0.002 epochs=2000 ...

====================================================================
  Training: 2000 epochs | 8 sets
  Per epoch: 4096 pts | device: cuda:6
  Optimizer: Adam + OneCycleLR  (max_lr=0.002, warm-up 15%)
  Loss: HuberLoss (delta=0.5)
  Network: KAN  (B-spline edges, cubic k=3)
====================================================================
  Epoch     1/2000  loss=2.6491e+00  lr=8.01e-05  (0.1s)

  Done in 193.8s | min loss = 1.2560e-04

    -> min_loss=1.256e-04  mean_rel_err=4.502e-02  min_digits=2  params=37,070  (193.8s)
[411/648] width=32 depth=3 G=12 k=3 lr=0.002 epochs=3000 ...

====================================================================
  Training: 3000 epochs | 8 sets
  Per epoch: 4096 pts | device: cuda:6
  Optimizer: Adam + OneCycleLR  (max_lr=0.002, warm-up 15%)
  Loss: HuberLoss (delta=0.5)
  Network: KAN  (B-spline edges, cubic k=3)
====================================================================
  Epoch     1/3000  loss=2.6491e+00  lr=8.00e-05  (0.1s)

  Done in 297.4s | min loss = 9.5326e-05

    -> min_loss=9.533e-05  mean_rel_err=4.221e-02  min_digits=2  params=37,070  (297.4s)
[412/648] width=32 depth=3 G=12 k=3 lr=0.002 epochs=4000 ...

====================================================================
  Training: 4000 epochs | 8 sets
  Per epoch: 4096 pts | device: cuda:6
  Optimizer: Adam + OneCycleLR  (max_lr=0.002, warm-up 15%)
  Loss: HuberLoss (delta=0.5)
  Network: KAN  (B-spline edges, cubic k=3)
====================================================================
  Epoch     1/4000  loss=2.6491e+00  lr=8.00e-05  (0.1s)

  Done in 384.2s | min loss = 6.4639e-05

    -> min_loss=6.464e-05  mean_rel_err=4.285e-02  min_digits=2  params=37,070  (384.2s)
[413/648] width=32 depth=3 G=12 k=3 lr=0.002 epochs=5500 ...

====================================================================
  Training: 5500 epochs | 8 sets
  Per epoch: 4096 pts | device: cuda:6
  Optimizer: Adam + OneCycleLR  (max_lr=0.002, warm-up 15%)
  Loss: HuberLoss (delta=0.5)
  Network: KAN  (B-spline edges, cubic k=3)
====================================================================
  Epoch     1/5500  loss=2.6491e+00  lr=8.00e-05  (0.1s)

  Done in 525.6s | min loss = 4.6857e-05

    -> min_loss=4.686e-05  mean_rel_err=3.931e-02  min_digits=2  params=37,070  (525.6s)
[414/648] width=32 depth=3 G=12 k=3 lr=0.002 epochs=7000 ...

====================================================================
  Training: 7000 epochs | 8 sets
  Per epoch: 4096 pts | device: cuda:6
  Optimizer: Adam + OneCycleLR  (max_lr=0.002, warm-up 15%)
  Loss: HuberLoss (delta=0.5)
  Network: KAN  (B-spline edges, cubic k=3)
====================================================================
  Epoch     1/7000  loss=2.6491e+00  lr=8.00e-05  (0.1s)

  Done in 680.2s | min loss = 3.5253e-05

    -> min_loss=3.525e-05  mean_rel_err=3.844e-02  min_digits=2  params=37,070  (680.2s)
[415/648] width=32 depth=3 G=12 k=3 lr=0.002 epochs=8500 ...

====================================================================
  Training: 8500 epochs | 8 sets
  Per epoch: 4096 pts | device: cuda:6
  Optimizer: Adam + OneCycleLR  (max_lr=0.002, warm-up 15%)
  Loss: HuberLoss (delta=0.5)
  Network: KAN  (B-spline edges, cubic k=3)
====================================================================
  Epoch     1/8500  loss=2.6491e+00  lr=8.00e-05  (0.1s)

  Done in 827.9s | min loss = 2.9994e-05

    -> min_loss=2.999e-05  mean_rel_err=4.459e-02  min_digits=2  params=37,070  (827.9s)
[416/648] width=32 depth=3 G=12 k=3 lr=0.002 epochs=10000 ...

====================================================================
  Training: 10000 epochs | 8 sets
  Per epoch: 4096 pts | device: cuda:6
  Optimizer: Adam + OneCycleLR  (max_lr=0.002, warm-up 15%)
  Loss: HuberLoss (delta=0.5)
  Network: KAN  (B-spline edges, cubic k=3)
====================================================================
  Epoch     1/10000  loss=2.6491e+00  lr=8.00e-05  (0.1s)

  Done in 967.6s | min loss = 2.5678e-05

    -> min_loss=2.568e-05  mean_rel_err=4.066e-02  min_digits=2  params=37,070  (967.6s)
[417/648] width=32 depth=3 G=12 k=3 lr=0.001 epochs=1500 ...

====================================================================
  Training: 1500 epochs | 8 sets
  Per epoch: 4096 pts | device: cuda:6
  Optimizer: Adam + OneCycleLR  (max_lr=0.001, warm-up 15%)
  Loss: HuberLoss (delta=0.5)
  Network: KAN  (B-spline edges, cubic k=3)
====================================================================
  Epoch     1/1500  loss=2.6491e+00  lr=4.00e-05  (0.1s)

  Done in 144.3s | min loss = 2.2412e-04

    -> min_loss=2.241e-04  mean_rel_err=4.749e-02  min_digits=2  params=37,070  (144.3s)
[418/648] width=32 depth=3 G=12 k=3 lr=0.001 epochs=2000 ...

====================================================================
  Training: 2000 epochs | 8 sets
  Per epoch: 4096 pts | device: cuda:6
  Optimizer: Adam + OneCycleLR  (max_lr=0.001, warm-up 15%)
  Loss: HuberLoss (delta=0.5)
  Network: KAN  (B-spline edges, cubic k=3)
====================================================================
  Epoch     1/2000  loss=2.6491e+00  lr=4.00e-05  (0.1s)

  Done in 195.1s | min loss = 1.6321e-04

    -> min_loss=1.632e-04  mean_rel_err=3.967e-02  min_digits=2  params=37,070  (195.1s)
[419/648] width=32 depth=3 G=12 k=3 lr=0.001 epochs=3000 ...

====================================================================
  Training: 3000 epochs | 8 sets
  Per epoch: 4096 pts | device: cuda:6
  Optimizer: Adam + OneCycleLR  (max_lr=0.001, warm-up 15%)
  Loss: HuberLoss (delta=0.5)
  Network: KAN  (B-spline edges, cubic k=3)
====================================================================
  Epoch     1/3000  loss=2.6491e+00  lr=4.00e-05  (0.1s)

  Done in 290.6s | min loss = 1.1268e-04

    -> min_loss=1.127e-04  mean_rel_err=4.025e-02  min_digits=2  params=37,070  (290.6s)
[420/648] width=32 depth=3 G=12 k=3 lr=0.001 epochs=4000 ...

====================================================================
  Training: 4000 epochs | 8 sets
  Per epoch: 4096 pts | device: cuda:6
  Optimizer: Adam + OneCycleLR  (max_lr=0.001, warm-up 15%)
  Loss: HuberLoss (delta=0.5)
  Network: KAN  (B-spline edges, cubic k=3)
====================================================================
  Epoch     1/4000  loss=2.6491e+00  lr=4.00e-05  (0.1s)

  Done in 385.9s | min loss = 8.4567e-05

    -> min_loss=8.457e-05  mean_rel_err=3.726e-02  min_digits=2  params=37,070  (385.9s)
[421/648] width=32 depth=3 G=12 k=3 lr=0.001 epochs=5500 ...

====================================================================
  Training: 5500 epochs | 8 sets
  Per epoch: 4096 pts | device: cuda:6
  Optimizer: Adam + OneCycleLR  (max_lr=0.001, warm-up 15%)
  Loss: HuberLoss (delta=0.5)
  Network: KAN  (B-spline edges, cubic k=3)
====================================================================
  Epoch     1/5500  loss=2.6491e+00  lr=4.00e-05  (0.1s)

  Done in 528.7s | min loss = 5.9363e-05

    -> min_loss=5.936e-05  mean_rel_err=4.522e-02  min_digits=2  params=37,070  (528.7s)
[422/648] width=32 depth=3 G=12 k=3 lr=0.001 epochs=7000 ...

====================================================================
  Training: 7000 epochs | 8 sets
  Per epoch: 4096 pts | device: cuda:6
  Optimizer: Adam + OneCycleLR  (max_lr=0.001, warm-up 15%)
  Loss: HuberLoss (delta=0.5)
  Network: KAN  (B-spline edges, cubic k=3)
====================================================================
  Epoch     1/7000  loss=2.6491e+00  lr=4.00e-05  (0.1s)

  Done in 680.4s | min loss = 4.8860e-05

    -> min_loss=4.886e-05  mean_rel_err=4.316e-02  min_digits=2  params=37,070  (680.4s)
[423/648] width=32 depth=3 G=12 k=3 lr=0.001 epochs=8500 ...

====================================================================
  Training: 8500 epochs | 8 sets
  Per epoch: 4096 pts | device: cuda:6
  Optimizer: Adam + OneCycleLR  (max_lr=0.001, warm-up 15%)
  Loss: HuberLoss (delta=0.5)
  Network: KAN  (B-spline edges, cubic k=3)
====================================================================
  Epoch     1/8500  loss=2.6491e+00  lr=4.00e-05  (0.1s)

  Done in 821.0s | min loss = 3.7951e-05

    -> min_loss=3.795e-05  mean_rel_err=3.974e-02  min_digits=2  params=37,070  (821.0s)
[424/648] width=32 depth=3 G=12 k=3 lr=0.001 epochs=10000 ...

====================================================================
  Training: 10000 epochs | 8 sets
  Per epoch: 4096 pts | device: cuda:6
  Optimizer: Adam + OneCycleLR  (max_lr=0.001, warm-up 15%)
  Loss: HuberLoss (delta=0.5)
  Network: KAN  (B-spline edges, cubic k=3)
====================================================================
  Epoch     1/10000  loss=2.6491e+00  lr=4.00e-05  (0.1s)

  Done in 966.0s | min loss = 3.1276e-05

    -> min_loss=3.128e-05  mean_rel_err=4.349e-02  min_digits=2  params=37,070  (966.0s)
[425/648] width=32 depth=3 G=12 k=3 lr=0.0005 epochs=1500 ...

====================================================================
  Training: 1500 epochs | 8 sets
  Per epoch: 4096 pts | device: cuda:6
  Optimizer: Adam + OneCycleLR  (max_lr=0.0005, warm-up 15%)
  Loss: HuberLoss (delta=0.5)
  Network: KAN  (B-spline edges, cubic k=3)
====================================================================
  Epoch     1/1500  loss=2.6491e+00  lr=2.00e-05  (0.1s)

  Done in 144.5s | min loss = 3.6683e-04

    -> min_loss=3.668e-04  mean_rel_err=5.173e-02  min_digits=2  params=37,070  (144.5s)
[426/648] width=32 depth=3 G=12 k=3 lr=0.0005 epochs=2000 ...

====================================================================
  Training: 2000 epochs | 8 sets
  Per epoch: 4096 pts | device: cuda:6
  Optimizer: Adam + OneCycleLR  (max_lr=0.0005, warm-up 15%)
  Loss: HuberLoss (delta=0.5)
  Network: KAN  (B-spline edges, cubic k=3)
====================================================================
  Epoch     1/2000  loss=2.6491e+00  lr=2.00e-05  (0.1s)

  Done in 193.9s | min loss = 2.4992e-04

    -> min_loss=2.499e-04  mean_rel_err=5.153e-02  min_digits=2  params=37,070  (193.9s)
[427/648] width=32 depth=3 G=12 k=3 lr=0.0005 epochs=3000 ...

====================================================================
  Training: 3000 epochs | 8 sets
  Per epoch: 4096 pts | device: cuda:6
  Optimizer: Adam + OneCycleLR  (max_lr=0.0005, warm-up 15%)
  Loss: HuberLoss (delta=0.5)
  Network: KAN  (B-spline edges, cubic k=3)
====================================================================
  Epoch     1/3000  loss=2.6491e+00  lr=2.00e-05  (0.1s)

  Done in 289.3s | min loss = 1.7159e-04

    -> min_loss=1.716e-04  mean_rel_err=4.753e-02  min_digits=2  params=37,070  (289.3s)
[428/648] width=32 depth=3 G=12 k=3 lr=0.0005 epochs=4000 ...

====================================================================
  Training: 4000 epochs | 8 sets
  Per epoch: 4096 pts | device: cuda:6
  Optimizer: Adam + OneCycleLR  (max_lr=0.0005, warm-up 15%)
  Loss: HuberLoss (delta=0.5)
  Network: KAN  (B-spline edges, cubic k=3)
====================================================================
  Epoch     1/4000  loss=2.6491e+00  lr=2.00e-05  (0.1s)

  Done in 386.5s | min loss = 1.2899e-04

    -> min_loss=1.290e-04  mean_rel_err=4.762e-02  min_digits=2  params=37,070  (386.5s)
[429/648] width=32 depth=3 G=12 k=3 lr=0.0005 epochs=5500 ...

====================================================================
  Training: 5500 epochs | 8 sets
  Per epoch: 4096 pts | device: cuda:6
  Optimizer: Adam + OneCycleLR  (max_lr=0.0005, warm-up 15%)
  Loss: HuberLoss (delta=0.5)
  Network: KAN  (B-spline edges, cubic k=3)
====================================================================
  Epoch     1/5500  loss=2.6491e+00  lr=2.00e-05  (0.1s)

  Done in 529.7s | min loss = 8.1789e-05

    -> min_loss=8.179e-05  mean_rel_err=4.794e-02  min_digits=2  params=37,070  (529.7s)
[430/648] width=32 depth=3 G=12 k=3 lr=0.0005 epochs=7000 ...

====================================================================
  Training: 7000 epochs | 8 sets
  Per epoch: 4096 pts | device: cuda:6
  Optimizer: Adam + OneCycleLR  (max_lr=0.0005, warm-up 15%)
  Loss: HuberLoss (delta=0.5)
  Network: KAN  (B-spline edges, cubic k=3)
====================================================================
  Epoch     1/7000  loss=2.6491e+00  lr=2.00e-05  (0.1s)

  Done in 680.7s | min loss = 6.3715e-05

    -> min_loss=6.371e-05  mean_rel_err=5.148e-02  min_digits=2  params=37,070  (680.7s)
[431/648] width=32 depth=3 G=12 k=3 lr=0.0005 epochs=8500 ...

====================================================================
  Training: 8500 epochs | 8 sets
  Per epoch: 4096 pts | device: cuda:6
  Optimizer: Adam + OneCycleLR  (max_lr=0.0005, warm-up 15%)
  Loss: HuberLoss (delta=0.5)
  Network: KAN  (B-spline edges, cubic k=3)
====================================================================
  Epoch     1/8500  loss=2.6491e+00  lr=2.00e-05  (0.1s)

  Done in 817.2s | min loss = 4.5229e-05

    -> min_loss=4.523e-05  mean_rel_err=3.981e-02  min_digits=2  params=37,070  (817.2s)
[432/648] width=32 depth=3 G=12 k=3 lr=0.0005 epochs=10000 ...

====================================================================
  Training: 10000 epochs | 8 sets
  Per epoch: 4096 pts | device: cuda:6
  Optimizer: Adam + OneCycleLR  (max_lr=0.0005, warm-up 15%)
  Loss: HuberLoss (delta=0.5)
  Network: KAN  (B-spline edges, cubic k=3)
====================================================================
  Epoch     1/10000  loss=2.6491e+00  lr=2.00e-05  (0.1s)

  Done in 964.8s | min loss = 3.8644e-05

    -> min_loss=3.864e-05  mean_rel_err=4.573e-02  min_digits=2  params=37,070  (964.8s)
[433/648] width=64 depth=1 G=5 k=3 lr=0.002 epochs=1500 ...

====================================================================
  Training: 1500 epochs | 8 sets
  Per epoch: 4096 pts | device: cuda:6
  Optimizer: Adam + OneCycleLR  (max_lr=0.002, warm-up 15%)
  Loss: HuberLoss (delta=0.5)
  Network: KAN  (B-spline edges, cubic k=3)
====================================================================
  Epoch     1/1500  loss=1.0617e-01  lr=8.01e-05  (0.0s)

  Done in 67.6s | min loss = 1.7056e-03

    -> min_loss=1.706e-03  mean_rel_err=1.274e-01  min_digits=1  params=4,750  (67.6s)
[434/648] width=64 depth=1 G=5 k=3 lr=0.002 epochs=2000 ...

====================================================================
  Training: 2000 epochs | 8 sets
  Per epoch: 4096 pts | device: cuda:6
  Optimizer: Adam + OneCycleLR  (max_lr=0.002, warm-up 15%)
  Loss: HuberLoss (delta=0.5)
  Network: KAN  (B-spline edges, cubic k=3)
====================================================================
  Epoch     1/2000  loss=1.0617e-01  lr=8.01e-05  (0.0s)

  Done in 94.2s | min loss = 1.1062e-03

    -> min_loss=1.106e-03  mean_rel_err=1.323e-01  min_digits=1  params=4,750  (94.2s)
[435/648] width=64 depth=1 G=5 k=3 lr=0.002 epochs=3000 ...

====================================================================
  Training: 3000 epochs | 8 sets
  Per epoch: 4096 pts | device: cuda:6
  Optimizer: Adam + OneCycleLR  (max_lr=0.002, warm-up 15%)
  Loss: HuberLoss (delta=0.5)
  Network: KAN  (B-spline edges, cubic k=3)
====================================================================
  Epoch     1/3000  loss=1.0617e-01  lr=8.00e-05  (0.0s)

  Done in 137.0s | min loss = 1.0144e-03

    -> min_loss=1.014e-03  mean_rel_err=7.392e-02  min_digits=1  params=4,750  (137.0s)
[436/648] width=64 depth=1 G=5 k=3 lr=0.002 epochs=4000 ...

====================================================================
  Training: 4000 epochs | 8 sets
  Per epoch: 4096 pts | device: cuda:6
  Optimizer: Adam + OneCycleLR  (max_lr=0.002, warm-up 15%)
  Loss: HuberLoss (delta=0.5)
  Network: KAN  (B-spline edges, cubic k=3)
====================================================================
  Epoch     1/4000  loss=1.0617e-01  lr=8.00e-05  (0.1s)

  Done in 210.8s | min loss = 8.1838e-04

    -> min_loss=8.184e-04  mean_rel_err=1.360e-01  min_digits=1  params=4,750  (210.8s)
[437/648] width=64 depth=1 G=5 k=3 lr=0.002 epochs=5500 ...

====================================================================
  Training: 5500 epochs | 8 sets
  Per epoch: 4096 pts | device: cuda:6
  Optimizer: Adam + OneCycleLR  (max_lr=0.002, warm-up 15%)
  Loss: HuberLoss (delta=0.5)
  Network: KAN  (B-spline edges, cubic k=3)
====================================================================
  Epoch     1/5500  loss=1.0617e-01  lr=8.00e-05  (0.1s)

  Done in 397.8s | min loss = 5.9792e-04

    -> min_loss=5.979e-04  mean_rel_err=9.056e-02  min_digits=1  params=4,750  (397.8s)
[438/648] width=64 depth=1 G=5 k=3 lr=0.002 epochs=7000 ...

====================================================================
  Training: 7000 epochs | 8 sets
  Per epoch: 4096 pts | device: cuda:6
  Optimizer: Adam + OneCycleLR  (max_lr=0.002, warm-up 15%)
  Loss: HuberLoss (delta=0.5)
  Network: KAN  (B-spline edges, cubic k=3)
====================================================================
  Epoch     1/7000  loss=1.0617e-01  lr=8.00e-05  (0.1s)

  Done in 336.5s | min loss = 5.0140e-04

    -> min_loss=5.014e-04  mean_rel_err=2.215e-01  min_digits=1  params=4,750  (336.5s)
[439/648] width=64 depth=1 G=5 k=3 lr=0.002 epochs=8500 ...

====================================================================
  Training: 8500 epochs | 8 sets
  Per epoch: 4096 pts | device: cuda:6
  Optimizer: Adam + OneCycleLR  (max_lr=0.002, warm-up 15%)
  Loss: HuberLoss (delta=0.5)
  Network: KAN  (B-spline edges, cubic k=3)
====================================================================
  Epoch     1/8500  loss=1.0617e-01  lr=8.00e-05  (0.0s)

  Done in 406.3s | min loss = 4.2333e-04

    -> min_loss=4.233e-04  mean_rel_err=1.744e-01  min_digits=1  params=4,750  (406.3s)
[440/648] width=64 depth=1 G=5 k=3 lr=0.002 epochs=10000 ...

====================================================================
  Training: 10000 epochs | 8 sets
  Per epoch: 4096 pts | device: cuda:6
  Optimizer: Adam + OneCycleLR  (max_lr=0.002, warm-up 15%)
  Loss: HuberLoss (delta=0.5)
  Network: KAN  (B-spline edges, cubic k=3)
====================================================================
  Epoch     1/10000  loss=1.0617e-01  lr=8.00e-05  (0.0s)

  Done in 482.6s | min loss = 4.0333e-04

    -> min_loss=4.033e-04  mean_rel_err=1.205e-01  min_digits=1  params=4,750  (482.6s)
[441/648] width=64 depth=1 G=5 k=3 lr=0.001 epochs=1500 ...

====================================================================
  Training: 1500 epochs | 8 sets
  Per epoch: 4096 pts | device: cuda:6
  Optimizer: Adam + OneCycleLR  (max_lr=0.001, warm-up 15%)
  Loss: HuberLoss (delta=0.5)
  Network: KAN  (B-spline edges, cubic k=3)
====================================================================
  Epoch     1/1500  loss=1.0617e-01  lr=4.00e-05  (0.0s)

  Done in 74.4s | min loss = 2.2832e-03

    -> min_loss=2.283e-03  mean_rel_err=1.002e-01  min_digits=1  params=4,750  (74.4s)
[442/648] width=64 depth=1 G=5 k=3 lr=0.001 epochs=2000 ...

====================================================================
  Training: 2000 epochs | 8 sets
  Per epoch: 4096 pts | device: cuda:6
  Optimizer: Adam + OneCycleLR  (max_lr=0.001, warm-up 15%)
  Loss: HuberLoss (delta=0.5)
  Network: KAN  (B-spline edges, cubic k=3)
====================================================================
  Epoch     1/2000  loss=1.0617e-01  lr=4.00e-05  (0.1s)

  Done in 96.4s | min loss = 1.6067e-03

    -> min_loss=1.607e-03  mean_rel_err=9.816e-02  min_digits=1  params=4,750  (96.4s)
[443/648] width=64 depth=1 G=5 k=3 lr=0.001 epochs=3000 ...

====================================================================
  Training: 3000 epochs | 8 sets
  Per epoch: 4096 pts | device: cuda:6
  Optimizer: Adam + OneCycleLR  (max_lr=0.001, warm-up 15%)
  Loss: HuberLoss (delta=0.5)
  Network: KAN  (B-spline edges, cubic k=3)
====================================================================
  Epoch     1/3000  loss=1.0617e-01  lr=4.00e-05  (0.0s)

  Done in 143.0s | min loss = 1.0629e-03

    -> min_loss=1.063e-03  mean_rel_err=7.795e-02  min_digits=1  params=4,750  (143.0s)
[444/648] width=64 depth=1 G=5 k=3 lr=0.001 epochs=4000 ...

====================================================================
  Training: 4000 epochs | 8 sets
  Per epoch: 4096 pts | device: cuda:6
  Optimizer: Adam + OneCycleLR  (max_lr=0.001, warm-up 15%)
  Loss: HuberLoss (delta=0.5)
  Network: KAN  (B-spline edges, cubic k=3)
====================================================================
  Epoch     1/4000  loss=1.0617e-01  lr=4.00e-05  (0.0s)

  Done in 198.6s | min loss = 8.3838e-04

    -> min_loss=8.384e-04  mean_rel_err=1.159e-01  min_digits=1  params=4,750  (198.6s)
[445/648] width=64 depth=1 G=5 k=3 lr=0.001 epochs=5500 ...

====================================================================
  Training: 5500 epochs | 8 sets
  Per epoch: 4096 pts | device: cuda:6
  Optimizer: Adam + OneCycleLR  (max_lr=0.001, warm-up 15%)
  Loss: HuberLoss (delta=0.5)
  Network: KAN  (B-spline edges, cubic k=3)
====================================================================
  Epoch     1/5500  loss=1.0617e-01  lr=4.00e-05  (0.1s)

  Done in 279.6s | min loss = 6.3436e-04

    -> min_loss=6.344e-04  mean_rel_err=1.175e-01  min_digits=1  params=4,750  (279.6s)
[446/648] width=64 depth=1 G=5 k=3 lr=0.001 epochs=7000 ...

====================================================================
  Training: 7000 epochs | 8 sets
  Per epoch: 4096 pts | device: cuda:6
  Optimizer: Adam + OneCycleLR  (max_lr=0.001, warm-up 15%)
  Loss: HuberLoss (delta=0.5)
  Network: KAN  (B-spline edges, cubic k=3)
====================================================================
  Epoch     1/7000  loss=1.0617e-01  lr=4.00e-05  (0.0s)

  Done in 335.5s | min loss = 5.5080e-04

    -> min_loss=5.508e-04  mean_rel_err=1.735e-01  min_digits=1  params=4,750  (335.5s)
[447/648] width=64 depth=1 G=5 k=3 lr=0.001 epochs=8500 ...

====================================================================
  Training: 8500 epochs | 8 sets
  Per epoch: 4096 pts | device: cuda:6
  Optimizer: Adam + OneCycleLR  (max_lr=0.001, warm-up 15%)
  Loss: HuberLoss (delta=0.5)
  Network: KAN  (B-spline edges, cubic k=3)
====================================================================
  Epoch     1/8500  loss=1.0617e-01  lr=4.00e-05  (0.1s)

  Done in 396.5s | min loss = 4.7746e-04

    -> min_loss=4.775e-04  mean_rel_err=1.405e-01  min_digits=1  params=4,750  (396.5s)
[448/648] width=64 depth=1 G=5 k=3 lr=0.001 epochs=10000 ...

====================================================================
  Training: 10000 epochs | 8 sets
  Per epoch: 4096 pts | device: cuda:6
  Optimizer: Adam + OneCycleLR  (max_lr=0.001, warm-up 15%)
  Loss: HuberLoss (delta=0.5)
  Network: KAN  (B-spline edges, cubic k=3)
====================================================================
  Epoch     1/10000  loss=1.0617e-01  lr=4.00e-05  (0.1s)

  Done in 465.1s | min loss = 4.2791e-04

    -> min_loss=4.279e-04  mean_rel_err=1.642e-01  min_digits=1  params=4,750  (465.1s)
[449/648] width=64 depth=1 G=5 k=3 lr=0.0005 epochs=1500 ...

====================================================================
  Training: 1500 epochs | 8 sets
  Per epoch: 4096 pts | device: cuda:6
  Optimizer: Adam + OneCycleLR  (max_lr=0.0005, warm-up 15%)
  Loss: HuberLoss (delta=0.5)
  Network: KAN  (B-spline edges, cubic k=3)
====================================================================
  Epoch     1/1500  loss=1.0617e-01  lr=2.00e-05  (0.0s)

  Done in 69.0s | min loss = 3.3525e-03

    -> min_loss=3.353e-03  mean_rel_err=9.005e-02  min_digits=2  params=4,750  (69.0s)
[450/648] width=64 depth=1 G=5 k=3 lr=0.0005 epochs=2000 ...

====================================================================
  Training: 2000 epochs | 8 sets
  Per epoch: 4096 pts | device: cuda:6
  Optimizer: Adam + OneCycleLR  (max_lr=0.0005, warm-up 15%)
  Loss: HuberLoss (delta=0.5)
  Network: KAN  (B-spline edges, cubic k=3)
====================================================================
  Epoch     1/2000  loss=1.0617e-01  lr=2.00e-05  (0.0s)

  Done in 92.0s | min loss = 2.5979e-03

    -> min_loss=2.598e-03  mean_rel_err=7.690e-02  min_digits=1  params=4,750  (92.0s)
[451/648] width=64 depth=1 G=5 k=3 lr=0.0005 epochs=3000 ...

====================================================================
  Training: 3000 epochs | 8 sets
  Per epoch: 4096 pts | device: cuda:6
  Optimizer: Adam + OneCycleLR  (max_lr=0.0005, warm-up 15%)
  Loss: HuberLoss (delta=0.5)
  Network: KAN  (B-spline edges, cubic k=3)
====================================================================
  Epoch     1/3000  loss=1.0617e-01  lr=2.00e-05  (0.0s)

  Done in 138.0s | min loss = 1.5914e-03

    -> min_loss=1.591e-03  mean_rel_err=1.045e-01  min_digits=1  params=4,750  (138.0s)
[452/648] width=64 depth=1 G=5 k=3 lr=0.0005 epochs=4000 ...

====================================================================
  Training: 4000 epochs | 8 sets
  Per epoch: 4096 pts | device: cuda:6
  Optimizer: Adam + OneCycleLR  (max_lr=0.0005, warm-up 15%)
  Loss: HuberLoss (delta=0.5)
  Network: KAN  (B-spline edges, cubic k=3)
====================================================================
  Epoch     1/4000  loss=1.0617e-01  lr=2.00e-05  (0.0s)

  Done in 184.1s | min loss = 1.3332e-03

    -> min_loss=1.333e-03  mean_rel_err=1.519e-01  min_digits=1  params=4,750  (184.1s)
[453/648] width=64 depth=1 G=5 k=3 lr=0.0005 epochs=5500 ...

====================================================================
  Training: 5500 epochs | 8 sets
  Per epoch: 4096 pts | device: cuda:6
  Optimizer: Adam + OneCycleLR  (max_lr=0.0005, warm-up 15%)
  Loss: HuberLoss (delta=0.5)
  Network: KAN  (B-spline edges, cubic k=3)
====================================================================
  Epoch     1/5500  loss=1.0617e-01  lr=2.00e-05  (0.0s)

  Done in 252.8s | min loss = 1.0192e-03

    -> min_loss=1.019e-03  mean_rel_err=1.831e-01  min_digits=1  params=4,750  (252.8s)
[454/648] width=64 depth=1 G=5 k=3 lr=0.0005 epochs=7000 ...

====================================================================
  Training: 7000 epochs | 8 sets
  Per epoch: 4096 pts | device: cuda:6
  Optimizer: Adam + OneCycleLR  (max_lr=0.0005, warm-up 15%)
  Loss: HuberLoss (delta=0.5)
  Network: KAN  (B-spline edges, cubic k=3)
====================================================================
  Epoch     1/7000  loss=1.0617e-01  lr=2.00e-05  (0.0s)

  Done in 334.3s | min loss = 8.5069e-04

    -> min_loss=8.507e-04  mean_rel_err=1.781e-01  min_digits=1  params=4,750  (334.3s)
[455/648] width=64 depth=1 G=5 k=3 lr=0.0005 epochs=8500 ...

====================================================================
  Training: 8500 epochs | 8 sets
  Per epoch: 4096 pts | device: cuda:6
  Optimizer: Adam + OneCycleLR  (max_lr=0.0005, warm-up 15%)
  Loss: HuberLoss (delta=0.5)
  Network: KAN  (B-spline edges, cubic k=3)
====================================================================
  Epoch     1/8500  loss=1.0617e-01  lr=2.00e-05  (0.0s)

  Done in 392.7s | min loss = 6.7833e-04

    -> min_loss=6.783e-04  mean_rel_err=2.253e-01  min_digits=1  params=4,750  (392.7s)
[456/648] width=64 depth=1 G=5 k=3 lr=0.0005 epochs=10000 ...

====================================================================
  Training: 10000 epochs | 8 sets
  Per epoch: 4096 pts | device: cuda:6
  Optimizer: Adam + OneCycleLR  (max_lr=0.0005, warm-up 15%)
  Loss: HuberLoss (delta=0.5)
  Network: KAN  (B-spline edges, cubic k=3)
====================================================================
  Epoch     1/10000  loss=1.0617e-01  lr=2.00e-05  (0.0s)

  Done in 458.2s | min loss = 5.8865e-04

    -> min_loss=5.886e-04  mean_rel_err=2.330e-01  min_digits=1  params=4,750  (458.2s)
[457/648] width=64 depth=1 G=8 k=3 lr=0.002 epochs=1500 ...

====================================================================
  Training: 1500 epochs | 8 sets
  Per epoch: 4096 pts | device: cuda:6
  Optimizer: Adam + OneCycleLR  (max_lr=0.002, warm-up 15%)
  Loss: HuberLoss (delta=0.5)
  Network: KAN  (B-spline edges, cubic k=3)
====================================================================
  Epoch     1/1500  loss=2.1565e-01  lr=8.01e-05  (0.0s)

  Done in 67.2s | min loss = 1.6891e-03

    -> min_loss=1.689e-03  mean_rel_err=1.053e-01  min_digits=2  params=6,286  (67.2s)
[458/648] width=64 depth=1 G=8 k=3 lr=0.002 epochs=2000 ...

====================================================================
  Training: 2000 epochs | 8 sets
  Per epoch: 4096 pts | device: cuda:6
  Optimizer: Adam + OneCycleLR  (max_lr=0.002, warm-up 15%)
  Loss: HuberLoss (delta=0.5)
  Network: KAN  (B-spline edges, cubic k=3)
====================================================================
  Epoch     1/2000  loss=2.1565e-01  lr=8.01e-05  (0.0s)

  Done in 89.9s | min loss = 1.3033e-03

    -> min_loss=1.303e-03  mean_rel_err=1.209e-01  min_digits=1  params=6,286  (89.9s)
[459/648] width=64 depth=1 G=8 k=3 lr=0.002 epochs=3000 ...

====================================================================
  Training: 3000 epochs | 8 sets
  Per epoch: 4096 pts | device: cuda:6
  Optimizer: Adam + OneCycleLR  (max_lr=0.002, warm-up 15%)
  Loss: HuberLoss (delta=0.5)
  Network: KAN  (B-spline edges, cubic k=3)
====================================================================
  Epoch     1/3000  loss=2.1565e-01  lr=8.00e-05  (0.1s)

  Done in 138.9s | min loss = 1.0239e-03

    -> min_loss=1.024e-03  mean_rel_err=9.760e-02  min_digits=1  params=6,286  (138.9s)
[460/648] width=64 depth=1 G=8 k=3 lr=0.002 epochs=4000 ...

====================================================================
  Training: 4000 epochs | 8 sets
  Per epoch: 4096 pts | device: cuda:6
  Optimizer: Adam + OneCycleLR  (max_lr=0.002, warm-up 15%)
  Loss: HuberLoss (delta=0.5)
  Network: KAN  (B-spline edges, cubic k=3)
====================================================================
  Epoch     1/4000  loss=2.1565e-01  lr=8.00e-05  (0.1s)

  Done in 181.1s | min loss = 6.9005e-04

    -> min_loss=6.901e-04  mean_rel_err=1.119e-01  min_digits=1  params=6,286  (181.1s)
[461/648] width=64 depth=1 G=8 k=3 lr=0.002 epochs=5500 ...

====================================================================
  Training: 5500 epochs | 8 sets
  Per epoch: 4096 pts | device: cuda:6
  Optimizer: Adam + OneCycleLR  (max_lr=0.002, warm-up 15%)
  Loss: HuberLoss (delta=0.5)
  Network: KAN  (B-spline edges, cubic k=3)
====================================================================
  Epoch     1/5500  loss=2.1565e-01  lr=8.00e-05  (0.1s)

  Done in 281.8s | min loss = 6.0988e-04

    -> min_loss=6.099e-04  mean_rel_err=1.047e-01  min_digits=2  params=6,286  (281.8s)
[462/648] width=64 depth=1 G=8 k=3 lr=0.002 epochs=7000 ...

====================================================================
  Training: 7000 epochs | 8 sets
  Per epoch: 4096 pts | device: cuda:6
  Optimizer: Adam + OneCycleLR  (max_lr=0.002, warm-up 15%)
  Loss: HuberLoss (delta=0.5)
  Network: KAN  (B-spline edges, cubic k=3)
====================================================================
  Epoch     1/7000  loss=2.1565e-01  lr=8.00e-05  (0.1s)

  Done in 485.7s | min loss = 5.2502e-04

    -> min_loss=5.250e-04  mean_rel_err=1.100e-01  min_digits=2  params=6,286  (485.7s)
[463/648] width=64 depth=1 G=8 k=3 lr=0.002 epochs=8500 ...

====================================================================
  Training: 8500 epochs | 8 sets
  Per epoch: 4096 pts | device: cuda:6
  Optimizer: Adam + OneCycleLR  (max_lr=0.002, warm-up 15%)
  Loss: HuberLoss (delta=0.5)
  Network: KAN  (B-spline edges, cubic k=3)
====================================================================
  Epoch     1/8500  loss=2.1565e-01  lr=8.00e-05  (0.1s)

  Done in 558.2s | min loss = 4.6782e-04

    -> min_loss=4.678e-04  mean_rel_err=1.287e-01  min_digits=2  params=6,286  (558.2s)
[464/648] width=64 depth=1 G=8 k=3 lr=0.002 epochs=10000 ...

====================================================================
  Training: 10000 epochs | 8 sets
  Per epoch: 4096 pts | device: cuda:6
  Optimizer: Adam + OneCycleLR  (max_lr=0.002, warm-up 15%)
  Loss: HuberLoss (delta=0.5)
  Network: KAN  (B-spline edges, cubic k=3)
====================================================================
  Epoch     1/10000  loss=2.1565e-01  lr=8.00e-05  (0.1s)

  Done in 492.4s | min loss = 3.9221e-04

    -> min_loss=3.922e-04  mean_rel_err=1.284e-01  min_digits=2  params=6,286  (492.4s)
[465/648] width=64 depth=1 G=8 k=3 lr=0.001 epochs=1500 ...

====================================================================
  Training: 1500 epochs | 8 sets
  Per epoch: 4096 pts | device: cuda:6
  Optimizer: Adam + OneCycleLR  (max_lr=0.001, warm-up 15%)
  Loss: HuberLoss (delta=0.5)
  Network: KAN  (B-spline edges, cubic k=3)
====================================================================
  Epoch     1/1500  loss=2.1565e-01  lr=4.00e-05  (0.0s)

  Done in 74.8s | min loss = 2.3739e-03

    -> min_loss=2.374e-03  mean_rel_err=1.128e-01  min_digits=2  params=6,286  (74.8s)
[466/648] width=64 depth=1 G=8 k=3 lr=0.001 epochs=2000 ...

====================================================================
  Training: 2000 epochs | 8 sets
  Per epoch: 4096 pts | device: cuda:6
  Optimizer: Adam + OneCycleLR  (max_lr=0.001, warm-up 15%)
  Loss: HuberLoss (delta=0.5)
  Network: KAN  (B-spline edges, cubic k=3)
====================================================================
  Epoch     1/2000  loss=2.1565e-01  lr=4.00e-05  (0.1s)

  Done in 102.8s | min loss = 1.8109e-03

    -> min_loss=1.811e-03  mean_rel_err=1.018e-01  min_digits=2  params=6,286  (102.8s)
[467/648] width=64 depth=1 G=8 k=3 lr=0.001 epochs=3000 ...

====================================================================
  Training: 3000 epochs | 8 sets
  Per epoch: 4096 pts | device: cuda:6
  Optimizer: Adam + OneCycleLR  (max_lr=0.001, warm-up 15%)
  Loss: HuberLoss (delta=0.5)
  Network: KAN  (B-spline edges, cubic k=3)
====================================================================
  Epoch     1/3000  loss=2.1565e-01  lr=4.00e-05  (0.1s)

  Done in 154.9s | min loss = 1.1691e-03

    -> min_loss=1.169e-03  mean_rel_err=1.400e-01  min_digits=2  params=6,286  (154.9s)
[468/648] width=64 depth=1 G=8 k=3 lr=0.001 epochs=4000 ...

====================================================================
  Training: 4000 epochs | 8 sets
  Per epoch: 4096 pts | device: cuda:6
  Optimizer: Adam + OneCycleLR  (max_lr=0.001, warm-up 15%)
  Loss: HuberLoss (delta=0.5)
  Network: KAN  (B-spline edges, cubic k=3)
====================================================================
  Epoch     1/4000  loss=2.1565e-01  lr=4.00e-05  (0.1s)

  Done in 199.7s | min loss = 1.0130e-03

    -> min_loss=1.013e-03  mean_rel_err=1.190e-01  min_digits=2  params=6,286  (199.7s)
[469/648] width=64 depth=1 G=8 k=3 lr=0.001 epochs=5500 ...

====================================================================
  Training: 5500 epochs | 8 sets
  Per epoch: 4096 pts | device: cuda:6
  Optimizer: Adam + OneCycleLR  (max_lr=0.001, warm-up 15%)
  Loss: HuberLoss (delta=0.5)
  Network: KAN  (B-spline edges, cubic k=3)
====================================================================
  Epoch     1/5500  loss=2.1565e-01  lr=4.00e-05  (0.0s)

  Done in 251.8s | min loss = 7.8029e-04

    -> min_loss=7.803e-04  mean_rel_err=1.037e-01  min_digits=2  params=6,286  (251.8s)
[470/648] width=64 depth=1 G=8 k=3 lr=0.001 epochs=7000 ...

====================================================================
  Training: 7000 epochs | 8 sets
  Per epoch: 4096 pts | device: cuda:6
  Optimizer: Adam + OneCycleLR  (max_lr=0.001, warm-up 15%)
  Loss: HuberLoss (delta=0.5)
  Network: KAN  (B-spline edges, cubic k=3)
====================================================================
  Epoch     1/7000  loss=2.1565e-01  lr=4.00e-05  (0.1s)

  Done in 321.0s | min loss = 5.8210e-04

    -> min_loss=5.821e-04  mean_rel_err=1.320e-01  min_digits=1  params=6,286  (321.0s)
[471/648] width=64 depth=1 G=8 k=3 lr=0.001 epochs=8500 ...

====================================================================
  Training: 8500 epochs | 8 sets
  Per epoch: 4096 pts | device: cuda:6
  Optimizer: Adam + OneCycleLR  (max_lr=0.001, warm-up 15%)
  Loss: HuberLoss (delta=0.5)
  Network: KAN  (B-spline edges, cubic k=3)
====================================================================
  Epoch     1/8500  loss=2.1565e-01  lr=4.00e-05  (0.0s)

  Done in 386.7s | min loss = 5.4434e-04

    -> min_loss=5.443e-04  mean_rel_err=9.323e-02  min_digits=2  params=6,286  (386.7s)
[472/648] width=64 depth=1 G=8 k=3 lr=0.001 epochs=10000 ...

====================================================================
  Training: 10000 epochs | 8 sets
  Per epoch: 4096 pts | device: cuda:6
  Optimizer: Adam + OneCycleLR  (max_lr=0.001, warm-up 15%)
  Loss: HuberLoss (delta=0.5)
  Network: KAN  (B-spline edges, cubic k=3)
====================================================================
  Epoch     1/10000  loss=2.1565e-01  lr=4.00e-05  (0.0s)

  Done in 452.7s | min loss = 4.4765e-04

    -> min_loss=4.477e-04  mean_rel_err=1.155e-01  min_digits=2  params=6,286  (452.7s)
[473/648] width=64 depth=1 G=8 k=3 lr=0.0005 epochs=1500 ...

====================================================================
  Training: 1500 epochs | 8 sets
  Per epoch: 4096 pts | device: cuda:6
  Optimizer: Adam + OneCycleLR  (max_lr=0.0005, warm-up 15%)
  Loss: HuberLoss (delta=0.5)
  Network: KAN  (B-spline edges, cubic k=3)
====================================================================
  Epoch     1/1500  loss=2.1565e-01  lr=2.00e-05  (0.1s)

  Done in 68.1s | min loss = 3.7484e-03

    -> min_loss=3.748e-03  mean_rel_err=1.338e-01  min_digits=2  params=6,286  (68.1s)
[474/648] width=64 depth=1 G=8 k=3 lr=0.0005 epochs=2000 ...

====================================================================
  Training: 2000 epochs | 8 sets
  Per epoch: 4096 pts | device: cuda:6
  Optimizer: Adam + OneCycleLR  (max_lr=0.0005, warm-up 15%)
  Loss: HuberLoss (delta=0.5)
  Network: KAN  (B-spline edges, cubic k=3)
====================================================================
  Epoch     1/2000  loss=2.1565e-01  lr=2.00e-05  (0.0s)

  Done in 90.1s | min loss = 2.6708e-03

    -> min_loss=2.671e-03  mean_rel_err=1.303e-01  min_digits=1  params=6,286  (90.1s)
[475/648] width=64 depth=1 G=8 k=3 lr=0.0005 epochs=3000 ...

====================================================================
  Training: 3000 epochs | 8 sets
  Per epoch: 4096 pts | device: cuda:6
  Optimizer: Adam + OneCycleLR  (max_lr=0.0005, warm-up 15%)
  Loss: HuberLoss (delta=0.5)
  Network: KAN  (B-spline edges, cubic k=3)
====================================================================
  Epoch     1/3000  loss=2.1565e-01  lr=2.00e-05  (0.0s)

  Done in 135.3s | min loss = 2.0080e-03

    -> min_loss=2.008e-03  mean_rel_err=1.332e-01  min_digits=1  params=6,286  (135.3s)
[476/648] width=64 depth=1 G=8 k=3 lr=0.0005 epochs=4000 ...

====================================================================
  Training: 4000 epochs | 8 sets
  Per epoch: 4096 pts | device: cuda:6
  Optimizer: Adam + OneCycleLR  (max_lr=0.0005, warm-up 15%)
  Loss: HuberLoss (delta=0.5)
  Network: KAN  (B-spline edges, cubic k=3)
====================================================================
  Epoch     1/4000  loss=2.1565e-01  lr=2.00e-05  (0.1s)

  Done in 182.0s | min loss = 1.4287e-03

    -> min_loss=1.429e-03  mean_rel_err=9.824e-02  min_digits=1  params=6,286  (182.0s)
[477/648] width=64 depth=1 G=8 k=3 lr=0.0005 epochs=5500 ...

====================================================================
  Training: 5500 epochs | 8 sets
  Per epoch: 4096 pts | device: cuda:6
  Optimizer: Adam + OneCycleLR  (max_lr=0.0005, warm-up 15%)
  Loss: HuberLoss (delta=0.5)
  Network: KAN  (B-spline edges, cubic k=3)
====================================================================
  Epoch     1/5500  loss=2.1565e-01  lr=2.00e-05  (0.0s)

  Done in 251.1s | min loss = 1.1871e-03

    -> min_loss=1.187e-03  mean_rel_err=1.027e-01  min_digits=1  params=6,286  (251.1s)
[478/648] width=64 depth=1 G=8 k=3 lr=0.0005 epochs=7000 ...

====================================================================
  Training: 7000 epochs | 8 sets
  Per epoch: 4096 pts | device: cuda:6
  Optimizer: Adam + OneCycleLR  (max_lr=0.0005, warm-up 15%)
  Loss: HuberLoss (delta=0.5)
  Network: KAN  (B-spline edges, cubic k=3)
====================================================================
  Epoch     1/7000  loss=2.1565e-01  lr=2.00e-05  (0.0s)

  Done in 315.3s | min loss = 8.1852e-04

    -> min_loss=8.185e-04  mean_rel_err=1.289e-01  min_digits=2  params=6,286  (315.3s)
[479/648] width=64 depth=1 G=8 k=3 lr=0.0005 epochs=8500 ...

====================================================================
  Training: 8500 epochs | 8 sets
  Per epoch: 4096 pts | device: cuda:6
  Optimizer: Adam + OneCycleLR  (max_lr=0.0005, warm-up 15%)
  Loss: HuberLoss (delta=0.5)
  Network: KAN  (B-spline edges, cubic k=3)
====================================================================
  Epoch     1/8500  loss=2.1565e-01  lr=2.00e-05  (0.0s)

  Done in 383.2s | min loss = 6.5992e-04

    -> min_loss=6.599e-04  mean_rel_err=9.123e-02  min_digits=2  params=6,286  (383.2s)
[480/648] width=64 depth=1 G=8 k=3 lr=0.0005 epochs=10000 ...

====================================================================
  Training: 10000 epochs | 8 sets
  Per epoch: 4096 pts | device: cuda:6
  Optimizer: Adam + OneCycleLR  (max_lr=0.0005, warm-up 15%)
  Loss: HuberLoss (delta=0.5)
  Network: KAN  (B-spline edges, cubic k=3)
====================================================================
  Epoch     1/10000  loss=2.1565e-01  lr=2.00e-05  (0.0s)

  Done in 455.5s | min loss = 7.2373e-04

    -> min_loss=7.237e-04  mean_rel_err=1.046e-01  min_digits=2  params=6,286  (455.5s)
[481/648] width=64 depth=1 G=12 k=3 lr=0.002 epochs=1500 ...

====================================================================
  Training: 1500 epochs | 8 sets
  Per epoch: 4096 pts | device: cuda:6
  Optimizer: Adam + OneCycleLR  (max_lr=0.002, warm-up 15%)
  Loss: HuberLoss (delta=0.5)
  Network: KAN  (B-spline edges, cubic k=3)
====================================================================
  Epoch     1/1500  loss=6.1727e-01  lr=8.01e-05  (0.0s)

  Done in 68.5s | min loss = 1.6431e-03

    -> min_loss=1.643e-03  mean_rel_err=7.878e-02  min_digits=2  params=8,334  (68.5s)
[482/648] width=64 depth=1 G=12 k=3 lr=0.002 epochs=2000 ...

====================================================================
  Training: 2000 epochs | 8 sets
  Per epoch: 4096 pts | device: cuda:6
  Optimizer: Adam + OneCycleLR  (max_lr=0.002, warm-up 15%)
  Loss: HuberLoss (delta=0.5)
  Network: KAN  (B-spline edges, cubic k=3)
====================================================================
  Epoch     1/2000  loss=6.1727e-01  lr=8.01e-05  (0.0s)

  Done in 92.9s | min loss = 1.2585e-03

    -> min_loss=1.259e-03  mean_rel_err=7.529e-02  min_digits=2  params=8,334  (92.9s)
[483/648] width=64 depth=1 G=12 k=3 lr=0.002 epochs=3000 ...

====================================================================
  Training: 3000 epochs | 8 sets
  Per epoch: 4096 pts | device: cuda:6
  Optimizer: Adam + OneCycleLR  (max_lr=0.002, warm-up 15%)
  Loss: HuberLoss (delta=0.5)
  Network: KAN  (B-spline edges, cubic k=3)
====================================================================
  Epoch     1/3000  loss=6.1727e-01  lr=8.00e-05  (0.0s)

  Done in 136.7s | min loss = 1.0894e-03

    -> min_loss=1.089e-03  mean_rel_err=7.185e-02  min_digits=2  params=8,334  (136.7s)
[484/648] width=64 depth=1 G=12 k=3 lr=0.002 epochs=4000 ...

====================================================================
  Training: 4000 epochs | 8 sets
  Per epoch: 4096 pts | device: cuda:6
  Optimizer: Adam + OneCycleLR  (max_lr=0.002, warm-up 15%)
  Loss: HuberLoss (delta=0.5)
  Network: KAN  (B-spline edges, cubic k=3)
====================================================================
  Epoch     1/4000  loss=6.1727e-01  lr=8.00e-05  (0.0s)

  Done in 184.5s | min loss = 9.9615e-04

    -> min_loss=9.961e-04  mean_rel_err=9.678e-02  min_digits=2  params=8,334  (184.5s)
[485/648] width=64 depth=1 G=12 k=3 lr=0.002 epochs=5500 ...

====================================================================
  Training: 5500 epochs | 8 sets
  Per epoch: 4096 pts | device: cuda:6
  Optimizer: Adam + OneCycleLR  (max_lr=0.002, warm-up 15%)
  Loss: HuberLoss (delta=0.5)
  Network: KAN  (B-spline edges, cubic k=3)
====================================================================
  Epoch     1/5500  loss=6.1727e-01  lr=8.00e-05  (0.0s)

  Done in 252.1s | min loss = 6.3066e-04

    -> min_loss=6.307e-04  mean_rel_err=4.983e-02  min_digits=2  params=8,334  (252.1s)
[486/648] width=64 depth=1 G=12 k=3 lr=0.002 epochs=7000 ...

====================================================================
  Training: 7000 epochs | 8 sets
  Per epoch: 4096 pts | device: cuda:6
  Optimizer: Adam + OneCycleLR  (max_lr=0.002, warm-up 15%)
  Loss: HuberLoss (delta=0.5)
  Network: KAN  (B-spline edges, cubic k=3)
====================================================================
  Epoch     1/7000  loss=6.1727e-01  lr=8.00e-05  (0.0s)

  Done in 324.4s | min loss = 5.4188e-04

    -> min_loss=5.419e-04  mean_rel_err=8.496e-02  min_digits=2  params=8,334  (324.4s)
[487/648] width=64 depth=1 G=12 k=3 lr=0.002 epochs=8500 ...

====================================================================
  Training: 8500 epochs | 8 sets
  Per epoch: 4096 pts | device: cuda:6
  Optimizer: Adam + OneCycleLR  (max_lr=0.002, warm-up 15%)
  Loss: HuberLoss (delta=0.5)
  Network: KAN  (B-spline edges, cubic k=3)
====================================================================
  Epoch     1/8500  loss=6.1727e-01  lr=8.00e-05  (0.0s)

  Done in 389.7s | min loss = 4.6897e-04

    -> min_loss=4.690e-04  mean_rel_err=6.598e-02  min_digits=2  params=8,334  (389.7s)
[488/648] width=64 depth=1 G=12 k=3 lr=0.002 epochs=10000 ...

====================================================================
  Training: 10000 epochs | 8 sets
  Per epoch: 4096 pts | device: cuda:6
  Optimizer: Adam + OneCycleLR  (max_lr=0.002, warm-up 15%)
  Loss: HuberLoss (delta=0.5)
  Network: KAN  (B-spline edges, cubic k=3)
====================================================================
  Epoch     1/10000  loss=6.1727e-01  lr=8.00e-05  (0.0s)

  Done in 459.6s | min loss = 4.5172e-04

    -> min_loss=4.517e-04  mean_rel_err=6.995e-02  min_digits=2  params=8,334  (459.6s)
[489/648] width=64 depth=1 G=12 k=3 lr=0.001 epochs=1500 ...

====================================================================
  Training: 1500 epochs | 8 sets
  Per epoch: 4096 pts | device: cuda:6
  Optimizer: Adam + OneCycleLR  (max_lr=0.001, warm-up 15%)
  Loss: HuberLoss (delta=0.5)
  Network: KAN  (B-spline edges, cubic k=3)
====================================================================
  Epoch     1/1500  loss=6.1727e-01  lr=4.00e-05  (0.0s)

  Done in 70.1s | min loss = 2.2243e-03

    -> min_loss=2.224e-03  mean_rel_err=4.938e-02  min_digits=2  params=8,334  (70.1s)
[490/648] width=64 depth=1 G=12 k=3 lr=0.001 epochs=2000 ...

====================================================================
  Training: 2000 epochs | 8 sets
  Per epoch: 4096 pts | device: cuda:6
  Optimizer: Adam + OneCycleLR  (max_lr=0.001, warm-up 15%)
  Loss: HuberLoss (delta=0.5)
  Network: KAN  (B-spline edges, cubic k=3)
====================================================================
  Epoch     1/2000  loss=6.1727e-01  lr=4.00e-05  (0.0s)

  Done in 94.1s | min loss = 1.9047e-03

    -> min_loss=1.905e-03  mean_rel_err=3.963e-02  min_digits=2  params=8,334  (94.1s)
[491/648] width=64 depth=1 G=12 k=3 lr=0.001 epochs=3000 ...

====================================================================
  Training: 3000 epochs | 8 sets
  Per epoch: 4096 pts | device: cuda:6
  Optimizer: Adam + OneCycleLR  (max_lr=0.001, warm-up 15%)
  Loss: HuberLoss (delta=0.5)
  Network: KAN  (B-spline edges, cubic k=3)
====================================================================
  Epoch     1/3000  loss=6.1727e-01  lr=4.00e-05  (0.0s)

  Done in 137.7s | min loss = 1.4110e-03

    -> min_loss=1.411e-03  mean_rel_err=5.220e-02  min_digits=2  params=8,334  (137.7s)
[492/648] width=64 depth=1 G=12 k=3 lr=0.001 epochs=4000 ...

====================================================================
  Training: 4000 epochs | 8 sets
  Per epoch: 4096 pts | device: cuda:6
  Optimizer: Adam + OneCycleLR  (max_lr=0.001, warm-up 15%)
  Loss: HuberLoss (delta=0.5)
  Network: KAN  (B-spline edges, cubic k=3)
====================================================================
  Epoch     1/4000  loss=6.1727e-01  lr=4.00e-05  (0.0s)

  Done in 187.5s | min loss = 1.1719e-03

    -> min_loss=1.172e-03  mean_rel_err=5.865e-02  min_digits=2  params=8,334  (187.5s)
[493/648] width=64 depth=1 G=12 k=3 lr=0.001 epochs=5500 ...

====================================================================
  Training: 5500 epochs | 8 sets
  Per epoch: 4096 pts | device: cuda:6
  Optimizer: Adam + OneCycleLR  (max_lr=0.001, warm-up 15%)
  Loss: HuberLoss (delta=0.5)
  Network: KAN  (B-spline edges, cubic k=3)
====================================================================
  Epoch     1/5500  loss=6.1727e-01  lr=4.00e-05  (0.0s)

  Done in 252.8s | min loss = 1.0131e-03

    -> min_loss=1.013e-03  mean_rel_err=7.618e-02  min_digits=2  params=8,334  (252.8s)
[494/648] width=64 depth=1 G=12 k=3 lr=0.001 epochs=7000 ...

====================================================================
  Training: 7000 epochs | 8 sets
  Per epoch: 4096 pts | device: cuda:6
  Optimizer: Adam + OneCycleLR  (max_lr=0.001, warm-up 15%)
  Loss: HuberLoss (delta=0.5)
  Network: KAN  (B-spline edges, cubic k=3)
====================================================================
  Epoch     1/7000  loss=6.1727e-01  lr=4.00e-05  (0.0s)

  Done in 323.2s | min loss = 7.2097e-04

    -> min_loss=7.210e-04  mean_rel_err=5.952e-02  min_digits=2  params=8,334  (323.2s)
[495/648] width=64 depth=1 G=12 k=3 lr=0.001 epochs=8500 ...

====================================================================
  Training: 8500 epochs | 8 sets
  Per epoch: 4096 pts | device: cuda:6
  Optimizer: Adam + OneCycleLR  (max_lr=0.001, warm-up 15%)
  Loss: HuberLoss (delta=0.5)
  Network: KAN  (B-spline edges, cubic k=3)
====================================================================
  Epoch     1/8500  loss=6.1727e-01  lr=4.00e-05  (0.0s)

  Done in 395.5s | min loss = 5.8862e-04

    -> min_loss=5.886e-04  mean_rel_err=9.943e-02  min_digits=2  params=8,334  (395.5s)
[496/648] width=64 depth=1 G=12 k=3 lr=0.001 epochs=10000 ...

====================================================================
  Training: 10000 epochs | 8 sets
  Per epoch: 4096 pts | device: cuda:6
  Optimizer: Adam + OneCycleLR  (max_lr=0.001, warm-up 15%)
  Loss: HuberLoss (delta=0.5)
  Network: KAN  (B-spline edges, cubic k=3)
====================================================================
  Epoch     1/10000  loss=6.1727e-01  lr=4.00e-05  (0.0s)

  Done in 459.9s | min loss = 4.7317e-04

    -> min_loss=4.732e-04  mean_rel_err=7.511e-02  min_digits=2  params=8,334  (459.9s)
[497/648] width=64 depth=1 G=12 k=3 lr=0.0005 epochs=1500 ...

====================================================================
  Training: 1500 epochs | 8 sets
  Per epoch: 4096 pts | device: cuda:6
  Optimizer: Adam + OneCycleLR  (max_lr=0.0005, warm-up 15%)
  Loss: HuberLoss (delta=0.5)
  Network: KAN  (B-spline edges, cubic k=3)
====================================================================
  Epoch     1/1500  loss=6.1727e-01  lr=2.00e-05  (0.0s)

  Done in 69.5s | min loss = 2.9949e-03

    -> min_loss=2.995e-03  mean_rel_err=5.190e-02  min_digits=2  params=8,334  (69.5s)
[498/648] width=64 depth=1 G=12 k=3 lr=0.0005 epochs=2000 ...

====================================================================
  Training: 2000 epochs | 8 sets
  Per epoch: 4096 pts | device: cuda:6
  Optimizer: Adam + OneCycleLR  (max_lr=0.0005, warm-up 15%)
  Loss: HuberLoss (delta=0.5)
  Network: KAN  (B-spline edges, cubic k=3)
====================================================================
  Epoch     1/2000  loss=6.1727e-01  lr=2.00e-05  (0.0s)

  Done in 93.2s | min loss = 2.9598e-03

    -> min_loss=2.960e-03  mean_rel_err=5.367e-02  min_digits=2  params=8,334  (93.2s)
[499/648] width=64 depth=1 G=12 k=3 lr=0.0005 epochs=3000 ...

====================================================================
  Training: 3000 epochs | 8 sets
  Per epoch: 4096 pts | device: cuda:6
  Optimizer: Adam + OneCycleLR  (max_lr=0.0005, warm-up 15%)
  Loss: HuberLoss (delta=0.5)
  Network: KAN  (B-spline edges, cubic k=3)
====================================================================
  Epoch     1/3000  loss=6.1727e-01  lr=2.00e-05  (0.0s)

  Done in 138.4s | min loss = 1.9723e-03

    -> min_loss=1.972e-03  mean_rel_err=4.317e-02  min_digits=2  params=8,334  (138.4s)
[500/648] width=64 depth=1 G=12 k=3 lr=0.0005 epochs=4000 ...

====================================================================
  Training: 4000 epochs | 8 sets
  Per epoch: 4096 pts | device: cuda:6
  Optimizer: Adam + OneCycleLR  (max_lr=0.0005, warm-up 15%)
  Loss: HuberLoss (delta=0.5)
  Network: KAN  (B-spline edges, cubic k=3)
====================================================================
  Epoch     1/4000  loss=6.1727e-01  lr=2.00e-05  (0.0s)

  Done in 184.4s | min loss = 1.5642e-03

    -> min_loss=1.564e-03  mean_rel_err=5.492e-02  min_digits=2  params=8,334  (184.4s)
[501/648] width=64 depth=1 G=12 k=3 lr=0.0005 epochs=5500 ...

====================================================================
  Training: 5500 epochs | 8 sets
  Per epoch: 4096 pts | device: cuda:6
  Optimizer: Adam + OneCycleLR  (max_lr=0.0005, warm-up 15%)
  Loss: HuberLoss (delta=0.5)
  Network: KAN  (B-spline edges, cubic k=3)
====================================================================
  Epoch     1/5500  loss=6.1727e-01  lr=2.00e-05  (0.0s)

  Done in 255.4s | min loss = 9.5791e-04

    -> min_loss=9.579e-04  mean_rel_err=6.748e-02  min_digits=2  params=8,334  (255.4s)
[502/648] width=64 depth=1 G=12 k=3 lr=0.0005 epochs=7000 ...

====================================================================
  Training: 7000 epochs | 8 sets
  Per epoch: 4096 pts | device: cuda:6
  Optimizer: Adam + OneCycleLR  (max_lr=0.0005, warm-up 15%)
  Loss: HuberLoss (delta=0.5)
  Network: KAN  (B-spline edges, cubic k=3)
====================================================================
  Epoch     1/7000  loss=6.1727e-01  lr=2.00e-05  (0.0s)

  Done in 321.8s | min loss = 8.8919e-04

    -> min_loss=8.892e-04  mean_rel_err=7.931e-02  min_digits=2  params=8,334  (321.8s)
[503/648] width=64 depth=1 G=12 k=3 lr=0.0005 epochs=8500 ...

====================================================================
  Training: 8500 epochs | 8 sets
  Per epoch: 4096 pts | device: cuda:6
  Optimizer: Adam + OneCycleLR  (max_lr=0.0005, warm-up 15%)
  Loss: HuberLoss (delta=0.5)
  Network: KAN  (B-spline edges, cubic k=3)
====================================================================
  Epoch     1/8500  loss=6.1727e-01  lr=2.00e-05  (0.1s)

  Done in 393.2s | min loss = 7.2550e-04

    -> min_loss=7.255e-04  mean_rel_err=8.672e-02  min_digits=2  params=8,334  (393.2s)
[504/648] width=64 depth=1 G=12 k=3 lr=0.0005 epochs=10000 ...

====================================================================
  Training: 10000 epochs | 8 sets
  Per epoch: 4096 pts | device: cuda:6
  Optimizer: Adam + OneCycleLR  (max_lr=0.0005, warm-up 15%)
  Loss: HuberLoss (delta=0.5)
  Network: KAN  (B-spline edges, cubic k=3)
====================================================================
  Epoch     1/10000  loss=6.1727e-01  lr=2.00e-05  (0.0s)

  Done in 462.3s | min loss = 6.5183e-04

    -> min_loss=6.518e-04  mean_rel_err=6.461e-02  min_digits=2  params=8,334  (462.3s)
[505/648] width=64 depth=2 G=5 k=3 lr=0.002 epochs=1500 ...

====================================================================
  Training: 1500 epochs | 8 sets
  Per epoch: 4096 pts | device: cuda:6
  Optimizer: Adam + OneCycleLR  (max_lr=0.002, warm-up 15%)
  Loss: HuberLoss (delta=0.5)
  Network: KAN  (B-spline edges, cubic k=3)
====================================================================
  Epoch     1/1500  loss=1.5393e-01  lr=8.01e-05  (0.1s)

  Done in 105.0s | min loss = 1.7994e-04

    -> min_loss=1.799e-04  mean_rel_err=6.709e-02  min_digits=2  params=41,742  (105.0s)
[506/648] width=64 depth=2 G=5 k=3 lr=0.002 epochs=2000 ...

====================================================================
  Training: 2000 epochs | 8 sets
  Per epoch: 4096 pts | device: cuda:6
  Optimizer: Adam + OneCycleLR  (max_lr=0.002, warm-up 15%)
  Loss: HuberLoss (delta=0.5)
  Network: KAN  (B-spline edges, cubic k=3)
====================================================================
  Epoch     1/2000  loss=1.5393e-01  lr=8.01e-05  (0.1s)

  Done in 140.2s | min loss = 1.4105e-04

    -> min_loss=1.410e-04  mean_rel_err=5.647e-02  min_digits=2  params=41,742  (140.2s)
[507/648] width=64 depth=2 G=5 k=3 lr=0.002 epochs=3000 ...

====================================================================
  Training: 3000 epochs | 8 sets
  Per epoch: 4096 pts | device: cuda:6
  Optimizer: Adam + OneCycleLR  (max_lr=0.002, warm-up 15%)
  Loss: HuberLoss (delta=0.5)
  Network: KAN  (B-spline edges, cubic k=3)
====================================================================
  Epoch     1/3000  loss=1.5393e-01  lr=8.00e-05  (0.1s)

  Done in 211.5s | min loss = 8.6739e-05

    -> min_loss=8.674e-05  mean_rel_err=6.334e-02  min_digits=2  params=41,742  (211.5s)
[508/648] width=64 depth=2 G=5 k=3 lr=0.002 epochs=4000 ...

====================================================================
  Training: 4000 epochs | 8 sets
  Per epoch: 4096 pts | device: cuda:6
  Optimizer: Adam + OneCycleLR  (max_lr=0.002, warm-up 15%)
  Loss: HuberLoss (delta=0.5)
  Network: KAN  (B-spline edges, cubic k=3)
====================================================================
  Epoch     1/4000  loss=1.5393e-01  lr=8.00e-05  (0.1s)

  Done in 283.2s | min loss = 5.8600e-05

    -> min_loss=5.860e-05  mean_rel_err=6.685e-02  min_digits=2  params=41,742  (283.2s)
[509/648] width=64 depth=2 G=5 k=3 lr=0.002 epochs=5500 ...

====================================================================
  Training: 5500 epochs | 8 sets
  Per epoch: 4096 pts | device: cuda:6
  Optimizer: Adam + OneCycleLR  (max_lr=0.002, warm-up 15%)
  Loss: HuberLoss (delta=0.5)
  Network: KAN  (B-spline edges, cubic k=3)
====================================================================
  Epoch     1/5500  loss=1.5393e-01  lr=8.00e-05  (0.1s)

  Done in 403.3s | min loss = 4.1191e-05

    -> min_loss=4.119e-05  mean_rel_err=6.334e-02  min_digits=2  params=41,742  (403.3s)
[510/648] width=64 depth=2 G=5 k=3 lr=0.002 epochs=7000 ...

====================================================================
  Training: 7000 epochs | 8 sets
  Per epoch: 4096 pts | device: cuda:6
  Optimizer: Adam + OneCycleLR  (max_lr=0.002, warm-up 15%)
  Loss: HuberLoss (delta=0.5)
  Network: KAN  (B-spline edges, cubic k=3)
====================================================================
  Epoch     1/7000  loss=1.5393e-01  lr=8.00e-05  (0.1s)

  Done in 531.0s | min loss = 2.6400e-05

    -> min_loss=2.640e-05  mean_rel_err=6.504e-02  min_digits=2  params=41,742  (531.0s)
[511/648] width=64 depth=2 G=5 k=3 lr=0.002 epochs=8500 ...

====================================================================
  Training: 8500 epochs | 8 sets
  Per epoch: 4096 pts | device: cuda:6
  Optimizer: Adam + OneCycleLR  (max_lr=0.002, warm-up 15%)
  Loss: HuberLoss (delta=0.5)
  Network: KAN  (B-spline edges, cubic k=3)
====================================================================
  Epoch     1/8500  loss=1.5393e-01  lr=8.00e-05  (0.1s)

  Done in 650.1s | min loss = 1.9825e-05

    -> min_loss=1.982e-05  mean_rel_err=5.544e-02  min_digits=2  params=41,742  (650.1s)
[512/648] width=64 depth=2 G=5 k=3 lr=0.002 epochs=10000 ...

====================================================================
  Training: 10000 epochs | 8 sets
  Per epoch: 4096 pts | device: cuda:6
  Optimizer: Adam + OneCycleLR  (max_lr=0.002, warm-up 15%)
  Loss: HuberLoss (delta=0.5)
  Network: KAN  (B-spline edges, cubic k=3)
====================================================================
  Epoch     1/10000  loss=1.5393e-01  lr=8.00e-05  (0.1s)

  Done in 693.8s | min loss = 1.5382e-05

    -> min_loss=1.538e-05  mean_rel_err=4.759e-02  min_digits=2  params=41,742  (693.8s)
[513/648] width=64 depth=2 G=5 k=3 lr=0.001 epochs=1500 ...

====================================================================
  Training: 1500 epochs | 8 sets
  Per epoch: 4096 pts | device: cuda:6
  Optimizer: Adam + OneCycleLR  (max_lr=0.001, warm-up 15%)
  Loss: HuberLoss (delta=0.5)
  Network: KAN  (B-spline edges, cubic k=3)
====================================================================
  Epoch     1/1500  loss=1.5393e-01  lr=4.00e-05  (0.1s)

  Done in 104.2s | min loss = 2.9464e-04

    -> min_loss=2.946e-04  mean_rel_err=6.385e-02  min_digits=2  params=41,742  (104.3s)
[514/648] width=64 depth=2 G=5 k=3 lr=0.001 epochs=2000 ...

====================================================================
  Training: 2000 epochs | 8 sets
  Per epoch: 4096 pts | device: cuda:6
  Optimizer: Adam + OneCycleLR  (max_lr=0.001, warm-up 15%)
  Loss: HuberLoss (delta=0.5)
  Network: KAN  (B-spline edges, cubic k=3)
====================================================================
  Epoch     1/2000  loss=1.5393e-01  lr=4.00e-05  (0.1s)

  Done in 135.9s | min loss = 1.8758e-04

    -> min_loss=1.876e-04  mean_rel_err=6.559e-02  min_digits=2  params=41,742  (135.9s)
[515/648] width=64 depth=2 G=5 k=3 lr=0.001 epochs=3000 ...

====================================================================
  Training: 3000 epochs | 8 sets
  Per epoch: 4096 pts | device: cuda:6
  Optimizer: Adam + OneCycleLR  (max_lr=0.001, warm-up 15%)
  Loss: HuberLoss (delta=0.5)
  Network: KAN  (B-spline edges, cubic k=3)
====================================================================
  Epoch     1/3000  loss=1.5393e-01  lr=4.00e-05  (0.1s)

  Done in 209.2s | min loss = 1.2136e-04

    -> min_loss=1.214e-04  mean_rel_err=5.189e-02  min_digits=2  params=41,742  (209.2s)
[516/648] width=64 depth=2 G=5 k=3 lr=0.001 epochs=4000 ...

====================================================================
  Training: 4000 epochs | 8 sets
  Per epoch: 4096 pts | device: cuda:6
  Optimizer: Adam + OneCycleLR  (max_lr=0.001, warm-up 15%)
  Loss: HuberLoss (delta=0.5)
  Network: KAN  (B-spline edges, cubic k=3)
====================================================================
  Epoch     1/4000  loss=1.5393e-01  lr=4.00e-05  (0.1s)

  Done in 282.6s | min loss = 7.8090e-05

    -> min_loss=7.809e-05  mean_rel_err=4.676e-02  min_digits=2  params=41,742  (282.6s)
[517/648] width=64 depth=2 G=5 k=3 lr=0.001 epochs=5500 ...

====================================================================
  Training: 5500 epochs | 8 sets
  Per epoch: 4096 pts | device: cuda:6
  Optimizer: Adam + OneCycleLR  (max_lr=0.001, warm-up 15%)
  Loss: HuberLoss (delta=0.5)
  Network: KAN  (B-spline edges, cubic k=3)
====================================================================
  Epoch     1/5500  loss=1.5393e-01  lr=4.00e-05  (0.1s)

  Done in 384.8s | min loss = 5.4536e-05

    -> min_loss=5.454e-05  mean_rel_err=5.607e-02  min_digits=2  params=41,742  (384.8s)
[518/648] width=64 depth=2 G=5 k=3 lr=0.001 epochs=7000 ...

====================================================================
  Training: 7000 epochs | 8 sets
  Per epoch: 4096 pts | device: cuda:6
  Optimizer: Adam + OneCycleLR  (max_lr=0.001, warm-up 15%)
  Loss: HuberLoss (delta=0.5)
  Network: KAN  (B-spline edges, cubic k=3)
====================================================================
  Epoch     1/7000  loss=1.5393e-01  lr=4.00e-05  (0.1s)

  Done in 507.8s | min loss = 3.5912e-05

    -> min_loss=3.591e-05  mean_rel_err=4.856e-02  min_digits=2  params=41,742  (507.8s)
[519/648] width=64 depth=2 G=5 k=3 lr=0.001 epochs=8500 ...

====================================================================
  Training: 8500 epochs | 8 sets
  Per epoch: 4096 pts | device: cuda:6
  Optimizer: Adam + OneCycleLR  (max_lr=0.001, warm-up 15%)
  Loss: HuberLoss (delta=0.5)
  Network: KAN  (B-spline edges, cubic k=3)
====================================================================
  Epoch     1/8500  loss=1.5393e-01  lr=4.00e-05  (0.1s)

  Done in 597.5s | min loss = 2.7292e-05

    -> min_loss=2.729e-05  mean_rel_err=4.481e-02  min_digits=2  params=41,742  (597.5s)
[520/648] width=64 depth=2 G=5 k=3 lr=0.001 epochs=10000 ...

====================================================================
  Training: 10000 epochs | 8 sets
  Per epoch: 4096 pts | device: cuda:6
  Optimizer: Adam + OneCycleLR  (max_lr=0.001, warm-up 15%)
  Loss: HuberLoss (delta=0.5)
  Network: KAN  (B-spline edges, cubic k=3)
====================================================================
  Epoch     1/10000  loss=1.5393e-01  lr=4.00e-05  (0.1s)

  Done in 702.1s | min loss = 2.1926e-05

    -> min_loss=2.193e-05  mean_rel_err=4.646e-02  min_digits=2  params=41,742  (702.1s)
[521/648] width=64 depth=2 G=5 k=3 lr=0.0005 epochs=1500 ...

====================================================================
  Training: 1500 epochs | 8 sets
  Per epoch: 4096 pts | device: cuda:6
  Optimizer: Adam + OneCycleLR  (max_lr=0.0005, warm-up 15%)
  Loss: HuberLoss (delta=0.5)
  Network: KAN  (B-spline edges, cubic k=3)
====================================================================
  Epoch     1/1500  loss=1.5393e-01  lr=2.00e-05  (0.1s)

  Done in 102.8s | min loss = 4.8208e-04

    -> min_loss=4.821e-04  mean_rel_err=5.701e-02  min_digits=2  params=41,742  (102.8s)
[522/648] width=64 depth=2 G=5 k=3 lr=0.0005 epochs=2000 ...

====================================================================
  Training: 2000 epochs | 8 sets
  Per epoch: 4096 pts | device: cuda:6
  Optimizer: Adam + OneCycleLR  (max_lr=0.0005, warm-up 15%)
  Loss: HuberLoss (delta=0.5)
  Network: KAN  (B-spline edges, cubic k=3)
====================================================================
  Epoch     1/2000  loss=1.5393e-01  lr=2.00e-05  (0.1s)

  Done in 140.1s | min loss = 3.3777e-04

    -> min_loss=3.378e-04  mean_rel_err=4.425e-02  min_digits=2  params=41,742  (140.1s)
[523/648] width=64 depth=2 G=5 k=3 lr=0.0005 epochs=3000 ...

====================================================================
  Training: 3000 epochs | 8 sets
  Per epoch: 4096 pts | device: cuda:6
  Optimizer: Adam + OneCycleLR  (max_lr=0.0005, warm-up 15%)
  Loss: HuberLoss (delta=0.5)
  Network: KAN  (B-spline edges, cubic k=3)
====================================================================
  Epoch     1/3000  loss=1.5393e-01  lr=2.00e-05  (0.1s)

  Done in 212.4s | min loss = 2.0207e-04

    -> min_loss=2.021e-04  mean_rel_err=4.962e-02  min_digits=2  params=41,742  (212.4s)
[524/648] width=64 depth=2 G=5 k=3 lr=0.0005 epochs=4000 ...

====================================================================
  Training: 4000 epochs | 8 sets
  Per epoch: 4096 pts | device: cuda:6
  Optimizer: Adam + OneCycleLR  (max_lr=0.0005, warm-up 15%)
  Loss: HuberLoss (delta=0.5)
  Network: KAN  (B-spline edges, cubic k=3)
====================================================================
  Epoch     1/4000  loss=1.5393e-01  lr=2.00e-05  (0.1s)

  Done in 283.0s | min loss = 1.3898e-04

    -> min_loss=1.390e-04  mean_rel_err=5.817e-02  min_digits=2  params=41,742  (283.0s)
[525/648] width=64 depth=2 G=5 k=3 lr=0.0005 epochs=5500 ...

====================================================================
  Training: 5500 epochs | 8 sets
  Per epoch: 4096 pts | device: cuda:6
  Optimizer: Adam + OneCycleLR  (max_lr=0.0005, warm-up 15%)
  Loss: HuberLoss (delta=0.5)
  Network: KAN  (B-spline edges, cubic k=3)
====================================================================
  Epoch     1/5500  loss=1.5393e-01  lr=2.00e-05  (0.1s)

  Done in 390.3s | min loss = 8.5302e-05

    -> min_loss=8.530e-05  mean_rel_err=4.907e-02  min_digits=2  params=41,742  (390.3s)
[526/648] width=64 depth=2 G=5 k=3 lr=0.0005 epochs=7000 ...

====================================================================
  Training: 7000 epochs | 8 sets
  Per epoch: 4096 pts | device: cuda:6
  Optimizer: Adam + OneCycleLR  (max_lr=0.0005, warm-up 15%)
  Loss: HuberLoss (delta=0.5)
  Network: KAN  (B-spline edges, cubic k=3)
====================================================================
  Epoch     1/7000  loss=1.5393e-01  lr=2.00e-05  (0.1s)

  Done in 501.5s | min loss = 5.7969e-05

    -> min_loss=5.797e-05  mean_rel_err=3.649e-02  min_digits=2  params=41,742  (501.5s)
[527/648] width=64 depth=2 G=5 k=3 lr=0.0005 epochs=8500 ...

====================================================================
  Training: 8500 epochs | 8 sets
  Per epoch: 4096 pts | device: cuda:6
  Optimizer: Adam + OneCycleLR  (max_lr=0.0005, warm-up 15%)
  Loss: HuberLoss (delta=0.5)
  Network: KAN  (B-spline edges, cubic k=3)
====================================================================
  Epoch     1/8500  loss=1.5393e-01  lr=2.00e-05  (0.1s)

  Done in 600.1s | min loss = 4.4713e-05

    -> min_loss=4.471e-05  mean_rel_err=2.910e-02  min_digits=2  params=41,742  (600.1s)
[528/648] width=64 depth=2 G=5 k=3 lr=0.0005 epochs=10000 ...

====================================================================
  Training: 10000 epochs | 8 sets
  Per epoch: 4096 pts | device: cuda:6
  Optimizer: Adam + OneCycleLR  (max_lr=0.0005, warm-up 15%)
  Loss: HuberLoss (delta=0.5)
  Network: KAN  (B-spline edges, cubic k=3)
====================================================================
  Epoch     1/10000  loss=1.5393e-01  lr=2.00e-05  (0.1s)

  Done in 730.2s | min loss = 3.2995e-05

    -> min_loss=3.299e-05  mean_rel_err=2.905e-02  min_digits=2  params=41,742  (730.2s)
[529/648] width=64 depth=2 G=8 k=3 lr=0.002 epochs=1500 ...

====================================================================
  Training: 1500 epochs | 8 sets
  Per epoch: 4096 pts | device: cuda:6
  Optimizer: Adam + OneCycleLR  (max_lr=0.002, warm-up 15%)
  Loss: HuberLoss (delta=0.5)
  Network: KAN  (B-spline edges, cubic k=3)
====================================================================
  Epoch     1/1500  loss=3.8698e-01  lr=8.01e-05  (0.2s)

  Done in 108.6s | min loss = 1.5355e-04

    -> min_loss=1.535e-04  mean_rel_err=3.711e-02  min_digits=2  params=55,566  (108.6s)
[530/648] width=64 depth=2 G=8 k=3 lr=0.002 epochs=2000 ...

====================================================================
  Training: 2000 epochs | 8 sets
  Per epoch: 4096 pts | device: cuda:6
  Optimizer: Adam + OneCycleLR  (max_lr=0.002, warm-up 15%)
  Loss: HuberLoss (delta=0.5)
  Network: KAN  (B-spline edges, cubic k=3)
====================================================================
  Epoch     1/2000  loss=3.8698e-01  lr=8.01e-05  (0.1s)

  Done in 142.4s | min loss = 1.0555e-04

    -> min_loss=1.055e-04  mean_rel_err=3.538e-02  min_digits=2  params=55,566  (142.4s)
[531/648] width=64 depth=2 G=8 k=3 lr=0.002 epochs=3000 ...

====================================================================
  Training: 3000 epochs | 8 sets
  Per epoch: 4096 pts | device: cuda:6
  Optimizer: Adam + OneCycleLR  (max_lr=0.002, warm-up 15%)
  Loss: HuberLoss (delta=0.5)
  Network: KAN  (B-spline edges, cubic k=3)
====================================================================
  Epoch     1/3000  loss=3.8698e-01  lr=8.00e-05  (0.1s)

  Done in 218.4s | min loss = 6.8280e-05

    -> min_loss=6.828e-05  mean_rel_err=3.549e-02  min_digits=2  params=55,566  (218.4s)
[532/648] width=64 depth=2 G=8 k=3 lr=0.002 epochs=4000 ...

====================================================================
  Training: 4000 epochs | 8 sets
  Per epoch: 4096 pts | device: cuda:6
  Optimizer: Adam + OneCycleLR  (max_lr=0.002, warm-up 15%)
  Loss: HuberLoss (delta=0.5)
  Network: KAN  (B-spline edges, cubic k=3)
====================================================================
  Epoch     1/4000  loss=3.8698e-01  lr=8.00e-05  (0.1s)

  Done in 290.6s | min loss = 4.7977e-05

    -> min_loss=4.798e-05  mean_rel_err=2.958e-02  min_digits=2  params=55,566  (290.6s)
[533/648] width=64 depth=2 G=8 k=3 lr=0.002 epochs=5500 ...

====================================================================
  Training: 5500 epochs | 8 sets
  Per epoch: 4096 pts | device: cuda:6
  Optimizer: Adam + OneCycleLR  (max_lr=0.002, warm-up 15%)
  Loss: HuberLoss (delta=0.5)
  Network: KAN  (B-spline edges, cubic k=3)
====================================================================
  Epoch     1/5500  loss=3.8698e-01  lr=8.00e-05  (0.1s)

  Done in 408.6s | min loss = 3.3729e-05

    -> min_loss=3.373e-05  mean_rel_err=3.088e-02  min_digits=2  params=55,566  (408.6s)
[534/648] width=64 depth=2 G=8 k=3 lr=0.002 epochs=7000 ...

====================================================================
  Training: 7000 epochs | 8 sets
  Per epoch: 4096 pts | device: cuda:6
  Optimizer: Adam + OneCycleLR  (max_lr=0.002, warm-up 15%)
  Loss: HuberLoss (delta=0.5)
  Network: KAN  (B-spline edges, cubic k=3)
====================================================================
  Epoch     1/7000  loss=3.8698e-01  lr=8.00e-05  (0.1s)

  Done in 496.0s | min loss = 2.4921e-05

    -> min_loss=2.492e-05  mean_rel_err=3.330e-02  min_digits=2  params=55,566  (496.0s)
[535/648] width=64 depth=2 G=8 k=3 lr=0.002 epochs=8500 ...

====================================================================
  Training: 8500 epochs | 8 sets
  Per epoch: 4096 pts | device: cuda:6
  Optimizer: Adam + OneCycleLR  (max_lr=0.002, warm-up 15%)
  Loss: HuberLoss (delta=0.5)
  Network: KAN  (B-spline edges, cubic k=3)
====================================================================
  Epoch     1/8500  loss=3.8698e-01  lr=8.00e-05  (0.1s)

  Done in 607.4s | min loss = 1.9052e-05

    -> min_loss=1.905e-05  mean_rel_err=3.496e-02  min_digits=2  params=55,566  (607.4s)
[536/648] width=64 depth=2 G=8 k=3 lr=0.002 epochs=10000 ...

====================================================================
  Training: 10000 epochs | 8 sets
  Per epoch: 4096 pts | device: cuda:6
  Optimizer: Adam + OneCycleLR  (max_lr=0.002, warm-up 15%)
  Loss: HuberLoss (delta=0.5)
  Network: KAN  (B-spline edges, cubic k=3)
====================================================================
  Epoch     1/10000  loss=3.8698e-01  lr=8.00e-05  (0.1s)

  Done in 716.5s | min loss = 1.5237e-05

    -> min_loss=1.524e-05  mean_rel_err=3.566e-02  min_digits=2  params=55,566  (716.5s)
[537/648] width=64 depth=2 G=8 k=3 lr=0.001 epochs=1500 ...

====================================================================
  Training: 1500 epochs | 8 sets
  Per epoch: 4096 pts | device: cuda:6
  Optimizer: Adam + OneCycleLR  (max_lr=0.001, warm-up 15%)
  Loss: HuberLoss (delta=0.5)
  Network: KAN  (B-spline edges, cubic k=3)
====================================================================
  Epoch     1/1500  loss=3.8698e-01  lr=4.00e-05  (0.1s)

  Done in 108.4s | min loss = 2.2187e-04

    -> min_loss=2.219e-04  mean_rel_err=3.285e-02  min_digits=3  params=55,566  (108.4s)
[538/648] width=64 depth=2 G=8 k=3 lr=0.001 epochs=2000 ...

====================================================================
  Training: 2000 epochs | 8 sets
  Per epoch: 4096 pts | device: cuda:6
  Optimizer: Adam + OneCycleLR  (max_lr=0.001, warm-up 15%)
  Loss: HuberLoss (delta=0.5)
  Network: KAN  (B-spline edges, cubic k=3)
====================================================================
  Epoch     1/2000  loss=3.8698e-01  lr=4.00e-05  (0.1s)

  Done in 143.6s | min loss = 1.5604e-04

    -> min_loss=1.560e-04  mean_rel_err=4.151e-02  min_digits=2  params=55,566  (143.6s)
[539/648] width=64 depth=2 G=8 k=3 lr=0.001 epochs=3000 ...

====================================================================
  Training: 3000 epochs | 8 sets
  Per epoch: 4096 pts | device: cuda:6
  Optimizer: Adam + OneCycleLR  (max_lr=0.001, warm-up 15%)
  Loss: HuberLoss (delta=0.5)
  Network: KAN  (B-spline edges, cubic k=3)
====================================================================
  Epoch     1/3000  loss=3.8698e-01  lr=4.00e-05  (0.1s)

  Done in 215.4s | min loss = 1.0294e-04

    -> min_loss=1.029e-04  mean_rel_err=3.649e-02  min_digits=2  params=55,566  (215.4s)
[540/648] width=64 depth=2 G=8 k=3 lr=0.001 epochs=4000 ...

====================================================================
  Training: 4000 epochs | 8 sets
  Per epoch: 4096 pts | device: cuda:6
  Optimizer: Adam + OneCycleLR  (max_lr=0.001, warm-up 15%)
  Loss: HuberLoss (delta=0.5)
  Network: KAN  (B-spline edges, cubic k=3)
====================================================================
  Epoch     1/4000  loss=3.8698e-01  lr=4.00e-05  (0.1s)

  Done in 304.2s | min loss = 7.4071e-05

    -> min_loss=7.407e-05  mean_rel_err=4.334e-02  min_digits=2  params=55,566  (304.2s)
[541/648] width=64 depth=2 G=8 k=3 lr=0.001 epochs=5500 ...

====================================================================
  Training: 5500 epochs | 8 sets
  Per epoch: 4096 pts | device: cuda:6
  Optimizer: Adam + OneCycleLR  (max_lr=0.001, warm-up 15%)
  Loss: HuberLoss (delta=0.5)
  Network: KAN  (B-spline edges, cubic k=3)
====================================================================
  Epoch     1/5500  loss=3.8698e-01  lr=4.00e-05  (0.1s)

  Done in 394.8s | min loss = 4.9964e-05

    -> min_loss=4.996e-05  mean_rel_err=3.518e-02  min_digits=2  params=55,566  (394.8s)
[542/648] width=64 depth=2 G=8 k=3 lr=0.001 epochs=7000 ...

====================================================================
  Training: 7000 epochs | 8 sets
  Per epoch: 4096 pts | device: cuda:6
  Optimizer: Adam + OneCycleLR  (max_lr=0.001, warm-up 15%)
  Loss: HuberLoss (delta=0.5)
  Network: KAN  (B-spline edges, cubic k=3)
====================================================================
  Epoch     1/7000  loss=3.8698e-01  lr=4.00e-05  (0.1s)

  Done in 495.2s | min loss = 3.3623e-05

    -> min_loss=3.362e-05  mean_rel_err=3.880e-02  min_digits=2  params=55,566  (495.2s)
[543/648] width=64 depth=2 G=8 k=3 lr=0.001 epochs=8500 ...

====================================================================
  Training: 8500 epochs | 8 sets
  Per epoch: 4096 pts | device: cuda:6
  Optimizer: Adam + OneCycleLR  (max_lr=0.001, warm-up 15%)
  Loss: HuberLoss (delta=0.5)
  Network: KAN  (B-spline edges, cubic k=3)
====================================================================
  Epoch     1/8500  loss=3.8698e-01  lr=4.00e-05  (0.1s)

  Done in 602.1s | min loss = 2.5685e-05

    -> min_loss=2.568e-05  mean_rel_err=4.184e-02  min_digits=2  params=55,566  (602.1s)
[544/648] width=64 depth=2 G=8 k=3 lr=0.001 epochs=10000 ...

====================================================================
  Training: 10000 epochs | 8 sets
  Per epoch: 4096 pts | device: cuda:6
  Optimizer: Adam + OneCycleLR  (max_lr=0.001, warm-up 15%)
  Loss: HuberLoss (delta=0.5)
  Network: KAN  (B-spline edges, cubic k=3)
====================================================================
  Epoch     1/10000  loss=3.8698e-01  lr=4.00e-05  (0.1s)

  Done in 757.7s | min loss = 2.0601e-05

    -> min_loss=2.060e-05  mean_rel_err=4.133e-02  min_digits=2  params=55,566  (757.7s)
[545/648] width=64 depth=2 G=8 k=3 lr=0.0005 epochs=1500 ...

====================================================================
  Training: 1500 epochs | 8 sets
  Per epoch: 4096 pts | device: cuda:6
  Optimizer: Adam + OneCycleLR  (max_lr=0.0005, warm-up 15%)
  Loss: HuberLoss (delta=0.5)
  Network: KAN  (B-spline edges, cubic k=3)
====================================================================
  Epoch     1/1500  loss=3.8698e-01  lr=2.00e-05  (0.1s)

  Done in 117.2s | min loss = 3.6846e-04

    -> min_loss=3.685e-04  mean_rel_err=3.197e-02  min_digits=2  params=55,566  (117.2s)
[546/648] width=64 depth=2 G=8 k=3 lr=0.0005 epochs=2000 ...

====================================================================
  Training: 2000 epochs | 8 sets
  Per epoch: 4096 pts | device: cuda:6
  Optimizer: Adam + OneCycleLR  (max_lr=0.0005, warm-up 15%)
  Loss: HuberLoss (delta=0.5)
  Network: KAN  (B-spline edges, cubic k=3)
====================================================================
  Epoch     1/2000  loss=3.8698e-01  lr=2.00e-05  (0.1s)

  Done in 143.2s | min loss = 2.6789e-04

    -> min_loss=2.679e-04  mean_rel_err=2.867e-02  min_digits=2  params=55,566  (143.2s)
[547/648] width=64 depth=2 G=8 k=3 lr=0.0005 epochs=3000 ...

====================================================================
  Training: 3000 epochs | 8 sets
  Per epoch: 4096 pts | device: cuda:6
  Optimizer: Adam + OneCycleLR  (max_lr=0.0005, warm-up 15%)
  Loss: HuberLoss (delta=0.5)
  Network: KAN  (B-spline edges, cubic k=3)
====================================================================
  Epoch     1/3000  loss=3.8698e-01  lr=2.00e-05  (0.1s)

  Done in 213.7s | min loss = 1.5530e-04

    -> min_loss=1.553e-04  mean_rel_err=3.362e-02  min_digits=2  params=55,566  (213.7s)
[548/648] width=64 depth=2 G=8 k=3 lr=0.0005 epochs=4000 ...

====================================================================
  Training: 4000 epochs | 8 sets
  Per epoch: 4096 pts | device: cuda:6
  Optimizer: Adam + OneCycleLR  (max_lr=0.0005, warm-up 15%)
  Loss: HuberLoss (delta=0.5)
  Network: KAN  (B-spline edges, cubic k=3)
====================================================================
  Epoch     1/4000  loss=3.8698e-01  lr=2.00e-05  (0.1s)

  Done in 283.9s | min loss = 1.1891e-04

    -> min_loss=1.189e-04  mean_rel_err=3.849e-02  min_digits=2  params=55,566  (283.9s)
[549/648] width=64 depth=2 G=8 k=3 lr=0.0005 epochs=5500 ...

====================================================================
  Training: 5500 epochs | 8 sets
  Per epoch: 4096 pts | device: cuda:6
  Optimizer: Adam + OneCycleLR  (max_lr=0.0005, warm-up 15%)
  Loss: HuberLoss (delta=0.5)
  Network: KAN  (B-spline edges, cubic k=3)
====================================================================
  Epoch     1/5500  loss=3.8698e-01  lr=2.00e-05  (0.1s)

  Done in 392.5s | min loss = 8.1752e-05

    -> min_loss=8.175e-05  mean_rel_err=3.676e-02  min_digits=2  params=55,566  (392.5s)
[550/648] width=64 depth=2 G=8 k=3 lr=0.0005 epochs=7000 ...

====================================================================
  Training: 7000 epochs | 8 sets
  Per epoch: 4096 pts | device: cuda:6
  Optimizer: Adam + OneCycleLR  (max_lr=0.0005, warm-up 15%)
  Loss: HuberLoss (delta=0.5)
  Network: KAN  (B-spline edges, cubic k=3)
====================================================================
  Epoch     1/7000  loss=3.8698e-01  lr=2.00e-05  (0.1s)

  Done in 495.8s | min loss = 5.0787e-05

    -> min_loss=5.079e-05  mean_rel_err=4.875e-02  min_digits=2  params=55,566  (495.8s)
[551/648] width=64 depth=2 G=8 k=3 lr=0.0005 epochs=8500 ...

====================================================================
  Training: 8500 epochs | 8 sets
  Per epoch: 4096 pts | device: cuda:6
  Optimizer: Adam + OneCycleLR  (max_lr=0.0005, warm-up 15%)
  Loss: HuberLoss (delta=0.5)
  Network: KAN  (B-spline edges, cubic k=3)
====================================================================
  Epoch     1/8500  loss=3.8698e-01  lr=2.00e-05  (0.1s)

  Done in 608.3s | min loss = 4.1426e-05

    -> min_loss=4.143e-05  mean_rel_err=4.732e-02  min_digits=2  params=55,566  (608.3s)
[552/648] width=64 depth=2 G=8 k=3 lr=0.0005 epochs=10000 ...

====================================================================
  Training: 10000 epochs | 8 sets
  Per epoch: 4096 pts | device: cuda:6
  Optimizer: Adam + OneCycleLR  (max_lr=0.0005, warm-up 15%)
  Loss: HuberLoss (delta=0.5)
  Network: KAN  (B-spline edges, cubic k=3)
====================================================================
  Epoch     1/10000  loss=3.8698e-01  lr=2.00e-05  (0.1s)

  Done in 708.3s | min loss = 3.1257e-05

    -> min_loss=3.126e-05  mean_rel_err=4.669e-02  min_digits=2  params=55,566  (708.3s)
[553/648] width=64 depth=2 G=12 k=3 lr=0.002 epochs=1500 ...

====================================================================
  Training: 1500 epochs | 8 sets
  Per epoch: 4096 pts | device: cuda:6
  Optimizer: Adam + OneCycleLR  (max_lr=0.002, warm-up 15%)
  Loss: HuberLoss (delta=0.5)
  Network: KAN  (B-spline edges, cubic k=3)
====================================================================
  Epoch     1/1500  loss=1.4091e+00  lr=8.01e-05  (0.1s)

  Done in 115.7s | min loss = 1.2179e-04

    -> min_loss=1.218e-04  mean_rel_err=3.888e-02  min_digits=2  params=73,998  (115.7s)
[554/648] width=64 depth=2 G=12 k=3 lr=0.002 epochs=2000 ...

====================================================================
  Training: 2000 epochs | 8 sets
  Per epoch: 4096 pts | device: cuda:6
  Optimizer: Adam + OneCycleLR  (max_lr=0.002, warm-up 15%)
  Loss: HuberLoss (delta=0.5)
  Network: KAN  (B-spline edges, cubic k=3)
====================================================================
  Epoch     1/2000  loss=1.4091e+00  lr=8.01e-05  (0.1s)

  Done in 154.0s | min loss = 8.7775e-05

    -> min_loss=8.778e-05  mean_rel_err=3.520e-02  min_digits=2  params=73,998  (154.0s)
[555/648] width=64 depth=2 G=12 k=3 lr=0.002 epochs=3000 ...

====================================================================
  Training: 3000 epochs | 8 sets
  Per epoch: 4096 pts | device: cuda:6
  Optimizer: Adam + OneCycleLR  (max_lr=0.002, warm-up 15%)
  Loss: HuberLoss (delta=0.5)
  Network: KAN  (B-spline edges, cubic k=3)
====================================================================
  Epoch     1/3000  loss=1.4091e+00  lr=8.00e-05  (0.1s)

  Done in 233.1s | min loss = 5.8554e-05

    -> min_loss=5.855e-05  mean_rel_err=3.406e-02  min_digits=2  params=73,998  (233.1s)
[556/648] width=64 depth=2 G=12 k=3 lr=0.002 epochs=4000 ...

====================================================================
  Training: 4000 epochs | 8 sets
  Per epoch: 4096 pts | device: cuda:6
  Optimizer: Adam + OneCycleLR  (max_lr=0.002, warm-up 15%)
  Loss: HuberLoss (delta=0.5)
  Network: KAN  (B-spline edges, cubic k=3)
====================================================================
  Epoch     1/4000  loss=1.4091e+00  lr=8.00e-05  (0.1s)

  Done in 307.6s | min loss = 4.2698e-05

    -> min_loss=4.270e-05  mean_rel_err=3.579e-02  min_digits=2  params=73,998  (307.6s)
[557/648] width=64 depth=2 G=12 k=3 lr=0.002 epochs=5500 ...

====================================================================
  Training: 5500 epochs | 8 sets
  Per epoch: 4096 pts | device: cuda:6
  Optimizer: Adam + OneCycleLR  (max_lr=0.002, warm-up 15%)
  Loss: HuberLoss (delta=0.5)
  Network: KAN  (B-spline edges, cubic k=3)
====================================================================
  Epoch     1/5500  loss=1.4091e+00  lr=8.00e-05  (0.1s)

  Done in 440.7s | min loss = 2.9602e-05

    -> min_loss=2.960e-05  mean_rel_err=3.621e-02  min_digits=2  params=73,998  (440.7s)
[558/648] width=64 depth=2 G=12 k=3 lr=0.002 epochs=7000 ...

====================================================================
  Training: 7000 epochs | 8 sets
  Per epoch: 4096 pts | device: cuda:6
  Optimizer: Adam + OneCycleLR  (max_lr=0.002, warm-up 15%)
  Loss: HuberLoss (delta=0.5)
  Network: KAN  (B-spline edges, cubic k=3)
====================================================================
  Epoch     1/7000  loss=1.4091e+00  lr=8.00e-05  (0.1s)

  Done in 568.0s | min loss = 2.0941e-05

    -> min_loss=2.094e-05  mean_rel_err=3.866e-02  min_digits=2  params=73,998  (568.0s)
[559/648] width=64 depth=2 G=12 k=3 lr=0.002 epochs=8500 ...

====================================================================
  Training: 8500 epochs | 8 sets
  Per epoch: 4096 pts | device: cuda:6
  Optimizer: Adam + OneCycleLR  (max_lr=0.002, warm-up 15%)
  Loss: HuberLoss (delta=0.5)
  Network: KAN  (B-spline edges, cubic k=3)
====================================================================
  Epoch     1/8500  loss=1.4091e+00  lr=8.00e-05  (0.1s)

  Done in 660.8s | min loss = 1.7954e-05

    -> min_loss=1.795e-05  mean_rel_err=4.072e-02  min_digits=2  params=73,998  (660.8s)
[560/648] width=64 depth=2 G=12 k=3 lr=0.002 epochs=10000 ...

====================================================================
  Training: 10000 epochs | 8 sets
  Per epoch: 4096 pts | device: cuda:6
  Optimizer: Adam + OneCycleLR  (max_lr=0.002, warm-up 15%)
  Loss: HuberLoss (delta=0.5)
  Network: KAN  (B-spline edges, cubic k=3)
====================================================================
  Epoch     1/10000  loss=1.4091e+00  lr=8.00e-05  (0.1s)

  Done in 771.7s | min loss = 1.4723e-05

    -> min_loss=1.472e-05  mean_rel_err=3.862e-02  min_digits=2  params=73,998  (771.7s)
[561/648] width=64 depth=2 G=12 k=3 lr=0.001 epochs=1500 ...

====================================================================
  Training: 1500 epochs | 8 sets
  Per epoch: 4096 pts | device: cuda:6
  Optimizer: Adam + OneCycleLR  (max_lr=0.001, warm-up 15%)
  Loss: HuberLoss (delta=0.5)
  Network: KAN  (B-spline edges, cubic k=3)
====================================================================
  Epoch     1/1500  loss=1.4091e+00  lr=4.00e-05  (0.1s)

  Done in 116.0s | min loss = 1.7834e-04

    -> min_loss=1.783e-04  mean_rel_err=3.869e-02  min_digits=2  params=73,998  (116.0s)
[562/648] width=64 depth=2 G=12 k=3 lr=0.001 epochs=2000 ...

====================================================================
  Training: 2000 epochs | 8 sets
  Per epoch: 4096 pts | device: cuda:6
  Optimizer: Adam + OneCycleLR  (max_lr=0.001, warm-up 15%)
  Loss: HuberLoss (delta=0.5)
  Network: KAN  (B-spline edges, cubic k=3)
====================================================================
  Epoch     1/2000  loss=1.4091e+00  lr=4.00e-05  (0.1s)

  Done in 154.7s | min loss = 1.2393e-04

    -> min_loss=1.239e-04  mean_rel_err=3.570e-02  min_digits=2  params=73,998  (154.7s)
[563/648] width=64 depth=2 G=12 k=3 lr=0.001 epochs=3000 ...

====================================================================
  Training: 3000 epochs | 8 sets
  Per epoch: 4096 pts | device: cuda:6
  Optimizer: Adam + OneCycleLR  (max_lr=0.001, warm-up 15%)
  Loss: HuberLoss (delta=0.5)
  Network: KAN  (B-spline edges, cubic k=3)
====================================================================
  Epoch     1/3000  loss=1.4091e+00  lr=4.00e-05  (0.1s)

  Done in 233.1s | min loss = 7.5730e-05

    -> min_loss=7.573e-05  mean_rel_err=3.419e-02  min_digits=2  params=73,998  (233.1s)
[564/648] width=64 depth=2 G=12 k=3 lr=0.001 epochs=4000 ...

====================================================================
  Training: 4000 epochs | 8 sets
  Per epoch: 4096 pts | device: cuda:6
  Optimizer: Adam + OneCycleLR  (max_lr=0.001, warm-up 15%)
  Loss: HuberLoss (delta=0.5)
  Network: KAN  (B-spline edges, cubic k=3)
====================================================================
  Epoch     1/4000  loss=1.4091e+00  lr=4.00e-05  (0.1s)

  Done in 309.3s | min loss = 5.9502e-05

    -> min_loss=5.950e-05  mean_rel_err=3.533e-02  min_digits=2  params=73,998  (309.3s)
[565/648] width=64 depth=2 G=12 k=3 lr=0.001 epochs=5500 ...

====================================================================
  Training: 5500 epochs | 8 sets
  Per epoch: 4096 pts | device: cuda:6
  Optimizer: Adam + OneCycleLR  (max_lr=0.001, warm-up 15%)
  Loss: HuberLoss (delta=0.5)
  Network: KAN  (B-spline edges, cubic k=3)
====================================================================
  Epoch     1/5500  loss=1.4091e+00  lr=4.00e-05  (0.1s)

  Done in 423.4s | min loss = 4.2137e-05

    -> min_loss=4.214e-05  mean_rel_err=3.678e-02  min_digits=2  params=73,998  (423.4s)
[566/648] width=64 depth=2 G=12 k=3 lr=0.001 epochs=7000 ...

====================================================================
  Training: 7000 epochs | 8 sets
  Per epoch: 4096 pts | device: cuda:6
  Optimizer: Adam + OneCycleLR  (max_lr=0.001, warm-up 15%)
  Loss: HuberLoss (delta=0.5)
  Network: KAN  (B-spline edges, cubic k=3)
====================================================================
  Epoch     1/7000  loss=1.4091e+00  lr=4.00e-05  (0.1s)

  Done in 539.1s | min loss = 3.0421e-05

    -> min_loss=3.042e-05  mean_rel_err=3.661e-02  min_digits=2  params=73,998  (539.1s)
[567/648] width=64 depth=2 G=12 k=3 lr=0.001 epochs=8500 ...

====================================================================
  Training: 8500 epochs | 8 sets
  Per epoch: 4096 pts | device: cuda:6
  Optimizer: Adam + OneCycleLR  (max_lr=0.001, warm-up 15%)
  Loss: HuberLoss (delta=0.5)
  Network: KAN  (B-spline edges, cubic k=3)
====================================================================
  Epoch     1/8500  loss=1.4091e+00  lr=4.00e-05  (0.1s)

  Done in 657.8s | min loss = 2.3661e-05

    -> min_loss=2.366e-05  mean_rel_err=3.683e-02  min_digits=2  params=73,998  (657.8s)
[568/648] width=64 depth=2 G=12 k=3 lr=0.001 epochs=10000 ...

====================================================================
  Training: 10000 epochs | 8 sets
  Per epoch: 4096 pts | device: cuda:6
  Optimizer: Adam + OneCycleLR  (max_lr=0.001, warm-up 15%)
  Loss: HuberLoss (delta=0.5)
  Network: KAN  (B-spline edges, cubic k=3)
====================================================================
  Epoch     1/10000  loss=1.4091e+00  lr=4.00e-05  (0.1s)

  Done in 773.8s | min loss = 1.9776e-05

    -> min_loss=1.978e-05  mean_rel_err=3.743e-02  min_digits=2  params=73,998  (773.8s)
[569/648] width=64 depth=2 G=12 k=3 lr=0.0005 epochs=1500 ...

====================================================================
  Training: 1500 epochs | 8 sets
  Per epoch: 4096 pts | device: cuda:6
  Optimizer: Adam + OneCycleLR  (max_lr=0.0005, warm-up 15%)
  Loss: HuberLoss (delta=0.5)
  Network: KAN  (B-spline edges, cubic k=3)
====================================================================
  Epoch     1/1500  loss=1.4091e+00  lr=2.00e-05  (0.1s)

  Done in 116.5s | min loss = 2.8476e-04

    -> min_loss=2.848e-04  mean_rel_err=4.931e-02  min_digits=2  params=73,998  (116.5s)
[570/648] width=64 depth=2 G=12 k=3 lr=0.0005 epochs=2000 ...

====================================================================
  Training: 2000 epochs | 8 sets
  Per epoch: 4096 pts | device: cuda:6
  Optimizer: Adam + OneCycleLR  (max_lr=0.0005, warm-up 15%)
  Loss: HuberLoss (delta=0.5)
  Network: KAN  (B-spline edges, cubic k=3)
====================================================================
  Epoch     1/2000  loss=1.4091e+00  lr=2.00e-05  (0.1s)

  Done in 155.7s | min loss = 2.0864e-04

    -> min_loss=2.086e-04  mean_rel_err=4.391e-02  min_digits=2  params=73,998  (155.7s)
[571/648] width=64 depth=2 G=12 k=3 lr=0.0005 epochs=3000 ...

====================================================================
  Training: 3000 epochs | 8 sets
  Per epoch: 4096 pts | device: cuda:6
  Optimizer: Adam + OneCycleLR  (max_lr=0.0005, warm-up 15%)
  Loss: HuberLoss (delta=0.5)
  Network: KAN  (B-spline edges, cubic k=3)
====================================================================
  Epoch     1/3000  loss=1.4091e+00  lr=2.00e-05  (0.1s)

  Done in 230.1s | min loss = 1.3768e-04

    -> min_loss=1.377e-04  mean_rel_err=4.366e-02  min_digits=2  params=73,998  (230.1s)
[572/648] width=64 depth=2 G=12 k=3 lr=0.0005 epochs=4000 ...

====================================================================
  Training: 4000 epochs | 8 sets
  Per epoch: 4096 pts | device: cuda:6
  Optimizer: Adam + OneCycleLR  (max_lr=0.0005, warm-up 15%)
  Loss: HuberLoss (delta=0.5)
  Network: KAN  (B-spline edges, cubic k=3)
====================================================================
  Epoch     1/4000  loss=1.4091e+00  lr=2.00e-05  (0.1s)

  Done in 310.3s | min loss = 8.9869e-05

    -> min_loss=8.987e-05  mean_rel_err=3.989e-02  min_digits=2  params=73,998  (310.3s)
[573/648] width=64 depth=2 G=12 k=3 lr=0.0005 epochs=5500 ...

====================================================================
  Training: 5500 epochs | 8 sets
  Per epoch: 4096 pts | device: cuda:6
  Optimizer: Adam + OneCycleLR  (max_lr=0.0005, warm-up 15%)
  Loss: HuberLoss (delta=0.5)
  Network: KAN  (B-spline edges, cubic k=3)
====================================================================
  Epoch     1/5500  loss=1.4091e+00  lr=2.00e-05  (0.1s)

  Done in 427.7s | min loss = 6.0794e-05

    -> min_loss=6.079e-05  mean_rel_err=4.039e-02  min_digits=2  params=73,998  (427.7s)
[574/648] width=64 depth=2 G=12 k=3 lr=0.0005 epochs=7000 ...

====================================================================
  Training: 7000 epochs | 8 sets
  Per epoch: 4096 pts | device: cuda:6
  Optimizer: Adam + OneCycleLR  (max_lr=0.0005, warm-up 15%)
  Loss: HuberLoss (delta=0.5)
  Network: KAN  (B-spline edges, cubic k=3)
====================================================================
  Epoch     1/7000  loss=1.4091e+00  lr=2.00e-05  (0.1s)

  Done in 542.0s | min loss = 4.5538e-05

    -> min_loss=4.554e-05  mean_rel_err=3.928e-02  min_digits=2  params=73,998  (542.0s)
[575/648] width=64 depth=2 G=12 k=3 lr=0.0005 epochs=8500 ...

====================================================================
  Training: 8500 epochs | 8 sets
  Per epoch: 4096 pts | device: cuda:6
  Optimizer: Adam + OneCycleLR  (max_lr=0.0005, warm-up 15%)
  Loss: HuberLoss (delta=0.5)
  Network: KAN  (B-spline edges, cubic k=3)
====================================================================
  Epoch     1/8500  loss=1.4091e+00  lr=2.00e-05  (0.1s)

  Done in 662.3s | min loss = 3.2815e-05

    -> min_loss=3.282e-05  mean_rel_err=4.110e-02  min_digits=2  params=73,998  (662.3s)
[576/648] width=64 depth=2 G=12 k=3 lr=0.0005 epochs=10000 ...

====================================================================
  Training: 10000 epochs | 8 sets
  Per epoch: 4096 pts | device: cuda:6
  Optimizer: Adam + OneCycleLR  (max_lr=0.0005, warm-up 15%)
  Loss: HuberLoss (delta=0.5)
  Network: KAN  (B-spline edges, cubic k=3)
====================================================================
  Epoch     1/10000  loss=1.4091e+00  lr=2.00e-05  (0.1s)

  Done in 775.7s | min loss = 2.5469e-05

    -> min_loss=2.547e-05  mean_rel_err=4.110e-02  min_digits=2  params=73,998  (775.7s)
[577/648] width=64 depth=3 G=5 k=3 lr=0.002 epochs=1500 ...

====================================================================
  Training: 1500 epochs | 8 sets
  Per epoch: 4096 pts | device: cuda:6
  Optimizer: Adam + OneCycleLR  (max_lr=0.002, warm-up 15%)
  Loss: HuberLoss (delta=0.5)
  Network: KAN  (B-spline edges, cubic k=3)
====================================================================
  Epoch     1/1500  loss=2.0925e-01  lr=8.01e-05  (0.1s)

  Done in 143.1s | min loss = 1.1413e-04

    -> min_loss=1.141e-04  mean_rel_err=4.664e-02  min_digits=2  params=78,734  (143.1s)
[578/648] width=64 depth=3 G=5 k=3 lr=0.002 epochs=2000 ...

====================================================================
  Training: 2000 epochs | 8 sets
  Per epoch: 4096 pts | device: cuda:6
  Optimizer: Adam + OneCycleLR  (max_lr=0.002, warm-up 15%)
  Loss: HuberLoss (delta=0.5)
  Network: KAN  (B-spline edges, cubic k=3)
====================================================================
  Epoch     1/2000  loss=2.0925e-01  lr=8.01e-05  (0.1s)

  Done in 191.8s | min loss = 7.7896e-05

    -> min_loss=7.790e-05  mean_rel_err=4.040e-02  min_digits=2  params=78,734  (191.8s)
[579/648] width=64 depth=3 G=5 k=3 lr=0.002 epochs=3000 ...

====================================================================
  Training: 3000 epochs | 8 sets
  Per epoch: 4096 pts | device: cuda:6
  Optimizer: Adam + OneCycleLR  (max_lr=0.002, warm-up 15%)
  Loss: HuberLoss (delta=0.5)
  Network: KAN  (B-spline edges, cubic k=3)
====================================================================
  Epoch     1/3000  loss=2.0925e-01  lr=8.00e-05  (0.1s)

  Done in 289.9s | min loss = 5.1192e-05

    -> min_loss=5.119e-05  mean_rel_err=4.207e-02  min_digits=2  params=78,734  (289.9s)
[580/648] width=64 depth=3 G=5 k=3 lr=0.002 epochs=4000 ...

====================================================================
  Training: 4000 epochs | 8 sets
  Per epoch: 4096 pts | device: cuda:6
  Optimizer: Adam + OneCycleLR  (max_lr=0.002, warm-up 15%)
  Loss: HuberLoss (delta=0.5)
  Network: KAN  (B-spline edges, cubic k=3)
====================================================================
  Epoch     1/4000  loss=2.0925e-01  lr=8.00e-05  (0.1s)

  Done in 387.9s | min loss = 3.8157e-05

    -> min_loss=3.816e-05  mean_rel_err=4.899e-02  min_digits=2  params=78,734  (387.9s)
[581/648] width=64 depth=3 G=5 k=3 lr=0.002 epochs=5500 ...

====================================================================
  Training: 5500 epochs | 8 sets
  Per epoch: 4096 pts | device: cuda:6
  Optimizer: Adam + OneCycleLR  (max_lr=0.002, warm-up 15%)
  Loss: HuberLoss (delta=0.5)
  Network: KAN  (B-spline edges, cubic k=3)
====================================================================
  Epoch     1/5500  loss=2.0925e-01  lr=8.00e-05  (0.1s)

  Done in 530.1s | min loss = 2.4773e-05

    -> min_loss=2.477e-05  mean_rel_err=4.656e-02  min_digits=2  params=78,734  (530.1s)
[582/648] width=64 depth=3 G=5 k=3 lr=0.002 epochs=7000 ...

====================================================================
  Training: 7000 epochs | 8 sets
  Per epoch: 4096 pts | device: cuda:6
  Optimizer: Adam + OneCycleLR  (max_lr=0.002, warm-up 15%)
  Loss: HuberLoss (delta=0.5)
  Network: KAN  (B-spline edges, cubic k=3)
====================================================================
  Epoch     1/7000  loss=2.0925e-01  lr=8.00e-05  (0.1s)

  Done in 673.0s | min loss = 1.7402e-05

    -> min_loss=1.740e-05  mean_rel_err=4.687e-02  min_digits=2  params=78,734  (673.0s)
[583/648] width=64 depth=3 G=5 k=3 lr=0.002 epochs=8500 ...

====================================================================
  Training: 8500 epochs | 8 sets
  Per epoch: 4096 pts | device: cuda:6
  Optimizer: Adam + OneCycleLR  (max_lr=0.002, warm-up 15%)
  Loss: HuberLoss (delta=0.5)
  Network: KAN  (B-spline edges, cubic k=3)
====================================================================
  Epoch     1/8500  loss=2.0925e-01  lr=8.00e-05  (0.1s)

  Done in 812.4s | min loss = 1.3198e-05

    -> min_loss=1.320e-05  mean_rel_err=4.594e-02  min_digits=2  params=78,734  (812.4s)
[584/648] width=64 depth=3 G=5 k=3 lr=0.002 epochs=10000 ...

====================================================================
  Training: 10000 epochs | 8 sets
  Per epoch: 4096 pts | device: cuda:6
  Optimizer: Adam + OneCycleLR  (max_lr=0.002, warm-up 15%)
  Loss: HuberLoss (delta=0.5)
  Network: KAN  (B-spline edges, cubic k=3)
====================================================================
  Epoch     1/10000  loss=2.0925e-01  lr=8.00e-05  (0.1s)

  Done in 968.7s | min loss = 1.1905e-05

    -> min_loss=1.190e-05  mean_rel_err=4.361e-02  min_digits=2  params=78,734  (968.7s)
[585/648] width=64 depth=3 G=5 k=3 lr=0.001 epochs=1500 ...

====================================================================
  Training: 1500 epochs | 8 sets
  Per epoch: 4096 pts | device: cuda:6
  Optimizer: Adam + OneCycleLR  (max_lr=0.001, warm-up 15%)
  Loss: HuberLoss (delta=0.5)
  Network: KAN  (B-spline edges, cubic k=3)
====================================================================
  Epoch     1/1500  loss=2.0925e-01  lr=4.00e-05  (0.1s)

  Done in 144.3s | min loss = 1.4241e-04

    -> min_loss=1.424e-04  mean_rel_err=4.583e-02  min_digits=2  params=78,734  (144.3s)
[586/648] width=64 depth=3 G=5 k=3 lr=0.001 epochs=2000 ...

====================================================================
  Training: 2000 epochs | 8 sets
  Per epoch: 4096 pts | device: cuda:6
  Optimizer: Adam + OneCycleLR  (max_lr=0.001, warm-up 15%)
  Loss: HuberLoss (delta=0.5)
  Network: KAN  (B-spline edges, cubic k=3)
====================================================================
  Epoch     1/2000  loss=2.0925e-01  lr=4.00e-05  (0.1s)

  Done in 191.0s | min loss = 1.0622e-04

    -> min_loss=1.062e-04  mean_rel_err=5.088e-02  min_digits=2  params=78,734  (191.0s)
[587/648] width=64 depth=3 G=5 k=3 lr=0.001 epochs=3000 ...

====================================================================
  Training: 3000 epochs | 8 sets
  Per epoch: 4096 pts | device: cuda:6
  Optimizer: Adam + OneCycleLR  (max_lr=0.001, warm-up 15%)
  Loss: HuberLoss (delta=0.5)
  Network: KAN  (B-spline edges, cubic k=3)
====================================================================
  Epoch     1/3000  loss=2.0925e-01  lr=4.00e-05  (0.1s)

  Done in 288.6s | min loss = 6.0129e-05

    -> min_loss=6.013e-05  mean_rel_err=5.274e-02  min_digits=2  params=78,734  (288.6s)
[588/648] width=64 depth=3 G=5 k=3 lr=0.001 epochs=4000 ...

====================================================================
  Training: 4000 epochs | 8 sets
  Per epoch: 4096 pts | device: cuda:6
  Optimizer: Adam + OneCycleLR  (max_lr=0.001, warm-up 15%)
  Loss: HuberLoss (delta=0.5)
  Network: KAN  (B-spline edges, cubic k=3)
====================================================================
  Epoch     1/4000  loss=2.0925e-01  lr=4.00e-05  (0.1s)

  Done in 386.7s | min loss = 4.3287e-05

    -> min_loss=4.329e-05  mean_rel_err=5.643e-02  min_digits=2  params=78,734  (386.7s)
[589/648] width=64 depth=3 G=5 k=3 lr=0.001 epochs=5500 ...

====================================================================
  Training: 5500 epochs | 8 sets
  Per epoch: 4096 pts | device: cuda:6
  Optimizer: Adam + OneCycleLR  (max_lr=0.001, warm-up 15%)
  Loss: HuberLoss (delta=0.5)
  Network: KAN  (B-spline edges, cubic k=3)
====================================================================
  Epoch     1/5500  loss=2.0925e-01  lr=4.00e-05  (0.1s)

  Done in 529.8s | min loss = 2.7594e-05

    -> min_loss=2.759e-05  mean_rel_err=5.282e-02  min_digits=2  params=78,734  (529.8s)
[590/648] width=64 depth=3 G=5 k=3 lr=0.001 epochs=7000 ...

====================================================================
  Training: 7000 epochs | 8 sets
  Per epoch: 4096 pts | device: cuda:6
  Optimizer: Adam + OneCycleLR  (max_lr=0.001, warm-up 15%)
  Loss: HuberLoss (delta=0.5)
  Network: KAN  (B-spline edges, cubic k=3)
====================================================================
  Epoch     1/7000  loss=2.0925e-01  lr=4.00e-05  (0.1s)

  Done in 670.9s | min loss = 1.8593e-05

    -> min_loss=1.859e-05  mean_rel_err=5.189e-02  min_digits=2  params=78,734  (670.9s)
[591/648] width=64 depth=3 G=5 k=3 lr=0.001 epochs=8500 ...

====================================================================
  Training: 8500 epochs | 8 sets
  Per epoch: 4096 pts | device: cuda:6
  Optimizer: Adam + OneCycleLR  (max_lr=0.001, warm-up 15%)
  Loss: HuberLoss (delta=0.5)
  Network: KAN  (B-spline edges, cubic k=3)
====================================================================
  Epoch     1/8500  loss=2.0925e-01  lr=4.00e-05  (0.1s)

  Done in 809.3s | min loss = 1.5021e-05

    -> min_loss=1.502e-05  mean_rel_err=5.090e-02  min_digits=2  params=78,734  (809.3s)
[592/648] width=64 depth=3 G=5 k=3 lr=0.001 epochs=10000 ...

====================================================================
  Training: 10000 epochs | 8 sets
  Per epoch: 4096 pts | device: cuda:6
  Optimizer: Adam + OneCycleLR  (max_lr=0.001, warm-up 15%)
  Loss: HuberLoss (delta=0.5)
  Network: KAN  (B-spline edges, cubic k=3)
====================================================================
  Epoch     1/10000  loss=2.0925e-01  lr=4.00e-05  (0.1s)

  Done in 960.4s | min loss = 1.2162e-05

    -> min_loss=1.216e-05  mean_rel_err=4.751e-02  min_digits=2  params=78,734  (960.4s)
[593/648] width=64 depth=3 G=5 k=3 lr=0.0005 epochs=1500 ...

====================================================================
  Training: 1500 epochs | 8 sets
  Per epoch: 4096 pts | device: cuda:6
  Optimizer: Adam + OneCycleLR  (max_lr=0.0005, warm-up 15%)
  Loss: HuberLoss (delta=0.5)
  Network: KAN  (B-spline edges, cubic k=3)
====================================================================
  Epoch     1/1500  loss=2.0925e-01  lr=2.00e-05  (0.1s)

  Done in 143.5s | min loss = 2.0805e-04

    -> min_loss=2.080e-04  mean_rel_err=7.417e-02  min_digits=2  params=78,734  (143.5s)
[594/648] width=64 depth=3 G=5 k=3 lr=0.0005 epochs=2000 ...

====================================================================
  Training: 2000 epochs | 8 sets
  Per epoch: 4096 pts | device: cuda:6
  Optimizer: Adam + OneCycleLR  (max_lr=0.0005, warm-up 15%)
  Loss: HuberLoss (delta=0.5)
  Network: KAN  (B-spline edges, cubic k=3)
====================================================================
  Epoch     1/2000  loss=2.0925e-01  lr=2.00e-05  (0.1s)

  Done in 190.4s | min loss = 1.4289e-04

    -> min_loss=1.429e-04  mean_rel_err=6.708e-02  min_digits=2  params=78,734  (190.4s)
[595/648] width=64 depth=3 G=5 k=3 lr=0.0005 epochs=3000 ...

====================================================================
  Training: 3000 epochs | 8 sets
  Per epoch: 4096 pts | device: cuda:6
  Optimizer: Adam + OneCycleLR  (max_lr=0.0005, warm-up 15%)
  Loss: HuberLoss (delta=0.5)
  Network: KAN  (B-spline edges, cubic k=3)
====================================================================
  Epoch     1/3000  loss=2.0925e-01  lr=2.00e-05  (0.1s)

  Done in 285.2s | min loss = 8.5486e-05

    -> min_loss=8.549e-05  mean_rel_err=6.269e-02  min_digits=2  params=78,734  (285.2s)
[596/648] width=64 depth=3 G=5 k=3 lr=0.0005 epochs=4000 ...

====================================================================
  Training: 4000 epochs | 8 sets
  Per epoch: 4096 pts | device: cuda:6
  Optimizer: Adam + OneCycleLR  (max_lr=0.0005, warm-up 15%)
  Loss: HuberLoss (delta=0.5)
  Network: KAN  (B-spline edges, cubic k=3)
====================================================================
  Epoch     1/4000  loss=2.0925e-01  lr=2.00e-05  (0.1s)

  Done in 380.4s | min loss = 5.2937e-05

    -> min_loss=5.294e-05  mean_rel_err=6.418e-02  min_digits=2  params=78,734  (380.4s)
[597/648] width=64 depth=3 G=5 k=3 lr=0.0005 epochs=5500 ...

====================================================================
  Training: 5500 epochs | 8 sets
  Per epoch: 4096 pts | device: cuda:6
  Optimizer: Adam + OneCycleLR  (max_lr=0.0005, warm-up 15%)
  Loss: HuberLoss (delta=0.5)
  Network: KAN  (B-spline edges, cubic k=3)
====================================================================
  Epoch     1/5500  loss=2.0925e-01  lr=2.00e-05  (0.1s)

  Done in 528.0s | min loss = 3.5657e-05

    -> min_loss=3.566e-05  mean_rel_err=6.235e-02  min_digits=2  params=78,734  (528.0s)
[598/648] width=64 depth=3 G=5 k=3 lr=0.0005 epochs=7000 ...

====================================================================
  Training: 7000 epochs | 8 sets
  Per epoch: 4096 pts | device: cuda:6
  Optimizer: Adam + OneCycleLR  (max_lr=0.0005, warm-up 15%)
  Loss: HuberLoss (delta=0.5)
  Network: KAN  (B-spline edges, cubic k=3)
====================================================================
  Epoch     1/7000  loss=2.0925e-01  lr=2.00e-05  (0.1s)

  Done in 670.4s | min loss = 2.6464e-05

    -> min_loss=2.646e-05  mean_rel_err=6.032e-02  min_digits=2  params=78,734  (670.4s)
[599/648] width=64 depth=3 G=5 k=3 lr=0.0005 epochs=8500 ...

====================================================================
  Training: 8500 epochs | 8 sets
  Per epoch: 4096 pts | device: cuda:6
  Optimizer: Adam + OneCycleLR  (max_lr=0.0005, warm-up 15%)
  Loss: HuberLoss (delta=0.5)
  Network: KAN  (B-spline edges, cubic k=3)
====================================================================
  Epoch     1/8500  loss=2.0925e-01  lr=2.00e-05  (0.1s)

  Done in 819.8s | min loss = 2.0533e-05

    -> min_loss=2.053e-05  mean_rel_err=5.843e-02  min_digits=2  params=78,734  (819.8s)
[600/648] width=64 depth=3 G=5 k=3 lr=0.0005 epochs=10000 ...

====================================================================
  Training: 10000 epochs | 8 sets
  Per epoch: 4096 pts | device: cuda:6
  Optimizer: Adam + OneCycleLR  (max_lr=0.0005, warm-up 15%)
  Loss: HuberLoss (delta=0.5)
  Network: KAN  (B-spline edges, cubic k=3)
====================================================================
  Epoch     1/10000  loss=2.0925e-01  lr=2.00e-05  (0.1s)

  Done in 959.0s | min loss = 1.5626e-05

    -> min_loss=1.563e-05  mean_rel_err=5.662e-02  min_digits=2  params=78,734  (959.0s)
[601/648] width=64 depth=3 G=8 k=3 lr=0.002 epochs=1500 ...

====================================================================
  Training: 1500 epochs | 8 sets
  Per epoch: 4096 pts | device: cuda:6
  Optimizer: Adam + OneCycleLR  (max_lr=0.002, warm-up 15%)
  Loss: HuberLoss (delta=0.5)
  Network: KAN  (B-spline edges, cubic k=3)
====================================================================
  Epoch     1/1500  loss=5.1431e-01  lr=8.01e-05  (0.1s)

  Done in 147.7s | min loss = 1.1631e-04

    -> min_loss=1.163e-04  mean_rel_err=5.524e-02  min_digits=2  params=104,846  (147.7s)
[602/648] width=64 depth=3 G=8 k=3 lr=0.002 epochs=2000 ...

====================================================================
  Training: 2000 epochs | 8 sets
  Per epoch: 4096 pts | device: cuda:6
  Optimizer: Adam + OneCycleLR  (max_lr=0.002, warm-up 15%)
  Loss: HuberLoss (delta=0.5)
  Network: KAN  (B-spline edges, cubic k=3)
====================================================================
  Epoch     1/2000  loss=5.1431e-01  lr=8.01e-05  (0.1s)

  Done in 195.7s | min loss = 7.5686e-05

    -> min_loss=7.569e-05  mean_rel_err=4.952e-02  min_digits=2  params=104,846  (195.7s)
[603/648] width=64 depth=3 G=8 k=3 lr=0.002 epochs=3000 ...

====================================================================
  Training: 3000 epochs | 8 sets
  Per epoch: 4096 pts | device: cuda:6
  Optimizer: Adam + OneCycleLR  (max_lr=0.002, warm-up 15%)
  Loss: HuberLoss (delta=0.5)
  Network: KAN  (B-spline edges, cubic k=3)
====================================================================
  Epoch     1/3000  loss=5.1431e-01  lr=8.00e-05  (0.1s)

  Done in 294.2s | min loss = 4.9033e-05

    -> min_loss=4.903e-05  mean_rel_err=4.966e-02  min_digits=2  params=104,846  (294.2s)
[604/648] width=64 depth=3 G=8 k=3 lr=0.002 epochs=4000 ...

====================================================================
  Training: 4000 epochs | 8 sets
  Per epoch: 4096 pts | device: cuda:6
  Optimizer: Adam + OneCycleLR  (max_lr=0.002, warm-up 15%)
  Loss: HuberLoss (delta=0.5)
  Network: KAN  (B-spline edges, cubic k=3)
====================================================================
  Epoch     1/4000  loss=5.1431e-01  lr=8.00e-05  (0.1s)

  Done in 392.4s | min loss = 3.2772e-05

    -> min_loss=3.277e-05  mean_rel_err=4.292e-02  min_digits=2  params=104,846  (392.4s)
[605/648] width=64 depth=3 G=8 k=3 lr=0.002 epochs=5500 ...

====================================================================
  Training: 5500 epochs | 8 sets
  Per epoch: 4096 pts | device: cuda:6
  Optimizer: Adam + OneCycleLR  (max_lr=0.002, warm-up 15%)
  Loss: HuberLoss (delta=0.5)
  Network: KAN  (B-spline edges, cubic k=3)
====================================================================
  Epoch     1/5500  loss=5.1431e-01  lr=8.00e-05  (0.1s)

  Done in 540.2s | min loss = 2.4340e-05

    -> min_loss=2.434e-05  mean_rel_err=3.898e-02  min_digits=2  params=104,846  (540.2s)
[606/648] width=64 depth=3 G=8 k=3 lr=0.002 epochs=7000 ...

====================================================================
  Training: 7000 epochs | 8 sets
  Per epoch: 4096 pts | device: cuda:6
  Optimizer: Adam + OneCycleLR  (max_lr=0.002, warm-up 15%)
  Loss: HuberLoss (delta=0.5)
  Network: KAN  (B-spline edges, cubic k=3)
====================================================================
  Epoch     1/7000  loss=5.1431e-01  lr=8.00e-05  (0.1s)

  Done in 685.9s | min loss = 1.7858e-05

    -> min_loss=1.786e-05  mean_rel_err=3.758e-02  min_digits=2  params=104,846  (685.9s)
[607/648] width=64 depth=3 G=8 k=3 lr=0.002 epochs=8500 ...

====================================================================
  Training: 8500 epochs | 8 sets
  Per epoch: 4096 pts | device: cuda:6
  Optimizer: Adam + OneCycleLR  (max_lr=0.002, warm-up 15%)
  Loss: HuberLoss (delta=0.5)
  Network: KAN  (B-spline edges, cubic k=3)
====================================================================
  Epoch     1/8500  loss=5.1431e-01  lr=8.00e-05  (0.1s)

  Done in 837.4s | min loss = 1.3456e-05

    -> min_loss=1.346e-05  mean_rel_err=3.763e-02  min_digits=2  params=104,846  (837.4s)
[608/648] width=64 depth=3 G=8 k=3 lr=0.002 epochs=10000 ...

====================================================================
  Training: 10000 epochs | 8 sets
  Per epoch: 4096 pts | device: cuda:6
  Optimizer: Adam + OneCycleLR  (max_lr=0.002, warm-up 15%)
  Loss: HuberLoss (delta=0.5)
  Network: KAN  (B-spline edges, cubic k=3)
====================================================================
  Epoch     1/10000  loss=5.1431e-01  lr=8.00e-05  (0.1s)

  Done in 980.5s | min loss = 1.1509e-05

    -> min_loss=1.151e-05  mean_rel_err=3.970e-02  min_digits=2  params=104,846  (980.5s)
[609/648] width=64 depth=3 G=8 k=3 lr=0.001 epochs=1500 ...

====================================================================
  Training: 1500 epochs | 8 sets
  Per epoch: 4096 pts | device: cuda:6
  Optimizer: Adam + OneCycleLR  (max_lr=0.001, warm-up 15%)
  Loss: HuberLoss (delta=0.5)
  Network: KAN  (B-spline edges, cubic k=3)
====================================================================
  Epoch     1/1500  loss=5.1431e-01  lr=4.00e-05  (0.1s)

  Done in 146.9s | min loss = 1.3664e-04

    -> min_loss=1.366e-04  mean_rel_err=5.019e-02  min_digits=2  params=104,846  (146.9s)
[610/648] width=64 depth=3 G=8 k=3 lr=0.001 epochs=2000 ...

====================================================================
  Training: 2000 epochs | 8 sets
  Per epoch: 4096 pts | device: cuda:6
  Optimizer: Adam + OneCycleLR  (max_lr=0.001, warm-up 15%)
  Loss: HuberLoss (delta=0.5)
  Network: KAN  (B-spline edges, cubic k=3)
====================================================================
  Epoch     1/2000  loss=5.1431e-01  lr=4.00e-05  (0.1s)

  Done in 196.3s | min loss = 1.0022e-04

    -> min_loss=1.002e-04  mean_rel_err=5.193e-02  min_digits=2  params=104,846  (196.3s)
[611/648] width=64 depth=3 G=8 k=3 lr=0.001 epochs=3000 ...

====================================================================
  Training: 3000 epochs | 8 sets
  Per epoch: 4096 pts | device: cuda:6
  Optimizer: Adam + OneCycleLR  (max_lr=0.001, warm-up 15%)
  Loss: HuberLoss (delta=0.5)
  Network: KAN  (B-spline edges, cubic k=3)
====================================================================
  Epoch     1/3000  loss=5.1431e-01  lr=4.00e-05  (0.1s)

  Done in 294.8s | min loss = 6.3529e-05

    -> min_loss=6.353e-05  mean_rel_err=4.759e-02  min_digits=2  params=104,846  (294.8s)
[612/648] width=64 depth=3 G=8 k=3 lr=0.001 epochs=4000 ...

====================================================================
  Training: 4000 epochs | 8 sets
  Per epoch: 4096 pts | device: cuda:6
  Optimizer: Adam + OneCycleLR  (max_lr=0.001, warm-up 15%)
  Loss: HuberLoss (delta=0.5)
  Network: KAN  (B-spline edges, cubic k=3)
====================================================================
  Epoch     1/4000  loss=5.1431e-01  lr=4.00e-05  (0.1s)

  Done in 393.5s | min loss = 4.2516e-05

    -> min_loss=4.252e-05  mean_rel_err=4.731e-02  min_digits=2  params=104,846  (393.5s)
[613/648] width=64 depth=3 G=8 k=3 lr=0.001 epochs=5500 ...

====================================================================
  Training: 5500 epochs | 8 sets
  Per epoch: 4096 pts | device: cuda:6
  Optimizer: Adam + OneCycleLR  (max_lr=0.001, warm-up 15%)
  Loss: HuberLoss (delta=0.5)
  Network: KAN  (B-spline edges, cubic k=3)
====================================================================
  Epoch     1/5500  loss=5.1431e-01  lr=4.00e-05  (0.1s)

  Done in 541.4s | min loss = 3.1016e-05

    -> min_loss=3.102e-05  mean_rel_err=4.669e-02  min_digits=2  params=104,846  (541.4s)
[614/648] width=64 depth=3 G=8 k=3 lr=0.001 epochs=7000 ...

====================================================================
  Training: 7000 epochs | 8 sets
  Per epoch: 4096 pts | device: cuda:6
  Optimizer: Adam + OneCycleLR  (max_lr=0.001, warm-up 15%)
  Loss: HuberLoss (delta=0.5)
  Network: KAN  (B-spline edges, cubic k=3)
====================================================================
  Epoch     1/7000  loss=5.1431e-01  lr=4.00e-05  (0.1s)

  Done in 686.4s | min loss = 2.1994e-05

    -> min_loss=2.199e-05  mean_rel_err=4.686e-02  min_digits=2  params=104,846  (686.4s)
[615/648] width=64 depth=3 G=8 k=3 lr=0.001 epochs=8500 ...

====================================================================
  Training: 8500 epochs | 8 sets
  Per epoch: 4096 pts | device: cuda:6
  Optimizer: Adam + OneCycleLR  (max_lr=0.001, warm-up 15%)
  Loss: HuberLoss (delta=0.5)
  Network: KAN  (B-spline edges, cubic k=3)
====================================================================
  Epoch     1/8500  loss=5.1431e-01  lr=4.00e-05  (0.1s)

  Done in 833.1s | min loss = 1.6156e-05

    -> min_loss=1.616e-05  mean_rel_err=4.461e-02  min_digits=2  params=104,846  (833.1s)
[616/648] width=64 depth=3 G=8 k=3 lr=0.001 epochs=10000 ...

====================================================================
  Training: 10000 epochs | 8 sets
  Per epoch: 4096 pts | device: cuda:6
  Optimizer: Adam + OneCycleLR  (max_lr=0.001, warm-up 15%)
  Loss: HuberLoss (delta=0.5)
  Network: KAN  (B-spline edges, cubic k=3)
====================================================================
  Epoch     1/10000  loss=5.1431e-01  lr=4.00e-05  (0.1s)

  Done in 977.1s | min loss = 1.2847e-05

    -> min_loss=1.285e-05  mean_rel_err=4.505e-02  min_digits=2  params=104,846  (977.1s)
[617/648] width=64 depth=3 G=8 k=3 lr=0.0005 epochs=1500 ...

====================================================================
  Training: 1500 epochs | 8 sets
  Per epoch: 4096 pts | device: cuda:6
  Optimizer: Adam + OneCycleLR  (max_lr=0.0005, warm-up 15%)
  Loss: HuberLoss (delta=0.5)
  Network: KAN  (B-spline edges, cubic k=3)
====================================================================
  Epoch     1/1500  loss=5.1431e-01  lr=2.00e-05  (0.1s)

  Done in 145.2s | min loss = 2.0159e-04

    -> min_loss=2.016e-04  mean_rel_err=4.984e-02  min_digits=2  params=104,846  (145.2s)
[618/648] width=64 depth=3 G=8 k=3 lr=0.0005 epochs=2000 ...

====================================================================
  Training: 2000 epochs | 8 sets
  Per epoch: 4096 pts | device: cuda:6
  Optimizer: Adam + OneCycleLR  (max_lr=0.0005, warm-up 15%)
  Loss: HuberLoss (delta=0.5)
  Network: KAN  (B-spline edges, cubic k=3)
====================================================================
  Epoch     1/2000  loss=5.1431e-01  lr=2.00e-05  (0.1s)

  Done in 196.1s | min loss = 1.3708e-04

    -> min_loss=1.371e-04  mean_rel_err=5.427e-02  min_digits=2  params=104,846  (196.1s)
[619/648] width=64 depth=3 G=8 k=3 lr=0.0005 epochs=3000 ...

====================================================================
  Training: 3000 epochs | 8 sets
  Per epoch: 4096 pts | device: cuda:6
  Optimizer: Adam + OneCycleLR  (max_lr=0.0005, warm-up 15%)
  Loss: HuberLoss (delta=0.5)
  Network: KAN  (B-spline edges, cubic k=3)
====================================================================
  Epoch     1/3000  loss=5.1431e-01  lr=2.00e-05  (0.1s)

  Done in 295.0s | min loss = 8.5292e-05

    -> min_loss=8.529e-05  mean_rel_err=5.138e-02  min_digits=2  params=104,846  (295.0s)
[620/648] width=64 depth=3 G=8 k=3 lr=0.0005 epochs=4000 ...

====================================================================
  Training: 4000 epochs | 8 sets
  Per epoch: 4096 pts | device: cuda:6
  Optimizer: Adam + OneCycleLR  (max_lr=0.0005, warm-up 15%)
  Loss: HuberLoss (delta=0.5)
  Network: KAN  (B-spline edges, cubic k=3)
====================================================================
  Epoch     1/4000  loss=5.1431e-01  lr=2.00e-05  (0.1s)

  Done in 394.5s | min loss = 6.2117e-05

    -> min_loss=6.212e-05  mean_rel_err=5.375e-02  min_digits=2  params=104,846  (394.5s)
[621/648] width=64 depth=3 G=8 k=3 lr=0.0005 epochs=5500 ...

====================================================================
  Training: 5500 epochs | 8 sets
  Per epoch: 4096 pts | device: cuda:6
  Optimizer: Adam + OneCycleLR  (max_lr=0.0005, warm-up 15%)
  Loss: HuberLoss (delta=0.5)
  Network: KAN  (B-spline edges, cubic k=3)
====================================================================
  Epoch     1/5500  loss=5.1431e-01  lr=2.00e-05  (0.1s)

  Done in 539.2s | min loss = 4.1305e-05

    -> min_loss=4.130e-05  mean_rel_err=5.078e-02  min_digits=2  params=104,846  (539.2s)
[622/648] width=64 depth=3 G=8 k=3 lr=0.0005 epochs=7000 ...

====================================================================
  Training: 7000 epochs | 8 sets
  Per epoch: 4096 pts | device: cuda:6
  Optimizer: Adam + OneCycleLR  (max_lr=0.0005, warm-up 15%)
  Loss: HuberLoss (delta=0.5)
  Network: KAN  (B-spline edges, cubic k=3)
====================================================================
  Epoch     1/7000  loss=5.1431e-01  lr=2.00e-05  (0.1s)

  Done in 686.5s | min loss = 2.8220e-05

    -> min_loss=2.822e-05  mean_rel_err=5.004e-02  min_digits=2  params=104,846  (686.5s)
[623/648] width=64 depth=3 G=8 k=3 lr=0.0005 epochs=8500 ...

====================================================================
  Training: 8500 epochs | 8 sets
  Per epoch: 4096 pts | device: cuda:6
  Optimizer: Adam + OneCycleLR  (max_lr=0.0005, warm-up 15%)
  Loss: HuberLoss (delta=0.5)
  Network: KAN  (B-spline edges, cubic k=3)
====================================================================
  Epoch     1/8500  loss=5.1431e-01  lr=2.00e-05  (0.1s)

  Done in 838.6s | min loss = 2.0651e-05

    -> min_loss=2.065e-05  mean_rel_err=4.929e-02  min_digits=2  params=104,846  (838.6s)
[624/648] width=64 depth=3 G=8 k=3 lr=0.0005 epochs=10000 ...

====================================================================
  Training: 10000 epochs | 8 sets
  Per epoch: 4096 pts | device: cuda:6
  Optimizer: Adam + OneCycleLR  (max_lr=0.0005, warm-up 15%)
  Loss: HuberLoss (delta=0.5)
  Network: KAN  (B-spline edges, cubic k=3)
====================================================================
  Epoch     1/10000  loss=5.1431e-01  lr=2.00e-05  (0.1s)

  Done in 985.7s | min loss = 1.6176e-05

    -> min_loss=1.618e-05  mean_rel_err=5.004e-02  min_digits=2  params=104,846  (985.7s)
[625/648] width=64 depth=3 G=12 k=3 lr=0.002 epochs=1500 ...

====================================================================
  Training: 1500 epochs | 8 sets
  Per epoch: 4096 pts | device: cuda:6
  Optimizer: Adam + OneCycleLR  (max_lr=0.002, warm-up 15%)
  Loss: HuberLoss (delta=0.5)
  Network: KAN  (B-spline edges, cubic k=3)
====================================================================
  Epoch     1/1500  loss=3.7783e+00  lr=8.01e-05  (0.1s)

  Done in 164.2s | min loss = 1.0733e-04

    -> min_loss=1.073e-04  mean_rel_err=3.842e-02  min_digits=2  params=139,662  (164.2s)
[626/648] width=64 depth=3 G=12 k=3 lr=0.002 epochs=2000 ...

====================================================================
  Training: 2000 epochs | 8 sets
  Per epoch: 4096 pts | device: cuda:6
  Optimizer: Adam + OneCycleLR  (max_lr=0.002, warm-up 15%)
  Loss: HuberLoss (delta=0.5)
  Network: KAN  (B-spline edges, cubic k=3)
====================================================================
  Epoch     1/2000  loss=3.7783e+00  lr=8.01e-05  (0.1s)

  Done in 219.0s | min loss = 7.6579e-05

    -> min_loss=7.658e-05  mean_rel_err=3.859e-02  min_digits=2  params=139,662  (219.0s)
[627/648] width=64 depth=3 G=12 k=3 lr=0.002 epochs=3000 ...

====================================================================
  Training: 3000 epochs | 8 sets
  Per epoch: 4096 pts | device: cuda:6
  Optimizer: Adam + OneCycleLR  (max_lr=0.002, warm-up 15%)
  Loss: HuberLoss (delta=0.5)
  Network: KAN  (B-spline edges, cubic k=3)
====================================================================
  Epoch     1/3000  loss=3.7783e+00  lr=8.00e-05  (0.1s)

  Done in 327.7s | min loss = 4.6410e-05

    -> min_loss=4.641e-05  mean_rel_err=3.750e-02  min_digits=2  params=139,662  (327.7s)
[628/648] width=64 depth=3 G=12 k=3 lr=0.002 epochs=4000 ...

====================================================================
  Training: 4000 epochs | 8 sets
  Per epoch: 4096 pts | device: cuda:6
  Optimizer: Adam + OneCycleLR  (max_lr=0.002, warm-up 15%)
  Loss: HuberLoss (delta=0.5)
  Network: KAN  (B-spline edges, cubic k=3)
====================================================================
  Epoch     1/4000  loss=3.7783e+00  lr=8.00e-05  (0.1s)

  Done in 436.4s | min loss = 3.6009e-05

    -> min_loss=3.601e-05  mean_rel_err=3.808e-02  min_digits=2  params=139,662  (436.4s)
[629/648] width=64 depth=3 G=12 k=3 lr=0.002 epochs=5500 ...

====================================================================
  Training: 5500 epochs | 8 sets
  Per epoch: 4096 pts | device: cuda:6
  Optimizer: Adam + OneCycleLR  (max_lr=0.002, warm-up 15%)
  Loss: HuberLoss (delta=0.5)
  Network: KAN  (B-spline edges, cubic k=3)
====================================================================
  Epoch     1/5500  loss=3.7783e+00  lr=8.00e-05  (0.1s)

  Done in 601.7s | min loss = 2.3660e-05

    -> min_loss=2.366e-05  mean_rel_err=4.106e-02  min_digits=2  params=139,662  (601.7s)
[630/648] width=64 depth=3 G=12 k=3 lr=0.002 epochs=7000 ...

====================================================================
  Training: 7000 epochs | 8 sets
  Per epoch: 4096 pts | device: cuda:6
  Optimizer: Adam + OneCycleLR  (max_lr=0.002, warm-up 15%)
  Loss: HuberLoss (delta=0.5)
  Network: KAN  (B-spline edges, cubic k=3)
====================================================================
  Epoch     1/7000  loss=3.7783e+00  lr=8.00e-05  (0.1s)

  Done in 770.2s | min loss = 1.7206e-05

    -> min_loss=1.721e-05  mean_rel_err=4.111e-02  min_digits=2  params=139,662  (770.2s)
[631/648] width=64 depth=3 G=12 k=3 lr=0.002 epochs=8500 ...

====================================================================
  Training: 8500 epochs | 8 sets
  Per epoch: 4096 pts | device: cuda:6
  Optimizer: Adam + OneCycleLR  (max_lr=0.002, warm-up 15%)
  Loss: HuberLoss (delta=0.5)
  Network: KAN  (B-spline edges, cubic k=3)
====================================================================
  Epoch     1/8500  loss=3.7783e+00  lr=8.00e-05  (0.1s)

  Done in 931.1s | min loss = 1.2462e-05

    -> min_loss=1.246e-05  mean_rel_err=3.736e-02  min_digits=2  params=139,662  (931.1s)
[632/648] width=64 depth=3 G=12 k=3 lr=0.002 epochs=10000 ...

====================================================================
  Training: 10000 epochs | 8 sets
  Per epoch: 4096 pts | device: cuda:6
  Optimizer: Adam + OneCycleLR  (max_lr=0.002, warm-up 15%)
  Loss: HuberLoss (delta=0.5)
  Network: KAN  (B-spline edges, cubic k=3)
====================================================================
  Epoch     1/10000  loss=3.7783e+00  lr=8.00e-05  (0.1s)

  Done in 1092.9s | min loss = 1.0225e-05

    -> min_loss=1.023e-05  mean_rel_err=4.252e-02  min_digits=2  params=139,662  (1092.9s)
[633/648] width=64 depth=3 G=12 k=3 lr=0.001 epochs=1500 ...

====================================================================
  Training: 1500 epochs | 8 sets
  Per epoch: 4096 pts | device: cuda:6
  Optimizer: Adam + OneCycleLR  (max_lr=0.001, warm-up 15%)
  Loss: HuberLoss (delta=0.5)
  Network: KAN  (B-spline edges, cubic k=3)
====================================================================
  Epoch     1/1500  loss=3.7783e+00  lr=4.00e-05  (0.1s)

  Done in 163.5s | min loss = 1.3117e-04

    -> min_loss=1.312e-04  mean_rel_err=4.284e-02  min_digits=2  params=139,662  (163.5s)
[634/648] width=64 depth=3 G=12 k=3 lr=0.001 epochs=2000 ...

====================================================================
  Training: 2000 epochs | 8 sets
  Per epoch: 4096 pts | device: cuda:6
  Optimizer: Adam + OneCycleLR  (max_lr=0.001, warm-up 15%)
  Loss: HuberLoss (delta=0.5)
  Network: KAN  (B-spline edges, cubic k=3)
====================================================================
  Epoch     1/2000  loss=3.7783e+00  lr=4.00e-05  (0.1s)

  Done in 219.1s | min loss = 9.7493e-05

    -> min_loss=9.749e-05  mean_rel_err=4.456e-02  min_digits=2  params=139,662  (219.1s)
[635/648] width=64 depth=3 G=12 k=3 lr=0.001 epochs=3000 ...

====================================================================
  Training: 3000 epochs | 8 sets
  Per epoch: 4096 pts | device: cuda:6
  Optimizer: Adam + OneCycleLR  (max_lr=0.001, warm-up 15%)
  Loss: HuberLoss (delta=0.5)
  Network: KAN  (B-spline edges, cubic k=3)
====================================================================
  Epoch     1/3000  loss=3.7783e+00  lr=4.00e-05  (0.1s)

  Done in 328.2s | min loss = 6.0645e-05

    -> min_loss=6.064e-05  mean_rel_err=4.317e-02  min_digits=2  params=139,662  (328.2s)
[636/648] width=64 depth=3 G=12 k=3 lr=0.001 epochs=4000 ...

====================================================================
  Training: 4000 epochs | 8 sets
  Per epoch: 4096 pts | device: cuda:6
  Optimizer: Adam + OneCycleLR  (max_lr=0.001, warm-up 15%)
  Loss: HuberLoss (delta=0.5)
  Network: KAN  (B-spline edges, cubic k=3)
====================================================================
  Epoch     1/4000  loss=3.7783e+00  lr=4.00e-05  (0.1s)

  Done in 438.5s | min loss = 4.1946e-05

    -> min_loss=4.195e-05  mean_rel_err=4.112e-02  min_digits=2  params=139,662  (438.5s)
[637/648] width=64 depth=3 G=12 k=3 lr=0.001 epochs=5500 ...

====================================================================
  Training: 5500 epochs | 8 sets
  Per epoch: 4096 pts | device: cuda:6
  Optimizer: Adam + OneCycleLR  (max_lr=0.001, warm-up 15%)
  Loss: HuberLoss (delta=0.5)
  Network: KAN  (B-spline edges, cubic k=3)
====================================================================
  Epoch     1/5500  loss=3.7783e+00  lr=4.00e-05  (0.1s)

  Done in 607.2s | min loss = 2.9876e-05

    -> min_loss=2.988e-05  mean_rel_err=3.886e-02  min_digits=2  params=139,662  (607.2s)
[638/648] width=64 depth=3 G=12 k=3 lr=0.001 epochs=7000 ...

====================================================================
  Training: 7000 epochs | 8 sets
  Per epoch: 4096 pts | device: cuda:6
  Optimizer: Adam + OneCycleLR  (max_lr=0.001, warm-up 15%)
  Loss: HuberLoss (delta=0.5)
  Network: KAN  (B-spline edges, cubic k=3)
====================================================================
  Epoch     1/7000  loss=3.7783e+00  lr=4.00e-05  (0.1s)

  Done in 766.2s | min loss = 2.1763e-05

    -> min_loss=2.176e-05  mean_rel_err=3.740e-02  min_digits=2  params=139,662  (766.2s)
[639/648] width=64 depth=3 G=12 k=3 lr=0.001 epochs=8500 ...

====================================================================
  Training: 8500 epochs | 8 sets
  Per epoch: 4096 pts | device: cuda:6
  Optimizer: Adam + OneCycleLR  (max_lr=0.001, warm-up 15%)
  Loss: HuberLoss (delta=0.5)
  Network: KAN  (B-spline edges, cubic k=3)
====================================================================
  Epoch     1/8500  loss=3.7783e+00  lr=4.00e-05  (0.1s)

  Done in 933.9s | min loss = 1.4921e-05

    -> min_loss=1.492e-05  mean_rel_err=3.426e-02  min_digits=2  params=139,662  (933.9s)
[640/648] width=64 depth=3 G=12 k=3 lr=0.001 epochs=10000 ...

====================================================================
  Training: 10000 epochs | 8 sets
  Per epoch: 4096 pts | device: cuda:6
  Optimizer: Adam + OneCycleLR  (max_lr=0.001, warm-up 15%)
  Loss: HuberLoss (delta=0.5)
  Network: KAN  (B-spline edges, cubic k=3)
====================================================================
  Epoch     1/10000  loss=3.7783e+00  lr=4.00e-05  (0.1s)

  Done in 1093.0s | min loss = 1.2207e-05

    -> min_loss=1.221e-05  mean_rel_err=3.829e-02  min_digits=2  params=139,662  (1093.0s)
[641/648] width=64 depth=3 G=12 k=3 lr=0.0005 epochs=1500 ...

====================================================================
  Training: 1500 epochs | 8 sets
  Per epoch: 4096 pts | device: cuda:6
  Optimizer: Adam + OneCycleLR  (max_lr=0.0005, warm-up 15%)
  Loss: HuberLoss (delta=0.5)
  Network: KAN  (B-spline edges, cubic k=3)
====================================================================
  Epoch     1/1500  loss=3.7783e+00  lr=2.00e-05  (0.1s)

  Done in 163.8s | min loss = 1.7849e-04

    -> min_loss=1.785e-04  mean_rel_err=3.799e-02  min_digits=2  params=139,662  (163.8s)
[642/648] width=64 depth=3 G=12 k=3 lr=0.0005 epochs=2000 ...

====================================================================
  Training: 2000 epochs | 8 sets
  Per epoch: 4096 pts | device: cuda:6
  Optimizer: Adam + OneCycleLR  (max_lr=0.0005, warm-up 15%)
  Loss: HuberLoss (delta=0.5)
  Network: KAN  (B-spline edges, cubic k=3)
====================================================================
  Epoch     1/2000  loss=3.7783e+00  lr=2.00e-05  (0.1s)

  Done in 217.5s | min loss = 1.2802e-04

    -> min_loss=1.280e-04  mean_rel_err=3.831e-02  min_digits=2  params=139,662  (217.5s)
[643/648] width=64 depth=3 G=12 k=3 lr=0.0005 epochs=3000 ...

====================================================================
  Training: 3000 epochs | 8 sets
  Per epoch: 4096 pts | device: cuda:6
  Optimizer: Adam + OneCycleLR  (max_lr=0.0005, warm-up 15%)
  Loss: HuberLoss (delta=0.5)
  Network: KAN  (B-spline edges, cubic k=3)
====================================================================
  Epoch     1/3000  loss=3.7783e+00  lr=2.00e-05  (0.1s)

  Done in 326.9s | min loss = 7.6545e-05

    -> min_loss=7.655e-05  mean_rel_err=4.041e-02  min_digits=2  params=139,662  (326.9s)
[644/648] width=64 depth=3 G=12 k=3 lr=0.0005 epochs=4000 ...

====================================================================
  Training: 4000 epochs | 8 sets
  Per epoch: 4096 pts | device: cuda:6
  Optimizer: Adam + OneCycleLR  (max_lr=0.0005, warm-up 15%)
  Loss: HuberLoss (delta=0.5)
  Network: KAN  (B-spline edges, cubic k=3)
====================================================================
  Epoch     1/4000  loss=3.7783e+00  lr=2.00e-05  (0.1s)

  Done in 447.7s | min loss = 5.6627e-05

    -> min_loss=5.663e-05  mean_rel_err=3.781e-02  min_digits=2  params=139,662  (447.7s)
[645/648] width=64 depth=3 G=12 k=3 lr=0.0005 epochs=5500 ...

====================================================================
  Training: 5500 epochs | 8 sets
  Per epoch: 4096 pts | device: cuda:6
  Optimizer: Adam + OneCycleLR  (max_lr=0.0005, warm-up 15%)
  Loss: HuberLoss (delta=0.5)
  Network: KAN  (B-spline edges, cubic k=3)
====================================================================
  Epoch     1/5500  loss=3.7783e+00  lr=2.00e-05  (0.1s)

  Done in 601.9s | min loss = 3.6035e-05

    -> min_loss=3.604e-05  mean_rel_err=3.863e-02  min_digits=2  params=139,662  (601.9s)
[646/648] width=64 depth=3 G=12 k=3 lr=0.0005 epochs=7000 ...

====================================================================
  Training: 7000 epochs | 8 sets
  Per epoch: 4096 pts | device: cuda:6
  Optimizer: Adam + OneCycleLR  (max_lr=0.0005, warm-up 15%)
  Loss: HuberLoss (delta=0.5)
  Network: KAN  (B-spline edges, cubic k=3)
====================================================================
  Epoch     1/7000  loss=3.7783e+00  lr=2.00e-05  (0.1s)

  Done in 765.3s | min loss = 2.7001e-05

    -> min_loss=2.700e-05  mean_rel_err=3.933e-02  min_digits=2  params=139,662  (765.3s)
[647/648] width=64 depth=3 G=12 k=3 lr=0.0005 epochs=8500 ...

====================================================================
  Training: 8500 epochs | 8 sets
  Per epoch: 4096 pts | device: cuda:6
  Optimizer: Adam + OneCycleLR  (max_lr=0.0005, warm-up 15%)
  Loss: HuberLoss (delta=0.5)
  Network: KAN  (B-spline edges, cubic k=3)
====================================================================
  Epoch     1/8500  loss=3.7783e+00  lr=2.00e-05  (0.1s)

  Done in 926.4s | min loss = 1.8772e-05

    -> min_loss=1.877e-05  mean_rel_err=3.657e-02  min_digits=2  params=139,662  (926.4s)
[648/648] width=64 depth=3 G=12 k=3 lr=0.0005 epochs=10000 ...

====================================================================
  Training: 10000 epochs | 8 sets
  Per epoch: 4096 pts | device: cuda:6
  Optimizer: Adam + OneCycleLR  (max_lr=0.0005, warm-up 15%)
  Loss: HuberLoss (delta=0.5)
  Network: KAN  (B-spline edges, cubic k=3)
====================================================================
  Epoch     1/10000  loss=3.7783e+00  lr=2.00e-05  (0.1s)

  Done in 1091.7s | min loss = 1.4324e-05

    -> min_loss=1.432e-05  mean_rel_err=4.014e-02  min_digits=2  params=139,662  (1091.7s)

════════════════════════════════════════════════════════════════════════════════════════════════════════════════════════════════════
  RANKED RESULTS (best first)
════════════════════════════════════════════════════════════════════════════════════════════════════════════════════════════════════
    #  width  depth    G   k        lr  epochs    params    min_loss  mean_relerr  min_dig  time(s)
------------------------------------------------------------------------------------------------------------------------------------
    1     64      2    8   3   1.0e-03    1500    55,566   2.219e-04    3.285e-02        3    108.4
    2     32      3    8   3   5.0e-04    4000    27,854   1.518e-04    2.386e-02        2    388.5
    3     32      3    8   3   5.0e-04    3000    27,854   1.948e-04    2.412e-02        2    290.4
    4     32      3    8   3   5.0e-04    8500    27,854   5.458e-05    2.556e-02        2    814.2
    5     32      3    8   3   5.0e-04    5500    27,854   9.465e-05    2.567e-02        2    537.8
    6     32      3    8   3   5.0e-04    7000    27,854   7.034e-05    2.790e-02        2    673.5
    7     32      3    8   3   5.0e-04   10000    27,854   4.399e-05    2.817e-02        2    963.3
    8     64      2    8   3   5.0e-04    2000    55,566   2.679e-04    2.867e-02        2    143.2
    9     64      2    5   3   5.0e-04   10000    41,742   3.299e-05    2.905e-02        2    730.2
   10     64      2    5   3   5.0e-04    8500    41,742   4.471e-05    2.910e-02        2    600.1
   11     64      2    8   3   2.0e-03    4000    55,566   4.798e-05    2.958e-02        2    290.6
   12     32      2    8   3   1.0e-03    3000    15,502   2.503e-04    2.990e-02        2    210.0
   13     32      2    8   3   1.0e-03    4000    15,502   1.865e-04    3.062e-02        2    288.6
   14     32      3    5   3   1.0e-03   10000    20,942   3.290e-05    3.064e-02        2    965.9
   15     64      2    8   3   2.0e-03    5500    55,566   3.373e-05    3.088e-02        2    408.6
   16     32      3    8   3   5.0e-04    2000    27,854   3.219e-04    3.159e-02        2    195.7
   17     32      2    8   3   5.0e-04    1500    15,502   8.027e-04    3.188e-02        2    106.4
   18     64      2    8   3   5.0e-04    1500    55,566   3.685e-04    3.197e-02        2    117.2
   19     32      2    8   3   2.0e-03    1500    15,502   4.241e-04    3.238e-02        2    105.4
   20     32      3    8   3   1.0e-03    1500    27,854   2.932e-04    3.277e-02        2    148.0
   21     16      3    8   3   1.0e-03   10000     7,790   1.973e-04    3.278e-02        2    967.1
   22     64      2    8   3   2.0e-03    7000    55,566   2.492e-05    3.330e-02        2    496.0
   23     32      3    8   3   2.0e-03    4000    27,854   7.424e-05    3.347e-02        2    387.4
   24     32      2    8   3   5.0e-04    2000    15,502   5.952e-04    3.360e-02        2    141.3
   25     64      2    8   3   5.0e-04    3000    55,566   1.553e-04    3.362e-02        2    213.7
   26     64      2   12   3   2.0e-03    3000    73,998   5.855e-05    3.406e-02        2    233.1
   27     64      2   12   3   1.0e-03    3000    73,998   7.573e-05    3.419e-02        2    233.1
   28     64      3   12   3   1.0e-03    8500   139,662   1.492e-05    3.426e-02        2    933.9
   29     32      3    8   3   2.0e-03    7000    27,854   4.683e-05    3.432e-02        2    678.1
   30     32      2    8   3   2.0e-03    4000    15,502   1.483e-04    3.459e-02        2    283.4
   31     64      2    8   3   2.0e-03    8500    55,566   1.905e-05    3.496e-02        2    607.4
   32     64      2    8   3   1.0e-03    5500    55,566   4.996e-05    3.518e-02        2    394.8
   33     64      2   12   3   2.0e-03    2000    73,998   8.778e-05    3.520e-02        2    154.0
   34     32      3    8   3   1.0e-03    4000    27,854   9.167e-05    3.531e-02        2    390.3
   35     32      2    8   3   1.0e-03    5500    15,502   1.362e-04    3.532e-02        2    389.1
   36     64      2   12   3   1.0e-03    4000    73,998   5.950e-05    3.533e-02        2    309.3
   37     64      2    8   3   2.0e-03    2000    55,566   1.055e-04    3.538e-02        2    142.4
   38     32      3    8   3   2.0e-03   10000    27,854   3.023e-05    3.540e-02        2    965.2
   39     64      2    8   3   2.0e-03    3000    55,566   6.828e-05    3.549e-02        2    218.4
   40     64      2    8   3   2.0e-03   10000    55,566   1.524e-05    3.566e-02        2    716.5
   41     32      2    8   3   1.0e-03    1500    15,502   5.592e-04    3.568e-02        2    107.2
   42     64      2   12   3   1.0e-03    2000    73,998   1.239e-04    3.570e-02        2    154.7
   43     64      2   12   3   2.0e-03    4000    73,998   4.270e-05    3.579e-02        2    307.6
   44     32      3    8   3   2.0e-03    8500    27,854   3.802e-05    3.596e-02        2    831.0
   45     32      2    8   3   5.0e-04    3000    15,502   4.187e-04    3.601e-02        2    212.5
   46     64      2   12   3   2.0e-03    5500    73,998   2.960e-05    3.621e-02        2    440.7
   47     32      3    8   3   2.0e-03    3000    27,854   1.036e-04    3.621e-02        2    288.7
   48     64      2    5   3   5.0e-04    7000    41,742   5.797e-05    3.649e-02        2    501.5
   49     64      2    8   3   1.0e-03    3000    55,566   1.029e-04    3.649e-02        2    215.4
   50     64      3   12   3   5.0e-04    8500   139,662   1.877e-05    3.657e-02        2    926.4
   51     64      2   12   3   1.0e-03    7000    73,998   3.042e-05    3.661e-02        2    539.1
   52     32      2    8   3   2.0e-03    7000    15,502   7.365e-05    3.664e-02        2    495.1
   53     64      2    8   3   5.0e-04    5500    55,566   8.175e-05    3.676e-02        2    392.5
   54     32      3    8   3   1.0e-03    5500    27,854   6.331e-05    3.678e-02        2    530.2
   55     64      2   12   3   1.0e-03    5500    73,998   4.214e-05    3.678e-02        2    423.4
   56     32      3    5   3   2.0e-03    7000    20,942   4.325e-05    3.681e-02        2    684.0
   57     64      2   12   3   1.0e-03    8500    73,998   2.366e-05    3.683e-02        2    657.8
   58     32      2    8   3   5.0e-04    4000    15,502   2.978e-04    3.699e-02        2    281.9
   59     64      2    8   3   2.0e-03    1500    55,566   1.535e-04    3.711e-02        2    108.6
   60     32      3   12   3   1.0e-03    4000    37,070   8.457e-05    3.726e-02        2    385.9
   61     64      3   12   3   2.0e-03    8500   139,662   1.246e-05    3.736e-02        2    931.1
   62     64      3   12   3   1.0e-03    7000   139,662   2.176e-05    3.740e-02        2    766.2
   63     64      2   12   3   1.0e-03   10000    73,998   1.978e-05    3.743e-02        2    773.8
   64     64      3   12   3   2.0e-03    3000   139,662   4.641e-05    3.750e-02        2    327.7
   65     64      3    8   3   2.0e-03    7000   104,846   1.786e-05    3.758e-02        2    685.9
   66     64      3    8   3   2.0e-03    8500   104,846   1.346e-05    3.763e-02        2    837.4
   67     64      3   12   3   5.0e-04    4000   139,662   5.663e-05    3.781e-02        2    447.7
   68     32      3    8   3   5.0e-04    1500    27,854   4.448e-04    3.794e-02        2    144.8
   69     64      3   12   3   5.0e-04    1500   139,662   1.785e-04    3.799e-02        2    163.8
   70     64      3   12   3   2.0e-03    4000   139,662   3.601e-05    3.808e-02        2    436.4
   71     64      3   12   3   1.0e-03   10000   139,662   1.221e-05    3.829e-02        2   1093.0
   72     64      3   12   3   5.0e-04    2000   139,662   1.280e-04    3.831e-02        2    217.5
   73     32      2    8   3   2.0e-03    3000    15,502   2.275e-04    3.831e-02        2    212.8
   74     32      3   12   3   2.0e-03    1500    37,070   1.622e-04    3.834e-02        2    145.4
   75     64      3   12   3   2.0e-03    1500   139,662   1.073e-04    3.842e-02        2    164.2
   76     32      3   12   3   2.0e-03    7000    37,070   3.525e-05    3.844e-02        2    680.2
   77     64      2    8   3   5.0e-04    4000    55,566   1.189e-04    3.849e-02        2    283.9
   78     32      2    8   3   1.0e-03    2000    15,502   3.900e-04    3.852e-02        2    138.9
   79     64      3   12   3   2.0e-03    2000   139,662   7.658e-05    3.859e-02        2    219.0
   80     64      2   12   3   2.0e-03   10000    73,998   1.472e-05    3.862e-02        2    771.7
   81     64      3   12   3   5.0e-04    5500   139,662   3.604e-05    3.863e-02        2    601.9
   82     32      3    8   3   1.0e-03    2000    27,854   2.147e-04    3.865e-02        2    192.7
   83     64      2   12   3   2.0e-03    7000    73,998   2.094e-05    3.866e-02        2    568.0
   84     64      2   12   3   1.0e-03    1500    73,998   1.783e-04    3.869e-02        2    116.0
   85     64      2    8   3   1.0e-03    7000    55,566   3.362e-05    3.880e-02        2    495.2
   86     32      2    8   3   2.0e-03    2000    15,502   2.936e-04    3.885e-02        2    140.7
   87     64      3   12   3   1.0e-03    5500   139,662   2.988e-05    3.886e-02        2    607.2
   88     64      2   12   3   2.0e-03    1500    73,998   1.218e-04    3.888e-02        2    115.7
   89     64      3    8   3   2.0e-03    5500   104,846   2.434e-05    3.898e-02        2    540.2
   90     64      2   12   3   5.0e-04    7000    73,998   4.554e-05    3.928e-02        2    542.0
   91     32      3   12   3   2.0e-03    5500    37,070   4.686e-05    3.931e-02        2    525.6
   92     64      3   12   3   5.0e-04    7000   139,662   2.700e-05    3.933e-02        2    765.3
   93     16      3    8   3   1.0e-03    8500     7,790   2.259e-04    3.942e-02        2    820.6
   94     64      1   12   3   1.0e-03    2000     8,334   1.905e-03    3.963e-02        2     94.1
   95     32      3   12   3   1.0e-03    2000    37,070   1.632e-04    3.967e-02        2    195.1
   96     64      3    8   3   2.0e-03   10000   104,846   1.151e-05    3.970e-02        2    980.5
   97     32      3   12   3   1.0e-03    8500    37,070   3.795e-05    3.974e-02        2    821.0
   98     32      3   12   3   5.0e-04    8500    37,070   4.523e-05    3.981e-02        2    817.2
   99     64      2   12   3   5.0e-04    4000    73,998   8.987e-05    3.989e-02        2    310.3
  100     16      1    5   3   2.0e-03    4000     1,198   5.026e-03    4.011e-02        2    185.8
  101     64      3   12   3   5.0e-04   10000   139,662   1.432e-05    4.014e-02        2   1091.7
  102     32      3   12   3   1.0e-03    3000    37,070   1.127e-04    4.025e-02        2    290.6
  103     16      3    8   3   2.0e-03    3000     7,790   4.691e-04    4.025e-02        2    287.3
  104     64      2   12   3   5.0e-04    5500    73,998   6.079e-05    4.039e-02        2    427.7
  105     64      3    5   3   2.0e-03    2000    78,734   7.790e-05    4.040e-02        2    191.8
  106     64      3   12   3   5.0e-04    3000   139,662   7.655e-05    4.041e-02        2    326.9
  107     32      3    8   3   2.0e-03    5500    27,854   5.673e-05    4.045e-02        2    535.8
  108     32      3   12   3   2.0e-03   10000    37,070   2.568e-05    4.066e-02        2    967.6
  109     64      2   12   3   2.0e-03    8500    73,998   1.795e-05    4.072e-02        2    660.8
  110     32      3    8   3   1.0e-03   10000    27,854   3.487e-05    4.077e-02        2    970.2
  111     32      2    8   3   2.0e-03   10000    15,502   4.978e-05    4.079e-02        2    702.7
  112     64      3   12   3   2.0e-03    5500   139,662   2.366e-05    4.106e-02        2    601.7
  113     64      2   12   3   5.0e-04    8500    73,998   3.282e-05    4.110e-02        2    662.3
  114     64      2   12   3   5.0e-04   10000    73,998   2.547e-05    4.110e-02        2    775.7
  115     64      3   12   3   2.0e-03    7000   139,662   1.721e-05    4.111e-02        2    770.2
  116     64      3   12   3   1.0e-03    4000   139,662   4.195e-05    4.112e-02        2    438.5
  117     16      3    8   3   2.0e-03   10000     7,790   1.771e-04    4.133e-02        2    978.8
  118     64      2    8   3   1.0e-03   10000    55,566   2.060e-05    4.133e-02        2    757.7
  119     64      2    8   3   1.0e-03    2000    55,566   1.560e-04    4.151e-02        2    143.6
  120     16      2    5   3   1.0e-03    7000     3,534   7.117e-04    4.174e-02        2    498.5
  121     32      2   12   3   2.0e-03    4000    20,622   1.037e-04    4.175e-02        2    283.4
  122     64      2    8   3   1.0e-03    8500    55,566   2.568e-05    4.184e-02        2    602.1
  123     32      3    5   3   2.0e-03   10000    20,942   2.929e-05    4.191e-02        2    974.2
  124     64      3    5   3   2.0e-03    3000    78,734   5.119e-05    4.207e-02        2    289.9
  125     32      3    8   3   2.0e-03    2000    27,854   1.537e-04    4.220e-02        2    194.5
  126     32      3   12   3   2.0e-03    3000    37,070   9.533e-05    4.221e-02        2    297.4
  127     32      2   12   3   2.0e-03    3000    20,622   1.294e-04    4.223e-02        2    213.6
  128     32      3    8   3   1.0e-03    7000    27,854   5.392e-05    4.226e-02        2    683.7
  129     64      3   12   3   2.0e-03   10000   139,662   1.023e-05    4.252e-02        2   1092.9
  130     16      3    8   3   5.0e-04    4000     7,790   7.918e-04    4.262e-02        2    384.6
  131     32      3    8   3   1.0e-03    8500    27,854   4.032e-05    4.265e-02        2    818.6
  132     64      3   12   3   1.0e-03    1500   139,662   1.312e-04    4.284e-02        2    163.5
  133     32      3   12   3   2.0e-03    4000    37,070   6.464e-05    4.285e-02        2    384.2
  134     64      3    8   3   2.0e-03    4000   104,846   3.277e-05    4.292e-02        2    392.4
  135     32      2   12   3   2.0e-03   10000    20,622   3.670e-05    4.295e-02        2    707.3
  136     32      3   12   3   1.0e-03    7000    37,070   4.886e-05    4.316e-02        2    680.4
  137     64      1   12   3   5.0e-04    3000     8,334   1.972e-03    4.317e-02        2    138.4
  138     64      3   12   3   1.0e-03    3000   139,662   6.064e-05    4.317e-02        2    328.2
  139     64      2    8   3   1.0e-03    4000    55,566   7.407e-05    4.334e-02        2    304.2
  140     32      3    5   3   1.0e-03    7000    20,942   5.540e-05    4.342e-02        2    674.1
  141     32      3   12   3   1.0e-03   10000    37,070   3.128e-05    4.349e-02        2    966.0
  142     64      3    5   3   2.0e-03   10000    78,734   1.190e-05    4.361e-02        2    968.7
  143     64      2   12   3   5.0e-04    3000    73,998   1.377e-04    4.366e-02        2    230.1
  144     64      2   12   3   5.0e-04    2000    73,998   2.086e-04    4.391e-02        2    155.7
  145     32      3    5   3   2.0e-03    8500    20,942   3.661e-05    4.406e-02        2    814.8
  146     64      2    5   3   5.0e-04    2000    41,742   3.378e-04    4.425e-02        2    140.1
  147     32      2   12   3   1.0e-03    7000    20,622   6.590e-05    4.438e-02        2    494.6
  148     32      2   12   3   2.0e-03    7000    20,622   5.634e-05    4.442e-02        2    499.6
  149     64      3   12   3   1.0e-03    2000   139,662   9.749e-05    4.456e-02        2    219.1
  150     32      3   12   3   2.0e-03    8500    37,070   2.999e-05    4.459e-02        2    827.9
  151     64      3    8   3   1.0e-03    8500   104,846   1.616e-05    4.461e-02        2    833.1
  152     32      2   12   3   2.0e-03    1500    20,622   2.312e-04    4.475e-02        2    106.5
  153     64      2    5   3   1.0e-03    8500    41,742   2.729e-05    4.481e-02        2    597.5
  154     32      3    8   3   2.0e-03    1500    27,854   2.165e-04    4.487e-02        2    141.2
  155     32      2    8   3   5.0e-04    5500    15,502   2.206e-04    4.493e-02        2    389.0
  156     32      2    8   3   2.0e-03    5500    15,502   8.976e-05    4.497e-02        2    394.6
  157     32      3   12   3   2.0e-03    2000    37,070   1.256e-04    4.502e-02        2    193.8
  158     16      3    8   3   5.0e-04    5500     7,790   5.341e-04    4.503e-02        2    542.1
  159     64      3    8   3   1.0e-03   10000   104,846   1.285e-05    4.505e-02        2    977.1
  160     32      3    5   3   5.0e-04   10000    20,942   5.163e-05    4.506e-02        2    963.7
  161     32      3    5   3   1.0e-03    8500    20,942   4.353e-05    4.520e-02        2    825.3
  162     32      3   12   3   1.0e-03    5500    37,070   5.936e-05    4.522e-02        2    528.7
  163     32      2   12   3   1.0e-03    5500    20,622   8.465e-05    4.538e-02        2    389.6
  164     32      2   12   3   2.0e-03    8500    20,622   4.336e-05    4.542e-02        2    603.4
  165     16      1    5   3   5.0e-04    8500     1,198   5.174e-03    4.542e-02        2    387.1
  166     32      2   12   3   1.0e-03    8500    20,622   4.933e-05    4.550e-02        2    604.4
  167     32      3   12   3   5.0e-04   10000    37,070   3.864e-05    4.573e-02        2    964.8
  168     32      2   12   3   5.0e-04    8500    20,622   7.844e-05    4.579e-02        2    605.6
  169     64      3    5   3   1.0e-03    1500    78,734   1.424e-04    4.583e-02        2    144.3
  170     64      3    5   3   2.0e-03    8500    78,734   1.320e-05    4.594e-02        2    812.4
  171     32      3    5   3   2.0e-03    5500    20,942   5.584e-05    4.611e-02        2    534.2
  172     32      3    5   3   5.0e-04    8500    20,942   6.805e-05    4.612e-02        2    832.3
  173     64      2    5   3   1.0e-03   10000    41,742   2.193e-05    4.646e-02        2    702.1
  174     64      3    5   3   2.0e-03    5500    78,734   2.477e-05    4.656e-02        2    530.1
  175     64      3    5   3   2.0e-03    1500    78,734   1.141e-04    4.664e-02        2    143.1
  176     64      3    8   3   1.0e-03    5500   104,846   3.102e-05    4.669e-02        2    541.4
  177     64      2    8   3   5.0e-04   10000    55,566   3.126e-05    4.669e-02        2    708.3
  178     64      2    5   3   1.0e-03    4000    41,742   7.809e-05    4.676e-02        2    282.6
  179     64      3    8   3   1.0e-03    7000   104,846   2.199e-05    4.686e-02        2    686.4
  180     64      3    5   3   2.0e-03    7000    78,734   1.740e-05    4.687e-02        2    673.0
  181     32      2    8   3   1.0e-03    7000    15,502   1.018e-04    4.724e-02        2    491.7
  182     64      3    8   3   1.0e-03    4000   104,846   4.252e-05    4.731e-02        2    393.5
  183     64      2    8   3   5.0e-04    8500    55,566   4.143e-05    4.732e-02        2    608.3
  184     16      2    8   3   1.0e-03    3000     4,686   1.106e-03    4.734e-02        2    211.1
  185     32      3   12   3   1.0e-03    1500    37,070   2.241e-04    4.749e-02        2    144.3
  186     64      3    5   3   1.0e-03   10000    78,734   1.216e-05    4.751e-02        2    960.4
  187     32      3   12   3   5.0e-04    3000    37,070   1.716e-04    4.753e-02        2    289.3
  188     64      3    8   3   1.0e-03    3000   104,846   6.353e-05    4.759e-02        2    294.8
  189     64      2    5   3   2.0e-03   10000    41,742   1.538e-05    4.759e-02        2    693.8
  190     32      3   12   3   5.0e-04    4000    37,070   1.290e-04    4.762e-02        2    386.5
  191     16      3    8   3   2.0e-03    8500     7,790   1.999e-04    4.771e-02        2    818.5
  192     32      2   12   3   2.0e-03    5500    20,622   6.514e-05    4.779e-02        2    386.9
  193     32      2   12   3   5.0e-04    5500    20,622   1.266e-04    4.787e-02        2    393.9
  194     32      2   12   3   1.0e-03   10000    20,622   4.425e-05    4.792e-02        2    712.0
  195     32      2    8   3   2.0e-03    8500    15,502   5.848e-05    4.792e-02        2    600.9
  196     32      3   12   3   5.0e-04    5500    37,070   8.179e-05    4.794e-02        2    529.7
  197     32      2   12   3   1.0e-03    3000    20,622   1.703e-04    4.810e-02        2    212.4
  198     32      3    5   3   1.0e-03    5500    20,942   7.623e-05    4.813e-02        2    531.9
  199     16      3    8   3   1.0e-03    4000     7,790   5.377e-04    4.829e-02        2    390.4
  200     64      2    5   3   1.0e-03    7000    41,742   3.591e-05    4.856e-02        2    507.8
  201     32      3    8   3   1.0e-03    3000    27,854   1.286e-04    4.868e-02        2    294.2
  202     64      2    8   3   5.0e-04    7000    55,566   5.079e-05    4.875e-02        2    495.8
  203     16      2   12   3   1.0e-03   10000     6,222   3.811e-04    4.896e-02        2    709.3
  204     64      3    5   3   2.0e-03    4000    78,734   3.816e-05    4.899e-02        2    387.9
  205     32      2   12   3   5.0e-04   10000    20,622   6.817e-05    4.902e-02        2    716.8
  206     64      2    5   3   5.0e-04    5500    41,742   8.530e-05    4.907e-02        2    390.3
  207     16      3    8   3   2.0e-03    7000     7,790   2.217e-04    4.928e-02        2    670.1
  208     64      3    8   3   5.0e-04    8500   104,846   2.065e-05    4.929e-02        2    838.6
  209     64      2   12   3   5.0e-04    1500    73,998   2.848e-04    4.931e-02        2    116.5
  210     32      2   12   3   1.0e-03    1500    20,622   3.052e-04    4.938e-02        2    107.5
  211     64      1   12   3   1.0e-03    1500     8,334   2.224e-03    4.938e-02        2     70.1
  212     64      3    8   3   2.0e-03    2000   104,846   7.569e-05    4.952e-02        2    195.7
  213     64      2    5   3   5.0e-04    3000    41,742   2.021e-04    4.962e-02        2    212.4
  214     64      3    8   3   2.0e-03    3000   104,846   4.903e-05    4.966e-02        2    294.2
  215     64      1   12   3   2.0e-03    5500     8,334   6.307e-04    4.983e-02        2    252.1
  216     64      3    8   3   5.0e-04    1500   104,846   2.016e-04    4.984e-02        2    145.2
  217     64      3    8   3   5.0e-04    7000   104,846   2.822e-05    5.004e-02        2    686.5
  218     64      3    8   3   5.0e-04   10000   104,846   1.618e-05    5.004e-02        2    985.7
  219     64      3    8   3   1.0e-03    1500   104,846   1.366e-04    5.019e-02        2    146.9
  220     32      2    8   3   1.0e-03    8500    15,502   8.355e-05    5.023e-02        2    606.7
  221     32      3    5   3   2.0e-03    4000    20,942   8.428e-05    5.028e-02        2    388.9
  222     32      2   12   3   2.0e-03    2000    20,622   1.768e-04    5.075e-02        2    141.6
  223     64      3    8   3   5.0e-04    5500   104,846   4.130e-05    5.078e-02        2    539.2
  224     64      3    5   3   1.0e-03    2000    78,734   1.062e-04    5.088e-02        2    191.0
  225     64      3    5   3   1.0e-03    8500    78,734   1.502e-05    5.090e-02        2    809.3
  226     32      2    8   3   1.0e-03   10000    15,502   6.873e-05    5.094e-02        2    709.5
  227     16      3    8   3   1.0e-03    3000     7,790   6.627e-04    5.099e-02        2    289.0
  228     32      2   12   3   5.0e-04    7000    20,622   9.995e-05    5.112e-02        2    501.1
  229     32      2   12   3   1.0e-03    2000    20,622   2.491e-04    5.121e-02        2    144.3
  230     64      3    8   3   5.0e-04    3000   104,846   8.529e-05    5.138e-02        2    295.0
  231     32      3   12   3   5.0e-04    7000    37,070   6.371e-05    5.148e-02        2    680.7
  232     16      3    8   3   5.0e-04    8500     7,790   3.139e-04    5.151e-02        2    819.8
  233     32      3   12   3   5.0e-04    2000    37,070   2.499e-04    5.153e-02        2    193.9
  234     16      3    8   3   2.0e-03    5500     7,790   2.533e-04    5.158e-02        2    525.4
  235     32      3   12   3   5.0e-04    1500    37,070   3.668e-04    5.173e-02        2    144.5
  236     32      2   12   3   5.0e-04    3000    20,622   2.414e-04    5.174e-02        2    213.6
  237     16      3   12   3   2.0e-03    7000    10,350   1.418e-04    5.184e-02        2    670.7
  238     64      2    5   3   1.0e-03    3000    41,742   1.214e-04    5.189e-02        2    209.2
  239     64      3    5   3   1.0e-03    7000    78,734   1.859e-05    5.189e-02        2    670.9
  240     64      1   12   3   5.0e-04    1500     8,334   2.995e-03    5.190e-02        2     69.5
  241     64      3    8   3   1.0e-03    2000   104,846   1.002e-04    5.193e-02        2    196.3
  242     64      1   12   3   1.0e-03    3000     8,334   1.411e-03    5.220e-02        2    137.7
  243     32      2    8   3   5.0e-04    8500    15,502   1.198e-04    5.240e-02        2    605.0
  244     32      3    5   3   2.0e-03    1500    20,942   2.656e-04    5.266e-02        2    144.9
  245     64      3    5   3   1.0e-03    3000    78,734   6.013e-05    5.274e-02        2    288.6
  246     64      3    5   3   1.0e-03    5500    78,734   2.759e-05    5.282e-02        2    529.8
  247     32      2   12   3   1.0e-03    4000    20,622   1.346e-04    5.306e-02        2    283.1
  248     16      2   12   3   1.0e-03    5500     6,222   5.771e-04    5.320e-02        2    391.1
  249     16      3    8   3   1.0e-03    5500     7,790   3.691e-04    5.322e-02        2    528.4
  250     64      1   12   3   5.0e-04    2000     8,334   2.960e-03    5.367e-02        2     93.2
  251     64      3    8   3   5.0e-04    4000   104,846   6.212e-05    5.375e-02        2    394.5
  252     16      2   12   3   2.0e-03    1500     6,222   1.015e-03    5.401e-02        2    105.4
  253     16      2    8   3   2.0e-03    7000     4,686   4.730e-04    5.419e-02        2    491.1
  254     64      3    8   3   5.0e-04    2000   104,846   1.371e-04    5.427e-02        2    196.1
  255     16      1    8   3   5.0e-04    7000     1,582   4.598e-03    5.456e-02        2    323.7
  256     16      2    5   3   1.0e-03    8500     3,534   6.464e-04    5.463e-02        2    596.4
  257     32      2   12   3   5.0e-04    2000    20,622   3.875e-04    5.481e-02        2    141.6
  258     64      1   12   3   5.0e-04    4000     8,334   1.564e-03    5.492e-02        2    184.4
  259     64      3    8   3   2.0e-03    1500   104,846   1.163e-04    5.524e-02        2    147.7
  260     32      2   12   3   5.0e-04    4000    20,622   1.855e-04    5.536e-02        2    287.6
  261     64      2    5   3   2.0e-03    8500    41,742   1.982e-05    5.544e-02        2    650.1
  262     32      3    5   3   5.0e-04    5500    20,942   1.201e-04    5.580e-02        2    528.5
  263     16      3    8   3   5.0e-04   10000     7,790   2.738e-04    5.585e-02        2    962.5
  264     32      3    5   3   5.0e-04    7000    20,942   8.851e-05    5.598e-02        2    676.9
  265     64      2    5   3   1.0e-03    5500    41,742   5.454e-05    5.607e-02        2    384.8
  266     32      2    8   3   5.0e-04   10000    15,502   9.472e-05    5.618e-02        2    707.0
  267     32      2   12   3   5.0e-04    1500    20,622   5.113e-04    5.624e-02        2    107.0
  268     64      3    5   3   1.0e-03    4000    78,734   4.329e-05    5.643e-02        2    386.7
  269     64      2    5   3   2.0e-03    2000    41,742   1.410e-04    5.647e-02        2    140.2
  270     64      3    5   3   5.0e-04   10000    78,734   1.563e-05    5.662e-02        2    959.0
  271     32      2    8   3   5.0e-04    7000    15,502   1.600e-04    5.680e-02        2    497.1
  272     16      3    8   3   1.0e-03    1500     7,790   1.343e-03    5.693e-02        2    146.3
  273     64      2    5   3   5.0e-04    1500    41,742   4.821e-04    5.701e-02        2    102.8
  274     32      3    5   3   2.0e-03    2000    20,942   1.808e-04    5.702e-02        2    194.5
  275     16      3    8   3   5.0e-04    3000     7,790   1.021e-03    5.762e-02        2    293.6
  276     16      2    8   3   1.0e-03    1500     4,686   1.950e-03    5.778e-02        2    110.0
  277     32      3    5   3   1.0e-03    4000    20,942   1.080e-04    5.779e-02        2    387.2
  278     64      2    5   3   5.0e-04    4000    41,742   1.390e-04    5.817e-02        2    283.0
  279     16      2   12   3   1.0e-03    8500     6,222   4.764e-04    5.829e-02        2    600.0
  280     64      3    5   3   5.0e-04    8500    78,734   2.053e-05    5.843e-02        2    819.8
  281     64      1   12   3   1.0e-03    4000     8,334   1.172e-03    5.865e-02        2    187.5
  282     32      3    5   3   2.0e-03    3000    20,942   1.171e-04    5.905e-02        2    291.9
  283     32      2    5   3   2.0e-03    7000    11,662   6.605e-05    5.912e-02        2    498.2
  284     16      3    8   3   5.0e-04    7000     7,790   4.165e-04    5.949e-02        2    681.8
  285     64      1   12   3   1.0e-03    7000     8,334   7.210e-04    5.952e-02        2    323.2
  286     16      3    8   3   1.0e-03    7000     7,790   2.849e-04    5.954e-02        2    677.8
  287     16      2    8   3   2.0e-03    3000     4,686   8.466e-04    6.025e-02        2    214.4
  288     64      3    5   3   5.0e-04    7000    78,734   2.646e-05    6.032e-02        2    670.4
  289     32      2    5   3   2.0e-03    8500    11,662   5.377e-05    6.043e-02        2    602.8
  290     32      3    5   3   1.0e-03    3000    20,942   1.674e-04    6.080e-02        2    288.7
  291     16      2    5   3   1.0e-03    5500     3,534   9.682e-04    6.105e-02        2    384.9
  292     16      3   12   3   2.0e-03    5500    10,350   2.230e-04    6.122e-02        2    528.8
  293     32      3    5   3   5.0e-04    2000    20,942   4.368e-04    6.130e-02        2    190.6
  294     16      2    8   3   1.0e-03    2000     4,686   1.552e-03    6.165e-02        2    140.8
  295     64      3    5   3   5.0e-04    5500    78,734   3.566e-05    6.235e-02        2    528.0
  296     32      1   12   3   2.0e-03    5500     4,174   1.541e-03    6.266e-02        2    254.6
  297     64      3    5   3   5.0e-04    3000    78,734   8.549e-05    6.269e-02        2    285.2
  298     16      2   12   3   2.0e-03    5500     6,222   3.445e-04    6.307e-02        2    388.8
  299     16      2   12   3   2.0e-03    7000     6,222   2.685e-04    6.319e-02        2    501.0
  300     64      2    5   3   2.0e-03    3000    41,742   8.674e-05    6.334e-02        2    211.5
  301     64      2    5   3   2.0e-03    5500    41,742   4.119e-05    6.334e-02        2    403.3
  302     16      2    8   3   5.0e-04    3000     4,686   1.929e-03    6.362e-02        2    211.6
  303     64      2    5   3   1.0e-03    1500    41,742   2.946e-04    6.385e-02        2    104.3
  304     64      3    5   3   5.0e-04    4000    78,734   5.294e-05    6.418e-02        2    380.4
  305     16      3    5   3   2.0e-03    1500     5,870   1.070e-03    6.420e-02        2    143.5
  306     64      1   12   3   5.0e-04   10000     8,334   6.518e-04    6.461e-02        2    462.3
  307     64      2    5   3   2.0e-03    7000    41,742   2.640e-05    6.504e-02        2    531.0
  308     16      2    8   3   2.0e-03    5500     4,686   5.291e-04    6.510e-02        2    388.0
  309     16      3   12   3   2.0e-03    1500    10,350   6.855e-04    6.551e-02        2    143.0
  310     64      2    5   3   1.0e-03    2000    41,742   1.876e-04    6.559e-02        2    135.9
  311     32      1   12   3   2.0e-03    1500     4,174   2.794e-03    6.588e-02        2     65.5
  312     64      1   12   3   2.0e-03    8500     8,334   4.690e-04    6.598e-02        2    389.7
  313     32      1   12   3   5.0e-04    1500     4,174   4.368e-03    6.627e-02        2     66.7
  314     16      3    8   3   5.0e-04    1500     7,790   2.202e-03    6.655e-02        2    147.6
  315     16      2   12   3   5.0e-04    5500     6,222   9.092e-04    6.684e-02        2    402.0
  316     64      2    5   3   2.0e-03    4000    41,742   5.860e-05    6.685e-02        2    283.2
  317     32      2    5   3   2.0e-03   10000    11,662   4.838e-05    6.702e-02        2    713.5
  318     64      3    5   3   5.0e-04    2000    78,734   1.429e-04    6.708e-02        2    190.4
  319     64      2    5   3   2.0e-03    1500    41,742   1.799e-04    6.709e-02        2    105.0
  320     16      3    8   3   5.0e-04    2000     7,790   1.557e-03    6.735e-02        2    193.6
  321     64      1   12   3   5.0e-04    5500     8,334   9.579e-04    6.748e-02        2    255.4
  322     16      2   12   3   5.0e-04   10000     6,222   5.006e-04    6.759e-02        2    703.7
  323     16      3   12   3   2.0e-03    3000    10,350   3.403e-04    6.809e-02        2    290.8
  324     32      2    5   3   2.0e-03    1500    11,662   3.822e-04    6.817e-02        2    105.9
  325     16      3   12   3   5.0e-04    8500    10,350   2.702e-04    6.868e-02        2    816.9
  326     32      3    5   3   5.0e-04    1500    20,942   6.320e-04    6.893e-02        2    143.9
  327     32      1    5   3   5.0e-04    5500     2,382   1.989e-03    6.893e-02        2    251.8
  328     16      1    8   3   5.0e-04    4000     1,582   5.852e-03    6.917e-02        2    180.2
  329     16      3   12   3   2.0e-03    2000    10,350   6.244e-04    6.927e-02        2    193.6
  330     32      3    5   3   1.0e-03    1500    20,942   3.811e-04    6.965e-02        2    144.6
  331     32      2    5   3   1.0e-03    7000    11,662   1.032e-04    6.990e-02        2    493.7
  332     64      1   12   3   2.0e-03   10000     8,334   4.517e-04    6.995e-02        2    459.6
  333     32      2    5   3   1.0e-03    8500    11,662   7.446e-05    7.066e-02        2    598.4
  334     16      1    8   3   5.0e-04    3000     1,582   6.402e-03    7.069e-02        2    137.0
  335     16      2   12   3   1.0e-03    3000     6,222   8.773e-04    7.103e-02        2    209.1
  336     64      1   12   3   2.0e-03    3000     8,334   1.089e-03    7.185e-02        2    136.7
  337     16      2   12   3   2.0e-03    2000     6,222   9.161e-04    7.207e-02        2    139.5
  338     16      2   12   3   2.0e-03    8500     6,222   2.517e-04    7.241e-02        2    600.7
  339     16      2   12   3   5.0e-04    8500     6,222   6.533e-04    7.322e-02        2    596.8
  340     16      2   12   3   1.0e-03    4000     6,222   7.357e-04    7.330e-02        2    279.0
  341     16      3   12   3   2.0e-03   10000    10,350   1.081e-04    7.336e-02        2    954.3
  342     16      2    8   3   2.0e-03    4000     4,686   6.458e-04    7.377e-02        2    285.4
  343     16      2    8   3   5.0e-04    1500     4,686   3.164e-03    7.405e-02        2    106.1
  344     16      3   12   3   1.0e-03    3000    10,350   5.894e-04    7.412e-02        2    282.4
  345     64      3    5   3   5.0e-04    1500    78,734   2.080e-04    7.417e-02        2    143.5
  346     16      3   12   3   5.0e-04   10000    10,350   2.397e-04    7.479e-02        2    963.2
  347     64      1   12   3   1.0e-03   10000     8,334   4.732e-04    7.511e-02        2    459.9
  348     32      3    5   3   5.0e-04    4000    20,942   1.876e-04    7.516e-02        2    380.5
  349     16      3    8   3   2.0e-03    2000     7,790   7.246e-04    7.519e-02        2    190.6
  350     64      1   12   3   2.0e-03    2000     8,334   1.259e-03    7.529e-02        2     92.9
  351     32      1   12   3   5.0e-04    5500     4,174   2.251e-03    7.582e-02        2    248.6
  352     16      2   12   3   1.0e-03    7000     6,222   5.231e-04    7.583e-02        2    498.7
  353     32      3    5   3   1.0e-03    2000    20,942   2.746e-04    7.586e-02        2    194.3
  354     16      2    8   3   2.0e-03    1500     4,686   1.618e-03    7.590e-02        2    106.5
  355     16      2   12   3   5.0e-04    1500     6,222   2.339e-03    7.595e-02        2    104.3
  356     64      1   12   3   1.0e-03    5500     8,334   1.013e-03    7.618e-02        2    252.8
  357     16      2   12   3   1.0e-03    1500     6,222   1.404e-03    7.638e-02        2    105.1
  358     16      2    8   3   1.0e-03   10000     4,686   4.272e-04    7.640e-02        2    710.7
  359     16      2    8   3   2.0e-03   10000     4,686   4.089e-04    7.696e-02        2    699.9
  360     32      2    5   3   2.0e-03    2000    11,662   3.252e-04    7.723e-02        2    145.6
  361     16      2    8   3   2.0e-03    8500     4,686   4.188e-04    7.727e-02        2    596.7
  362     32      2    5   3   1.0e-03    5500    11,662   1.229e-04    7.730e-02        2    392.2
  363     16      3   12   3   2.0e-03    4000    10,350   2.662e-04    7.737e-02        2    384.5
  364     32      2    5   3   1.0e-03   10000    11,662   6.564e-05    7.737e-02        2    708.6
  365     32      2    5   3   1.0e-03    2000    11,662   4.064e-04    7.785e-02        2    142.5
  366     16      3   12   3   2.0e-03    8500    10,350   1.484e-04    7.819e-02        2    820.2
  367     16      3   12   3   1.0e-03    8500    10,350   1.993e-04    7.869e-02        2    814.0
  368     64      1   12   3   2.0e-03    1500     8,334   1.643e-03    7.878e-02        2     68.5
  369     32      2    5   3   1.0e-03    1500    11,662   6.225e-04    7.899e-02        2    107.7
  370     16      2    8   3   1.0e-03    5500     4,686   6.913e-04    7.910e-02        2    391.9
  371     16      3    5   3   1.0e-03    1500     5,870   1.282e-03    7.930e-02        2    143.3
  372     64      1   12   3   5.0e-04    7000     8,334   8.892e-04    7.931e-02        2    321.8
  373     32      3    5   3   5.0e-04    3000    20,942   2.625e-04    8.049e-02        2    285.9
  374     32      2    5   3   2.0e-03    4000    11,662   1.234e-04    8.049e-02        2    283.2
  375     32      2    5   3   2.0e-03    3000    11,662   2.134e-04    8.108e-02        2    210.9
  376     16      2   12   3   2.0e-03    3000     6,222   5.994e-04    8.116e-02        2    210.4
  377     16      3   12   3   1.0e-03    2000    10,350   7.268e-04    8.139e-02        2    189.2
  378     16      1   12   3   2.0e-03    3000     2,094   5.288e-03    8.153e-02        2    137.2
  379     32      1   12   3   1.0e-03    1500     4,174   3.432e-03    8.207e-02        2     68.0
  380     16      1    5   3   5.0e-04    4000     1,198   7.799e-03    8.244e-02        2    186.6
  381     16      3    8   3   2.0e-03    4000     7,790   4.236e-04    8.301e-02        2    384.3
  382     32      2    5   3   5.0e-04    8500    11,662   1.137e-04    8.325e-02        2    605.7
  383     16      2    8   3   5.0e-04    2000     4,686   2.540e-03    8.347e-02        2    143.5
  384     16      3   12   3   1.0e-03    1500    10,350   9.771e-04    8.364e-02        2    142.2
  385     16      2   12   3   1.0e-03    2000     6,222   1.184e-03    8.394e-02        2    142.4
  386     32      2    5   3   2.0e-03    5500    11,662   9.184e-05    8.407e-02        2    393.9
  387     32      1   12   3   2.0e-03    2000     4,174   2.467e-03    8.448e-02        2     88.5
  388     64      1   12   3   2.0e-03    7000     8,334   5.419e-04    8.496e-02        2    324.4
  389     32      1   12   3   5.0e-04    4000     4,174   2.557e-03    8.504e-02        2    180.8
  390     16      3   12   3   5.0e-04    7000    10,350   3.487e-04    8.508e-02        2    677.2
  391     16      2   12   3   5.0e-04    3000     6,222   1.262e-03    8.670e-02        2    212.5
  392     64      1   12   3   5.0e-04    8500     8,334   7.255e-04    8.672e-02        2    393.2
  393     16      2   12   3   5.0e-04    7000     6,222   6.453e-04    8.686e-02        2    496.2
  394     32      1    5   3   1.0e-03    3000     2,382   2.234e-03    8.774e-02        2    137.7
  395     32      1   12   3   2.0e-03    3000     4,174   2.118e-03    8.833e-02        2    134.8
  396     16      1    8   3   1.0e-03    3000     1,582   5.946e-03    8.846e-02        2    139.9
  397     64      1    5   3   5.0e-04    1500     4,750   3.353e-03    9.005e-02        2     69.0
  398     16      2   12   3   2.0e-03    4000     6,222   4.761e-04    9.092e-02        2    282.2
  399     16      3   12   3   5.0e-04    3000    10,350   7.034e-04    9.094e-02        2    286.9
  400     64      1    8   3   5.0e-04    8500     6,286   6.599e-04    9.123e-02        2    383.2
  401     32      2    5   3   5.0e-04   10000    11,662   8.903e-05    9.173e-02        2    711.8
  402     32      2    5   3   1.0e-03    3000    11,662   2.574e-04    9.178e-02        2    217.4
  403     64      1    8   3   1.0e-03    8500     6,286   5.443e-04    9.323e-02        2    386.7
  404     16      1   12   3   5.0e-04    2000     2,094   6.716e-03    9.337e-02        2     90.1
  405     16      2   12   3   5.0e-04    4000     6,222   1.083e-03    9.387e-02        2    287.5
  406     16      1    8   3   1.0e-03    4000     1,582   4.932e-03    9.401e-02        2    184.1
  407     16      3    5   3   2.0e-03    3000     5,870   4.745e-04    9.447e-02        2    291.4
  408     16      2    5   3   1.0e-03   10000     3,534   5.538e-04    9.467e-02        2    709.3
  409     16      3    5   3   1.0e-03    3000     5,870   6.368e-04    9.557e-02        2    288.8
  410     32      1   12   3   1.0e-03    3000     4,174   2.366e-03    9.675e-02        2    138.6
  411     64      1   12   3   2.0e-03    4000     8,334   9.961e-04    9.678e-02        2    184.5
  412     16      1    8   3   5.0e-04    5500     1,582   4.873e-03    9.683e-02        2    252.7
  413     16      3    5   3   2.0e-03    5500     5,870   2.734e-04    9.762e-02        2    533.1
  414     16      2    8   3   1.0e-03    8500     4,686   4.922e-04    9.790e-02        2    605.1
  415     16      2    8   3   1.0e-03    7000     4,686   6.386e-04    9.806e-02        2    498.1
  416     16      2    8   3   5.0e-04    5500     4,686   1.123e-03    9.830e-02        2    395.3
  417     16      2    8   3   5.0e-04    4000     4,686   1.545e-03    9.835e-02        2    285.3
  418     16      1   12   3   5.0e-04    1500     2,094   8.191e-03    9.904e-02        2     66.5
  419     32      1    8   3   2.0e-03    4000     3,150   1.614e-03    9.925e-02        2    180.9
  420     64      1   12   3   1.0e-03    8500     8,334   5.886e-04    9.943e-02        2    395.5
  421     16      3   12   3   1.0e-03    4000    10,350   3.926e-04    9.952e-02        2    385.4
  422     32      1    8   3   1.0e-03    5500     3,150   1.624e-03    1.001e-01        2    252.3
  423     32      1   12   3   5.0e-04    2000     4,174   4.231e-03    1.008e-01        2     90.7
  424     16      2   12   3   5.0e-04    2000     6,222   1.838e-03    1.010e-01        2    142.4
  425     64      1    8   3   1.0e-03    2000     6,286   1.811e-03    1.018e-01        2    102.8
  426     32      2    5   3   5.0e-04    7000    11,662   1.432e-04    1.018e-01        2    497.6
  427     16      3    5   3   2.0e-03    8500     5,870   1.931e-04    1.019e-01        2    823.5
  428     16      3   12   3   1.0e-03    5500    10,350   3.323e-04    1.024e-01        2    535.5
  429     32      2    5   3   1.0e-03    4000    11,662   1.770e-04    1.027e-01        2    286.9
  430     16      3    5   3   2.0e-03    7000     5,870   2.339e-04    1.033e-01        2    675.9
  431     16      1    5   3   1.0e-03    7000     1,198   5.062e-03    1.035e-01        2    315.9
  432     64      1    8   3   1.0e-03    5500     6,286   7.803e-04    1.037e-01        2    251.8
  433     32      1    8   3   2.0e-03    1500     3,150   2.909e-03    1.039e-01        2     67.8
  434     64      1    8   3   5.0e-04   10000     6,286   7.237e-04    1.046e-01        2    455.5
  435     64      1    8   3   2.0e-03    5500     6,286   6.099e-04    1.047e-01        2    281.8
  436     16      3   12   3   1.0e-03    7000    10,350   2.506e-04    1.051e-01        2    672.3
  437     64      1    8   3   2.0e-03    1500     6,286   1.689e-03    1.053e-01        2     67.2
  438     16      3    5   3   2.0e-03    2000     5,870   7.478e-04    1.055e-01        2    192.0
  439     16      2    5   3   5.0e-04    5500     3,534   1.436e-03    1.061e-01        2    390.3
  440     16      3    5   3   1.0e-03    4000     5,870   4.736e-04    1.065e-01        2    384.8
  441     32      1    5   3   1.0e-03    1500     2,382   3.588e-03    1.069e-01        2     68.3
  442     32      1    5   3   2.0e-03    3000     2,382   1.914e-03    1.075e-01        2    134.2
  443     32      1    5   3   5.0e-04    2000     2,382   3.934e-03    1.082e-01        2     90.6
  444     32      1    5   3   1.0e-03    2000     2,382   3.074e-03    1.095e-01        2     89.8
  445     32      2    5   3   5.0e-04    1500    11,662   9.961e-04    1.097e-01        2    108.0
  446     16      1   12   3   2.0e-03    4000     2,094   5.161e-03    1.099e-01        2    184.7
  447     64      1    8   3   2.0e-03    7000     6,286   5.250e-04    1.100e-01        2    485.7
  448     32      1    8   3   2.0e-03    3000     3,150   1.836e-03    1.107e-01        2    136.9
  449     16      1   12   3   2.0e-03    1500     2,094   6.100e-03    1.110e-01        2     68.5
  450     16      1    5   3   5.0e-04    3000     1,198   8.303e-03    1.116e-01        2    137.4
  451     16      3    5   3   1.0e-03    2000     5,870   1.009e-03    1.121e-01        2    193.4
  452     16      1    5   3   2.0e-03    3000     1,198   6.139e-03    1.122e-01        2    135.4
  453     64      1    8   3   1.0e-03    1500     6,286   2.374e-03    1.128e-01        2     74.8
  454     16      1    5   3   1.0e-03    1500     1,198   8.703e-03    1.131e-01        2     68.7
  455     16      3   12   3   1.0e-03   10000    10,350   1.615e-04    1.137e-01        2    956.9
  456     16      1    8   3   1.0e-03   10000     1,582   3.896e-03    1.140e-01        2    459.6
  457     32      1    8   3   1.0e-03    4000     3,150   1.882e-03    1.145e-01        2    179.1
  458     32      1   12   3   2.0e-03    7000     4,174   1.373e-03    1.153e-01        2    317.2
  459     32      1    8   3   2.0e-03    8500     3,150   1.025e-03    1.153e-01        2    390.3
  460     16      1   12   3   2.0e-03    8500     2,094   3.580e-03    1.155e-01        2    392.6
  461     64      1    8   3   1.0e-03   10000     6,286   4.477e-04    1.155e-01        2    452.7
  462     16      2    8   3   1.0e-03    4000     4,686   9.841e-04    1.159e-01        2    286.0
  463     16      3    5   3   2.0e-03   10000     5,870   1.711e-04    1.160e-01        2    954.6
  464     32      2    5   3   5.0e-04    3000    11,662   4.341e-04    1.163e-01        2    212.7
  465     16      1   12   3   5.0e-04    3000     2,094   5.651e-03    1.177e-01        2    134.0
  466     16      1    8   3   1.0e-03    7000     1,582   4.535e-03    1.183e-01        2    321.6
  467     64      1    8   3   1.0e-03    4000     6,286   1.013e-03    1.190e-01        2    199.7
  468     32      2    5   3   5.0e-04    4000    11,662   2.975e-04    1.206e-01        2    281.3
  469     16      2    8   3   5.0e-04   10000     4,686   7.108e-04    1.222e-01        2    702.9
  470     32      2    5   3   5.0e-04    2000    11,662   7.310e-04    1.223e-01        2    144.1
  471     16      2    5   3   2.0e-03    1500     3,534   1.676e-03    1.253e-01        2    106.9
  472     32      1    5   3   5.0e-04    3000     2,382   2.843e-03    1.254e-01        2    136.4
  473     32      2    5   3   5.0e-04    5500    11,662   1.993e-04    1.259e-01        2    386.5
  474     16      1   12   3   1.0e-03    3000     2,094   5.431e-03    1.260e-01        2    134.2
  475     64      1    8   3   2.0e-03   10000     6,286   3.922e-04    1.284e-01        2    492.4
  476     64      1    8   3   2.0e-03    8500     6,286   4.678e-04    1.287e-01        2    558.2
  477     64      1    8   3   5.0e-04    7000     6,286   8.185e-04    1.289e-01        2    315.3
  478     16      2    5   3   1.0e-03    1500     3,534   2.634e-03    1.298e-01        2    106.3
  479     32      1   12   3   2.0e-03    8500     4,174   1.301e-03    1.301e-01        2    394.5
  480     32      1    8   3   5.0e-04    5500     3,150   1.995e-03    1.335e-01        2    254.4
  481     64      1    8   3   5.0e-04    1500     6,286   3.748e-03    1.338e-01        2     68.1
  482     16      3    5   3   5.0e-04    2000     5,870   1.543e-03    1.362e-01        2    189.5
  483     64      1    8   3   1.0e-03    3000     6,286   1.169e-03    1.400e-01        2    154.9
  484     16      1    5   3   5.0e-04    1500     1,198   1.192e-02    1.402e-01        2     68.9
  485     16      3    5   3   5.0e-04    1500     5,870   2.027e-03    1.408e-01        2    143.7
  486     16      3    5   3   5.0e-04    3000     5,870   9.908e-04    1.413e-01        2    294.7
  487     16      2    5   3   2.0e-03    2000     3,534   1.439e-03    1.427e-01        2    142.1
  488     16      1    5   3   2.0e-03    5500     1,198   5.189e-03    1.438e-01        2    249.8
  489     32      1    5   3   2.0e-03    5500     2,382   1.363e-03    1.442e-01        2    249.6
  490     32      1    8   3   5.0e-04    2000     3,150   4.093e-03    1.444e-01        2     91.5
  491     32      1    5   3   5.0e-04    4000     2,382   2.447e-03    1.693e-01        2    181.5
  492     16      1   12   3   5.0e-04    8500     2,094   3.659e-03    1.815e-01        2    389.4
  493     16      1    8   3   5.0e-04    1500     1,582   8.292e-03    5.111e-02        1     69.6
  494     16      2    8   3   2.0e-03    2000     4,686   1.209e-03    5.460e-02        1    143.4
  495     16      1    8   3   2.0e-03    2000     1,582   5.175e-03    7.103e-02        1     93.3
  496     64      1    5   3   2.0e-03    3000     4,750   1.014e-03    7.392e-02        1    137.0
  497     16      1    8   3   5.0e-04    2000     1,582   8.674e-03    7.633e-02        1     92.5
  498     64      1    5   3   5.0e-04    2000     4,750   2.598e-03    7.690e-02        1     92.0
  499     16      1    8   3   2.0e-03    1500     1,582   6.270e-03    7.743e-02        1     67.0
  500     64      1    5   3   1.0e-03    3000     4,750   1.063e-03    7.795e-02        1    143.0
  501     16      2    5   3   1.0e-03    4000     3,534   1.118e-03    7.843e-02        1    284.4
  502     32      1   12   3   2.0e-03    4000     4,174   1.669e-03    7.896e-02        1    182.7
  503     16      1    8   3   2.0e-03    4000     1,582   4.317e-03    8.153e-02        1    183.7
  504     32      1    5   3   5.0e-04    7000     2,382   1.673e-03    8.199e-02        1    319.4
  505     32      1    5   3   5.0e-04    1500     2,382   4.723e-03    8.213e-02        1     69.2
  506     32      1    8   3   2.0e-03    2000     3,150   2.440e-03    8.352e-02        1     91.5
  507     32      1   12   3   1.0e-03    2000     4,174   2.864e-03    8.448e-02        1     90.8
  508     16      3    8   3   1.0e-03    2000     7,790   1.076e-03    8.856e-02        1    194.0
  509     16      2    5   3   5.0e-04    2000     3,534   2.911e-03    8.924e-02        1    141.2
  510     64      1    5   3   2.0e-03    5500     4,750   5.979e-04    9.056e-02        1    397.8
  511     32      1    8   3   1.0e-03    2000     3,150   3.328e-03    9.087e-02        1     90.8
  512     16      1    8   3   2.0e-03    3000     1,582   6.473e-03    9.127e-02        1    134.5
  513     16      2   12   3   2.0e-03   10000     6,222   2.481e-04    9.226e-02        1    714.9
  514     32      1    8   3   1.0e-03    1500     3,150   3.420e-03    9.258e-02        1     68.8
  515     16      2    5   3   5.0e-04    3000     3,534   2.136e-03    9.558e-02        1    211.2
  516     16      1    5   3   1.0e-03   10000     1,198   4.588e-03    9.698e-02        1    456.6
  517     32      1    5   3   2.0e-03    4000     2,382   1.573e-03    9.716e-02        1    182.6
  518     16      3   12   3   5.0e-04    5500    10,350   4.005e-04    9.728e-02        1    531.6
  519     32      1   12   3   1.0e-03    7000     4,174   1.530e-03    9.757e-02        1    320.2
  520     64      1    8   3   2.0e-03    3000     6,286   1.024e-03    9.760e-02        1    138.9
  521     64      1    5   3   1.0e-03    2000     4,750   1.607e-03    9.816e-02        1     96.4
  522     64      1    8   3   5.0e-04    4000     6,286   1.429e-03    9.824e-02        1    182.0
  523     16      2    5   3   2.0e-03    4000     3,534   8.499e-04    9.877e-02        1    281.0
  524     16      2    5   3   2.0e-03   10000     3,534   4.218e-04    9.891e-02        1    705.0
  525     16      1    8   3   5.0e-04   10000     1,582   4.021e-03    9.898e-02        1    456.1
  526     16      3    5   3   5.0e-04   10000     5,870   2.734e-04    9.902e-02        1    966.3
  527     32      1   12   3   5.0e-04    8500     4,174   1.857e-03    9.961e-02        1    389.2
  528     16      1    8   3   1.0e-03    1500     1,582   7.944e-03    9.961e-02        1     68.5
  529     16      2    8   3   5.0e-04    7000     4,686   8.981e-04    1.000e-01        1    493.6
  530     64      1    5   3   1.0e-03    1500     4,750   2.283e-03    1.002e-01        1     74.4
  531     64      1    8   3   5.0e-04    5500     6,286   1.187e-03    1.027e-01        1    251.1
  532     64      1    5   3   5.0e-04    3000     4,750   1.591e-03    1.045e-01        1    138.0
  533     16      3    5   3   5.0e-04    8500     5,870   3.072e-04    1.046e-01        1    816.9
  534     16      2    5   3   5.0e-04    1500     3,534   3.774e-03    1.047e-01        1    106.1
  535     32      1   12   3   1.0e-03    4000     4,174   1.822e-03    1.049e-01        1    181.4
  536     16      1    8   3   1.0e-03    2000     1,582   5.865e-03    1.061e-01        1     91.5
  537     16      3    5   3   5.0e-04    5500     5,870   5.056e-04    1.077e-01        1    531.0
  538     32      1   12   3   5.0e-04    7000     4,174   1.758e-03    1.082e-01        1    317.5
  539     16      2    5   3   2.0e-03    3000     3,534   1.131e-03    1.083e-01        1    214.4
  540     16      1    8   3   1.0e-03    5500     1,582   5.143e-03    1.087e-01        1    253.1
  541     32      1   12   3   5.0e-04    3000     4,174   3.073e-03    1.088e-01        1    134.6
  542     16      3    5   3   1.0e-03    7000     5,870   2.634e-04    1.091e-01        1    674.8
  543     32      1    8   3   5.0e-04    1500     3,150   5.236e-03    1.102e-01        1     69.1
  544     64      1    8   3   2.0e-03    4000     6,286   6.901e-04    1.119e-01        1    181.1
  545     16      3   12   3   5.0e-04    1500    10,350   1.470e-03    1.120e-01        1    146.0
  546     16      2    5   3   5.0e-04    4000     3,534   1.727e-03    1.124e-01        1    286.7
  547     16      2    5   3   1.0e-03    3000     3,534   1.498e-03    1.129e-01        1    210.1
  548     16      1    5   3   5.0e-04    5500     1,198   6.408e-03    1.145e-01        1    252.5
  549     16      3   12   3   5.0e-04    2000    10,350   9.910e-04    1.156e-01        1    191.5
  550     64      1    5   3   1.0e-03    4000     4,750   8.384e-04    1.159e-01        1    198.6
  551     32      1    8   3   2.0e-03    5500     3,150   1.341e-03    1.161e-01        1    252.9
  552     16      1    5   3   1.0e-03    4000     1,198   6.485e-03    1.164e-01        1    185.0
  553     16      3    5   3   2.0e-03    4000     5,870   3.741e-04    1.168e-01        1    387.2
  554     64      1    5   3   1.0e-03    5500     4,750   6.344e-04    1.175e-01        1    279.6
  555     16      1    5   3   2.0e-03    1500     1,198   6.152e-03    1.182e-01        1     72.1
  556     16      2    8   3   5.0e-04    8500     4,686   7.911e-04    1.186e-01        1    601.3
  557     32      1    5   3   1.0e-03    8500     2,382   1.241e-03    1.187e-01        1    384.0
  558     64      1    5   3   2.0e-03   10000     4,750   4.033e-04    1.205e-01        1    482.6
  559     64      1    8   3   2.0e-03    2000     6,286   1.303e-03    1.209e-01        1     89.9
  560     16      3    5   3   1.0e-03    5500     5,870   3.517e-04    1.211e-01        1    534.9
  561     32      1    5   3   1.0e-03    4000     2,382   1.976e-03    1.218e-01        1    185.7
  562     16      3    5   3   5.0e-04    7000     5,870   3.976e-04    1.219e-01        1    674.2
  563     16      1    5   3   1.0e-03    8500     1,198   4.543e-03    1.220e-01        1    394.6
  564     16      1    8   3   2.0e-03   10000     1,582   3.341e-03    1.227e-01        1    459.5
  565     16      1   12   3   5.0e-04   10000     2,094   4.901e-03    1.241e-01        1    453.2
  566     32      1    5   3   1.0e-03   10000     2,382   1.161e-03    1.250e-01        1    462.6
  567     16      1    5   3   1.0e-03    3000     1,198   8.086e-03    1.258e-01        1    139.7
  568     16      3    5   3   1.0e-03    8500     5,870   2.446e-04    1.271e-01        1    812.0
  569     64      1    5   3   2.0e-03    1500     4,750   1.706e-03    1.274e-01        1     67.6
  570     16      3   12   3   5.0e-04    4000    10,350   5.430e-04    1.275e-01        1    383.6
  571     32      1    8   3   1.0e-03    3000     3,150   2.233e-03    1.281e-01        1    136.0
  572     64      1    8   3   5.0e-04    2000     6,286   2.671e-03    1.303e-01        1     90.1
  573     16      3    5   3   5.0e-04    4000     5,870   7.157e-04    1.318e-01        1    386.8
  574     64      1    8   3   1.0e-03    7000     6,286   5.821e-04    1.320e-01        1    321.0
  575     32      1    5   3   2.0e-03    8500     2,382   1.208e-03    1.322e-01        1    389.0
  576     64      1    5   3   2.0e-03    2000     4,750   1.106e-03    1.323e-01        1     94.2
  577     16      3    8   3   2.0e-03    1500     7,790   9.747e-04    1.326e-01        1    146.2
  578     64      1    8   3   5.0e-04    3000     6,286   2.008e-03    1.332e-01        1    135.3
  579     32      1   12   3   1.0e-03    8500     4,174   1.391e-03    1.333e-01        1    385.7
  580     64      1    5   3   2.0e-03    4000     4,750   8.184e-04    1.360e-01        1    210.8
  581     16      1    5   3   2.0e-03    2000     1,198   5.451e-03    1.372e-01        1     92.1
  582     32      1    8   3   5.0e-04    4000     3,150   2.504e-03    1.375e-01        1    183.8
  583     16      1    5   3   5.0e-04    2000     1,198   1.006e-02    1.404e-01        1     89.6
  584     64      1    5   3   1.0e-03    8500     4,750   4.775e-04    1.405e-01        1    396.5
  585     16      1   12   3   5.0e-04    4000     2,094   4.996e-03    1.406e-01        1    183.3
  586     16      3    5   3   1.0e-03   10000     5,870   2.330e-04    1.412e-01        1    959.2
  587     32      1   12   3   1.0e-03    5500     4,174   1.593e-03    1.421e-01        1    248.0
  588     16      1    8   3   5.0e-04    8500     1,582   4.173e-03    1.422e-01        1    385.1
  589     16      2    5   3   1.0e-03    2000     3,534   2.159e-03    1.460e-01        1    138.1
  590     16      1   12   3   2.0e-03    5500     2,094   4.313e-03    1.480e-01        1    254.5
  591     16      1   12   3   1.0e-03    5500     2,094   4.520e-03    1.482e-01        1    251.8
  592     16      1    5   3   5.0e-04    7000     1,198   6.059e-03    1.498e-01        1    321.0
  593     64      1    5   3   5.0e-04    4000     4,750   1.333e-03    1.519e-01        1    184.1
  594     16      1    5   3   1.0e-03    2000     1,198   7.443e-03    1.520e-01        1     91.7
  595     16      1   12   3   1.0e-03    4000     2,094   4.386e-03    1.524e-01        1    179.1
  596     16      1    8   3   1.0e-03    8500     1,582   3.987e-03    1.546e-01        1    390.3
  597     16      1    8   3   2.0e-03    5500     1,582   4.320e-03    1.552e-01        1    250.5
  598     32      1   12   3   1.0e-03   10000     4,174   1.428e-03    1.560e-01        1    450.7
  599     16      1   12   3   1.0e-03    1500     2,094   6.225e-03    1.572e-01        1     68.4
  600     16      1   12   3   2.0e-03    7000     2,094   3.794e-03    1.575e-01        1    323.5
  601     32      1    8   3   1.0e-03    8500     3,150   1.150e-03    1.576e-01        1    389.7
  602     32      1    5   3   2.0e-03    1500     2,382   2.623e-03    1.595e-01        1     67.1
  603     32      1    8   3   2.0e-03    7000     3,150   1.294e-03    1.602e-01        1    320.9
  604     16      2    5   3   2.0e-03    8500     3,534   4.639e-04    1.602e-01        1    596.4
  605     16      2    5   3   5.0e-04    7000     3,534   1.171e-03    1.607e-01        1    494.7
  606     32      1    8   3   2.0e-03   10000     3,150   1.034e-03    1.615e-01        1    455.4
  607     16      1   12   3   2.0e-03   10000     2,094   4.170e-03    1.622e-01        1    457.6
  608     16      1    5   3   5.0e-04   10000     1,198   5.281e-03    1.635e-01        1    449.6
  609     64      1    5   3   1.0e-03   10000     4,750   4.279e-04    1.642e-01        1    465.1
  610     32      1    8   3   5.0e-04    3000     3,150   3.198e-03    1.653e-01        1    135.4
  611     32      1    5   3   2.0e-03   10000     2,382   1.161e-03    1.662e-01        1    455.0
  612     32      1    5   3   2.0e-03    7000     2,382   1.312e-03    1.683e-01        1    318.1
  613     16      2    5   3   5.0e-04   10000     3,534   9.152e-04    1.713e-01        1    713.9
  614     16      1    5   3   2.0e-03   10000     1,198   3.477e-03    1.720e-01        1    463.1
  615     32      1   12   3   5.0e-04   10000     4,174   1.539e-03    1.734e-01        1    451.7
  616     64      1    5   3   1.0e-03    7000     4,750   5.508e-04    1.735e-01        1    335.5
  617     64      1    5   3   2.0e-03    8500     4,750   4.233e-04    1.744e-01        1    406.3
  618     32      1    5   3   1.0e-03    5500     2,382   1.685e-03    1.754e-01        1    250.4
  619     32      1    5   3   1.0e-03    7000     2,382   1.417e-03    1.755e-01        1    321.1
  620     16      1    8   3   2.0e-03    8500     1,582   3.660e-03    1.756e-01        1    388.4
  621     16      2    5   3   2.0e-03    5500     3,534   7.525e-04    1.765e-01        1    393.1
  622     64      1    5   3   5.0e-04    7000     4,750   8.507e-04    1.781e-01        1    334.3
  623     16      1    5   3   2.0e-03    7000     1,198   3.976e-03    1.794e-01        1    318.9
  624     32      1    5   3   5.0e-04    8500     2,382   1.497e-03    1.799e-01        1    385.0
  625     16      2    5   3   2.0e-03    7000     3,534   5.574e-04    1.811e-01        1    500.1
  626     64      1    5   3   5.0e-04    5500     4,750   1.019e-03    1.831e-01        1    252.8
  627     32      1    5   3   5.0e-04   10000     2,382   1.374e-03    1.838e-01        1    454.2
  628     32      1    8   3   5.0e-04    8500     3,150   1.386e-03    1.876e-01        1    389.4
  629     32      1    8   3   1.0e-03   10000     3,150   1.106e-03    1.878e-01        1    456.7
  630     16      1    8   3   2.0e-03    7000     1,582   3.873e-03    1.879e-01        1    323.4
  631     32      1    8   3   5.0e-04    7000     3,150   1.579e-03    1.880e-01        1    320.7
  632     16      1   12   3   2.0e-03    2000     2,094   4.835e-03    1.887e-01        1     92.0
  633     32      1    5   3   2.0e-03    2000     2,382   2.388e-03    1.922e-01        1     88.5
  634     16      1    5   3   1.0e-03    5500     1,198   5.597e-03    1.943e-01        1    251.9
  635     32      1   12   3   2.0e-03   10000     4,174   1.144e-03    1.952e-01        1    459.9
  636     16      1   12   3   1.0e-03    2000     2,094   5.636e-03    1.957e-01        1     91.9
  637     16      1   12   3   5.0e-04    5500     2,094   4.883e-03    1.960e-01        1    247.6
  638     16      2    5   3   5.0e-04    8500     3,534   1.011e-03    2.027e-01        1    605.8
  639     32      1    8   3   1.0e-03    7000     3,150   1.277e-03    2.033e-01        1    320.4
  640     16      1    5   3   2.0e-03    8500     1,198   3.254e-03    2.064e-01        1    395.7
  641     32      1    8   3   5.0e-04   10000     3,150   1.035e-03    2.096e-01        1    454.7
  642     16      1   12   3   1.0e-03    8500     2,094   4.240e-03    2.161e-01        1    385.6
  643     64      1    5   3   2.0e-03    7000     4,750   5.014e-04    2.215e-01        1    336.5
  644     16      1   12   3   1.0e-03   10000     2,094   3.716e-03    2.232e-01        1    451.2
  645     64      1    5   3   5.0e-04    8500     4,750   6.783e-04    2.253e-01        1    392.7
  646     64      1    5   3   5.0e-04   10000     4,750   5.886e-04    2.330e-01        1    458.2
  647     16      1   12   3   1.0e-03    7000     2,094   3.454e-03    2.639e-01        1    313.2
  648     16      1   12   3   5.0e-04    7000     2,094   4.398e-03    2.682e-01        1    317.4
════════════════════════════════════════════════════════════════════════════════════════════════════════════════════════════════════

  BEST CONFIG:
    width = 64   depth = 2   G = 8   k = 3   lr = 0.001   epochs = 1500
    -> min 3 correct digits, mean rel. err 3.285e-02

  Full results saved -> sweep_kan_results_m2_2026-09-28_13-48.csv

